Copyright 1986-2018 Xilinx, Inc. All Rights Reserved.
-----------------------------------------------------------------------------------------------------------------------------------------------------------------------------------------------------
| Tool Version : Vivado v.2018.3 (win64) Build 2405991 Thu Dec  6 23:38:27 MST 2018
| Date         : Thu Jul 31 19:03:31 2025
| Host         : DESKTOP-91GG7PK running 64-bit major release  (build 9200)
| Command      : report_timing_summary -max_paths 10 -file miniRV_SoC_timing_summary_routed.rpt -pb miniRV_SoC_timing_summary_routed.pb -rpx miniRV_SoC_timing_summary_routed.rpx -warn_on_violation
| Design       : miniRV_SoC
| Device       : 7a100t-fgg484
| Speed File   : -1  PRODUCTION 1.23 2018-06-13
-----------------------------------------------------------------------------------------------------------------------------------------------------------------------------------------------------

Timing Summary Report

------------------------------------------------------------------------------------------------
| Timer Settings
| --------------
------------------------------------------------------------------------------------------------

  Enable Multi Corner Analysis               :  Yes
  Enable Pessimism Removal                   :  Yes
  Pessimism Removal Resolution               :  Nearest Common Node
  Enable Input Delay Default Clock           :  No
  Enable Preset / Clear Arcs                 :  No
  Disable Flight Delays                      :  No
  Ignore I/O Paths                           :  No
  Timing Early Launch at Borrowing Latches   :  false

  Corner  Analyze    Analyze    
  Name    Max Paths  Min Paths  
  ------  ---------  ---------  
  Slow    Yes        Yes        
  Fast    Yes        Yes        



check_timing report

Table of Contents
-----------------
1. checking no_clock
2. checking constant_clock
3. checking pulse_width_clock
4. checking unconstrained_internal_endpoints
5. checking no_input_delay
6. checking no_output_delay
7. checking multiple_clock
8. checking generated_clocks
9. checking loops
10. checking partial_input_delay
11. checking partial_output_delay
12. checking latch_loops

1. checking no_clock
--------------------
 There are 0 register/latch pins with no clock.


2. checking constant_clock
--------------------------
 There are 0 register/latch pins with constant_clock.


3. checking pulse_width_clock
-----------------------------
 There are 0 register/latch pins which need pulse_width check


4. checking unconstrained_internal_endpoints
--------------------------------------------
 There are 0 pins that are not constrained for maximum delay.

 There are 0 pins that are not constrained for maximum delay due to constant clock.


5. checking no_input_delay
--------------------------
 There are 30 input ports with no input delay specified. (HIGH)

 There are 0 input ports with no input delay but user has a false path constraint.


6. checking no_output_delay
---------------------------
 There are 39 ports with no output delay specified. (HIGH)

 There are 0 ports with no output delay but user has a false path constraint

 There are 0 ports with no output delay but with a timing clock defined on it or propagating through it


7. checking multiple_clock
--------------------------
 There are 0 register/latch pins with multiple clocks.


8. checking generated_clocks
----------------------------
 There are 0 generated clocks that are not connected to a clock source.


9. checking loops
-----------------
 There are 0 combinational loops in the design.


10. checking partial_input_delay
--------------------------------
 There are 0 input ports with partial input delay specified.


11. checking partial_output_delay
---------------------------------
 There are 0 ports with partial output delay specified.


12. checking latch_loops
------------------------
 There are 0 combinational latch loops in the design through latch input



------------------------------------------------------------------------------------------------
| Design Timing Summary
| ---------------------
------------------------------------------------------------------------------------------------

    WNS(ns)      TNS(ns)  TNS Failing Endpoints  TNS Total Endpoints      WHS(ns)      THS(ns)  THS Failing Endpoints  THS Total Endpoints     WPWS(ns)     TPWS(ns)  TPWS Failing Endpoints  TPWS Total Endpoints  
    -------      -------  ---------------------  -------------------      -------      -------  ---------------------  -------------------     --------     --------  ----------------------  --------------------  
      0.274        0.000                      0                83507        0.088        0.000                      0                83507        2.633        0.000                       0                  9076  


All user specified timing constraints are met.


------------------------------------------------------------------------------------------------
| Clock Summary
| -------------
------------------------------------------------------------------------------------------------

Clock              Waveform(ns)       Period(ns)      Frequency(MHz)
-----              ------------       ----------      --------------
fpga_clk           {0.000 5.000}      10.000          100.000         
  clk_out1_cpuclk  {0.000 6.250}      12.500          80.000          
  clkfbout_cpuclk  {0.000 25.000}     50.000          20.000          


------------------------------------------------------------------------------------------------
| Intra Clock Table
| -----------------
------------------------------------------------------------------------------------------------

Clock                  WNS(ns)      TNS(ns)  TNS Failing Endpoints  TNS Total Endpoints      WHS(ns)      THS(ns)  THS Failing Endpoints  THS Total Endpoints     WPWS(ns)     TPWS(ns)  TPWS Failing Endpoints  TPWS Total Endpoints  
-----                  -------      -------  ---------------------  -------------------      -------      -------  ---------------------  -------------------     --------     --------  ----------------------  --------------------  
fpga_clk                                                                                                                                                             3.000        0.000                       0                     1  
  clk_out1_cpuclk        0.274        0.000                      0                83507        0.088        0.000                      0                83507        5.000        0.000                       0                  9072  
  clkfbout_cpuclk                                                                                                                                                    2.633        0.000                       0                     3  


------------------------------------------------------------------------------------------------
| Inter Clock Table
| -----------------
------------------------------------------------------------------------------------------------

From Clock    To Clock          WNS(ns)      TNS(ns)  TNS Failing Endpoints  TNS Total Endpoints      WHS(ns)      THS(ns)  THS Failing Endpoints  THS Total Endpoints  
----------    --------          -------      -------  ---------------------  -------------------      -------      -------  ---------------------  -------------------  


------------------------------------------------------------------------------------------------
| Other Path Groups Table
| -----------------------
------------------------------------------------------------------------------------------------

Path Group    From Clock    To Clock          WNS(ns)      TNS(ns)  TNS Failing Endpoints  TNS Total Endpoints      WHS(ns)      THS(ns)  THS Failing Endpoints  THS Total Endpoints  
----------    ----------    --------          -------      -------  ---------------------  -------------------      -------      -------  ---------------------  -------------------  


------------------------------------------------------------------------------------------------
| Timing Details
| --------------
------------------------------------------------------------------------------------------------


---------------------------------------------------------------------------------------------------
From Clock:  fpga_clk
  To Clock:  fpga_clk

Setup :           NA  Failing Endpoints,  Worst Slack           NA  ,  Total Violation           NA
Hold  :           NA  Failing Endpoints,  Worst Slack           NA  ,  Total Violation           NA
PW    :            0  Failing Endpoints,  Worst Slack        3.000ns,  Total Violation        0.000ns
---------------------------------------------------------------------------------------------------


Pulse Width Checks
--------------------------------------------------------------------------------------
Clock Name:         fpga_clk
Waveform(ns):       { 0.000 5.000 }
Period(ns):         10.000
Sources:            { fpga_clk }

Check Type        Corner  Lib Pin           Reference Pin  Required(ns)  Actual(ns)  Slack(ns)  Location        Pin
Min Period        n/a     PLLE2_ADV/CLKIN1  n/a            1.249         10.000      8.751      PLLE2_ADV_X0Y1  Clkgen/inst/plle2_adv_inst/CLKIN1
Max Period        n/a     PLLE2_ADV/CLKIN1  n/a            52.633        10.000      42.633     PLLE2_ADV_X0Y1  Clkgen/inst/plle2_adv_inst/CLKIN1
Low Pulse Width   Slow    PLLE2_ADV/CLKIN1  n/a            2.000         5.000       3.000      PLLE2_ADV_X0Y1  Clkgen/inst/plle2_adv_inst/CLKIN1
Low Pulse Width   Fast    PLLE2_ADV/CLKIN1  n/a            2.000         5.000       3.000      PLLE2_ADV_X0Y1  Clkgen/inst/plle2_adv_inst/CLKIN1
High Pulse Width  Slow    PLLE2_ADV/CLKIN1  n/a            2.000         5.000       3.000      PLLE2_ADV_X0Y1  Clkgen/inst/plle2_adv_inst/CLKIN1
High Pulse Width  Fast    PLLE2_ADV/CLKIN1  n/a            2.000         5.000       3.000      PLLE2_ADV_X0Y1  Clkgen/inst/plle2_adv_inst/CLKIN1



---------------------------------------------------------------------------------------------------
From Clock:  clk_out1_cpuclk
  To Clock:  clk_out1_cpuclk

Setup :            0  Failing Endpoints,  Worst Slack        0.274ns,  Total Violation        0.000ns
Hold  :            0  Failing Endpoints,  Worst Slack        0.088ns,  Total Violation        0.000ns
PW    :            0  Failing Endpoints,  Worst Slack        5.000ns,  Total Violation        0.000ns
---------------------------------------------------------------------------------------------------


Max Delay Paths
--------------------------------------------------------------------------------------
Slack (MET) :             0.274ns  (required time - arrival time)
  Source:                 Core_cpu/U_EX_MEM/mem_C_reg[2]_replica_5/C
                            (rising edge-triggered cell FDCE clocked by clk_out1_cpuclk  {rise@0.000ns fall@6.250ns period=12.500ns})
  Destination:            Mem_DRAM/U0/synth_options.dist_mem_inst/gen_sp_ram.spram_inst/ram_reg_3072_3327_23_23/RAMS64E_A/I
                            (rising edge-triggered cell RAMS64E clocked by clk_out1_cpuclk  {rise@0.000ns fall@6.250ns period=12.500ns})
  Path Group:             clk_out1_cpuclk
  Path Type:              Setup (Max at Slow Process Corner)
  Requirement:            12.500ns  (clk_out1_cpuclk rise@12.500ns - clk_out1_cpuclk rise@0.000ns)
  Data Path Delay:        11.153ns  (logic 2.464ns (22.092%)  route 8.689ns (77.908%))
  Logic Levels:           10  (LUT3=1 LUT6=4 MUXF7=2 MUXF8=2 RAMS64E=1)
  Clock Path Skew:        -0.200ns (DCD - SCD + CPR)
    Destination Clock Delay (DCD):    0.906ns = ( 13.406 - 12.500 ) 
    Source Clock Delay      (SCD):    0.975ns
    Clock Pessimism Removal (CPR):    -0.132ns
  Clock Uncertainty:      0.147ns  ((TSJ^2 + DJ^2)^1/2) / 2 + PE
    Total System Jitter     (TSJ):    0.071ns
    Discrete Jitter          (DJ):    0.286ns
    Phase Error              (PE):    0.000ns

    Location             Delay type                Incr(ns)  Path(ns)    Netlist Resource(s)
  -------------------------------------------------------------------    -------------------
                         (clock clk_out1_cpuclk rise edge)
                                                      0.000     0.000 r  
    Y18                                               0.000     0.000 r  fpga_clk (IN)
                         net (fo=0)                   0.000     0.000    Clkgen/inst/clk_in1
    Y18                  IBUF (Prop_ibuf_I_O)         1.545     1.545 r  Clkgen/inst/clkin1_ibufg/O
                         net (fo=1, routed)           1.253     2.798    Clkgen/inst/clk_in1_cpuclk
    PLLE2_ADV_X0Y1       PLLE2_ADV (Prop_plle2_adv_CLKIN1_CLKOUT0)
                                                     -8.590    -5.792 r  Clkgen/inst/plle2_adv_inst/CLKOUT0
                         net (fo=1, routed)           1.704    -4.087    Clkgen/inst/clk_out1_cpuclk
    BUFGCTRL_X0Y2        BUFG (Prop_bufg_I_O)         0.096    -3.991 r  Clkgen/inst/clkout1_buf/O
                         net (fo=1, routed)           2.294    -1.697    pll_clk
    SLICE_X52Y96         LUT2 (Prop_lut2_I0_O)        0.124    -1.573 r  cpu_clk_BUFG_inst_i_1/O
                         net (fo=1, routed)           0.756    -0.817    cpu_clk
    BUFGCTRL_X0Y0        BUFG (Prop_bufg_I_O)         0.096    -0.721 r  cpu_clk_BUFG_inst/O
                         net (fo=9069, routed)        1.696     0.975    Core_cpu/U_EX_MEM/cpu_clk_BUFG
    SLICE_X75Y115        FDCE                                         r  Core_cpu/U_EX_MEM/mem_C_reg[2]_replica_5/C
  -------------------------------------------------------------------    -------------------
    SLICE_X75Y115        FDCE (Prop_fdce_C_Q)         0.456     1.431 r  Core_cpu/U_EX_MEM/mem_C_reg[2]_replica_5/Q
                         net (fo=704, routed)         2.183     3.615    Mem_DRAM/U0/synth_options.dist_mem_inst/gen_sp_ram.spram_inst/ram_reg_512_767_23_23/A0
    SLICE_X50Y115        RAMS64E (Prop_rams64e_ADR0_O)
                                                      0.124     3.739 r  Mem_DRAM/U0/synth_options.dist_mem_inst/gen_sp_ram.spram_inst/ram_reg_512_767_23_23/RAMS64E_D/O
                         net (fo=1, routed)           0.000     3.739    Mem_DRAM/U0/synth_options.dist_mem_inst/gen_sp_ram.spram_inst/ram_reg_512_767_23_23/OD
    SLICE_X50Y115        MUXF7 (Prop_muxf7_I0_O)      0.241     3.980 r  Mem_DRAM/U0/synth_options.dist_mem_inst/gen_sp_ram.spram_inst/ram_reg_512_767_23_23/F7.B/O
                         net (fo=1, routed)           0.000     3.980    Mem_DRAM/U0/synth_options.dist_mem_inst/gen_sp_ram.spram_inst/ram_reg_512_767_23_23/O0
    SLICE_X50Y115        MUXF8 (Prop_muxf8_I0_O)      0.098     4.078 r  Mem_DRAM/U0/synth_options.dist_mem_inst/gen_sp_ram.spram_inst/ram_reg_512_767_23_23/F8/O
                         net (fo=1, routed)           1.011     5.089    Mem_DRAM/U0/synth_options.dist_mem_inst/gen_sp_ram.spram_inst/ram_reg_512_767_23_23_n_0
    SLICE_X57Y112        LUT6 (Prop_lut6_I1_O)        0.319     5.408 r  Mem_DRAM/U0/synth_options.dist_mem_inst/gen_sp_ram.spram_inst/spo[23]_INST_0_i_25/O
                         net (fo=1, routed)           0.000     5.408    Mem_DRAM/U0/synth_options.dist_mem_inst/gen_sp_ram.spram_inst/spo[23]_INST_0_i_25_n_0
    SLICE_X57Y112        MUXF7 (Prop_muxf7_I0_O)      0.238     5.646 r  Mem_DRAM/U0/synth_options.dist_mem_inst/gen_sp_ram.spram_inst/spo[23]_INST_0_i_11/O
                         net (fo=1, routed)           0.000     5.646    Mem_DRAM/U0/synth_options.dist_mem_inst/gen_sp_ram.spram_inst/spo[23]_INST_0_i_11_n_0
    SLICE_X57Y112        MUXF8 (Prop_muxf8_I0_O)      0.104     5.750 r  Mem_DRAM/U0/synth_options.dist_mem_inst/gen_sp_ram.spram_inst/spo[23]_INST_0_i_4/O
                         net (fo=1, routed)           1.089     6.839    Mem_DRAM/U0/synth_options.dist_mem_inst/gen_sp_ram.spram_inst/spo[23]_INST_0_i_4_n_0
    SLICE_X69Y103        LUT6 (Prop_lut6_I5_O)        0.316     7.155 r  Mem_DRAM/U0/synth_options.dist_mem_inst/gen_sp_ram.spram_inst/spo[23]_INST_0/O
                         net (fo=2, routed)           0.276     7.431    Core_cpu/U_EX_MEM/spo[23]
    SLICE_X69Y103        LUT6 (Prop_lut6_I5_O)        0.124     7.555 r  Core_cpu/U_EX_MEM/wb_rdo[23]_i_2/O
                         net (fo=7, routed)           1.088     8.642    Core_cpu/U_EX_MEM/Bus_rdata[23]
    SLICE_X72Y92         LUT3 (Prop_lut3_I2_O)        0.118     8.760 r  Core_cpu/U_EX_MEM/Mem_DRAM_i_53/O
                         net (fo=1, routed)           1.050     9.810    Core_cpu/U_EX_MEM/Mem_DRAM_i_53_n_0
    SLICE_X69Y103        LUT6 (Prop_lut6_I5_O)        0.326    10.136 r  Core_cpu/U_EX_MEM/Mem_DRAM_i_10/O
                         net (fo=258, routed)         1.992    12.128    Mem_DRAM/U0/synth_options.dist_mem_inst/gen_sp_ram.spram_inst/ram_reg_3072_3327_23_23/D
    SLICE_X46Y120        RAMS64E                                      r  Mem_DRAM/U0/synth_options.dist_mem_inst/gen_sp_ram.spram_inst/ram_reg_3072_3327_23_23/RAMS64E_A/I
  -------------------------------------------------------------------    -------------------

                         (clock clk_out1_cpuclk rise edge)
                                                     12.500    12.500 r  
    Y18                                               0.000    12.500 r  fpga_clk (IN)
                         net (fo=0)                   0.000    12.500    Clkgen/inst/clk_in1
    Y18                  IBUF (Prop_ibuf_I_O)         1.474    13.974 r  Clkgen/inst/clkin1_ibufg/O
                         net (fo=1, routed)           1.181    15.155    Clkgen/inst/clk_in1_cpuclk
    PLLE2_ADV_X0Y1       PLLE2_ADV (Prop_plle2_adv_CLKIN1_CLKOUT0)
                                                     -7.855     7.300 r  Clkgen/inst/plle2_adv_inst/CLKOUT0
                         net (fo=1, routed)           1.625     8.925    Clkgen/inst/clk_out1_cpuclk
    BUFGCTRL_X0Y2        BUFG (Prop_bufg_I_O)         0.091     9.016 r  Clkgen/inst/clkout1_buf/O
                         net (fo=1, routed)           2.041    11.058    pll_clk
    SLICE_X52Y96         LUT2 (Prop_lut2_I0_O)        0.100    11.158 r  cpu_clk_BUFG_inst_i_1/O
                         net (fo=1, routed)           0.669    11.827    cpu_clk
    BUFGCTRL_X0Y0        BUFG (Prop_bufg_I_O)         0.091    11.918 r  cpu_clk_BUFG_inst/O
                         net (fo=9069, routed)        1.489    13.406    Mem_DRAM/U0/synth_options.dist_mem_inst/gen_sp_ram.spram_inst/ram_reg_3072_3327_23_23/WCLK
    SLICE_X46Y120        RAMS64E                                      r  Mem_DRAM/U0/synth_options.dist_mem_inst/gen_sp_ram.spram_inst/ram_reg_3072_3327_23_23/RAMS64E_A/CLK
                         clock pessimism             -0.132    13.275    
                         clock uncertainty           -0.147    13.128    
    SLICE_X46Y120        RAMS64E (Setup_rams64e_CLK_I)
                                                     -0.725    12.403    Mem_DRAM/U0/synth_options.dist_mem_inst/gen_sp_ram.spram_inst/ram_reg_3072_3327_23_23/RAMS64E_A
  -------------------------------------------------------------------
                         required time                         12.403    
                         arrival time                         -12.128    
  -------------------------------------------------------------------
                         slack                                  0.274    

Slack (MET) :             0.292ns  (required time - arrival time)
  Source:                 Core_cpu/U_EX_MEM/mem_C_reg[2]_replica_2/C
                            (rising edge-triggered cell FDCE clocked by clk_out1_cpuclk  {rise@0.000ns fall@6.250ns period=12.500ns})
  Destination:            Mem_DRAM/U0/synth_options.dist_mem_inst/gen_sp_ram.spram_inst/ram_reg_15360_15615_26_26/RAMS64E_A/I
                            (rising edge-triggered cell RAMS64E clocked by clk_out1_cpuclk  {rise@0.000ns fall@6.250ns period=12.500ns})
  Path Group:             clk_out1_cpuclk
  Path Type:              Setup (Max at Slow Process Corner)
  Requirement:            12.500ns  (clk_out1_cpuclk rise@12.500ns - clk_out1_cpuclk rise@0.000ns)
  Data Path Delay:        10.885ns  (logic 2.389ns (21.948%)  route 8.496ns (78.052%))
  Logic Levels:           10  (LUT4=1 LUT5=1 LUT6=2 MUXF7=3 MUXF8=2 RAMS64E=1)
  Clock Path Skew:        -0.277ns (DCD - SCD + CPR)
    Destination Clock Delay (DCD):    0.919ns = ( 13.419 - 12.500 ) 
    Source Clock Delay      (SCD):    1.064ns
    Clock Pessimism Removal (CPR):    -0.132ns
  Clock Uncertainty:      0.147ns  ((TSJ^2 + DJ^2)^1/2) / 2 + PE
    Total System Jitter     (TSJ):    0.071ns
    Discrete Jitter          (DJ):    0.286ns
    Phase Error              (PE):    0.000ns

    Location             Delay type                Incr(ns)  Path(ns)    Netlist Resource(s)
  -------------------------------------------------------------------    -------------------
                         (clock clk_out1_cpuclk rise edge)
                                                      0.000     0.000 r  
    Y18                                               0.000     0.000 r  fpga_clk (IN)
                         net (fo=0)                   0.000     0.000    Clkgen/inst/clk_in1
    Y18                  IBUF (Prop_ibuf_I_O)         1.545     1.545 r  Clkgen/inst/clkin1_ibufg/O
                         net (fo=1, routed)           1.253     2.798    Clkgen/inst/clk_in1_cpuclk
    PLLE2_ADV_X0Y1       PLLE2_ADV (Prop_plle2_adv_CLKIN1_CLKOUT0)
                                                     -8.590    -5.792 r  Clkgen/inst/plle2_adv_inst/CLKOUT0
                         net (fo=1, routed)           1.704    -4.087    Clkgen/inst/clk_out1_cpuclk
    BUFGCTRL_X0Y2        BUFG (Prop_bufg_I_O)         0.096    -3.991 r  Clkgen/inst/clkout1_buf/O
                         net (fo=1, routed)           2.294    -1.697    pll_clk
    SLICE_X52Y96         LUT2 (Prop_lut2_I0_O)        0.124    -1.573 r  cpu_clk_BUFG_inst_i_1/O
                         net (fo=1, routed)           0.756    -0.817    cpu_clk
    BUFGCTRL_X0Y0        BUFG (Prop_bufg_I_O)         0.096    -0.721 r  cpu_clk_BUFG_inst/O
                         net (fo=9069, routed)        1.785     1.064    Core_cpu/U_EX_MEM/cpu_clk_BUFG
    SLICE_X55Y167        FDCE                                         r  Core_cpu/U_EX_MEM/mem_C_reg[2]_replica_2/C
  -------------------------------------------------------------------    -------------------
    SLICE_X55Y167        FDCE (Prop_fdce_C_Q)         0.456     1.520 r  Core_cpu/U_EX_MEM/mem_C_reg[2]_replica_2/Q
                         net (fo=848, routed)         2.917     4.438    Mem_DRAM/U0/synth_options.dist_mem_inst/gen_sp_ram.spram_inst/ram_reg_8704_8959_26_26/A0
    SLICE_X38Y133        RAMS64E (Prop_rams64e_ADR0_O)
                                                      0.124     4.562 r  Mem_DRAM/U0/synth_options.dist_mem_inst/gen_sp_ram.spram_inst/ram_reg_8704_8959_26_26/RAMS64E_D/O
                         net (fo=1, routed)           0.000     4.562    Mem_DRAM/U0/synth_options.dist_mem_inst/gen_sp_ram.spram_inst/ram_reg_8704_8959_26_26/OD
    SLICE_X38Y133        MUXF7 (Prop_muxf7_I0_O)      0.241     4.803 r  Mem_DRAM/U0/synth_options.dist_mem_inst/gen_sp_ram.spram_inst/ram_reg_8704_8959_26_26/F7.B/O
                         net (fo=1, routed)           0.000     4.803    Mem_DRAM/U0/synth_options.dist_mem_inst/gen_sp_ram.spram_inst/ram_reg_8704_8959_26_26/O0
    SLICE_X38Y133        MUXF8 (Prop_muxf8_I0_O)      0.098     4.901 r  Mem_DRAM/U0/synth_options.dist_mem_inst/gen_sp_ram.spram_inst/ram_reg_8704_8959_26_26/F8/O
                         net (fo=1, routed)           1.053     5.953    Mem_DRAM/U0/synth_options.dist_mem_inst/gen_sp_ram.spram_inst/ram_reg_8704_8959_26_26_n_0
    SLICE_X53Y132        LUT6 (Prop_lut6_I1_O)        0.319     6.272 r  Mem_DRAM/U0/synth_options.dist_mem_inst/gen_sp_ram.spram_inst/spo[26]_INST_0_i_17/O
                         net (fo=1, routed)           0.000     6.272    Mem_DRAM/U0/synth_options.dist_mem_inst/gen_sp_ram.spram_inst/spo[26]_INST_0_i_17_n_0
    SLICE_X53Y132        MUXF7 (Prop_muxf7_I0_O)      0.238     6.510 r  Mem_DRAM/U0/synth_options.dist_mem_inst/gen_sp_ram.spram_inst/spo[26]_INST_0_i_7/O
                         net (fo=1, routed)           0.000     6.510    Mem_DRAM/U0/synth_options.dist_mem_inst/gen_sp_ram.spram_inst/spo[26]_INST_0_i_7_n_0
    SLICE_X53Y132        MUXF8 (Prop_muxf8_I0_O)      0.104     6.614 r  Mem_DRAM/U0/synth_options.dist_mem_inst/gen_sp_ram.spram_inst/spo[26]_INST_0_i_2/O
                         net (fo=1, routed)           0.744     7.358    Mem_DRAM/U0/synth_options.dist_mem_inst/gen_sp_ram.spram_inst/spo[26]_INST_0_i_2_n_0
    SLICE_X59Y130        LUT6 (Prop_lut6_I1_O)        0.316     7.674 r  Mem_DRAM/U0/synth_options.dist_mem_inst/gen_sp_ram.spram_inst/spo[26]_INST_0/O
                         net (fo=1, routed)           1.128     8.802    Core_cpu/U_EX_MEM/spo[26]
    SLICE_X65Y114        LUT4 (Prop_lut4_I2_O)        0.124     8.926 r  Core_cpu/U_EX_MEM/wb_rdo[26]_i_2/O
                         net (fo=6, routed)           0.172     9.098    Core_cpu/U_EX_MEM/Bus_rdata[26]
    SLICE_X65Y114        LUT5 (Prop_lut5_I4_O)        0.124     9.222 r  Core_cpu/U_EX_MEM/Mem_DRAM_i_48/O
                         net (fo=1, routed)           0.000     9.222    Core_cpu/U_EX_MEM/Mem_DRAM_i_48_n_0
    SLICE_X65Y114        MUXF7 (Prop_muxf7_I1_O)      0.245     9.467 r  Core_cpu/U_EX_MEM/Mem_DRAM_i_7/O
                         net (fo=257, routed)         2.483    11.949    Mem_DRAM/U0/synth_options.dist_mem_inst/gen_sp_ram.spram_inst/ram_reg_15360_15615_26_26/D
    SLICE_X42Y146        RAMS64E                                      r  Mem_DRAM/U0/synth_options.dist_mem_inst/gen_sp_ram.spram_inst/ram_reg_15360_15615_26_26/RAMS64E_A/I
  -------------------------------------------------------------------    -------------------

                         (clock clk_out1_cpuclk rise edge)
                                                     12.500    12.500 r  
    Y18                                               0.000    12.500 r  fpga_clk (IN)
                         net (fo=0)                   0.000    12.500    Clkgen/inst/clk_in1
    Y18                  IBUF (Prop_ibuf_I_O)         1.474    13.974 r  Clkgen/inst/clkin1_ibufg/O
                         net (fo=1, routed)           1.181    15.155    Clkgen/inst/clk_in1_cpuclk
    PLLE2_ADV_X0Y1       PLLE2_ADV (Prop_plle2_adv_CLKIN1_CLKOUT0)
                                                     -7.855     7.300 r  Clkgen/inst/plle2_adv_inst/CLKOUT0
                         net (fo=1, routed)           1.625     8.925    Clkgen/inst/clk_out1_cpuclk
    BUFGCTRL_X0Y2        BUFG (Prop_bufg_I_O)         0.091     9.016 r  Clkgen/inst/clkout1_buf/O
                         net (fo=1, routed)           2.041    11.058    pll_clk
    SLICE_X52Y96         LUT2 (Prop_lut2_I0_O)        0.100    11.158 r  cpu_clk_BUFG_inst_i_1/O
                         net (fo=1, routed)           0.669    11.827    cpu_clk
    BUFGCTRL_X0Y0        BUFG (Prop_bufg_I_O)         0.091    11.918 r  cpu_clk_BUFG_inst/O
                         net (fo=9069, routed)        1.502    13.419    Mem_DRAM/U0/synth_options.dist_mem_inst/gen_sp_ram.spram_inst/ram_reg_15360_15615_26_26/WCLK
    SLICE_X42Y146        RAMS64E                                      r  Mem_DRAM/U0/synth_options.dist_mem_inst/gen_sp_ram.spram_inst/ram_reg_15360_15615_26_26/RAMS64E_A/CLK
                         clock pessimism             -0.132    13.288    
                         clock uncertainty           -0.147    13.141    
    SLICE_X42Y146        RAMS64E (Setup_rams64e_CLK_I)
                                                     -0.899    12.242    Mem_DRAM/U0/synth_options.dist_mem_inst/gen_sp_ram.spram_inst/ram_reg_15360_15615_26_26/RAMS64E_A
  -------------------------------------------------------------------
                         required time                         12.242    
                         arrival time                         -11.949    
  -------------------------------------------------------------------
                         slack                                  0.292    

Slack (MET) :             0.300ns  (required time - arrival time)
  Source:                 Core_cpu/U_EX_MEM/mem_C_reg[2]_replica_2/C
                            (rising edge-triggered cell FDCE clocked by clk_out1_cpuclk  {rise@0.000ns fall@6.250ns period=12.500ns})
  Destination:            Mem_DRAM/U0/synth_options.dist_mem_inst/gen_sp_ram.spram_inst/ram_reg_12800_13055_26_26/RAMS64E_A/I
                            (rising edge-triggered cell RAMS64E clocked by clk_out1_cpuclk  {rise@0.000ns fall@6.250ns period=12.500ns})
  Path Group:             clk_out1_cpuclk
  Path Type:              Setup (Max at Slow Process Corner)
  Requirement:            12.500ns  (clk_out1_cpuclk rise@12.500ns - clk_out1_cpuclk rise@0.000ns)
  Data Path Delay:        10.880ns  (logic 2.389ns (21.958%)  route 8.491ns (78.042%))
  Logic Levels:           10  (LUT4=1 LUT5=1 LUT6=2 MUXF7=3 MUXF8=2 RAMS64E=1)
  Clock Path Skew:        -0.274ns (DCD - SCD + CPR)
    Destination Clock Delay (DCD):    0.922ns = ( 13.422 - 12.500 ) 
    Source Clock Delay      (SCD):    1.064ns
    Clock Pessimism Removal (CPR):    -0.132ns
  Clock Uncertainty:      0.147ns  ((TSJ^2 + DJ^2)^1/2) / 2 + PE
    Total System Jitter     (TSJ):    0.071ns
    Discrete Jitter          (DJ):    0.286ns
    Phase Error              (PE):    0.000ns

    Location             Delay type                Incr(ns)  Path(ns)    Netlist Resource(s)
  -------------------------------------------------------------------    -------------------
                         (clock clk_out1_cpuclk rise edge)
                                                      0.000     0.000 r  
    Y18                                               0.000     0.000 r  fpga_clk (IN)
                         net (fo=0)                   0.000     0.000    Clkgen/inst/clk_in1
    Y18                  IBUF (Prop_ibuf_I_O)         1.545     1.545 r  Clkgen/inst/clkin1_ibufg/O
                         net (fo=1, routed)           1.253     2.798    Clkgen/inst/clk_in1_cpuclk
    PLLE2_ADV_X0Y1       PLLE2_ADV (Prop_plle2_adv_CLKIN1_CLKOUT0)
                                                     -8.590    -5.792 r  Clkgen/inst/plle2_adv_inst/CLKOUT0
                         net (fo=1, routed)           1.704    -4.087    Clkgen/inst/clk_out1_cpuclk
    BUFGCTRL_X0Y2        BUFG (Prop_bufg_I_O)         0.096    -3.991 r  Clkgen/inst/clkout1_buf/O
                         net (fo=1, routed)           2.294    -1.697    pll_clk
    SLICE_X52Y96         LUT2 (Prop_lut2_I0_O)        0.124    -1.573 r  cpu_clk_BUFG_inst_i_1/O
                         net (fo=1, routed)           0.756    -0.817    cpu_clk
    BUFGCTRL_X0Y0        BUFG (Prop_bufg_I_O)         0.096    -0.721 r  cpu_clk_BUFG_inst/O
                         net (fo=9069, routed)        1.785     1.064    Core_cpu/U_EX_MEM/cpu_clk_BUFG
    SLICE_X55Y167        FDCE                                         r  Core_cpu/U_EX_MEM/mem_C_reg[2]_replica_2/C
  -------------------------------------------------------------------    -------------------
    SLICE_X55Y167        FDCE (Prop_fdce_C_Q)         0.456     1.520 r  Core_cpu/U_EX_MEM/mem_C_reg[2]_replica_2/Q
                         net (fo=848, routed)         2.917     4.438    Mem_DRAM/U0/synth_options.dist_mem_inst/gen_sp_ram.spram_inst/ram_reg_8704_8959_26_26/A0
    SLICE_X38Y133        RAMS64E (Prop_rams64e_ADR0_O)
                                                      0.124     4.562 r  Mem_DRAM/U0/synth_options.dist_mem_inst/gen_sp_ram.spram_inst/ram_reg_8704_8959_26_26/RAMS64E_D/O
                         net (fo=1, routed)           0.000     4.562    Mem_DRAM/U0/synth_options.dist_mem_inst/gen_sp_ram.spram_inst/ram_reg_8704_8959_26_26/OD
    SLICE_X38Y133        MUXF7 (Prop_muxf7_I0_O)      0.241     4.803 r  Mem_DRAM/U0/synth_options.dist_mem_inst/gen_sp_ram.spram_inst/ram_reg_8704_8959_26_26/F7.B/O
                         net (fo=1, routed)           0.000     4.803    Mem_DRAM/U0/synth_options.dist_mem_inst/gen_sp_ram.spram_inst/ram_reg_8704_8959_26_26/O0
    SLICE_X38Y133        MUXF8 (Prop_muxf8_I0_O)      0.098     4.901 r  Mem_DRAM/U0/synth_options.dist_mem_inst/gen_sp_ram.spram_inst/ram_reg_8704_8959_26_26/F8/O
                         net (fo=1, routed)           1.053     5.953    Mem_DRAM/U0/synth_options.dist_mem_inst/gen_sp_ram.spram_inst/ram_reg_8704_8959_26_26_n_0
    SLICE_X53Y132        LUT6 (Prop_lut6_I1_O)        0.319     6.272 r  Mem_DRAM/U0/synth_options.dist_mem_inst/gen_sp_ram.spram_inst/spo[26]_INST_0_i_17/O
                         net (fo=1, routed)           0.000     6.272    Mem_DRAM/U0/synth_options.dist_mem_inst/gen_sp_ram.spram_inst/spo[26]_INST_0_i_17_n_0
    SLICE_X53Y132        MUXF7 (Prop_muxf7_I0_O)      0.238     6.510 r  Mem_DRAM/U0/synth_options.dist_mem_inst/gen_sp_ram.spram_inst/spo[26]_INST_0_i_7/O
                         net (fo=1, routed)           0.000     6.510    Mem_DRAM/U0/synth_options.dist_mem_inst/gen_sp_ram.spram_inst/spo[26]_INST_0_i_7_n_0
    SLICE_X53Y132        MUXF8 (Prop_muxf8_I0_O)      0.104     6.614 r  Mem_DRAM/U0/synth_options.dist_mem_inst/gen_sp_ram.spram_inst/spo[26]_INST_0_i_2/O
                         net (fo=1, routed)           0.744     7.358    Mem_DRAM/U0/synth_options.dist_mem_inst/gen_sp_ram.spram_inst/spo[26]_INST_0_i_2_n_0
    SLICE_X59Y130        LUT6 (Prop_lut6_I1_O)        0.316     7.674 r  Mem_DRAM/U0/synth_options.dist_mem_inst/gen_sp_ram.spram_inst/spo[26]_INST_0/O
                         net (fo=1, routed)           1.128     8.802    Core_cpu/U_EX_MEM/spo[26]
    SLICE_X65Y114        LUT4 (Prop_lut4_I2_O)        0.124     8.926 r  Core_cpu/U_EX_MEM/wb_rdo[26]_i_2/O
                         net (fo=6, routed)           0.172     9.098    Core_cpu/U_EX_MEM/Bus_rdata[26]
    SLICE_X65Y114        LUT5 (Prop_lut5_I4_O)        0.124     9.222 r  Core_cpu/U_EX_MEM/Mem_DRAM_i_48/O
                         net (fo=1, routed)           0.000     9.222    Core_cpu/U_EX_MEM/Mem_DRAM_i_48_n_0
    SLICE_X65Y114        MUXF7 (Prop_muxf7_I1_O)      0.245     9.467 r  Core_cpu/U_EX_MEM/Mem_DRAM_i_7/O
                         net (fo=257, routed)         2.478    11.944    Mem_DRAM/U0/synth_options.dist_mem_inst/gen_sp_ram.spram_inst/ram_reg_12800_13055_26_26/D
    SLICE_X34Y141        RAMS64E                                      r  Mem_DRAM/U0/synth_options.dist_mem_inst/gen_sp_ram.spram_inst/ram_reg_12800_13055_26_26/RAMS64E_A/I
  -------------------------------------------------------------------    -------------------

                         (clock clk_out1_cpuclk rise edge)
                                                     12.500    12.500 r  
    Y18                                               0.000    12.500 r  fpga_clk (IN)
                         net (fo=0)                   0.000    12.500    Clkgen/inst/clk_in1
    Y18                  IBUF (Prop_ibuf_I_O)         1.474    13.974 r  Clkgen/inst/clkin1_ibufg/O
                         net (fo=1, routed)           1.181    15.155    Clkgen/inst/clk_in1_cpuclk
    PLLE2_ADV_X0Y1       PLLE2_ADV (Prop_plle2_adv_CLKIN1_CLKOUT0)
                                                     -7.855     7.300 r  Clkgen/inst/plle2_adv_inst/CLKOUT0
                         net (fo=1, routed)           1.625     8.925    Clkgen/inst/clk_out1_cpuclk
    BUFGCTRL_X0Y2        BUFG (Prop_bufg_I_O)         0.091     9.016 r  Clkgen/inst/clkout1_buf/O
                         net (fo=1, routed)           2.041    11.058    pll_clk
    SLICE_X52Y96         LUT2 (Prop_lut2_I0_O)        0.100    11.158 r  cpu_clk_BUFG_inst_i_1/O
                         net (fo=1, routed)           0.669    11.827    cpu_clk
    BUFGCTRL_X0Y0        BUFG (Prop_bufg_I_O)         0.091    11.918 r  cpu_clk_BUFG_inst/O
                         net (fo=9069, routed)        1.505    13.422    Mem_DRAM/U0/synth_options.dist_mem_inst/gen_sp_ram.spram_inst/ram_reg_12800_13055_26_26/WCLK
    SLICE_X34Y141        RAMS64E                                      r  Mem_DRAM/U0/synth_options.dist_mem_inst/gen_sp_ram.spram_inst/ram_reg_12800_13055_26_26/RAMS64E_A/CLK
                         clock pessimism             -0.132    13.291    
                         clock uncertainty           -0.147    13.144    
    SLICE_X34Y141        RAMS64E (Setup_rams64e_CLK_I)
                                                     -0.899    12.245    Mem_DRAM/U0/synth_options.dist_mem_inst/gen_sp_ram.spram_inst/ram_reg_12800_13055_26_26/RAMS64E_A
  -------------------------------------------------------------------
                         required time                         12.245    
                         arrival time                         -11.944    
  -------------------------------------------------------------------
                         slack                                  0.300    

Slack (MET) :             0.317ns  (required time - arrival time)
  Source:                 Core_cpu/U_EX_MEM/mem_C_reg[2]_replica_2/C
                            (rising edge-triggered cell FDCE clocked by clk_out1_cpuclk  {rise@0.000ns fall@6.250ns period=12.500ns})
  Destination:            Mem_DRAM/U0/synth_options.dist_mem_inst/gen_sp_ram.spram_inst/ram_reg_9984_10239_26_26/RAMS64E_A/I
                            (rising edge-triggered cell RAMS64E clocked by clk_out1_cpuclk  {rise@0.000ns fall@6.250ns period=12.500ns})
  Path Group:             clk_out1_cpuclk
  Path Type:              Setup (Max at Slow Process Corner)
  Requirement:            12.500ns  (clk_out1_cpuclk rise@12.500ns - clk_out1_cpuclk rise@0.000ns)
  Data Path Delay:        10.857ns  (logic 2.389ns (22.003%)  route 8.468ns (77.997%))
  Logic Levels:           10  (LUT4=1 LUT5=1 LUT6=2 MUXF7=3 MUXF8=2 RAMS64E=1)
  Clock Path Skew:        -0.280ns (DCD - SCD + CPR)
    Destination Clock Delay (DCD):    0.916ns = ( 13.416 - 12.500 ) 
    Source Clock Delay      (SCD):    1.064ns
    Clock Pessimism Removal (CPR):    -0.132ns
  Clock Uncertainty:      0.147ns  ((TSJ^2 + DJ^2)^1/2) / 2 + PE
    Total System Jitter     (TSJ):    0.071ns
    Discrete Jitter          (DJ):    0.286ns
    Phase Error              (PE):    0.000ns

    Location             Delay type                Incr(ns)  Path(ns)    Netlist Resource(s)
  -------------------------------------------------------------------    -------------------
                         (clock clk_out1_cpuclk rise edge)
                                                      0.000     0.000 r  
    Y18                                               0.000     0.000 r  fpga_clk (IN)
                         net (fo=0)                   0.000     0.000    Clkgen/inst/clk_in1
    Y18                  IBUF (Prop_ibuf_I_O)         1.545     1.545 r  Clkgen/inst/clkin1_ibufg/O
                         net (fo=1, routed)           1.253     2.798    Clkgen/inst/clk_in1_cpuclk
    PLLE2_ADV_X0Y1       PLLE2_ADV (Prop_plle2_adv_CLKIN1_CLKOUT0)
                                                     -8.590    -5.792 r  Clkgen/inst/plle2_adv_inst/CLKOUT0
                         net (fo=1, routed)           1.704    -4.087    Clkgen/inst/clk_out1_cpuclk
    BUFGCTRL_X0Y2        BUFG (Prop_bufg_I_O)         0.096    -3.991 r  Clkgen/inst/clkout1_buf/O
                         net (fo=1, routed)           2.294    -1.697    pll_clk
    SLICE_X52Y96         LUT2 (Prop_lut2_I0_O)        0.124    -1.573 r  cpu_clk_BUFG_inst_i_1/O
                         net (fo=1, routed)           0.756    -0.817    cpu_clk
    BUFGCTRL_X0Y0        BUFG (Prop_bufg_I_O)         0.096    -0.721 r  cpu_clk_BUFG_inst/O
                         net (fo=9069, routed)        1.785     1.064    Core_cpu/U_EX_MEM/cpu_clk_BUFG
    SLICE_X55Y167        FDCE                                         r  Core_cpu/U_EX_MEM/mem_C_reg[2]_replica_2/C
  -------------------------------------------------------------------    -------------------
    SLICE_X55Y167        FDCE (Prop_fdce_C_Q)         0.456     1.520 r  Core_cpu/U_EX_MEM/mem_C_reg[2]_replica_2/Q
                         net (fo=848, routed)         2.917     4.438    Mem_DRAM/U0/synth_options.dist_mem_inst/gen_sp_ram.spram_inst/ram_reg_8704_8959_26_26/A0
    SLICE_X38Y133        RAMS64E (Prop_rams64e_ADR0_O)
                                                      0.124     4.562 r  Mem_DRAM/U0/synth_options.dist_mem_inst/gen_sp_ram.spram_inst/ram_reg_8704_8959_26_26/RAMS64E_D/O
                         net (fo=1, routed)           0.000     4.562    Mem_DRAM/U0/synth_options.dist_mem_inst/gen_sp_ram.spram_inst/ram_reg_8704_8959_26_26/OD
    SLICE_X38Y133        MUXF7 (Prop_muxf7_I0_O)      0.241     4.803 r  Mem_DRAM/U0/synth_options.dist_mem_inst/gen_sp_ram.spram_inst/ram_reg_8704_8959_26_26/F7.B/O
                         net (fo=1, routed)           0.000     4.803    Mem_DRAM/U0/synth_options.dist_mem_inst/gen_sp_ram.spram_inst/ram_reg_8704_8959_26_26/O0
    SLICE_X38Y133        MUXF8 (Prop_muxf8_I0_O)      0.098     4.901 r  Mem_DRAM/U0/synth_options.dist_mem_inst/gen_sp_ram.spram_inst/ram_reg_8704_8959_26_26/F8/O
                         net (fo=1, routed)           1.053     5.953    Mem_DRAM/U0/synth_options.dist_mem_inst/gen_sp_ram.spram_inst/ram_reg_8704_8959_26_26_n_0
    SLICE_X53Y132        LUT6 (Prop_lut6_I1_O)        0.319     6.272 r  Mem_DRAM/U0/synth_options.dist_mem_inst/gen_sp_ram.spram_inst/spo[26]_INST_0_i_17/O
                         net (fo=1, routed)           0.000     6.272    Mem_DRAM/U0/synth_options.dist_mem_inst/gen_sp_ram.spram_inst/spo[26]_INST_0_i_17_n_0
    SLICE_X53Y132        MUXF7 (Prop_muxf7_I0_O)      0.238     6.510 r  Mem_DRAM/U0/synth_options.dist_mem_inst/gen_sp_ram.spram_inst/spo[26]_INST_0_i_7/O
                         net (fo=1, routed)           0.000     6.510    Mem_DRAM/U0/synth_options.dist_mem_inst/gen_sp_ram.spram_inst/spo[26]_INST_0_i_7_n_0
    SLICE_X53Y132        MUXF8 (Prop_muxf8_I0_O)      0.104     6.614 r  Mem_DRAM/U0/synth_options.dist_mem_inst/gen_sp_ram.spram_inst/spo[26]_INST_0_i_2/O
                         net (fo=1, routed)           0.744     7.358    Mem_DRAM/U0/synth_options.dist_mem_inst/gen_sp_ram.spram_inst/spo[26]_INST_0_i_2_n_0
    SLICE_X59Y130        LUT6 (Prop_lut6_I1_O)        0.316     7.674 r  Mem_DRAM/U0/synth_options.dist_mem_inst/gen_sp_ram.spram_inst/spo[26]_INST_0/O
                         net (fo=1, routed)           1.128     8.802    Core_cpu/U_EX_MEM/spo[26]
    SLICE_X65Y114        LUT4 (Prop_lut4_I2_O)        0.124     8.926 r  Core_cpu/U_EX_MEM/wb_rdo[26]_i_2/O
                         net (fo=6, routed)           0.172     9.098    Core_cpu/U_EX_MEM/Bus_rdata[26]
    SLICE_X65Y114        LUT5 (Prop_lut5_I4_O)        0.124     9.222 r  Core_cpu/U_EX_MEM/Mem_DRAM_i_48/O
                         net (fo=1, routed)           0.000     9.222    Core_cpu/U_EX_MEM/Mem_DRAM_i_48_n_0
    SLICE_X65Y114        MUXF7 (Prop_muxf7_I1_O)      0.245     9.467 r  Core_cpu/U_EX_MEM/Mem_DRAM_i_7/O
                         net (fo=257, routed)         2.455    11.922    Mem_DRAM/U0/synth_options.dist_mem_inst/gen_sp_ram.spram_inst/ram_reg_9984_10239_26_26/D
    SLICE_X50Y148        RAMS64E                                      r  Mem_DRAM/U0/synth_options.dist_mem_inst/gen_sp_ram.spram_inst/ram_reg_9984_10239_26_26/RAMS64E_A/I
  -------------------------------------------------------------------    -------------------

                         (clock clk_out1_cpuclk rise edge)
                                                     12.500    12.500 r  
    Y18                                               0.000    12.500 r  fpga_clk (IN)
                         net (fo=0)                   0.000    12.500    Clkgen/inst/clk_in1
    Y18                  IBUF (Prop_ibuf_I_O)         1.474    13.974 r  Clkgen/inst/clkin1_ibufg/O
                         net (fo=1, routed)           1.181    15.155    Clkgen/inst/clk_in1_cpuclk
    PLLE2_ADV_X0Y1       PLLE2_ADV (Prop_plle2_adv_CLKIN1_CLKOUT0)
                                                     -7.855     7.300 r  Clkgen/inst/plle2_adv_inst/CLKOUT0
                         net (fo=1, routed)           1.625     8.925    Clkgen/inst/clk_out1_cpuclk
    BUFGCTRL_X0Y2        BUFG (Prop_bufg_I_O)         0.091     9.016 r  Clkgen/inst/clkout1_buf/O
                         net (fo=1, routed)           2.041    11.058    pll_clk
    SLICE_X52Y96         LUT2 (Prop_lut2_I0_O)        0.100    11.158 r  cpu_clk_BUFG_inst_i_1/O
                         net (fo=1, routed)           0.669    11.827    cpu_clk
    BUFGCTRL_X0Y0        BUFG (Prop_bufg_I_O)         0.091    11.918 r  cpu_clk_BUFG_inst/O
                         net (fo=9069, routed)        1.499    13.416    Mem_DRAM/U0/synth_options.dist_mem_inst/gen_sp_ram.spram_inst/ram_reg_9984_10239_26_26/WCLK
    SLICE_X50Y148        RAMS64E                                      r  Mem_DRAM/U0/synth_options.dist_mem_inst/gen_sp_ram.spram_inst/ram_reg_9984_10239_26_26/RAMS64E_A/CLK
                         clock pessimism             -0.132    13.285    
                         clock uncertainty           -0.147    13.138    
    SLICE_X50Y148        RAMS64E (Setup_rams64e_CLK_I)
                                                     -0.899    12.239    Mem_DRAM/U0/synth_options.dist_mem_inst/gen_sp_ram.spram_inst/ram_reg_9984_10239_26_26/RAMS64E_A
  -------------------------------------------------------------------
                         required time                         12.239    
                         arrival time                         -11.922    
  -------------------------------------------------------------------
                         slack                                  0.317    

Slack (MET) :             0.319ns  (required time - arrival time)
  Source:                 Core_cpu/U_EX_MEM/mem_C_reg[2]_replica_2/C
                            (rising edge-triggered cell FDCE clocked by clk_out1_cpuclk  {rise@0.000ns fall@6.250ns period=12.500ns})
  Destination:            Mem_DRAM/U0/synth_options.dist_mem_inst/gen_sp_ram.spram_inst/ram_reg_11008_11263_26_26/RAMS64E_A/I
                            (rising edge-triggered cell RAMS64E clocked by clk_out1_cpuclk  {rise@0.000ns fall@6.250ns period=12.500ns})
  Path Group:             clk_out1_cpuclk
  Path Type:              Setup (Max at Slow Process Corner)
  Requirement:            12.500ns  (clk_out1_cpuclk rise@12.500ns - clk_out1_cpuclk rise@0.000ns)
  Data Path Delay:        10.855ns  (logic 2.389ns (22.008%)  route 8.466ns (77.992%))
  Logic Levels:           10  (LUT4=1 LUT5=1 LUT6=2 MUXF7=3 MUXF8=2 RAMS64E=1)
  Clock Path Skew:        -0.280ns (DCD - SCD + CPR)
    Destination Clock Delay (DCD):    0.916ns = ( 13.416 - 12.500 ) 
    Source Clock Delay      (SCD):    1.064ns
    Clock Pessimism Removal (CPR):    -0.132ns
  Clock Uncertainty:      0.147ns  ((TSJ^2 + DJ^2)^1/2) / 2 + PE
    Total System Jitter     (TSJ):    0.071ns
    Discrete Jitter          (DJ):    0.286ns
    Phase Error              (PE):    0.000ns

    Location             Delay type                Incr(ns)  Path(ns)    Netlist Resource(s)
  -------------------------------------------------------------------    -------------------
                         (clock clk_out1_cpuclk rise edge)
                                                      0.000     0.000 r  
    Y18                                               0.000     0.000 r  fpga_clk (IN)
                         net (fo=0)                   0.000     0.000    Clkgen/inst/clk_in1
    Y18                  IBUF (Prop_ibuf_I_O)         1.545     1.545 r  Clkgen/inst/clkin1_ibufg/O
                         net (fo=1, routed)           1.253     2.798    Clkgen/inst/clk_in1_cpuclk
    PLLE2_ADV_X0Y1       PLLE2_ADV (Prop_plle2_adv_CLKIN1_CLKOUT0)
                                                     -8.590    -5.792 r  Clkgen/inst/plle2_adv_inst/CLKOUT0
                         net (fo=1, routed)           1.704    -4.087    Clkgen/inst/clk_out1_cpuclk
    BUFGCTRL_X0Y2        BUFG (Prop_bufg_I_O)         0.096    -3.991 r  Clkgen/inst/clkout1_buf/O
                         net (fo=1, routed)           2.294    -1.697    pll_clk
    SLICE_X52Y96         LUT2 (Prop_lut2_I0_O)        0.124    -1.573 r  cpu_clk_BUFG_inst_i_1/O
                         net (fo=1, routed)           0.756    -0.817    cpu_clk
    BUFGCTRL_X0Y0        BUFG (Prop_bufg_I_O)         0.096    -0.721 r  cpu_clk_BUFG_inst/O
                         net (fo=9069, routed)        1.785     1.064    Core_cpu/U_EX_MEM/cpu_clk_BUFG
    SLICE_X55Y167        FDCE                                         r  Core_cpu/U_EX_MEM/mem_C_reg[2]_replica_2/C
  -------------------------------------------------------------------    -------------------
    SLICE_X55Y167        FDCE (Prop_fdce_C_Q)         0.456     1.520 r  Core_cpu/U_EX_MEM/mem_C_reg[2]_replica_2/Q
                         net (fo=848, routed)         2.917     4.438    Mem_DRAM/U0/synth_options.dist_mem_inst/gen_sp_ram.spram_inst/ram_reg_8704_8959_26_26/A0
    SLICE_X38Y133        RAMS64E (Prop_rams64e_ADR0_O)
                                                      0.124     4.562 r  Mem_DRAM/U0/synth_options.dist_mem_inst/gen_sp_ram.spram_inst/ram_reg_8704_8959_26_26/RAMS64E_D/O
                         net (fo=1, routed)           0.000     4.562    Mem_DRAM/U0/synth_options.dist_mem_inst/gen_sp_ram.spram_inst/ram_reg_8704_8959_26_26/OD
    SLICE_X38Y133        MUXF7 (Prop_muxf7_I0_O)      0.241     4.803 r  Mem_DRAM/U0/synth_options.dist_mem_inst/gen_sp_ram.spram_inst/ram_reg_8704_8959_26_26/F7.B/O
                         net (fo=1, routed)           0.000     4.803    Mem_DRAM/U0/synth_options.dist_mem_inst/gen_sp_ram.spram_inst/ram_reg_8704_8959_26_26/O0
    SLICE_X38Y133        MUXF8 (Prop_muxf8_I0_O)      0.098     4.901 r  Mem_DRAM/U0/synth_options.dist_mem_inst/gen_sp_ram.spram_inst/ram_reg_8704_8959_26_26/F8/O
                         net (fo=1, routed)           1.053     5.953    Mem_DRAM/U0/synth_options.dist_mem_inst/gen_sp_ram.spram_inst/ram_reg_8704_8959_26_26_n_0
    SLICE_X53Y132        LUT6 (Prop_lut6_I1_O)        0.319     6.272 r  Mem_DRAM/U0/synth_options.dist_mem_inst/gen_sp_ram.spram_inst/spo[26]_INST_0_i_17/O
                         net (fo=1, routed)           0.000     6.272    Mem_DRAM/U0/synth_options.dist_mem_inst/gen_sp_ram.spram_inst/spo[26]_INST_0_i_17_n_0
    SLICE_X53Y132        MUXF7 (Prop_muxf7_I0_O)      0.238     6.510 r  Mem_DRAM/U0/synth_options.dist_mem_inst/gen_sp_ram.spram_inst/spo[26]_INST_0_i_7/O
                         net (fo=1, routed)           0.000     6.510    Mem_DRAM/U0/synth_options.dist_mem_inst/gen_sp_ram.spram_inst/spo[26]_INST_0_i_7_n_0
    SLICE_X53Y132        MUXF8 (Prop_muxf8_I0_O)      0.104     6.614 r  Mem_DRAM/U0/synth_options.dist_mem_inst/gen_sp_ram.spram_inst/spo[26]_INST_0_i_2/O
                         net (fo=1, routed)           0.744     7.358    Mem_DRAM/U0/synth_options.dist_mem_inst/gen_sp_ram.spram_inst/spo[26]_INST_0_i_2_n_0
    SLICE_X59Y130        LUT6 (Prop_lut6_I1_O)        0.316     7.674 r  Mem_DRAM/U0/synth_options.dist_mem_inst/gen_sp_ram.spram_inst/spo[26]_INST_0/O
                         net (fo=1, routed)           1.128     8.802    Core_cpu/U_EX_MEM/spo[26]
    SLICE_X65Y114        LUT4 (Prop_lut4_I2_O)        0.124     8.926 r  Core_cpu/U_EX_MEM/wb_rdo[26]_i_2/O
                         net (fo=6, routed)           0.172     9.098    Core_cpu/U_EX_MEM/Bus_rdata[26]
    SLICE_X65Y114        LUT5 (Prop_lut5_I4_O)        0.124     9.222 r  Core_cpu/U_EX_MEM/Mem_DRAM_i_48/O
                         net (fo=1, routed)           0.000     9.222    Core_cpu/U_EX_MEM/Mem_DRAM_i_48_n_0
    SLICE_X65Y114        MUXF7 (Prop_muxf7_I1_O)      0.245     9.467 r  Core_cpu/U_EX_MEM/Mem_DRAM_i_7/O
                         net (fo=257, routed)         2.453    11.919    Mem_DRAM/U0/synth_options.dist_mem_inst/gen_sp_ram.spram_inst/ram_reg_11008_11263_26_26/D
    SLICE_X50Y147        RAMS64E                                      r  Mem_DRAM/U0/synth_options.dist_mem_inst/gen_sp_ram.spram_inst/ram_reg_11008_11263_26_26/RAMS64E_A/I
  -------------------------------------------------------------------    -------------------

                         (clock clk_out1_cpuclk rise edge)
                                                     12.500    12.500 r  
    Y18                                               0.000    12.500 r  fpga_clk (IN)
                         net (fo=0)                   0.000    12.500    Clkgen/inst/clk_in1
    Y18                  IBUF (Prop_ibuf_I_O)         1.474    13.974 r  Clkgen/inst/clkin1_ibufg/O
                         net (fo=1, routed)           1.181    15.155    Clkgen/inst/clk_in1_cpuclk
    PLLE2_ADV_X0Y1       PLLE2_ADV (Prop_plle2_adv_CLKIN1_CLKOUT0)
                                                     -7.855     7.300 r  Clkgen/inst/plle2_adv_inst/CLKOUT0
                         net (fo=1, routed)           1.625     8.925    Clkgen/inst/clk_out1_cpuclk
    BUFGCTRL_X0Y2        BUFG (Prop_bufg_I_O)         0.091     9.016 r  Clkgen/inst/clkout1_buf/O
                         net (fo=1, routed)           2.041    11.058    pll_clk
    SLICE_X52Y96         LUT2 (Prop_lut2_I0_O)        0.100    11.158 r  cpu_clk_BUFG_inst_i_1/O
                         net (fo=1, routed)           0.669    11.827    cpu_clk
    BUFGCTRL_X0Y0        BUFG (Prop_bufg_I_O)         0.091    11.918 r  cpu_clk_BUFG_inst/O
                         net (fo=9069, routed)        1.499    13.416    Mem_DRAM/U0/synth_options.dist_mem_inst/gen_sp_ram.spram_inst/ram_reg_11008_11263_26_26/WCLK
    SLICE_X50Y147        RAMS64E                                      r  Mem_DRAM/U0/synth_options.dist_mem_inst/gen_sp_ram.spram_inst/ram_reg_11008_11263_26_26/RAMS64E_A/CLK
                         clock pessimism             -0.132    13.285    
                         clock uncertainty           -0.147    13.138    
    SLICE_X50Y147        RAMS64E (Setup_rams64e_CLK_I)
                                                     -0.899    12.239    Mem_DRAM/U0/synth_options.dist_mem_inst/gen_sp_ram.spram_inst/ram_reg_11008_11263_26_26/RAMS64E_A
  -------------------------------------------------------------------
                         required time                         12.239    
                         arrival time                         -11.919    
  -------------------------------------------------------------------
                         slack                                  0.319    

Slack (MET) :             0.341ns  (required time - arrival time)
  Source:                 Core_cpu/U_EX_MEM/mem_C_reg[2]_replica_1/C
                            (rising edge-triggered cell FDCE clocked by clk_out1_cpuclk  {rise@0.000ns fall@6.250ns period=12.500ns})
  Destination:            Mem_DRAM/U0/synth_options.dist_mem_inst/gen_sp_ram.spram_inst/ram_reg_5888_6143_2_2/RAMS64E_A/I
                            (rising edge-triggered cell RAMS64E clocked by clk_out1_cpuclk  {rise@0.000ns fall@6.250ns period=12.500ns})
  Path Group:             clk_out1_cpuclk
  Path Type:              Setup (Max at Slow Process Corner)
  Requirement:            12.500ns  (clk_out1_cpuclk rise@12.500ns - clk_out1_cpuclk rise@0.000ns)
  Data Path Delay:        11.342ns  (logic 2.472ns (21.793%)  route 8.870ns (78.207%))
  Logic Levels:           9  (LUT6=4 MUXF7=2 MUXF8=2 RAMS64E=1)
  Clock Path Skew:        0.055ns (DCD - SCD + CPR)
    Destination Clock Delay (DCD):    1.071ns = ( 13.571 - 12.500 ) 
    Source Clock Delay      (SCD):    0.884ns
    Clock Pessimism Removal (CPR):    -0.132ns
  Clock Uncertainty:      0.147ns  ((TSJ^2 + DJ^2)^1/2) / 2 + PE
    Total System Jitter     (TSJ):    0.071ns
    Discrete Jitter          (DJ):    0.286ns
    Phase Error              (PE):    0.000ns

    Location             Delay type                Incr(ns)  Path(ns)    Netlist Resource(s)
  -------------------------------------------------------------------    -------------------
                         (clock clk_out1_cpuclk rise edge)
                                                      0.000     0.000 r  
    Y18                                               0.000     0.000 r  fpga_clk (IN)
                         net (fo=0)                   0.000     0.000    Clkgen/inst/clk_in1
    Y18                  IBUF (Prop_ibuf_I_O)         1.545     1.545 r  Clkgen/inst/clkin1_ibufg/O
                         net (fo=1, routed)           1.253     2.798    Clkgen/inst/clk_in1_cpuclk
    PLLE2_ADV_X0Y1       PLLE2_ADV (Prop_plle2_adv_CLKIN1_CLKOUT0)
                                                     -8.590    -5.792 r  Clkgen/inst/plle2_adv_inst/CLKOUT0
                         net (fo=1, routed)           1.704    -4.087    Clkgen/inst/clk_out1_cpuclk
    BUFGCTRL_X0Y2        BUFG (Prop_bufg_I_O)         0.096    -3.991 r  Clkgen/inst/clkout1_buf/O
                         net (fo=1, routed)           2.294    -1.697    pll_clk
    SLICE_X52Y96         LUT2 (Prop_lut2_I0_O)        0.124    -1.573 r  cpu_clk_BUFG_inst_i_1/O
                         net (fo=1, routed)           0.756    -0.817    cpu_clk
    BUFGCTRL_X0Y0        BUFG (Prop_bufg_I_O)         0.096    -0.721 r  cpu_clk_BUFG_inst/O
                         net (fo=9069, routed)        1.605     0.884    Core_cpu/U_EX_MEM/cpu_clk_BUFG
    SLICE_X39Y124        FDCE                                         r  Core_cpu/U_EX_MEM/mem_C_reg[2]_replica_1/C
  -------------------------------------------------------------------    -------------------
    SLICE_X39Y124        FDCE (Prop_fdce_C_Q)         0.456     1.340 r  Core_cpu/U_EX_MEM/mem_C_reg[2]_replica_1/Q
                         net (fo=524, routed)         2.320     3.660    Mem_DRAM/U0/synth_options.dist_mem_inst/gen_sp_ram.spram_inst/ram_reg_7424_7679_2_2/A0
    SLICE_X46Y158        RAMS64E (Prop_rams64e_ADR0_O)
                                                      0.520     4.180 r  Mem_DRAM/U0/synth_options.dist_mem_inst/gen_sp_ram.spram_inst/ram_reg_7424_7679_2_2/RAMS64E_A/O
                         net (fo=1, routed)           0.000     4.180    Mem_DRAM/U0/synth_options.dist_mem_inst/gen_sp_ram.spram_inst/ram_reg_7424_7679_2_2/OA
    SLICE_X46Y158        MUXF7 (Prop_muxf7_I1_O)      0.214     4.394 r  Mem_DRAM/U0/synth_options.dist_mem_inst/gen_sp_ram.spram_inst/ram_reg_7424_7679_2_2/F7.A/O
                         net (fo=1, routed)           0.000     4.394    Mem_DRAM/U0/synth_options.dist_mem_inst/gen_sp_ram.spram_inst/ram_reg_7424_7679_2_2/O1
    SLICE_X46Y158        MUXF8 (Prop_muxf8_I1_O)      0.088     4.482 r  Mem_DRAM/U0/synth_options.dist_mem_inst/gen_sp_ram.spram_inst/ram_reg_7424_7679_2_2/F8/O
                         net (fo=1, routed)           1.176     5.658    Mem_DRAM/U0/synth_options.dist_mem_inst/gen_sp_ram.spram_inst/ram_reg_7424_7679_2_2_n_0
    SLICE_X53Y147        LUT6 (Prop_lut6_I3_O)        0.319     5.977 r  Mem_DRAM/U0/synth_options.dist_mem_inst/gen_sp_ram.spram_inst/spo[2]_INST_0_i_24/O
                         net (fo=1, routed)           0.000     5.977    Mem_DRAM/U0/synth_options.dist_mem_inst/gen_sp_ram.spram_inst/spo[2]_INST_0_i_24_n_0
    SLICE_X53Y147        MUXF7 (Prop_muxf7_I1_O)      0.217     6.194 r  Mem_DRAM/U0/synth_options.dist_mem_inst/gen_sp_ram.spram_inst/spo[2]_INST_0_i_10/O
                         net (fo=1, routed)           0.000     6.194    Mem_DRAM/U0/synth_options.dist_mem_inst/gen_sp_ram.spram_inst/spo[2]_INST_0_i_10_n_0
    SLICE_X53Y147        MUXF8 (Prop_muxf8_I1_O)      0.094     6.288 r  Mem_DRAM/U0/synth_options.dist_mem_inst/gen_sp_ram.spram_inst/spo[2]_INST_0_i_3/O
                         net (fo=1, routed)           2.162     8.450    Mem_DRAM/U0/synth_options.dist_mem_inst/gen_sp_ram.spram_inst/spo[2]_INST_0_i_3_n_0
    SLICE_X61Y105        LUT6 (Prop_lut6_I3_O)        0.316     8.766 r  Mem_DRAM/U0/synth_options.dist_mem_inst/gen_sp_ram.spram_inst/spo[2]_INST_0/O
                         net (fo=1, routed)           0.151     8.917    Core_cpu/U_EX_MEM/spo[2]
    SLICE_X61Y105        LUT6 (Prop_lut6_I5_O)        0.124     9.041 r  Core_cpu/U_EX_MEM/wb_rdo[2]_i_2/O
                         net (fo=3, routed)           0.182     9.223    Core_cpu/U_EX_MEM/Bus_rdata[2]
    SLICE_X61Y105        LUT6 (Prop_lut6_I3_O)        0.124     9.347 r  Core_cpu/U_EX_MEM/Mem_DRAM_i_31/O
                         net (fo=258, routed)         2.879    12.226    Mem_DRAM/U0/synth_options.dist_mem_inst/gen_sp_ram.spram_inst/ram_reg_5888_6143_2_2/D
    SLICE_X54Y171        RAMS64E                                      r  Mem_DRAM/U0/synth_options.dist_mem_inst/gen_sp_ram.spram_inst/ram_reg_5888_6143_2_2/RAMS64E_A/I
  -------------------------------------------------------------------    -------------------

                         (clock clk_out1_cpuclk rise edge)
                                                     12.500    12.500 r  
    Y18                                               0.000    12.500 r  fpga_clk (IN)
                         net (fo=0)                   0.000    12.500    Clkgen/inst/clk_in1
    Y18                  IBUF (Prop_ibuf_I_O)         1.474    13.974 r  Clkgen/inst/clkin1_ibufg/O
                         net (fo=1, routed)           1.181    15.155    Clkgen/inst/clk_in1_cpuclk
    PLLE2_ADV_X0Y1       PLLE2_ADV (Prop_plle2_adv_CLKIN1_CLKOUT0)
                                                     -7.855     7.300 r  Clkgen/inst/plle2_adv_inst/CLKOUT0
                         net (fo=1, routed)           1.625     8.925    Clkgen/inst/clk_out1_cpuclk
    BUFGCTRL_X0Y2        BUFG (Prop_bufg_I_O)         0.091     9.016 r  Clkgen/inst/clkout1_buf/O
                         net (fo=1, routed)           2.041    11.058    pll_clk
    SLICE_X52Y96         LUT2 (Prop_lut2_I0_O)        0.100    11.158 r  cpu_clk_BUFG_inst_i_1/O
                         net (fo=1, routed)           0.669    11.827    cpu_clk
    BUFGCTRL_X0Y0        BUFG (Prop_bufg_I_O)         0.091    11.918 r  cpu_clk_BUFG_inst/O
                         net (fo=9069, routed)        1.653    13.571    Mem_DRAM/U0/synth_options.dist_mem_inst/gen_sp_ram.spram_inst/ram_reg_5888_6143_2_2/WCLK
    SLICE_X54Y171        RAMS64E                                      r  Mem_DRAM/U0/synth_options.dist_mem_inst/gen_sp_ram.spram_inst/ram_reg_5888_6143_2_2/RAMS64E_A/CLK
                         clock pessimism             -0.132    13.439    
                         clock uncertainty           -0.147    13.292    
    SLICE_X54Y171        RAMS64E (Setup_rams64e_CLK_I)
                                                     -0.725    12.567    Mem_DRAM/U0/synth_options.dist_mem_inst/gen_sp_ram.spram_inst/ram_reg_5888_6143_2_2/RAMS64E_A
  -------------------------------------------------------------------
                         required time                         12.567    
                         arrival time                         -12.226    
  -------------------------------------------------------------------
                         slack                                  0.341    

Slack (MET) :             0.342ns  (required time - arrival time)
  Source:                 Core_cpu/U_EX_MEM/mem_C_reg[2]_replica_2/C
                            (rising edge-triggered cell FDCE clocked by clk_out1_cpuclk  {rise@0.000ns fall@6.250ns period=12.500ns})
  Destination:            Mem_DRAM/U0/synth_options.dist_mem_inst/gen_sp_ram.spram_inst/ram_reg_13824_14079_26_26/RAMS64E_A/I
                            (rising edge-triggered cell RAMS64E clocked by clk_out1_cpuclk  {rise@0.000ns fall@6.250ns period=12.500ns})
  Path Group:             clk_out1_cpuclk
  Path Type:              Setup (Max at Slow Process Corner)
  Requirement:            12.500ns  (clk_out1_cpuclk rise@12.500ns - clk_out1_cpuclk rise@0.000ns)
  Data Path Delay:        10.834ns  (logic 2.389ns (22.051%)  route 8.445ns (77.949%))
  Logic Levels:           10  (LUT4=1 LUT5=1 LUT6=2 MUXF7=3 MUXF8=2 RAMS64E=1)
  Clock Path Skew:        -0.278ns (DCD - SCD + CPR)
    Destination Clock Delay (DCD):    0.918ns = ( 13.418 - 12.500 ) 
    Source Clock Delay      (SCD):    1.064ns
    Clock Pessimism Removal (CPR):    -0.132ns
  Clock Uncertainty:      0.147ns  ((TSJ^2 + DJ^2)^1/2) / 2 + PE
    Total System Jitter     (TSJ):    0.071ns
    Discrete Jitter          (DJ):    0.286ns
    Phase Error              (PE):    0.000ns

    Location             Delay type                Incr(ns)  Path(ns)    Netlist Resource(s)
  -------------------------------------------------------------------    -------------------
                         (clock clk_out1_cpuclk rise edge)
                                                      0.000     0.000 r  
    Y18                                               0.000     0.000 r  fpga_clk (IN)
                         net (fo=0)                   0.000     0.000    Clkgen/inst/clk_in1
    Y18                  IBUF (Prop_ibuf_I_O)         1.545     1.545 r  Clkgen/inst/clkin1_ibufg/O
                         net (fo=1, routed)           1.253     2.798    Clkgen/inst/clk_in1_cpuclk
    PLLE2_ADV_X0Y1       PLLE2_ADV (Prop_plle2_adv_CLKIN1_CLKOUT0)
                                                     -8.590    -5.792 r  Clkgen/inst/plle2_adv_inst/CLKOUT0
                         net (fo=1, routed)           1.704    -4.087    Clkgen/inst/clk_out1_cpuclk
    BUFGCTRL_X0Y2        BUFG (Prop_bufg_I_O)         0.096    -3.991 r  Clkgen/inst/clkout1_buf/O
                         net (fo=1, routed)           2.294    -1.697    pll_clk
    SLICE_X52Y96         LUT2 (Prop_lut2_I0_O)        0.124    -1.573 r  cpu_clk_BUFG_inst_i_1/O
                         net (fo=1, routed)           0.756    -0.817    cpu_clk
    BUFGCTRL_X0Y0        BUFG (Prop_bufg_I_O)         0.096    -0.721 r  cpu_clk_BUFG_inst/O
                         net (fo=9069, routed)        1.785     1.064    Core_cpu/U_EX_MEM/cpu_clk_BUFG
    SLICE_X55Y167        FDCE                                         r  Core_cpu/U_EX_MEM/mem_C_reg[2]_replica_2/C
  -------------------------------------------------------------------    -------------------
    SLICE_X55Y167        FDCE (Prop_fdce_C_Q)         0.456     1.520 r  Core_cpu/U_EX_MEM/mem_C_reg[2]_replica_2/Q
                         net (fo=848, routed)         2.917     4.438    Mem_DRAM/U0/synth_options.dist_mem_inst/gen_sp_ram.spram_inst/ram_reg_8704_8959_26_26/A0
    SLICE_X38Y133        RAMS64E (Prop_rams64e_ADR0_O)
                                                      0.124     4.562 r  Mem_DRAM/U0/synth_options.dist_mem_inst/gen_sp_ram.spram_inst/ram_reg_8704_8959_26_26/RAMS64E_D/O
                         net (fo=1, routed)           0.000     4.562    Mem_DRAM/U0/synth_options.dist_mem_inst/gen_sp_ram.spram_inst/ram_reg_8704_8959_26_26/OD
    SLICE_X38Y133        MUXF7 (Prop_muxf7_I0_O)      0.241     4.803 r  Mem_DRAM/U0/synth_options.dist_mem_inst/gen_sp_ram.spram_inst/ram_reg_8704_8959_26_26/F7.B/O
                         net (fo=1, routed)           0.000     4.803    Mem_DRAM/U0/synth_options.dist_mem_inst/gen_sp_ram.spram_inst/ram_reg_8704_8959_26_26/O0
    SLICE_X38Y133        MUXF8 (Prop_muxf8_I0_O)      0.098     4.901 r  Mem_DRAM/U0/synth_options.dist_mem_inst/gen_sp_ram.spram_inst/ram_reg_8704_8959_26_26/F8/O
                         net (fo=1, routed)           1.053     5.953    Mem_DRAM/U0/synth_options.dist_mem_inst/gen_sp_ram.spram_inst/ram_reg_8704_8959_26_26_n_0
    SLICE_X53Y132        LUT6 (Prop_lut6_I1_O)        0.319     6.272 r  Mem_DRAM/U0/synth_options.dist_mem_inst/gen_sp_ram.spram_inst/spo[26]_INST_0_i_17/O
                         net (fo=1, routed)           0.000     6.272    Mem_DRAM/U0/synth_options.dist_mem_inst/gen_sp_ram.spram_inst/spo[26]_INST_0_i_17_n_0
    SLICE_X53Y132        MUXF7 (Prop_muxf7_I0_O)      0.238     6.510 r  Mem_DRAM/U0/synth_options.dist_mem_inst/gen_sp_ram.spram_inst/spo[26]_INST_0_i_7/O
                         net (fo=1, routed)           0.000     6.510    Mem_DRAM/U0/synth_options.dist_mem_inst/gen_sp_ram.spram_inst/spo[26]_INST_0_i_7_n_0
    SLICE_X53Y132        MUXF8 (Prop_muxf8_I0_O)      0.104     6.614 r  Mem_DRAM/U0/synth_options.dist_mem_inst/gen_sp_ram.spram_inst/spo[26]_INST_0_i_2/O
                         net (fo=1, routed)           0.744     7.358    Mem_DRAM/U0/synth_options.dist_mem_inst/gen_sp_ram.spram_inst/spo[26]_INST_0_i_2_n_0
    SLICE_X59Y130        LUT6 (Prop_lut6_I1_O)        0.316     7.674 r  Mem_DRAM/U0/synth_options.dist_mem_inst/gen_sp_ram.spram_inst/spo[26]_INST_0/O
                         net (fo=1, routed)           1.128     8.802    Core_cpu/U_EX_MEM/spo[26]
    SLICE_X65Y114        LUT4 (Prop_lut4_I2_O)        0.124     8.926 r  Core_cpu/U_EX_MEM/wb_rdo[26]_i_2/O
                         net (fo=6, routed)           0.172     9.098    Core_cpu/U_EX_MEM/Bus_rdata[26]
    SLICE_X65Y114        LUT5 (Prop_lut5_I4_O)        0.124     9.222 r  Core_cpu/U_EX_MEM/Mem_DRAM_i_48/O
                         net (fo=1, routed)           0.000     9.222    Core_cpu/U_EX_MEM/Mem_DRAM_i_48_n_0
    SLICE_X65Y114        MUXF7 (Prop_muxf7_I1_O)      0.245     9.467 r  Core_cpu/U_EX_MEM/Mem_DRAM_i_7/O
                         net (fo=257, routed)         2.432    11.899    Mem_DRAM/U0/synth_options.dist_mem_inst/gen_sp_ram.spram_inst/ram_reg_13824_14079_26_26/D
    SLICE_X42Y142        RAMS64E                                      r  Mem_DRAM/U0/synth_options.dist_mem_inst/gen_sp_ram.spram_inst/ram_reg_13824_14079_26_26/RAMS64E_A/I
  -------------------------------------------------------------------    -------------------

                         (clock clk_out1_cpuclk rise edge)
                                                     12.500    12.500 r  
    Y18                                               0.000    12.500 r  fpga_clk (IN)
                         net (fo=0)                   0.000    12.500    Clkgen/inst/clk_in1
    Y18                  IBUF (Prop_ibuf_I_O)         1.474    13.974 r  Clkgen/inst/clkin1_ibufg/O
                         net (fo=1, routed)           1.181    15.155    Clkgen/inst/clk_in1_cpuclk
    PLLE2_ADV_X0Y1       PLLE2_ADV (Prop_plle2_adv_CLKIN1_CLKOUT0)
                                                     -7.855     7.300 r  Clkgen/inst/plle2_adv_inst/CLKOUT0
                         net (fo=1, routed)           1.625     8.925    Clkgen/inst/clk_out1_cpuclk
    BUFGCTRL_X0Y2        BUFG (Prop_bufg_I_O)         0.091     9.016 r  Clkgen/inst/clkout1_buf/O
                         net (fo=1, routed)           2.041    11.058    pll_clk
    SLICE_X52Y96         LUT2 (Prop_lut2_I0_O)        0.100    11.158 r  cpu_clk_BUFG_inst_i_1/O
                         net (fo=1, routed)           0.669    11.827    cpu_clk
    BUFGCTRL_X0Y0        BUFG (Prop_bufg_I_O)         0.091    11.918 r  cpu_clk_BUFG_inst/O
                         net (fo=9069, routed)        1.501    13.418    Mem_DRAM/U0/synth_options.dist_mem_inst/gen_sp_ram.spram_inst/ram_reg_13824_14079_26_26/WCLK
    SLICE_X42Y142        RAMS64E                                      r  Mem_DRAM/U0/synth_options.dist_mem_inst/gen_sp_ram.spram_inst/ram_reg_13824_14079_26_26/RAMS64E_A/CLK
                         clock pessimism             -0.132    13.287    
                         clock uncertainty           -0.147    13.140    
    SLICE_X42Y142        RAMS64E (Setup_rams64e_CLK_I)
                                                     -0.899    12.241    Mem_DRAM/U0/synth_options.dist_mem_inst/gen_sp_ram.spram_inst/ram_reg_13824_14079_26_26/RAMS64E_A
  -------------------------------------------------------------------
                         required time                         12.241    
                         arrival time                         -11.899    
  -------------------------------------------------------------------
                         slack                                  0.342    

Slack (MET) :             0.349ns  (required time - arrival time)
  Source:                 Core_cpu/U_EX_MEM/mem_C_reg[2]_replica_2/C
                            (rising edge-triggered cell FDCE clocked by clk_out1_cpuclk  {rise@0.000ns fall@6.250ns period=12.500ns})
  Destination:            Mem_DRAM/U0/synth_options.dist_mem_inst/gen_sp_ram.spram_inst/ram_reg_1280_1535_20_20/RAMS64E_A/I
                            (rising edge-triggered cell RAMS64E clocked by clk_out1_cpuclk  {rise@0.000ns fall@6.250ns period=12.500ns})
  Path Group:             clk_out1_cpuclk
  Path Type:              Setup (Max at Slow Process Corner)
  Requirement:            12.500ns  (clk_out1_cpuclk rise@12.500ns - clk_out1_cpuclk rise@0.000ns)
  Data Path Delay:        11.084ns  (logic 2.268ns (20.462%)  route 8.816ns (79.538%))
  Logic Levels:           10  (LUT3=1 LUT6=4 MUXF7=2 MUXF8=2 RAMS64E=1)
  Clock Path Skew:        -0.195ns (DCD - SCD + CPR)
    Destination Clock Delay (DCD):    1.001ns = ( 13.501 - 12.500 ) 
    Source Clock Delay      (SCD):    1.064ns
    Clock Pessimism Removal (CPR):    -0.132ns
  Clock Uncertainty:      0.147ns  ((TSJ^2 + DJ^2)^1/2) / 2 + PE
    Total System Jitter     (TSJ):    0.071ns
    Discrete Jitter          (DJ):    0.286ns
    Phase Error              (PE):    0.000ns

    Location             Delay type                Incr(ns)  Path(ns)    Netlist Resource(s)
  -------------------------------------------------------------------    -------------------
                         (clock clk_out1_cpuclk rise edge)
                                                      0.000     0.000 r  
    Y18                                               0.000     0.000 r  fpga_clk (IN)
                         net (fo=0)                   0.000     0.000    Clkgen/inst/clk_in1
    Y18                  IBUF (Prop_ibuf_I_O)         1.545     1.545 r  Clkgen/inst/clkin1_ibufg/O
                         net (fo=1, routed)           1.253     2.798    Clkgen/inst/clk_in1_cpuclk
    PLLE2_ADV_X0Y1       PLLE2_ADV (Prop_plle2_adv_CLKIN1_CLKOUT0)
                                                     -8.590    -5.792 r  Clkgen/inst/plle2_adv_inst/CLKOUT0
                         net (fo=1, routed)           1.704    -4.087    Clkgen/inst/clk_out1_cpuclk
    BUFGCTRL_X0Y2        BUFG (Prop_bufg_I_O)         0.096    -3.991 r  Clkgen/inst/clkout1_buf/O
                         net (fo=1, routed)           2.294    -1.697    pll_clk
    SLICE_X52Y96         LUT2 (Prop_lut2_I0_O)        0.124    -1.573 r  cpu_clk_BUFG_inst_i_1/O
                         net (fo=1, routed)           0.756    -0.817    cpu_clk
    BUFGCTRL_X0Y0        BUFG (Prop_bufg_I_O)         0.096    -0.721 r  cpu_clk_BUFG_inst/O
                         net (fo=9069, routed)        1.785     1.064    Core_cpu/U_EX_MEM/cpu_clk_BUFG
    SLICE_X55Y167        FDCE                                         r  Core_cpu/U_EX_MEM/mem_C_reg[2]_replica_2/C
  -------------------------------------------------------------------    -------------------
    SLICE_X55Y167        FDCE (Prop_fdce_C_Q)         0.456     1.520 r  Core_cpu/U_EX_MEM/mem_C_reg[2]_replica_2/Q
                         net (fo=848, routed)         2.785     4.305    Mem_DRAM/U0/synth_options.dist_mem_inst/gen_sp_ram.spram_inst/ram_reg_8960_9215_20_20/A0
    SLICE_X56Y133        RAMS64E (Prop_rams64e_ADR0_O)
                                                      0.124     4.429 r  Mem_DRAM/U0/synth_options.dist_mem_inst/gen_sp_ram.spram_inst/ram_reg_8960_9215_20_20/RAMS64E_D/O
                         net (fo=1, routed)           0.000     4.429    Mem_DRAM/U0/synth_options.dist_mem_inst/gen_sp_ram.spram_inst/ram_reg_8960_9215_20_20/OD
    SLICE_X56Y133        MUXF7 (Prop_muxf7_I0_O)      0.241     4.670 r  Mem_DRAM/U0/synth_options.dist_mem_inst/gen_sp_ram.spram_inst/ram_reg_8960_9215_20_20/F7.B/O
                         net (fo=1, routed)           0.000     4.670    Mem_DRAM/U0/synth_options.dist_mem_inst/gen_sp_ram.spram_inst/ram_reg_8960_9215_20_20/O0
    SLICE_X56Y133        MUXF8 (Prop_muxf8_I0_O)      0.098     4.768 r  Mem_DRAM/U0/synth_options.dist_mem_inst/gen_sp_ram.spram_inst/ram_reg_8960_9215_20_20/F8/O
                         net (fo=1, routed)           0.955     5.723    Mem_DRAM/U0/synth_options.dist_mem_inst/gen_sp_ram.spram_inst/ram_reg_8960_9215_20_20_n_0
    SLICE_X63Y133        LUT6 (Prop_lut6_I0_O)        0.319     6.042 r  Mem_DRAM/U0/synth_options.dist_mem_inst/gen_sp_ram.spram_inst/spo[20]_INST_0_i_17/O
                         net (fo=1, routed)           0.000     6.042    Mem_DRAM/U0/synth_options.dist_mem_inst/gen_sp_ram.spram_inst/spo[20]_INST_0_i_17_n_0
    SLICE_X63Y133        MUXF7 (Prop_muxf7_I0_O)      0.238     6.280 r  Mem_DRAM/U0/synth_options.dist_mem_inst/gen_sp_ram.spram_inst/spo[20]_INST_0_i_7/O
                         net (fo=1, routed)           0.000     6.280    Mem_DRAM/U0/synth_options.dist_mem_inst/gen_sp_ram.spram_inst/spo[20]_INST_0_i_7_n_0
    SLICE_X63Y133        MUXF8 (Prop_muxf8_I0_O)      0.104     6.384 r  Mem_DRAM/U0/synth_options.dist_mem_inst/gen_sp_ram.spram_inst/spo[20]_INST_0_i_2/O
                         net (fo=1, routed)           1.149     7.533    Mem_DRAM/U0/synth_options.dist_mem_inst/gen_sp_ram.spram_inst/spo[20]_INST_0_i_2_n_0
    SLICE_X67Y123        LUT6 (Prop_lut6_I1_O)        0.316     7.849 r  Mem_DRAM/U0/synth_options.dist_mem_inst/gen_sp_ram.spram_inst/spo[20]_INST_0/O
                         net (fo=1, routed)           0.306     8.155    Core_cpu/U_EX_MEM/spo[20]
    SLICE_X68Y123        LUT6 (Prop_lut6_I5_O)        0.124     8.279 r  Core_cpu/U_EX_MEM/wb_rdo[20]_i_2/O
                         net (fo=5, routed)           0.942     9.221    Core_cpu/U_EX_MEM/Bus_rdata[20]
    SLICE_X68Y104        LUT3 (Prop_lut3_I2_O)        0.124     9.345 r  Core_cpu/U_EX_MEM/Mem_DRAM_i_56/O
                         net (fo=1, routed)           0.159     9.504    Core_cpu/U_EX_MEM/Mem_DRAM_i_56_n_0
    SLICE_X68Y104        LUT6 (Prop_lut6_I5_O)        0.124     9.628 r  Core_cpu/U_EX_MEM/Mem_DRAM_i_13/O
                         net (fo=258, routed)         2.520    12.148    Mem_DRAM/U0/synth_options.dist_mem_inst/gen_sp_ram.spram_inst/ram_reg_1280_1535_20_20/D
    SLICE_X76Y144        RAMS64E                                      r  Mem_DRAM/U0/synth_options.dist_mem_inst/gen_sp_ram.spram_inst/ram_reg_1280_1535_20_20/RAMS64E_A/I
  -------------------------------------------------------------------    -------------------

                         (clock clk_out1_cpuclk rise edge)
                                                     12.500    12.500 r  
    Y18                                               0.000    12.500 r  fpga_clk (IN)
                         net (fo=0)                   0.000    12.500    Clkgen/inst/clk_in1
    Y18                  IBUF (Prop_ibuf_I_O)         1.474    13.974 r  Clkgen/inst/clkin1_ibufg/O
                         net (fo=1, routed)           1.181    15.155    Clkgen/inst/clk_in1_cpuclk
    PLLE2_ADV_X0Y1       PLLE2_ADV (Prop_plle2_adv_CLKIN1_CLKOUT0)
                                                     -7.855     7.300 r  Clkgen/inst/plle2_adv_inst/CLKOUT0
                         net (fo=1, routed)           1.625     8.925    Clkgen/inst/clk_out1_cpuclk
    BUFGCTRL_X0Y2        BUFG (Prop_bufg_I_O)         0.091     9.016 r  Clkgen/inst/clkout1_buf/O
                         net (fo=1, routed)           2.041    11.058    pll_clk
    SLICE_X52Y96         LUT2 (Prop_lut2_I0_O)        0.100    11.158 r  cpu_clk_BUFG_inst_i_1/O
                         net (fo=1, routed)           0.669    11.827    cpu_clk
    BUFGCTRL_X0Y0        BUFG (Prop_bufg_I_O)         0.091    11.918 r  cpu_clk_BUFG_inst/O
                         net (fo=9069, routed)        1.584    13.501    Mem_DRAM/U0/synth_options.dist_mem_inst/gen_sp_ram.spram_inst/ram_reg_1280_1535_20_20/WCLK
    SLICE_X76Y144        RAMS64E                                      r  Mem_DRAM/U0/synth_options.dist_mem_inst/gen_sp_ram.spram_inst/ram_reg_1280_1535_20_20/RAMS64E_A/CLK
                         clock pessimism             -0.132    13.370    
                         clock uncertainty           -0.147    13.223    
    SLICE_X76Y144        RAMS64E (Setup_rams64e_CLK_I)
                                                     -0.725    12.498    Mem_DRAM/U0/synth_options.dist_mem_inst/gen_sp_ram.spram_inst/ram_reg_1280_1535_20_20/RAMS64E_A
  -------------------------------------------------------------------
                         required time                         12.498    
                         arrival time                         -12.148    
  -------------------------------------------------------------------
                         slack                                  0.349    

Slack (MET) :             0.365ns  (required time - arrival time)
  Source:                 Core_cpu/U_EX_MEM/mem_C_reg[2]_replica_2/C
                            (rising edge-triggered cell FDCE clocked by clk_out1_cpuclk  {rise@0.000ns fall@6.250ns period=12.500ns})
  Destination:            Mem_DRAM/U0/synth_options.dist_mem_inst/gen_sp_ram.spram_inst/ram_reg_8448_8703_26_26/RAMS64E_A/I
                            (rising edge-triggered cell RAMS64E clocked by clk_out1_cpuclk  {rise@0.000ns fall@6.250ns period=12.500ns})
  Path Group:             clk_out1_cpuclk
  Path Type:              Setup (Max at Slow Process Corner)
  Requirement:            12.500ns  (clk_out1_cpuclk rise@12.500ns - clk_out1_cpuclk rise@0.000ns)
  Data Path Delay:        10.812ns  (logic 2.389ns (22.096%)  route 8.423ns (77.904%))
  Logic Levels:           10  (LUT4=1 LUT5=1 LUT6=2 MUXF7=3 MUXF8=2 RAMS64E=1)
  Clock Path Skew:        -0.277ns (DCD - SCD + CPR)
    Destination Clock Delay (DCD):    0.919ns = ( 13.419 - 12.500 ) 
    Source Clock Delay      (SCD):    1.064ns
    Clock Pessimism Removal (CPR):    -0.132ns
  Clock Uncertainty:      0.147ns  ((TSJ^2 + DJ^2)^1/2) / 2 + PE
    Total System Jitter     (TSJ):    0.071ns
    Discrete Jitter          (DJ):    0.286ns
    Phase Error              (PE):    0.000ns

    Location             Delay type                Incr(ns)  Path(ns)    Netlist Resource(s)
  -------------------------------------------------------------------    -------------------
                         (clock clk_out1_cpuclk rise edge)
                                                      0.000     0.000 r  
    Y18                                               0.000     0.000 r  fpga_clk (IN)
                         net (fo=0)                   0.000     0.000    Clkgen/inst/clk_in1
    Y18                  IBUF (Prop_ibuf_I_O)         1.545     1.545 r  Clkgen/inst/clkin1_ibufg/O
                         net (fo=1, routed)           1.253     2.798    Clkgen/inst/clk_in1_cpuclk
    PLLE2_ADV_X0Y1       PLLE2_ADV (Prop_plle2_adv_CLKIN1_CLKOUT0)
                                                     -8.590    -5.792 r  Clkgen/inst/plle2_adv_inst/CLKOUT0
                         net (fo=1, routed)           1.704    -4.087    Clkgen/inst/clk_out1_cpuclk
    BUFGCTRL_X0Y2        BUFG (Prop_bufg_I_O)         0.096    -3.991 r  Clkgen/inst/clkout1_buf/O
                         net (fo=1, routed)           2.294    -1.697    pll_clk
    SLICE_X52Y96         LUT2 (Prop_lut2_I0_O)        0.124    -1.573 r  cpu_clk_BUFG_inst_i_1/O
                         net (fo=1, routed)           0.756    -0.817    cpu_clk
    BUFGCTRL_X0Y0        BUFG (Prop_bufg_I_O)         0.096    -0.721 r  cpu_clk_BUFG_inst/O
                         net (fo=9069, routed)        1.785     1.064    Core_cpu/U_EX_MEM/cpu_clk_BUFG
    SLICE_X55Y167        FDCE                                         r  Core_cpu/U_EX_MEM/mem_C_reg[2]_replica_2/C
  -------------------------------------------------------------------    -------------------
    SLICE_X55Y167        FDCE (Prop_fdce_C_Q)         0.456     1.520 r  Core_cpu/U_EX_MEM/mem_C_reg[2]_replica_2/Q
                         net (fo=848, routed)         2.917     4.438    Mem_DRAM/U0/synth_options.dist_mem_inst/gen_sp_ram.spram_inst/ram_reg_8704_8959_26_26/A0
    SLICE_X38Y133        RAMS64E (Prop_rams64e_ADR0_O)
                                                      0.124     4.562 r  Mem_DRAM/U0/synth_options.dist_mem_inst/gen_sp_ram.spram_inst/ram_reg_8704_8959_26_26/RAMS64E_D/O
                         net (fo=1, routed)           0.000     4.562    Mem_DRAM/U0/synth_options.dist_mem_inst/gen_sp_ram.spram_inst/ram_reg_8704_8959_26_26/OD
    SLICE_X38Y133        MUXF7 (Prop_muxf7_I0_O)      0.241     4.803 r  Mem_DRAM/U0/synth_options.dist_mem_inst/gen_sp_ram.spram_inst/ram_reg_8704_8959_26_26/F7.B/O
                         net (fo=1, routed)           0.000     4.803    Mem_DRAM/U0/synth_options.dist_mem_inst/gen_sp_ram.spram_inst/ram_reg_8704_8959_26_26/O0
    SLICE_X38Y133        MUXF8 (Prop_muxf8_I0_O)      0.098     4.901 r  Mem_DRAM/U0/synth_options.dist_mem_inst/gen_sp_ram.spram_inst/ram_reg_8704_8959_26_26/F8/O
                         net (fo=1, routed)           1.053     5.953    Mem_DRAM/U0/synth_options.dist_mem_inst/gen_sp_ram.spram_inst/ram_reg_8704_8959_26_26_n_0
    SLICE_X53Y132        LUT6 (Prop_lut6_I1_O)        0.319     6.272 r  Mem_DRAM/U0/synth_options.dist_mem_inst/gen_sp_ram.spram_inst/spo[26]_INST_0_i_17/O
                         net (fo=1, routed)           0.000     6.272    Mem_DRAM/U0/synth_options.dist_mem_inst/gen_sp_ram.spram_inst/spo[26]_INST_0_i_17_n_0
    SLICE_X53Y132        MUXF7 (Prop_muxf7_I0_O)      0.238     6.510 r  Mem_DRAM/U0/synth_options.dist_mem_inst/gen_sp_ram.spram_inst/spo[26]_INST_0_i_7/O
                         net (fo=1, routed)           0.000     6.510    Mem_DRAM/U0/synth_options.dist_mem_inst/gen_sp_ram.spram_inst/spo[26]_INST_0_i_7_n_0
    SLICE_X53Y132        MUXF8 (Prop_muxf8_I0_O)      0.104     6.614 r  Mem_DRAM/U0/synth_options.dist_mem_inst/gen_sp_ram.spram_inst/spo[26]_INST_0_i_2/O
                         net (fo=1, routed)           0.744     7.358    Mem_DRAM/U0/synth_options.dist_mem_inst/gen_sp_ram.spram_inst/spo[26]_INST_0_i_2_n_0
    SLICE_X59Y130        LUT6 (Prop_lut6_I1_O)        0.316     7.674 r  Mem_DRAM/U0/synth_options.dist_mem_inst/gen_sp_ram.spram_inst/spo[26]_INST_0/O
                         net (fo=1, routed)           1.128     8.802    Core_cpu/U_EX_MEM/spo[26]
    SLICE_X65Y114        LUT4 (Prop_lut4_I2_O)        0.124     8.926 r  Core_cpu/U_EX_MEM/wb_rdo[26]_i_2/O
                         net (fo=6, routed)           0.172     9.098    Core_cpu/U_EX_MEM/Bus_rdata[26]
    SLICE_X65Y114        LUT5 (Prop_lut5_I4_O)        0.124     9.222 r  Core_cpu/U_EX_MEM/Mem_DRAM_i_48/O
                         net (fo=1, routed)           0.000     9.222    Core_cpu/U_EX_MEM/Mem_DRAM_i_48_n_0
    SLICE_X65Y114        MUXF7 (Prop_muxf7_I1_O)      0.245     9.467 r  Core_cpu/U_EX_MEM/Mem_DRAM_i_7/O
                         net (fo=257, routed)         2.409    11.876    Mem_DRAM/U0/synth_options.dist_mem_inst/gen_sp_ram.spram_inst/ram_reg_8448_8703_26_26/D
    SLICE_X42Y145        RAMS64E                                      r  Mem_DRAM/U0/synth_options.dist_mem_inst/gen_sp_ram.spram_inst/ram_reg_8448_8703_26_26/RAMS64E_A/I
  -------------------------------------------------------------------    -------------------

                         (clock clk_out1_cpuclk rise edge)
                                                     12.500    12.500 r  
    Y18                                               0.000    12.500 r  fpga_clk (IN)
                         net (fo=0)                   0.000    12.500    Clkgen/inst/clk_in1
    Y18                  IBUF (Prop_ibuf_I_O)         1.474    13.974 r  Clkgen/inst/clkin1_ibufg/O
                         net (fo=1, routed)           1.181    15.155    Clkgen/inst/clk_in1_cpuclk
    PLLE2_ADV_X0Y1       PLLE2_ADV (Prop_plle2_adv_CLKIN1_CLKOUT0)
                                                     -7.855     7.300 r  Clkgen/inst/plle2_adv_inst/CLKOUT0
                         net (fo=1, routed)           1.625     8.925    Clkgen/inst/clk_out1_cpuclk
    BUFGCTRL_X0Y2        BUFG (Prop_bufg_I_O)         0.091     9.016 r  Clkgen/inst/clkout1_buf/O
                         net (fo=1, routed)           2.041    11.058    pll_clk
    SLICE_X52Y96         LUT2 (Prop_lut2_I0_O)        0.100    11.158 r  cpu_clk_BUFG_inst_i_1/O
                         net (fo=1, routed)           0.669    11.827    cpu_clk
    BUFGCTRL_X0Y0        BUFG (Prop_bufg_I_O)         0.091    11.918 r  cpu_clk_BUFG_inst/O
                         net (fo=9069, routed)        1.502    13.419    Mem_DRAM/U0/synth_options.dist_mem_inst/gen_sp_ram.spram_inst/ram_reg_8448_8703_26_26/WCLK
    SLICE_X42Y145        RAMS64E                                      r  Mem_DRAM/U0/synth_options.dist_mem_inst/gen_sp_ram.spram_inst/ram_reg_8448_8703_26_26/RAMS64E_A/CLK
                         clock pessimism             -0.132    13.288    
                         clock uncertainty           -0.147    13.141    
    SLICE_X42Y145        RAMS64E (Setup_rams64e_CLK_I)
                                                     -0.899    12.242    Mem_DRAM/U0/synth_options.dist_mem_inst/gen_sp_ram.spram_inst/ram_reg_8448_8703_26_26/RAMS64E_A
  -------------------------------------------------------------------
                         required time                         12.242    
                         arrival time                         -11.876    
  -------------------------------------------------------------------
                         slack                                  0.365    

Slack (MET) :             0.366ns  (required time - arrival time)
  Source:                 Core_cpu/U_EX_MEM/mem_C_reg[4]_replica_2/C
                            (rising edge-triggered cell FDCE clocked by clk_out1_cpuclk  {rise@0.000ns fall@6.250ns period=12.500ns})
  Destination:            Core_cpu/U_ID_EX/ex_rD2_reg[5]/D
                            (rising edge-triggered cell FDCE clocked by clk_out1_cpuclk  {rise@0.000ns fall@6.250ns period=12.500ns})
  Path Group:             clk_out1_cpuclk
  Path Type:              Setup (Max at Slow Process Corner)
  Requirement:            12.500ns  (clk_out1_cpuclk rise@12.500ns - clk_out1_cpuclk rise@0.000ns)
  Data Path Delay:        11.907ns  (logic 2.516ns (21.131%)  route 9.391ns (78.869%))
  Logic Levels:           12  (LUT6=7 MUXF7=2 MUXF8=2 RAMS64E=1)
  Clock Path Skew:        -0.112ns (DCD - SCD + CPR)
    Destination Clock Delay (DCD):    0.915ns = ( 13.415 - 12.500 ) 
    Source Clock Delay      (SCD):    0.888ns
    Clock Pessimism Removal (CPR):    -0.139ns
  Clock Uncertainty:      0.147ns  ((TSJ^2 + DJ^2)^1/2) / 2 + PE
    Total System Jitter     (TSJ):    0.071ns
    Discrete Jitter          (DJ):    0.286ns
    Phase Error              (PE):    0.000ns

    Location             Delay type                Incr(ns)  Path(ns)    Netlist Resource(s)
  -------------------------------------------------------------------    -------------------
                         (clock clk_out1_cpuclk rise edge)
                                                      0.000     0.000 r  
    Y18                                               0.000     0.000 r  fpga_clk (IN)
                         net (fo=0)                   0.000     0.000    Clkgen/inst/clk_in1
    Y18                  IBUF (Prop_ibuf_I_O)         1.545     1.545 r  Clkgen/inst/clkin1_ibufg/O
                         net (fo=1, routed)           1.253     2.798    Clkgen/inst/clk_in1_cpuclk
    PLLE2_ADV_X0Y1       PLLE2_ADV (Prop_plle2_adv_CLKIN1_CLKOUT0)
                                                     -8.590    -5.792 r  Clkgen/inst/plle2_adv_inst/CLKOUT0
                         net (fo=1, routed)           1.704    -4.087    Clkgen/inst/clk_out1_cpuclk
    BUFGCTRL_X0Y2        BUFG (Prop_bufg_I_O)         0.096    -3.991 r  Clkgen/inst/clkout1_buf/O
                         net (fo=1, routed)           2.294    -1.697    pll_clk
    SLICE_X52Y96         LUT2 (Prop_lut2_I0_O)        0.124    -1.573 r  cpu_clk_BUFG_inst_i_1/O
                         net (fo=1, routed)           0.756    -0.817    cpu_clk
    BUFGCTRL_X0Y0        BUFG (Prop_bufg_I_O)         0.096    -0.721 r  cpu_clk_BUFG_inst/O
                         net (fo=9069, routed)        1.609     0.888    Core_cpu/U_EX_MEM/cpu_clk_BUFG
    SLICE_X37Y127        FDCE                                         r  Core_cpu/U_EX_MEM/mem_C_reg[4]_replica_2/C
  -------------------------------------------------------------------    -------------------
    SLICE_X37Y127        FDCE (Prop_fdce_C_Q)         0.456     1.344 r  Core_cpu/U_EX_MEM/mem_C_reg[4]_replica_2/Q
                         net (fo=524, routed)         2.997     4.341    Mem_DRAM/U0/synth_options.dist_mem_inst/gen_sp_ram.spram_inst/ram_reg_4352_4607_21_21/A2
    SLICE_X42Y159        RAMS64E (Prop_rams64e_ADR2_O)
                                                      0.124     4.465 r  Mem_DRAM/U0/synth_options.dist_mem_inst/gen_sp_ram.spram_inst/ram_reg_4352_4607_21_21/RAMS64E_D/O
                         net (fo=1, routed)           0.000     4.465    Mem_DRAM/U0/synth_options.dist_mem_inst/gen_sp_ram.spram_inst/ram_reg_4352_4607_21_21/OD
    SLICE_X42Y159        MUXF7 (Prop_muxf7_I0_O)      0.241     4.706 r  Mem_DRAM/U0/synth_options.dist_mem_inst/gen_sp_ram.spram_inst/ram_reg_4352_4607_21_21/F7.B/O
                         net (fo=1, routed)           0.000     4.706    Mem_DRAM/U0/synth_options.dist_mem_inst/gen_sp_ram.spram_inst/ram_reg_4352_4607_21_21/O0
    SLICE_X42Y159        MUXF8 (Prop_muxf8_I0_O)      0.098     4.804 r  Mem_DRAM/U0/synth_options.dist_mem_inst/gen_sp_ram.spram_inst/ram_reg_4352_4607_21_21/F8/O
                         net (fo=1, routed)           1.136     5.940    Mem_DRAM/U0/synth_options.dist_mem_inst/gen_sp_ram.spram_inst/ram_reg_4352_4607_21_21_n_0
    SLICE_X43Y148        LUT6 (Prop_lut6_I3_O)        0.319     6.259 r  Mem_DRAM/U0/synth_options.dist_mem_inst/gen_sp_ram.spram_inst/spo[21]_INST_0_i_21/O
                         net (fo=1, routed)           0.000     6.259    Mem_DRAM/U0/synth_options.dist_mem_inst/gen_sp_ram.spram_inst/spo[21]_INST_0_i_21_n_0
    SLICE_X43Y148        MUXF7 (Prop_muxf7_I0_O)      0.238     6.497 r  Mem_DRAM/U0/synth_options.dist_mem_inst/gen_sp_ram.spram_inst/spo[21]_INST_0_i_9/O
                         net (fo=1, routed)           0.000     6.497    Mem_DRAM/U0/synth_options.dist_mem_inst/gen_sp_ram.spram_inst/spo[21]_INST_0_i_9_n_0
    SLICE_X43Y148        MUXF8 (Prop_muxf8_I0_O)      0.104     6.601 r  Mem_DRAM/U0/synth_options.dist_mem_inst/gen_sp_ram.spram_inst/spo[21]_INST_0_i_3/O
                         net (fo=1, routed)           1.268     7.869    Mem_DRAM/U0/synth_options.dist_mem_inst/gen_sp_ram.spram_inst/spo[21]_INST_0_i_3_n_0
    SLICE_X55Y125        LUT6 (Prop_lut6_I3_O)        0.316     8.185 r  Mem_DRAM/U0/synth_options.dist_mem_inst/gen_sp_ram.spram_inst/spo[21]_INST_0/O
                         net (fo=1, routed)           0.264     8.449    Core_cpu/U_EX_MEM/spo[21]
    SLICE_X55Y125        LUT6 (Prop_lut6_I5_O)        0.124     8.573 r  Core_cpu/U_EX_MEM/wb_rdo[21]_i_2/O
                         net (fo=6, routed)           1.649    10.222    Core_cpu/U_EX_MEM/Bus_rdata[21]
    SLICE_X59Y100        LUT6 (Prop_lut6_I3_O)        0.124    10.346 r  Core_cpu/U_EX_MEM/wb_rdo[5]_i_3/O
                         net (fo=1, routed)           0.971    11.317    Core_cpu/U_EX_MEM/wb_rdo[5]_i_3_n_0
    SLICE_X64Y87         LUT6 (Prop_lut6_I5_O)        0.124    11.441 r  Core_cpu/U_EX_MEM/wb_rdo[5]_i_1/O
                         net (fo=3, routed)           0.826    12.267    Core_cpu/U_EX_MEM/D[5]
    SLICE_X68Y78         LUT6 (Prop_lut6_I0_O)        0.124    12.391 r  Core_cpu/U_EX_MEM/ex_rD2[5]_i_3/O
                         net (fo=1, routed)           0.280    12.671    Core_cpu/U_ID_EX/ex_rD2_reg[5]_0
    SLICE_X68Y78         LUT6 (Prop_lut6_I3_O)        0.124    12.795 r  Core_cpu/U_ID_EX/ex_rD2[5]_i_1/O
                         net (fo=1, routed)           0.000    12.795    Core_cpu/U_ID_EX/ex_rD2[5]_i_1_n_0
    SLICE_X68Y78         FDCE                                         r  Core_cpu/U_ID_EX/ex_rD2_reg[5]/D
  -------------------------------------------------------------------    -------------------

                         (clock clk_out1_cpuclk rise edge)
                                                     12.500    12.500 r  
    Y18                                               0.000    12.500 r  fpga_clk (IN)
                         net (fo=0)                   0.000    12.500    Clkgen/inst/clk_in1
    Y18                  IBUF (Prop_ibuf_I_O)         1.474    13.974 r  Clkgen/inst/clkin1_ibufg/O
                         net (fo=1, routed)           1.181    15.155    Clkgen/inst/clk_in1_cpuclk
    PLLE2_ADV_X0Y1       PLLE2_ADV (Prop_plle2_adv_CLKIN1_CLKOUT0)
                                                     -7.855     7.300 r  Clkgen/inst/plle2_adv_inst/CLKOUT0
                         net (fo=1, routed)           1.625     8.925    Clkgen/inst/clk_out1_cpuclk
    BUFGCTRL_X0Y2        BUFG (Prop_bufg_I_O)         0.091     9.016 r  Clkgen/inst/clkout1_buf/O
                         net (fo=1, routed)           2.041    11.058    pll_clk
    SLICE_X52Y96         LUT2 (Prop_lut2_I0_O)        0.100    11.158 r  cpu_clk_BUFG_inst_i_1/O
                         net (fo=1, routed)           0.669    11.827    cpu_clk
    BUFGCTRL_X0Y0        BUFG (Prop_bufg_I_O)         0.091    11.918 r  cpu_clk_BUFG_inst/O
                         net (fo=9069, routed)        1.497    13.415    Core_cpu/U_ID_EX/cpu_clk_BUFG
    SLICE_X68Y78         FDCE                                         r  Core_cpu/U_ID_EX/ex_rD2_reg[5]/C
                         clock pessimism             -0.139    13.276    
                         clock uncertainty           -0.147    13.129    
    SLICE_X68Y78         FDCE (Setup_fdce_C_D)        0.031    13.160    Core_cpu/U_ID_EX/ex_rD2_reg[5]
  -------------------------------------------------------------------
                         required time                         13.160    
                         arrival time                         -12.795    
  -------------------------------------------------------------------
                         slack                                  0.366    





Min Delay Paths
--------------------------------------------------------------------------------------
Slack (MET) :             0.088ns  (arrival time - required time)
  Source:                 Core_cpu/U_EX_MEM/mem_C_reg[2]_replica_11/C
                            (rising edge-triggered cell FDCE clocked by clk_out1_cpuclk  {rise@0.000ns fall@6.250ns period=12.500ns})
  Destination:            Mem_DRAM/U0/synth_options.dist_mem_inst/gen_sp_ram.spram_inst/ram_reg_11264_11519_1_1/RAMS64E_A/ADR0
                            (rising edge-triggered cell RAMS64E clocked by clk_out1_cpuclk  {rise@0.000ns fall@6.250ns period=12.500ns})
  Path Group:             clk_out1_cpuclk
  Path Type:              Hold (Min at Fast Process Corner)
  Requirement:            0.000ns  (clk_out1_cpuclk rise@0.000ns - clk_out1_cpuclk rise@0.000ns)
  Data Path Delay:        0.411ns  (logic 0.141ns (34.336%)  route 0.270ns (65.664%))
  Logic Levels:           0  
  Clock Path Skew:        0.013ns (DCD - SCD - CPR)
    Destination Clock Delay (DCD):    1.233ns
    Source Clock Delay      (SCD):    0.638ns
    Clock Pessimism Removal (CPR):    0.582ns

    Location             Delay type                Incr(ns)  Path(ns)    Netlist Resource(s)
  -------------------------------------------------------------------    -------------------
                         (clock clk_out1_cpuclk rise edge)
                                                      0.000     0.000 r  
    Y18                                               0.000     0.000 r  fpga_clk (IN)
                         net (fo=0)                   0.000     0.000    Clkgen/inst/clk_in1
    Y18                  IBUF (Prop_ibuf_I_O)         0.312     0.312 r  Clkgen/inst/clkin1_ibufg/O
                         net (fo=1, routed)           0.440     0.752    Clkgen/inst/clk_in1_cpuclk
    PLLE2_ADV_X0Y1       PLLE2_ADV (Prop_plle2_adv_CLKIN1_CLKOUT0)
                                                     -2.339    -1.586 r  Clkgen/inst/plle2_adv_inst/CLKOUT0
                         net (fo=1, routed)           0.510    -1.076    Clkgen/inst/clk_out1_cpuclk
    BUFGCTRL_X0Y2        BUFG (Prop_bufg_I_O)         0.026    -1.050 r  Clkgen/inst/clkout1_buf/O
                         net (fo=1, routed)           0.795    -0.256    pll_clk
    SLICE_X52Y96         LUT2 (Prop_lut2_I0_O)        0.045    -0.211 r  cpu_clk_BUFG_inst_i_1/O
                         net (fo=1, routed)           0.274     0.063    cpu_clk
    BUFGCTRL_X0Y0        BUFG (Prop_bufg_I_O)         0.026     0.089 r  cpu_clk_BUFG_inst/O
                         net (fo=9069, routed)        0.549     0.638    Core_cpu/U_EX_MEM/cpu_clk_BUFG
    SLICE_X51Y123        FDCE                                         r  Core_cpu/U_EX_MEM/mem_C_reg[2]_replica_11/C
  -------------------------------------------------------------------    -------------------
    SLICE_X51Y123        FDCE (Prop_fdce_C_Q)         0.141     0.779 r  Core_cpu/U_EX_MEM/mem_C_reg[2]_replica_11/Q
                         net (fo=824, routed)         0.270     1.049    Mem_DRAM/U0/synth_options.dist_mem_inst/gen_sp_ram.spram_inst/ram_reg_11264_11519_1_1/A0
    SLICE_X50Y123        RAMS64E                                      r  Mem_DRAM/U0/synth_options.dist_mem_inst/gen_sp_ram.spram_inst/ram_reg_11264_11519_1_1/RAMS64E_A/ADR0
  -------------------------------------------------------------------    -------------------

                         (clock clk_out1_cpuclk rise edge)
                                                      0.000     0.000 r  
    Y18                                               0.000     0.000 r  fpga_clk (IN)
                         net (fo=0)                   0.000     0.000    Clkgen/inst/clk_in1
    Y18                  IBUF (Prop_ibuf_I_O)         0.501     0.501 r  Clkgen/inst/clkin1_ibufg/O
                         net (fo=1, routed)           0.481     0.982    Clkgen/inst/clk_in1_cpuclk
    PLLE2_ADV_X0Y1       PLLE2_ADV (Prop_plle2_adv_CLKIN1_CLKOUT0)
                                                     -2.657    -1.675 r  Clkgen/inst/plle2_adv_inst/CLKOUT0
                         net (fo=1, routed)           0.556    -1.120    Clkgen/inst/clk_out1_cpuclk
    BUFGCTRL_X0Y2        BUFG (Prop_bufg_I_O)         0.029    -1.091 r  Clkgen/inst/clkout1_buf/O
                         net (fo=1, routed)           1.116     0.025    pll_clk
    SLICE_X52Y96         LUT2 (Prop_lut2_I0_O)        0.056     0.081 r  cpu_clk_BUFG_inst_i_1/O
                         net (fo=1, routed)           0.308     0.389    cpu_clk
    BUFGCTRL_X0Y0        BUFG (Prop_bufg_I_O)         0.029     0.418 r  cpu_clk_BUFG_inst/O
                         net (fo=9069, routed)        0.816     1.233    Mem_DRAM/U0/synth_options.dist_mem_inst/gen_sp_ram.spram_inst/ram_reg_11264_11519_1_1/WCLK
    SLICE_X50Y123        RAMS64E                                      r  Mem_DRAM/U0/synth_options.dist_mem_inst/gen_sp_ram.spram_inst/ram_reg_11264_11519_1_1/RAMS64E_A/CLK
                         clock pessimism             -0.582     0.651    
    SLICE_X50Y123        RAMS64E (Hold_rams64e_CLK_ADR0)
                                                      0.310     0.961    Mem_DRAM/U0/synth_options.dist_mem_inst/gen_sp_ram.spram_inst/ram_reg_11264_11519_1_1/RAMS64E_A
  -------------------------------------------------------------------
                         required time                         -0.961    
                         arrival time                           1.049    
  -------------------------------------------------------------------
                         slack                                  0.088    

Slack (MET) :             0.088ns  (arrival time - required time)
  Source:                 Core_cpu/U_EX_MEM/mem_C_reg[2]_replica_11/C
                            (rising edge-triggered cell FDCE clocked by clk_out1_cpuclk  {rise@0.000ns fall@6.250ns period=12.500ns})
  Destination:            Mem_DRAM/U0/synth_options.dist_mem_inst/gen_sp_ram.spram_inst/ram_reg_11264_11519_1_1/RAMS64E_B/ADR0
                            (rising edge-triggered cell RAMS64E clocked by clk_out1_cpuclk  {rise@0.000ns fall@6.250ns period=12.500ns})
  Path Group:             clk_out1_cpuclk
  Path Type:              Hold (Min at Fast Process Corner)
  Requirement:            0.000ns  (clk_out1_cpuclk rise@0.000ns - clk_out1_cpuclk rise@0.000ns)
  Data Path Delay:        0.411ns  (logic 0.141ns (34.336%)  route 0.270ns (65.664%))
  Logic Levels:           0  
  Clock Path Skew:        0.013ns (DCD - SCD - CPR)
    Destination Clock Delay (DCD):    1.233ns
    Source Clock Delay      (SCD):    0.638ns
    Clock Pessimism Removal (CPR):    0.582ns

    Location             Delay type                Incr(ns)  Path(ns)    Netlist Resource(s)
  -------------------------------------------------------------------    -------------------
                         (clock clk_out1_cpuclk rise edge)
                                                      0.000     0.000 r  
    Y18                                               0.000     0.000 r  fpga_clk (IN)
                         net (fo=0)                   0.000     0.000    Clkgen/inst/clk_in1
    Y18                  IBUF (Prop_ibuf_I_O)         0.312     0.312 r  Clkgen/inst/clkin1_ibufg/O
                         net (fo=1, routed)           0.440     0.752    Clkgen/inst/clk_in1_cpuclk
    PLLE2_ADV_X0Y1       PLLE2_ADV (Prop_plle2_adv_CLKIN1_CLKOUT0)
                                                     -2.339    -1.586 r  Clkgen/inst/plle2_adv_inst/CLKOUT0
                         net (fo=1, routed)           0.510    -1.076    Clkgen/inst/clk_out1_cpuclk
    BUFGCTRL_X0Y2        BUFG (Prop_bufg_I_O)         0.026    -1.050 r  Clkgen/inst/clkout1_buf/O
                         net (fo=1, routed)           0.795    -0.256    pll_clk
    SLICE_X52Y96         LUT2 (Prop_lut2_I0_O)        0.045    -0.211 r  cpu_clk_BUFG_inst_i_1/O
                         net (fo=1, routed)           0.274     0.063    cpu_clk
    BUFGCTRL_X0Y0        BUFG (Prop_bufg_I_O)         0.026     0.089 r  cpu_clk_BUFG_inst/O
                         net (fo=9069, routed)        0.549     0.638    Core_cpu/U_EX_MEM/cpu_clk_BUFG
    SLICE_X51Y123        FDCE                                         r  Core_cpu/U_EX_MEM/mem_C_reg[2]_replica_11/C
  -------------------------------------------------------------------    -------------------
    SLICE_X51Y123        FDCE (Prop_fdce_C_Q)         0.141     0.779 r  Core_cpu/U_EX_MEM/mem_C_reg[2]_replica_11/Q
                         net (fo=824, routed)         0.270     1.049    Mem_DRAM/U0/synth_options.dist_mem_inst/gen_sp_ram.spram_inst/ram_reg_11264_11519_1_1/A0
    SLICE_X50Y123        RAMS64E                                      r  Mem_DRAM/U0/synth_options.dist_mem_inst/gen_sp_ram.spram_inst/ram_reg_11264_11519_1_1/RAMS64E_B/ADR0
  -------------------------------------------------------------------    -------------------

                         (clock clk_out1_cpuclk rise edge)
                                                      0.000     0.000 r  
    Y18                                               0.000     0.000 r  fpga_clk (IN)
                         net (fo=0)                   0.000     0.000    Clkgen/inst/clk_in1
    Y18                  IBUF (Prop_ibuf_I_O)         0.501     0.501 r  Clkgen/inst/clkin1_ibufg/O
                         net (fo=1, routed)           0.481     0.982    Clkgen/inst/clk_in1_cpuclk
    PLLE2_ADV_X0Y1       PLLE2_ADV (Prop_plle2_adv_CLKIN1_CLKOUT0)
                                                     -2.657    -1.675 r  Clkgen/inst/plle2_adv_inst/CLKOUT0
                         net (fo=1, routed)           0.556    -1.120    Clkgen/inst/clk_out1_cpuclk
    BUFGCTRL_X0Y2        BUFG (Prop_bufg_I_O)         0.029    -1.091 r  Clkgen/inst/clkout1_buf/O
                         net (fo=1, routed)           1.116     0.025    pll_clk
    SLICE_X52Y96         LUT2 (Prop_lut2_I0_O)        0.056     0.081 r  cpu_clk_BUFG_inst_i_1/O
                         net (fo=1, routed)           0.308     0.389    cpu_clk
    BUFGCTRL_X0Y0        BUFG (Prop_bufg_I_O)         0.029     0.418 r  cpu_clk_BUFG_inst/O
                         net (fo=9069, routed)        0.816     1.233    Mem_DRAM/U0/synth_options.dist_mem_inst/gen_sp_ram.spram_inst/ram_reg_11264_11519_1_1/WCLK
    SLICE_X50Y123        RAMS64E                                      r  Mem_DRAM/U0/synth_options.dist_mem_inst/gen_sp_ram.spram_inst/ram_reg_11264_11519_1_1/RAMS64E_B/CLK
                         clock pessimism             -0.582     0.651    
    SLICE_X50Y123        RAMS64E (Hold_rams64e_CLK_ADR0)
                                                      0.310     0.961    Mem_DRAM/U0/synth_options.dist_mem_inst/gen_sp_ram.spram_inst/ram_reg_11264_11519_1_1/RAMS64E_B
  -------------------------------------------------------------------
                         required time                         -0.961    
                         arrival time                           1.049    
  -------------------------------------------------------------------
                         slack                                  0.088    

Slack (MET) :             0.088ns  (arrival time - required time)
  Source:                 Core_cpu/U_EX_MEM/mem_C_reg[2]_replica_11/C
                            (rising edge-triggered cell FDCE clocked by clk_out1_cpuclk  {rise@0.000ns fall@6.250ns period=12.500ns})
  Destination:            Mem_DRAM/U0/synth_options.dist_mem_inst/gen_sp_ram.spram_inst/ram_reg_11264_11519_1_1/RAMS64E_C/ADR0
                            (rising edge-triggered cell RAMS64E clocked by clk_out1_cpuclk  {rise@0.000ns fall@6.250ns period=12.500ns})
  Path Group:             clk_out1_cpuclk
  Path Type:              Hold (Min at Fast Process Corner)
  Requirement:            0.000ns  (clk_out1_cpuclk rise@0.000ns - clk_out1_cpuclk rise@0.000ns)
  Data Path Delay:        0.411ns  (logic 0.141ns (34.336%)  route 0.270ns (65.664%))
  Logic Levels:           0  
  Clock Path Skew:        0.013ns (DCD - SCD - CPR)
    Destination Clock Delay (DCD):    1.233ns
    Source Clock Delay      (SCD):    0.638ns
    Clock Pessimism Removal (CPR):    0.582ns

    Location             Delay type                Incr(ns)  Path(ns)    Netlist Resource(s)
  -------------------------------------------------------------------    -------------------
                         (clock clk_out1_cpuclk rise edge)
                                                      0.000     0.000 r  
    Y18                                               0.000     0.000 r  fpga_clk (IN)
                         net (fo=0)                   0.000     0.000    Clkgen/inst/clk_in1
    Y18                  IBUF (Prop_ibuf_I_O)         0.312     0.312 r  Clkgen/inst/clkin1_ibufg/O
                         net (fo=1, routed)           0.440     0.752    Clkgen/inst/clk_in1_cpuclk
    PLLE2_ADV_X0Y1       PLLE2_ADV (Prop_plle2_adv_CLKIN1_CLKOUT0)
                                                     -2.339    -1.586 r  Clkgen/inst/plle2_adv_inst/CLKOUT0
                         net (fo=1, routed)           0.510    -1.076    Clkgen/inst/clk_out1_cpuclk
    BUFGCTRL_X0Y2        BUFG (Prop_bufg_I_O)         0.026    -1.050 r  Clkgen/inst/clkout1_buf/O
                         net (fo=1, routed)           0.795    -0.256    pll_clk
    SLICE_X52Y96         LUT2 (Prop_lut2_I0_O)        0.045    -0.211 r  cpu_clk_BUFG_inst_i_1/O
                         net (fo=1, routed)           0.274     0.063    cpu_clk
    BUFGCTRL_X0Y0        BUFG (Prop_bufg_I_O)         0.026     0.089 r  cpu_clk_BUFG_inst/O
                         net (fo=9069, routed)        0.549     0.638    Core_cpu/U_EX_MEM/cpu_clk_BUFG
    SLICE_X51Y123        FDCE                                         r  Core_cpu/U_EX_MEM/mem_C_reg[2]_replica_11/C
  -------------------------------------------------------------------    -------------------
    SLICE_X51Y123        FDCE (Prop_fdce_C_Q)         0.141     0.779 r  Core_cpu/U_EX_MEM/mem_C_reg[2]_replica_11/Q
                         net (fo=824, routed)         0.270     1.049    Mem_DRAM/U0/synth_options.dist_mem_inst/gen_sp_ram.spram_inst/ram_reg_11264_11519_1_1/A0
    SLICE_X50Y123        RAMS64E                                      r  Mem_DRAM/U0/synth_options.dist_mem_inst/gen_sp_ram.spram_inst/ram_reg_11264_11519_1_1/RAMS64E_C/ADR0
  -------------------------------------------------------------------    -------------------

                         (clock clk_out1_cpuclk rise edge)
                                                      0.000     0.000 r  
    Y18                                               0.000     0.000 r  fpga_clk (IN)
                         net (fo=0)                   0.000     0.000    Clkgen/inst/clk_in1
    Y18                  IBUF (Prop_ibuf_I_O)         0.501     0.501 r  Clkgen/inst/clkin1_ibufg/O
                         net (fo=1, routed)           0.481     0.982    Clkgen/inst/clk_in1_cpuclk
    PLLE2_ADV_X0Y1       PLLE2_ADV (Prop_plle2_adv_CLKIN1_CLKOUT0)
                                                     -2.657    -1.675 r  Clkgen/inst/plle2_adv_inst/CLKOUT0
                         net (fo=1, routed)           0.556    -1.120    Clkgen/inst/clk_out1_cpuclk
    BUFGCTRL_X0Y2        BUFG (Prop_bufg_I_O)         0.029    -1.091 r  Clkgen/inst/clkout1_buf/O
                         net (fo=1, routed)           1.116     0.025    pll_clk
    SLICE_X52Y96         LUT2 (Prop_lut2_I0_O)        0.056     0.081 r  cpu_clk_BUFG_inst_i_1/O
                         net (fo=1, routed)           0.308     0.389    cpu_clk
    BUFGCTRL_X0Y0        BUFG (Prop_bufg_I_O)         0.029     0.418 r  cpu_clk_BUFG_inst/O
                         net (fo=9069, routed)        0.816     1.233    Mem_DRAM/U0/synth_options.dist_mem_inst/gen_sp_ram.spram_inst/ram_reg_11264_11519_1_1/WCLK
    SLICE_X50Y123        RAMS64E                                      r  Mem_DRAM/U0/synth_options.dist_mem_inst/gen_sp_ram.spram_inst/ram_reg_11264_11519_1_1/RAMS64E_C/CLK
                         clock pessimism             -0.582     0.651    
    SLICE_X50Y123        RAMS64E (Hold_rams64e_CLK_ADR0)
                                                      0.310     0.961    Mem_DRAM/U0/synth_options.dist_mem_inst/gen_sp_ram.spram_inst/ram_reg_11264_11519_1_1/RAMS64E_C
  -------------------------------------------------------------------
                         required time                         -0.961    
                         arrival time                           1.049    
  -------------------------------------------------------------------
                         slack                                  0.088    

Slack (MET) :             0.088ns  (arrival time - required time)
  Source:                 Core_cpu/U_EX_MEM/mem_C_reg[2]_replica_11/C
                            (rising edge-triggered cell FDCE clocked by clk_out1_cpuclk  {rise@0.000ns fall@6.250ns period=12.500ns})
  Destination:            Mem_DRAM/U0/synth_options.dist_mem_inst/gen_sp_ram.spram_inst/ram_reg_11264_11519_1_1/RAMS64E_D/ADR0
                            (rising edge-triggered cell RAMS64E clocked by clk_out1_cpuclk  {rise@0.000ns fall@6.250ns period=12.500ns})
  Path Group:             clk_out1_cpuclk
  Path Type:              Hold (Min at Fast Process Corner)
  Requirement:            0.000ns  (clk_out1_cpuclk rise@0.000ns - clk_out1_cpuclk rise@0.000ns)
  Data Path Delay:        0.411ns  (logic 0.141ns (34.336%)  route 0.270ns (65.664%))
  Logic Levels:           0  
  Clock Path Skew:        0.013ns (DCD - SCD - CPR)
    Destination Clock Delay (DCD):    1.233ns
    Source Clock Delay      (SCD):    0.638ns
    Clock Pessimism Removal (CPR):    0.582ns

    Location             Delay type                Incr(ns)  Path(ns)    Netlist Resource(s)
  -------------------------------------------------------------------    -------------------
                         (clock clk_out1_cpuclk rise edge)
                                                      0.000     0.000 r  
    Y18                                               0.000     0.000 r  fpga_clk (IN)
                         net (fo=0)                   0.000     0.000    Clkgen/inst/clk_in1
    Y18                  IBUF (Prop_ibuf_I_O)         0.312     0.312 r  Clkgen/inst/clkin1_ibufg/O
                         net (fo=1, routed)           0.440     0.752    Clkgen/inst/clk_in1_cpuclk
    PLLE2_ADV_X0Y1       PLLE2_ADV (Prop_plle2_adv_CLKIN1_CLKOUT0)
                                                     -2.339    -1.586 r  Clkgen/inst/plle2_adv_inst/CLKOUT0
                         net (fo=1, routed)           0.510    -1.076    Clkgen/inst/clk_out1_cpuclk
    BUFGCTRL_X0Y2        BUFG (Prop_bufg_I_O)         0.026    -1.050 r  Clkgen/inst/clkout1_buf/O
                         net (fo=1, routed)           0.795    -0.256    pll_clk
    SLICE_X52Y96         LUT2 (Prop_lut2_I0_O)        0.045    -0.211 r  cpu_clk_BUFG_inst_i_1/O
                         net (fo=1, routed)           0.274     0.063    cpu_clk
    BUFGCTRL_X0Y0        BUFG (Prop_bufg_I_O)         0.026     0.089 r  cpu_clk_BUFG_inst/O
                         net (fo=9069, routed)        0.549     0.638    Core_cpu/U_EX_MEM/cpu_clk_BUFG
    SLICE_X51Y123        FDCE                                         r  Core_cpu/U_EX_MEM/mem_C_reg[2]_replica_11/C
  -------------------------------------------------------------------    -------------------
    SLICE_X51Y123        FDCE (Prop_fdce_C_Q)         0.141     0.779 r  Core_cpu/U_EX_MEM/mem_C_reg[2]_replica_11/Q
                         net (fo=824, routed)         0.270     1.049    Mem_DRAM/U0/synth_options.dist_mem_inst/gen_sp_ram.spram_inst/ram_reg_11264_11519_1_1/A0
    SLICE_X50Y123        RAMS64E                                      r  Mem_DRAM/U0/synth_options.dist_mem_inst/gen_sp_ram.spram_inst/ram_reg_11264_11519_1_1/RAMS64E_D/ADR0
  -------------------------------------------------------------------    -------------------

                         (clock clk_out1_cpuclk rise edge)
                                                      0.000     0.000 r  
    Y18                                               0.000     0.000 r  fpga_clk (IN)
                         net (fo=0)                   0.000     0.000    Clkgen/inst/clk_in1
    Y18                  IBUF (Prop_ibuf_I_O)         0.501     0.501 r  Clkgen/inst/clkin1_ibufg/O
                         net (fo=1, routed)           0.481     0.982    Clkgen/inst/clk_in1_cpuclk
    PLLE2_ADV_X0Y1       PLLE2_ADV (Prop_plle2_adv_CLKIN1_CLKOUT0)
                                                     -2.657    -1.675 r  Clkgen/inst/plle2_adv_inst/CLKOUT0
                         net (fo=1, routed)           0.556    -1.120    Clkgen/inst/clk_out1_cpuclk
    BUFGCTRL_X0Y2        BUFG (Prop_bufg_I_O)         0.029    -1.091 r  Clkgen/inst/clkout1_buf/O
                         net (fo=1, routed)           1.116     0.025    pll_clk
    SLICE_X52Y96         LUT2 (Prop_lut2_I0_O)        0.056     0.081 r  cpu_clk_BUFG_inst_i_1/O
                         net (fo=1, routed)           0.308     0.389    cpu_clk
    BUFGCTRL_X0Y0        BUFG (Prop_bufg_I_O)         0.029     0.418 r  cpu_clk_BUFG_inst/O
                         net (fo=9069, routed)        0.816     1.233    Mem_DRAM/U0/synth_options.dist_mem_inst/gen_sp_ram.spram_inst/ram_reg_11264_11519_1_1/WCLK
    SLICE_X50Y123        RAMS64E                                      r  Mem_DRAM/U0/synth_options.dist_mem_inst/gen_sp_ram.spram_inst/ram_reg_11264_11519_1_1/RAMS64E_D/CLK
                         clock pessimism             -0.582     0.651    
    SLICE_X50Y123        RAMS64E (Hold_rams64e_CLK_ADR0)
                                                      0.310     0.961    Mem_DRAM/U0/synth_options.dist_mem_inst/gen_sp_ram.spram_inst/ram_reg_11264_11519_1_1/RAMS64E_D
  -------------------------------------------------------------------
                         required time                         -0.961    
                         arrival time                           1.049    
  -------------------------------------------------------------------
                         slack                                  0.088    

Slack (MET) :             0.101ns  (arrival time - required time)
  Source:                 Core_cpu/U_EX_MEM/mem_C_reg[6]_replica_5/C
                            (rising edge-triggered cell FDCE clocked by clk_out1_cpuclk  {rise@0.000ns fall@6.250ns period=12.500ns})
  Destination:            Mem_DRAM/U0/synth_options.dist_mem_inst/gen_sp_ram.spram_inst/ram_reg_14080_14335_23_23/RAMS64E_A/ADR4
                            (rising edge-triggered cell RAMS64E clocked by clk_out1_cpuclk  {rise@0.000ns fall@6.250ns period=12.500ns})
  Path Group:             clk_out1_cpuclk
  Path Type:              Hold (Min at Fast Process Corner)
  Requirement:            0.000ns  (clk_out1_cpuclk rise@0.000ns - clk_out1_cpuclk rise@0.000ns)
  Data Path Delay:        0.316ns  (logic 0.141ns (44.608%)  route 0.175ns (55.392%))
  Logic Levels:           0  
  Clock Path Skew:        0.015ns (DCD - SCD - CPR)
    Destination Clock Delay (DCD):    1.278ns
    Source Clock Delay      (SCD):    0.678ns
    Clock Pessimism Removal (CPR):    0.585ns

    Location             Delay type                Incr(ns)  Path(ns)    Netlist Resource(s)
  -------------------------------------------------------------------    -------------------
                         (clock clk_out1_cpuclk rise edge)
                                                      0.000     0.000 r  
    Y18                                               0.000     0.000 r  fpga_clk (IN)
                         net (fo=0)                   0.000     0.000    Clkgen/inst/clk_in1
    Y18                  IBUF (Prop_ibuf_I_O)         0.312     0.312 r  Clkgen/inst/clkin1_ibufg/O
                         net (fo=1, routed)           0.440     0.752    Clkgen/inst/clk_in1_cpuclk
    PLLE2_ADV_X0Y1       PLLE2_ADV (Prop_plle2_adv_CLKIN1_CLKOUT0)
                                                     -2.339    -1.586 r  Clkgen/inst/plle2_adv_inst/CLKOUT0
                         net (fo=1, routed)           0.510    -1.076    Clkgen/inst/clk_out1_cpuclk
    BUFGCTRL_X0Y2        BUFG (Prop_bufg_I_O)         0.026    -1.050 r  Clkgen/inst/clkout1_buf/O
                         net (fo=1, routed)           0.795    -0.256    pll_clk
    SLICE_X52Y96         LUT2 (Prop_lut2_I0_O)        0.045    -0.211 r  cpu_clk_BUFG_inst_i_1/O
                         net (fo=1, routed)           0.274     0.063    cpu_clk
    BUFGCTRL_X0Y0        BUFG (Prop_bufg_I_O)         0.026     0.089 r  cpu_clk_BUFG_inst/O
                         net (fo=9069, routed)        0.589     0.678    Core_cpu/U_EX_MEM/cpu_clk_BUFG
    SLICE_X77Y115        FDCE                                         r  Core_cpu/U_EX_MEM/mem_C_reg[6]_replica_5/C
  -------------------------------------------------------------------    -------------------
    SLICE_X77Y115        FDCE (Prop_fdce_C_Q)         0.141     0.819 r  Core_cpu/U_EX_MEM/mem_C_reg[6]_replica_5/Q
                         net (fo=704, routed)         0.175     0.994    Mem_DRAM/U0/synth_options.dist_mem_inst/gen_sp_ram.spram_inst/ram_reg_14080_14335_23_23/A4
    SLICE_X74Y114        RAMS64E                                      r  Mem_DRAM/U0/synth_options.dist_mem_inst/gen_sp_ram.spram_inst/ram_reg_14080_14335_23_23/RAMS64E_A/ADR4
  -------------------------------------------------------------------    -------------------

                         (clock clk_out1_cpuclk rise edge)
                                                      0.000     0.000 r  
    Y18                                               0.000     0.000 r  fpga_clk (IN)
                         net (fo=0)                   0.000     0.000    Clkgen/inst/clk_in1
    Y18                  IBUF (Prop_ibuf_I_O)         0.501     0.501 r  Clkgen/inst/clkin1_ibufg/O
                         net (fo=1, routed)           0.481     0.982    Clkgen/inst/clk_in1_cpuclk
    PLLE2_ADV_X0Y1       PLLE2_ADV (Prop_plle2_adv_CLKIN1_CLKOUT0)
                                                     -2.657    -1.675 r  Clkgen/inst/plle2_adv_inst/CLKOUT0
                         net (fo=1, routed)           0.556    -1.120    Clkgen/inst/clk_out1_cpuclk
    BUFGCTRL_X0Y2        BUFG (Prop_bufg_I_O)         0.029    -1.091 r  Clkgen/inst/clkout1_buf/O
                         net (fo=1, routed)           1.116     0.025    pll_clk
    SLICE_X52Y96         LUT2 (Prop_lut2_I0_O)        0.056     0.081 r  cpu_clk_BUFG_inst_i_1/O
                         net (fo=1, routed)           0.308     0.389    cpu_clk
    BUFGCTRL_X0Y0        BUFG (Prop_bufg_I_O)         0.029     0.418 r  cpu_clk_BUFG_inst/O
                         net (fo=9069, routed)        0.860     1.278    Mem_DRAM/U0/synth_options.dist_mem_inst/gen_sp_ram.spram_inst/ram_reg_14080_14335_23_23/WCLK
    SLICE_X74Y114        RAMS64E                                      r  Mem_DRAM/U0/synth_options.dist_mem_inst/gen_sp_ram.spram_inst/ram_reg_14080_14335_23_23/RAMS64E_A/CLK
                         clock pessimism             -0.585     0.693    
    SLICE_X74Y114        RAMS64E (Hold_rams64e_CLK_ADR4)
                                                      0.200     0.893    Mem_DRAM/U0/synth_options.dist_mem_inst/gen_sp_ram.spram_inst/ram_reg_14080_14335_23_23/RAMS64E_A
  -------------------------------------------------------------------
                         required time                         -0.893    
                         arrival time                           0.994    
  -------------------------------------------------------------------
                         slack                                  0.101    

Slack (MET) :             0.101ns  (arrival time - required time)
  Source:                 Core_cpu/U_EX_MEM/mem_C_reg[6]_replica_5/C
                            (rising edge-triggered cell FDCE clocked by clk_out1_cpuclk  {rise@0.000ns fall@6.250ns period=12.500ns})
  Destination:            Mem_DRAM/U0/synth_options.dist_mem_inst/gen_sp_ram.spram_inst/ram_reg_14080_14335_23_23/RAMS64E_B/ADR4
                            (rising edge-triggered cell RAMS64E clocked by clk_out1_cpuclk  {rise@0.000ns fall@6.250ns period=12.500ns})
  Path Group:             clk_out1_cpuclk
  Path Type:              Hold (Min at Fast Process Corner)
  Requirement:            0.000ns  (clk_out1_cpuclk rise@0.000ns - clk_out1_cpuclk rise@0.000ns)
  Data Path Delay:        0.316ns  (logic 0.141ns (44.608%)  route 0.175ns (55.392%))
  Logic Levels:           0  
  Clock Path Skew:        0.015ns (DCD - SCD - CPR)
    Destination Clock Delay (DCD):    1.278ns
    Source Clock Delay      (SCD):    0.678ns
    Clock Pessimism Removal (CPR):    0.585ns

    Location             Delay type                Incr(ns)  Path(ns)    Netlist Resource(s)
  -------------------------------------------------------------------    -------------------
                         (clock clk_out1_cpuclk rise edge)
                                                      0.000     0.000 r  
    Y18                                               0.000     0.000 r  fpga_clk (IN)
                         net (fo=0)                   0.000     0.000    Clkgen/inst/clk_in1
    Y18                  IBUF (Prop_ibuf_I_O)         0.312     0.312 r  Clkgen/inst/clkin1_ibufg/O
                         net (fo=1, routed)           0.440     0.752    Clkgen/inst/clk_in1_cpuclk
    PLLE2_ADV_X0Y1       PLLE2_ADV (Prop_plle2_adv_CLKIN1_CLKOUT0)
                                                     -2.339    -1.586 r  Clkgen/inst/plle2_adv_inst/CLKOUT0
                         net (fo=1, routed)           0.510    -1.076    Clkgen/inst/clk_out1_cpuclk
    BUFGCTRL_X0Y2        BUFG (Prop_bufg_I_O)         0.026    -1.050 r  Clkgen/inst/clkout1_buf/O
                         net (fo=1, routed)           0.795    -0.256    pll_clk
    SLICE_X52Y96         LUT2 (Prop_lut2_I0_O)        0.045    -0.211 r  cpu_clk_BUFG_inst_i_1/O
                         net (fo=1, routed)           0.274     0.063    cpu_clk
    BUFGCTRL_X0Y0        BUFG (Prop_bufg_I_O)         0.026     0.089 r  cpu_clk_BUFG_inst/O
                         net (fo=9069, routed)        0.589     0.678    Core_cpu/U_EX_MEM/cpu_clk_BUFG
    SLICE_X77Y115        FDCE                                         r  Core_cpu/U_EX_MEM/mem_C_reg[6]_replica_5/C
  -------------------------------------------------------------------    -------------------
    SLICE_X77Y115        FDCE (Prop_fdce_C_Q)         0.141     0.819 r  Core_cpu/U_EX_MEM/mem_C_reg[6]_replica_5/Q
                         net (fo=704, routed)         0.175     0.994    Mem_DRAM/U0/synth_options.dist_mem_inst/gen_sp_ram.spram_inst/ram_reg_14080_14335_23_23/A4
    SLICE_X74Y114        RAMS64E                                      r  Mem_DRAM/U0/synth_options.dist_mem_inst/gen_sp_ram.spram_inst/ram_reg_14080_14335_23_23/RAMS64E_B/ADR4
  -------------------------------------------------------------------    -------------------

                         (clock clk_out1_cpuclk rise edge)
                                                      0.000     0.000 r  
    Y18                                               0.000     0.000 r  fpga_clk (IN)
                         net (fo=0)                   0.000     0.000    Clkgen/inst/clk_in1
    Y18                  IBUF (Prop_ibuf_I_O)         0.501     0.501 r  Clkgen/inst/clkin1_ibufg/O
                         net (fo=1, routed)           0.481     0.982    Clkgen/inst/clk_in1_cpuclk
    PLLE2_ADV_X0Y1       PLLE2_ADV (Prop_plle2_adv_CLKIN1_CLKOUT0)
                                                     -2.657    -1.675 r  Clkgen/inst/plle2_adv_inst/CLKOUT0
                         net (fo=1, routed)           0.556    -1.120    Clkgen/inst/clk_out1_cpuclk
    BUFGCTRL_X0Y2        BUFG (Prop_bufg_I_O)         0.029    -1.091 r  Clkgen/inst/clkout1_buf/O
                         net (fo=1, routed)           1.116     0.025    pll_clk
    SLICE_X52Y96         LUT2 (Prop_lut2_I0_O)        0.056     0.081 r  cpu_clk_BUFG_inst_i_1/O
                         net (fo=1, routed)           0.308     0.389    cpu_clk
    BUFGCTRL_X0Y0        BUFG (Prop_bufg_I_O)         0.029     0.418 r  cpu_clk_BUFG_inst/O
                         net (fo=9069, routed)        0.860     1.278    Mem_DRAM/U0/synth_options.dist_mem_inst/gen_sp_ram.spram_inst/ram_reg_14080_14335_23_23/WCLK
    SLICE_X74Y114        RAMS64E                                      r  Mem_DRAM/U0/synth_options.dist_mem_inst/gen_sp_ram.spram_inst/ram_reg_14080_14335_23_23/RAMS64E_B/CLK
                         clock pessimism             -0.585     0.693    
    SLICE_X74Y114        RAMS64E (Hold_rams64e_CLK_ADR4)
                                                      0.200     0.893    Mem_DRAM/U0/synth_options.dist_mem_inst/gen_sp_ram.spram_inst/ram_reg_14080_14335_23_23/RAMS64E_B
  -------------------------------------------------------------------
                         required time                         -0.893    
                         arrival time                           0.994    
  -------------------------------------------------------------------
                         slack                                  0.101    

Slack (MET) :             0.101ns  (arrival time - required time)
  Source:                 Core_cpu/U_EX_MEM/mem_C_reg[6]_replica_5/C
                            (rising edge-triggered cell FDCE clocked by clk_out1_cpuclk  {rise@0.000ns fall@6.250ns period=12.500ns})
  Destination:            Mem_DRAM/U0/synth_options.dist_mem_inst/gen_sp_ram.spram_inst/ram_reg_14080_14335_23_23/RAMS64E_C/ADR4
                            (rising edge-triggered cell RAMS64E clocked by clk_out1_cpuclk  {rise@0.000ns fall@6.250ns period=12.500ns})
  Path Group:             clk_out1_cpuclk
  Path Type:              Hold (Min at Fast Process Corner)
  Requirement:            0.000ns  (clk_out1_cpuclk rise@0.000ns - clk_out1_cpuclk rise@0.000ns)
  Data Path Delay:        0.316ns  (logic 0.141ns (44.608%)  route 0.175ns (55.392%))
  Logic Levels:           0  
  Clock Path Skew:        0.015ns (DCD - SCD - CPR)
    Destination Clock Delay (DCD):    1.278ns
    Source Clock Delay      (SCD):    0.678ns
    Clock Pessimism Removal (CPR):    0.585ns

    Location             Delay type                Incr(ns)  Path(ns)    Netlist Resource(s)
  -------------------------------------------------------------------    -------------------
                         (clock clk_out1_cpuclk rise edge)
                                                      0.000     0.000 r  
    Y18                                               0.000     0.000 r  fpga_clk (IN)
                         net (fo=0)                   0.000     0.000    Clkgen/inst/clk_in1
    Y18                  IBUF (Prop_ibuf_I_O)         0.312     0.312 r  Clkgen/inst/clkin1_ibufg/O
                         net (fo=1, routed)           0.440     0.752    Clkgen/inst/clk_in1_cpuclk
    PLLE2_ADV_X0Y1       PLLE2_ADV (Prop_plle2_adv_CLKIN1_CLKOUT0)
                                                     -2.339    -1.586 r  Clkgen/inst/plle2_adv_inst/CLKOUT0
                         net (fo=1, routed)           0.510    -1.076    Clkgen/inst/clk_out1_cpuclk
    BUFGCTRL_X0Y2        BUFG (Prop_bufg_I_O)         0.026    -1.050 r  Clkgen/inst/clkout1_buf/O
                         net (fo=1, routed)           0.795    -0.256    pll_clk
    SLICE_X52Y96         LUT2 (Prop_lut2_I0_O)        0.045    -0.211 r  cpu_clk_BUFG_inst_i_1/O
                         net (fo=1, routed)           0.274     0.063    cpu_clk
    BUFGCTRL_X0Y0        BUFG (Prop_bufg_I_O)         0.026     0.089 r  cpu_clk_BUFG_inst/O
                         net (fo=9069, routed)        0.589     0.678    Core_cpu/U_EX_MEM/cpu_clk_BUFG
    SLICE_X77Y115        FDCE                                         r  Core_cpu/U_EX_MEM/mem_C_reg[6]_replica_5/C
  -------------------------------------------------------------------    -------------------
    SLICE_X77Y115        FDCE (Prop_fdce_C_Q)         0.141     0.819 r  Core_cpu/U_EX_MEM/mem_C_reg[6]_replica_5/Q
                         net (fo=704, routed)         0.175     0.994    Mem_DRAM/U0/synth_options.dist_mem_inst/gen_sp_ram.spram_inst/ram_reg_14080_14335_23_23/A4
    SLICE_X74Y114        RAMS64E                                      r  Mem_DRAM/U0/synth_options.dist_mem_inst/gen_sp_ram.spram_inst/ram_reg_14080_14335_23_23/RAMS64E_C/ADR4
  -------------------------------------------------------------------    -------------------

                         (clock clk_out1_cpuclk rise edge)
                                                      0.000     0.000 r  
    Y18                                               0.000     0.000 r  fpga_clk (IN)
                         net (fo=0)                   0.000     0.000    Clkgen/inst/clk_in1
    Y18                  IBUF (Prop_ibuf_I_O)         0.501     0.501 r  Clkgen/inst/clkin1_ibufg/O
                         net (fo=1, routed)           0.481     0.982    Clkgen/inst/clk_in1_cpuclk
    PLLE2_ADV_X0Y1       PLLE2_ADV (Prop_plle2_adv_CLKIN1_CLKOUT0)
                                                     -2.657    -1.675 r  Clkgen/inst/plle2_adv_inst/CLKOUT0
                         net (fo=1, routed)           0.556    -1.120    Clkgen/inst/clk_out1_cpuclk
    BUFGCTRL_X0Y2        BUFG (Prop_bufg_I_O)         0.029    -1.091 r  Clkgen/inst/clkout1_buf/O
                         net (fo=1, routed)           1.116     0.025    pll_clk
    SLICE_X52Y96         LUT2 (Prop_lut2_I0_O)        0.056     0.081 r  cpu_clk_BUFG_inst_i_1/O
                         net (fo=1, routed)           0.308     0.389    cpu_clk
    BUFGCTRL_X0Y0        BUFG (Prop_bufg_I_O)         0.029     0.418 r  cpu_clk_BUFG_inst/O
                         net (fo=9069, routed)        0.860     1.278    Mem_DRAM/U0/synth_options.dist_mem_inst/gen_sp_ram.spram_inst/ram_reg_14080_14335_23_23/WCLK
    SLICE_X74Y114        RAMS64E                                      r  Mem_DRAM/U0/synth_options.dist_mem_inst/gen_sp_ram.spram_inst/ram_reg_14080_14335_23_23/RAMS64E_C/CLK
                         clock pessimism             -0.585     0.693    
    SLICE_X74Y114        RAMS64E (Hold_rams64e_CLK_ADR4)
                                                      0.200     0.893    Mem_DRAM/U0/synth_options.dist_mem_inst/gen_sp_ram.spram_inst/ram_reg_14080_14335_23_23/RAMS64E_C
  -------------------------------------------------------------------
                         required time                         -0.893    
                         arrival time                           0.994    
  -------------------------------------------------------------------
                         slack                                  0.101    

Slack (MET) :             0.101ns  (arrival time - required time)
  Source:                 Core_cpu/U_EX_MEM/mem_C_reg[6]_replica_5/C
                            (rising edge-triggered cell FDCE clocked by clk_out1_cpuclk  {rise@0.000ns fall@6.250ns period=12.500ns})
  Destination:            Mem_DRAM/U0/synth_options.dist_mem_inst/gen_sp_ram.spram_inst/ram_reg_14080_14335_23_23/RAMS64E_D/ADR4
                            (rising edge-triggered cell RAMS64E clocked by clk_out1_cpuclk  {rise@0.000ns fall@6.250ns period=12.500ns})
  Path Group:             clk_out1_cpuclk
  Path Type:              Hold (Min at Fast Process Corner)
  Requirement:            0.000ns  (clk_out1_cpuclk rise@0.000ns - clk_out1_cpuclk rise@0.000ns)
  Data Path Delay:        0.316ns  (logic 0.141ns (44.608%)  route 0.175ns (55.392%))
  Logic Levels:           0  
  Clock Path Skew:        0.015ns (DCD - SCD - CPR)
    Destination Clock Delay (DCD):    1.278ns
    Source Clock Delay      (SCD):    0.678ns
    Clock Pessimism Removal (CPR):    0.585ns

    Location             Delay type                Incr(ns)  Path(ns)    Netlist Resource(s)
  -------------------------------------------------------------------    -------------------
                         (clock clk_out1_cpuclk rise edge)
                                                      0.000     0.000 r  
    Y18                                               0.000     0.000 r  fpga_clk (IN)
                         net (fo=0)                   0.000     0.000    Clkgen/inst/clk_in1
    Y18                  IBUF (Prop_ibuf_I_O)         0.312     0.312 r  Clkgen/inst/clkin1_ibufg/O
                         net (fo=1, routed)           0.440     0.752    Clkgen/inst/clk_in1_cpuclk
    PLLE2_ADV_X0Y1       PLLE2_ADV (Prop_plle2_adv_CLKIN1_CLKOUT0)
                                                     -2.339    -1.586 r  Clkgen/inst/plle2_adv_inst/CLKOUT0
                         net (fo=1, routed)           0.510    -1.076    Clkgen/inst/clk_out1_cpuclk
    BUFGCTRL_X0Y2        BUFG (Prop_bufg_I_O)         0.026    -1.050 r  Clkgen/inst/clkout1_buf/O
                         net (fo=1, routed)           0.795    -0.256    pll_clk
    SLICE_X52Y96         LUT2 (Prop_lut2_I0_O)        0.045    -0.211 r  cpu_clk_BUFG_inst_i_1/O
                         net (fo=1, routed)           0.274     0.063    cpu_clk
    BUFGCTRL_X0Y0        BUFG (Prop_bufg_I_O)         0.026     0.089 r  cpu_clk_BUFG_inst/O
                         net (fo=9069, routed)        0.589     0.678    Core_cpu/U_EX_MEM/cpu_clk_BUFG
    SLICE_X77Y115        FDCE                                         r  Core_cpu/U_EX_MEM/mem_C_reg[6]_replica_5/C
  -------------------------------------------------------------------    -------------------
    SLICE_X77Y115        FDCE (Prop_fdce_C_Q)         0.141     0.819 r  Core_cpu/U_EX_MEM/mem_C_reg[6]_replica_5/Q
                         net (fo=704, routed)         0.175     0.994    Mem_DRAM/U0/synth_options.dist_mem_inst/gen_sp_ram.spram_inst/ram_reg_14080_14335_23_23/A4
    SLICE_X74Y114        RAMS64E                                      r  Mem_DRAM/U0/synth_options.dist_mem_inst/gen_sp_ram.spram_inst/ram_reg_14080_14335_23_23/RAMS64E_D/ADR4
  -------------------------------------------------------------------    -------------------

                         (clock clk_out1_cpuclk rise edge)
                                                      0.000     0.000 r  
    Y18                                               0.000     0.000 r  fpga_clk (IN)
                         net (fo=0)                   0.000     0.000    Clkgen/inst/clk_in1
    Y18                  IBUF (Prop_ibuf_I_O)         0.501     0.501 r  Clkgen/inst/clkin1_ibufg/O
                         net (fo=1, routed)           0.481     0.982    Clkgen/inst/clk_in1_cpuclk
    PLLE2_ADV_X0Y1       PLLE2_ADV (Prop_plle2_adv_CLKIN1_CLKOUT0)
                                                     -2.657    -1.675 r  Clkgen/inst/plle2_adv_inst/CLKOUT0
                         net (fo=1, routed)           0.556    -1.120    Clkgen/inst/clk_out1_cpuclk
    BUFGCTRL_X0Y2        BUFG (Prop_bufg_I_O)         0.029    -1.091 r  Clkgen/inst/clkout1_buf/O
                         net (fo=1, routed)           1.116     0.025    pll_clk
    SLICE_X52Y96         LUT2 (Prop_lut2_I0_O)        0.056     0.081 r  cpu_clk_BUFG_inst_i_1/O
                         net (fo=1, routed)           0.308     0.389    cpu_clk
    BUFGCTRL_X0Y0        BUFG (Prop_bufg_I_O)         0.029     0.418 r  cpu_clk_BUFG_inst/O
                         net (fo=9069, routed)        0.860     1.278    Mem_DRAM/U0/synth_options.dist_mem_inst/gen_sp_ram.spram_inst/ram_reg_14080_14335_23_23/WCLK
    SLICE_X74Y114        RAMS64E                                      r  Mem_DRAM/U0/synth_options.dist_mem_inst/gen_sp_ram.spram_inst/ram_reg_14080_14335_23_23/RAMS64E_D/CLK
                         clock pessimism             -0.585     0.693    
    SLICE_X74Y114        RAMS64E (Hold_rams64e_CLK_ADR4)
                                                      0.200     0.893    Mem_DRAM/U0/synth_options.dist_mem_inst/gen_sp_ram.spram_inst/ram_reg_14080_14335_23_23/RAMS64E_D
  -------------------------------------------------------------------
                         required time                         -0.893    
                         arrival time                           0.994    
  -------------------------------------------------------------------
                         slack                                  0.101    

Slack (MET) :             0.111ns  (arrival time - required time)
  Source:                 Core_cpu/U_EX_MEM/mem_C_reg[2]_replica_8/C
                            (rising edge-triggered cell FDCE clocked by clk_out1_cpuclk  {rise@0.000ns fall@6.250ns period=12.500ns})
  Destination:            Mem_DRAM/U0/synth_options.dist_mem_inst/gen_sp_ram.spram_inst/ram_reg_512_767_16_16/RAMS64E_A/ADR0
                            (rising edge-triggered cell RAMS64E clocked by clk_out1_cpuclk  {rise@0.000ns fall@6.250ns period=12.500ns})
  Path Group:             clk_out1_cpuclk
  Path Type:              Hold (Min at Fast Process Corner)
  Requirement:            0.000ns  (clk_out1_cpuclk rise@0.000ns - clk_out1_cpuclk rise@0.000ns)
  Data Path Delay:        0.434ns  (logic 0.141ns (32.516%)  route 0.293ns (67.484%))
  Logic Levels:           0  
  Clock Path Skew:        0.013ns (DCD - SCD - CPR)
    Destination Clock Delay (DCD):    1.253ns
    Source Clock Delay      (SCD):    0.654ns
    Clock Pessimism Removal (CPR):    0.586ns

    Location             Delay type                Incr(ns)  Path(ns)    Netlist Resource(s)
  -------------------------------------------------------------------    -------------------
                         (clock clk_out1_cpuclk rise edge)
                                                      0.000     0.000 r  
    Y18                                               0.000     0.000 r  fpga_clk (IN)
                         net (fo=0)                   0.000     0.000    Clkgen/inst/clk_in1
    Y18                  IBUF (Prop_ibuf_I_O)         0.312     0.312 r  Clkgen/inst/clkin1_ibufg/O
                         net (fo=1, routed)           0.440     0.752    Clkgen/inst/clk_in1_cpuclk
    PLLE2_ADV_X0Y1       PLLE2_ADV (Prop_plle2_adv_CLKIN1_CLKOUT0)
                                                     -2.339    -1.586 r  Clkgen/inst/plle2_adv_inst/CLKOUT0
                         net (fo=1, routed)           0.510    -1.076    Clkgen/inst/clk_out1_cpuclk
    BUFGCTRL_X0Y2        BUFG (Prop_bufg_I_O)         0.026    -1.050 r  Clkgen/inst/clkout1_buf/O
                         net (fo=1, routed)           0.795    -0.256    pll_clk
    SLICE_X52Y96         LUT2 (Prop_lut2_I0_O)        0.045    -0.211 r  cpu_clk_BUFG_inst_i_1/O
                         net (fo=1, routed)           0.274     0.063    cpu_clk
    BUFGCTRL_X0Y0        BUFG (Prop_bufg_I_O)         0.026     0.089 r  cpu_clk_BUFG_inst/O
                         net (fo=9069, routed)        0.565     0.654    Core_cpu/U_EX_MEM/cpu_clk_BUFG
    SLICE_X61Y99         FDCE                                         r  Core_cpu/U_EX_MEM/mem_C_reg[2]_replica_8/C
  -------------------------------------------------------------------    -------------------
    SLICE_X61Y99         FDCE (Prop_fdce_C_Q)         0.141     0.795 r  Core_cpu/U_EX_MEM/mem_C_reg[2]_replica_8/Q
                         net (fo=692, routed)         0.293     1.088    Mem_DRAM/U0/synth_options.dist_mem_inst/gen_sp_ram.spram_inst/ram_reg_512_767_16_16/A0
    SLICE_X60Y99         RAMS64E                                      r  Mem_DRAM/U0/synth_options.dist_mem_inst/gen_sp_ram.spram_inst/ram_reg_512_767_16_16/RAMS64E_A/ADR0
  -------------------------------------------------------------------    -------------------

                         (clock clk_out1_cpuclk rise edge)
                                                      0.000     0.000 r  
    Y18                                               0.000     0.000 r  fpga_clk (IN)
                         net (fo=0)                   0.000     0.000    Clkgen/inst/clk_in1
    Y18                  IBUF (Prop_ibuf_I_O)         0.501     0.501 r  Clkgen/inst/clkin1_ibufg/O
                         net (fo=1, routed)           0.481     0.982    Clkgen/inst/clk_in1_cpuclk
    PLLE2_ADV_X0Y1       PLLE2_ADV (Prop_plle2_adv_CLKIN1_CLKOUT0)
                                                     -2.657    -1.675 r  Clkgen/inst/plle2_adv_inst/CLKOUT0
                         net (fo=1, routed)           0.556    -1.120    Clkgen/inst/clk_out1_cpuclk
    BUFGCTRL_X0Y2        BUFG (Prop_bufg_I_O)         0.029    -1.091 r  Clkgen/inst/clkout1_buf/O
                         net (fo=1, routed)           1.116     0.025    pll_clk
    SLICE_X52Y96         LUT2 (Prop_lut2_I0_O)        0.056     0.081 r  cpu_clk_BUFG_inst_i_1/O
                         net (fo=1, routed)           0.308     0.389    cpu_clk
    BUFGCTRL_X0Y0        BUFG (Prop_bufg_I_O)         0.029     0.418 r  cpu_clk_BUFG_inst/O
                         net (fo=9069, routed)        0.836     1.253    Mem_DRAM/U0/synth_options.dist_mem_inst/gen_sp_ram.spram_inst/ram_reg_512_767_16_16/WCLK
    SLICE_X60Y99         RAMS64E                                      r  Mem_DRAM/U0/synth_options.dist_mem_inst/gen_sp_ram.spram_inst/ram_reg_512_767_16_16/RAMS64E_A/CLK
                         clock pessimism             -0.586     0.667    
    SLICE_X60Y99         RAMS64E (Hold_rams64e_CLK_ADR0)
                                                      0.310     0.977    Mem_DRAM/U0/synth_options.dist_mem_inst/gen_sp_ram.spram_inst/ram_reg_512_767_16_16/RAMS64E_A
  -------------------------------------------------------------------
                         required time                         -0.977    
                         arrival time                           1.088    
  -------------------------------------------------------------------
                         slack                                  0.111    

Slack (MET) :             0.111ns  (arrival time - required time)
  Source:                 Core_cpu/U_EX_MEM/mem_C_reg[2]_replica_8/C
                            (rising edge-triggered cell FDCE clocked by clk_out1_cpuclk  {rise@0.000ns fall@6.250ns period=12.500ns})
  Destination:            Mem_DRAM/U0/synth_options.dist_mem_inst/gen_sp_ram.spram_inst/ram_reg_512_767_16_16/RAMS64E_B/ADR0
                            (rising edge-triggered cell RAMS64E clocked by clk_out1_cpuclk  {rise@0.000ns fall@6.250ns period=12.500ns})
  Path Group:             clk_out1_cpuclk
  Path Type:              Hold (Min at Fast Process Corner)
  Requirement:            0.000ns  (clk_out1_cpuclk rise@0.000ns - clk_out1_cpuclk rise@0.000ns)
  Data Path Delay:        0.434ns  (logic 0.141ns (32.516%)  route 0.293ns (67.484%))
  Logic Levels:           0  
  Clock Path Skew:        0.013ns (DCD - SCD - CPR)
    Destination Clock Delay (DCD):    1.253ns
    Source Clock Delay      (SCD):    0.654ns
    Clock Pessimism Removal (CPR):    0.586ns

    Location             Delay type                Incr(ns)  Path(ns)    Netlist Resource(s)
  -------------------------------------------------------------------    -------------------
                         (clock clk_out1_cpuclk rise edge)
                                                      0.000     0.000 r  
    Y18                                               0.000     0.000 r  fpga_clk (IN)
                         net (fo=0)                   0.000     0.000    Clkgen/inst/clk_in1
    Y18                  IBUF (Prop_ibuf_I_O)         0.312     0.312 r  Clkgen/inst/clkin1_ibufg/O
                         net (fo=1, routed)           0.440     0.752    Clkgen/inst/clk_in1_cpuclk
    PLLE2_ADV_X0Y1       PLLE2_ADV (Prop_plle2_adv_CLKIN1_CLKOUT0)
                                                     -2.339    -1.586 r  Clkgen/inst/plle2_adv_inst/CLKOUT0
                         net (fo=1, routed)           0.510    -1.076    Clkgen/inst/clk_out1_cpuclk
    BUFGCTRL_X0Y2        BUFG (Prop_bufg_I_O)         0.026    -1.050 r  Clkgen/inst/clkout1_buf/O
                         net (fo=1, routed)           0.795    -0.256    pll_clk
    SLICE_X52Y96         LUT2 (Prop_lut2_I0_O)        0.045    -0.211 r  cpu_clk_BUFG_inst_i_1/O
                         net (fo=1, routed)           0.274     0.063    cpu_clk
    BUFGCTRL_X0Y0        BUFG (Prop_bufg_I_O)         0.026     0.089 r  cpu_clk_BUFG_inst/O
                         net (fo=9069, routed)        0.565     0.654    Core_cpu/U_EX_MEM/cpu_clk_BUFG
    SLICE_X61Y99         FDCE                                         r  Core_cpu/U_EX_MEM/mem_C_reg[2]_replica_8/C
  -------------------------------------------------------------------    -------------------
    SLICE_X61Y99         FDCE (Prop_fdce_C_Q)         0.141     0.795 r  Core_cpu/U_EX_MEM/mem_C_reg[2]_replica_8/Q
                         net (fo=692, routed)         0.293     1.088    Mem_DRAM/U0/synth_options.dist_mem_inst/gen_sp_ram.spram_inst/ram_reg_512_767_16_16/A0
    SLICE_X60Y99         RAMS64E                                      r  Mem_DRAM/U0/synth_options.dist_mem_inst/gen_sp_ram.spram_inst/ram_reg_512_767_16_16/RAMS64E_B/ADR0
  -------------------------------------------------------------------    -------------------

                         (clock clk_out1_cpuclk rise edge)
                                                      0.000     0.000 r  
    Y18                                               0.000     0.000 r  fpga_clk (IN)
                         net (fo=0)                   0.000     0.000    Clkgen/inst/clk_in1
    Y18                  IBUF (Prop_ibuf_I_O)         0.501     0.501 r  Clkgen/inst/clkin1_ibufg/O
                         net (fo=1, routed)           0.481     0.982    Clkgen/inst/clk_in1_cpuclk
    PLLE2_ADV_X0Y1       PLLE2_ADV (Prop_plle2_adv_CLKIN1_CLKOUT0)
                                                     -2.657    -1.675 r  Clkgen/inst/plle2_adv_inst/CLKOUT0
                         net (fo=1, routed)           0.556    -1.120    Clkgen/inst/clk_out1_cpuclk
    BUFGCTRL_X0Y2        BUFG (Prop_bufg_I_O)         0.029    -1.091 r  Clkgen/inst/clkout1_buf/O
                         net (fo=1, routed)           1.116     0.025    pll_clk
    SLICE_X52Y96         LUT2 (Prop_lut2_I0_O)        0.056     0.081 r  cpu_clk_BUFG_inst_i_1/O
                         net (fo=1, routed)           0.308     0.389    cpu_clk
    BUFGCTRL_X0Y0        BUFG (Prop_bufg_I_O)         0.029     0.418 r  cpu_clk_BUFG_inst/O
                         net (fo=9069, routed)        0.836     1.253    Mem_DRAM/U0/synth_options.dist_mem_inst/gen_sp_ram.spram_inst/ram_reg_512_767_16_16/WCLK
    SLICE_X60Y99         RAMS64E                                      r  Mem_DRAM/U0/synth_options.dist_mem_inst/gen_sp_ram.spram_inst/ram_reg_512_767_16_16/RAMS64E_B/CLK
                         clock pessimism             -0.586     0.667    
    SLICE_X60Y99         RAMS64E (Hold_rams64e_CLK_ADR0)
                                                      0.310     0.977    Mem_DRAM/U0/synth_options.dist_mem_inst/gen_sp_ram.spram_inst/ram_reg_512_767_16_16/RAMS64E_B
  -------------------------------------------------------------------
                         required time                         -0.977    
                         arrival time                           1.088    
  -------------------------------------------------------------------
                         slack                                  0.111    





Pulse Width Checks
--------------------------------------------------------------------------------------
Clock Name:         clk_out1_cpuclk
Waveform(ns):       { 0.000 6.250 }
Period(ns):         12.500
Sources:            { Clkgen/inst/plle2_adv_inst/CLKOUT0 }

Check Type        Corner  Lib Pin            Reference Pin  Required(ns)  Actual(ns)  Slack(ns)  Location        Pin
Min Period        n/a     BUFG/I             n/a            2.155         12.500      10.345     BUFGCTRL_X0Y2   Clkgen/inst/clkout1_buf/I
Min Period        n/a     BUFG/I             n/a            2.155         12.500      10.345     BUFGCTRL_X0Y0   cpu_clk_BUFG_inst/I
Min Period        n/a     PLLE2_ADV/CLKOUT0  n/a            1.249         12.500      11.251     PLLE2_ADV_X0Y1  Clkgen/inst/plle2_adv_inst/CLKOUT0
Min Period        n/a     FDCE/C             n/a            1.000         12.500      11.500     SLICE_X81Y66    Core_cpu/U_ifetch/pc_module/pc_reg[0]/C
Min Period        n/a     FDCE/C             n/a            1.000         12.500      11.500     SLICE_X77Y67    Core_cpu/U_ifetch/pc_module/pc_reg[10]/C
Min Period        n/a     FDCE/C             n/a            1.000         12.500      11.500     SLICE_X77Y68    Core_cpu/U_ifetch/pc_module/pc_reg[11]/C
Min Period        n/a     FDCE/C             n/a            1.000         12.500      11.500     SLICE_X77Y70    Core_cpu/U_ifetch/pc_module/pc_reg[12]/C
Min Period        n/a     FDCE/C             n/a            1.000         12.500      11.500     SLICE_X77Y67    Core_cpu/U_ifetch/pc_module/pc_reg[13]/C
Min Period        n/a     FDCE/C             n/a            1.000         12.500      11.500     SLICE_X79Y66    Core_cpu/U_ifetch/pc_module/pc_reg[14]/C
Min Period        n/a     FDCE/C             n/a            1.000         12.500      11.500     SLICE_X77Y70    Core_cpu/U_ifetch/pc_module/pc_reg[15]/C
Max Period        n/a     PLLE2_ADV/CLKOUT0  n/a            160.000       12.500      147.500    PLLE2_ADV_X0Y1  Clkgen/inst/plle2_adv_inst/CLKOUT0
Low Pulse Width   Slow    RAMS64E/CLK        n/a            1.250         6.250       5.000      SLICE_X76Y127   Mem_DRAM/U0/synth_options.dist_mem_inst/gen_sp_ram.spram_inst/ram_reg_15872_16127_20_20/RAMS64E_A/CLK
Low Pulse Width   Slow    RAMS64E/CLK        n/a            1.250         6.250       5.000      SLICE_X76Y127   Mem_DRAM/U0/synth_options.dist_mem_inst/gen_sp_ram.spram_inst/ram_reg_15872_16127_20_20/RAMS64E_B/CLK
Low Pulse Width   Slow    RAMS64E/CLK        n/a            1.250         6.250       5.000      SLICE_X76Y127   Mem_DRAM/U0/synth_options.dist_mem_inst/gen_sp_ram.spram_inst/ram_reg_15872_16127_20_20/RAMS64E_C/CLK
Low Pulse Width   Slow    RAMS64E/CLK        n/a            1.250         6.250       5.000      SLICE_X76Y127   Mem_DRAM/U0/synth_options.dist_mem_inst/gen_sp_ram.spram_inst/ram_reg_15872_16127_20_20/RAMS64E_D/CLK
Low Pulse Width   Slow    RAMS64E/CLK        n/a            1.250         6.250       5.000      SLICE_X76Y122   Mem_DRAM/U0/synth_options.dist_mem_inst/gen_sp_ram.spram_inst/ram_reg_12032_12287_18_18/RAMS64E_A/CLK
Low Pulse Width   Slow    RAMS64E/CLK        n/a            1.250         6.250       5.000      SLICE_X76Y122   Mem_DRAM/U0/synth_options.dist_mem_inst/gen_sp_ram.spram_inst/ram_reg_12032_12287_18_18/RAMS64E_B/CLK
Low Pulse Width   Slow    RAMS64E/CLK        n/a            1.250         6.250       5.000      SLICE_X76Y122   Mem_DRAM/U0/synth_options.dist_mem_inst/gen_sp_ram.spram_inst/ram_reg_12032_12287_18_18/RAMS64E_C/CLK
Low Pulse Width   Slow    RAMS64E/CLK        n/a            1.250         6.250       5.000      SLICE_X76Y122   Mem_DRAM/U0/synth_options.dist_mem_inst/gen_sp_ram.spram_inst/ram_reg_12032_12287_18_18/RAMS64E_D/CLK
Low Pulse Width   Slow    RAMS64E/CLK        n/a            1.250         6.250       5.000      SLICE_X76Y126   Mem_DRAM/U0/synth_options.dist_mem_inst/gen_sp_ram.spram_inst/ram_reg_14080_14335_20_20/RAMS64E_A/CLK
Low Pulse Width   Slow    RAMS64E/CLK        n/a            1.250         6.250       5.000      SLICE_X74Y127   Mem_DRAM/U0/synth_options.dist_mem_inst/gen_sp_ram.spram_inst/ram_reg_9728_9983_18_18/RAMS64E_A/CLK
High Pulse Width  Fast    RAMS64E/CLK        n/a            1.250         6.250       5.000      SLICE_X58Y70    Mem_DRAM/U0/synth_options.dist_mem_inst/gen_sp_ram.spram_inst/ram_reg_10752_11007_15_15/RAMS64E_C/CLK
High Pulse Width  Fast    RAMS64E/CLK        n/a            1.250         6.250       5.000      SLICE_X58Y70    Mem_DRAM/U0/synth_options.dist_mem_inst/gen_sp_ram.spram_inst/ram_reg_10752_11007_15_15/RAMS64E_D/CLK
High Pulse Width  Fast    RAMS64E/CLK        n/a            1.250         6.250       5.000      SLICE_X50Y91    Mem_DRAM/U0/synth_options.dist_mem_inst/gen_sp_ram.spram_inst/ram_reg_12800_13055_9_9/RAMS64E_C/CLK
High Pulse Width  Fast    RAMS64E/CLK        n/a            1.250         6.250       5.000      SLICE_X50Y91    Mem_DRAM/U0/synth_options.dist_mem_inst/gen_sp_ram.spram_inst/ram_reg_12800_13055_9_9/RAMS64E_D/CLK
High Pulse Width  Fast    RAMS64E/CLK        n/a            1.250         6.250       5.000      SLICE_X46Y132   Mem_DRAM/U0/synth_options.dist_mem_inst/gen_sp_ram.spram_inst/ram_reg_14848_15103_3_3/RAMS64E_A/CLK
High Pulse Width  Fast    RAMS64E/CLK        n/a            1.250         6.250       5.000      SLICE_X46Y132   Mem_DRAM/U0/synth_options.dist_mem_inst/gen_sp_ram.spram_inst/ram_reg_14848_15103_3_3/RAMS64E_B/CLK
High Pulse Width  Fast    RAMS64E/CLK        n/a            1.250         6.250       5.000      SLICE_X46Y132   Mem_DRAM/U0/synth_options.dist_mem_inst/gen_sp_ram.spram_inst/ram_reg_14848_15103_3_3/RAMS64E_C/CLK
High Pulse Width  Fast    RAMS64E/CLK        n/a            1.250         6.250       5.000      SLICE_X46Y132   Mem_DRAM/U0/synth_options.dist_mem_inst/gen_sp_ram.spram_inst/ram_reg_14848_15103_3_3/RAMS64E_D/CLK
High Pulse Width  Fast    RAMS64E/CLK        n/a            1.250         6.250       5.000      SLICE_X70Y106   Mem_DRAM/U0/synth_options.dist_mem_inst/gen_sp_ram.spram_inst/ram_reg_512_767_31_31/RAMS64E_A/CLK
High Pulse Width  Fast    RAMS64E/CLK        n/a            1.250         6.250       5.000      SLICE_X70Y106   Mem_DRAM/U0/synth_options.dist_mem_inst/gen_sp_ram.spram_inst/ram_reg_512_767_31_31/RAMS64E_B/CLK



---------------------------------------------------------------------------------------------------
From Clock:  clkfbout_cpuclk
  To Clock:  clkfbout_cpuclk

Setup :           NA  Failing Endpoints,  Worst Slack           NA  ,  Total Violation           NA
Hold  :           NA  Failing Endpoints,  Worst Slack           NA  ,  Total Violation           NA
PW    :            0  Failing Endpoints,  Worst Slack        2.633ns,  Total Violation        0.000ns
---------------------------------------------------------------------------------------------------


Pulse Width Checks
--------------------------------------------------------------------------------------
Clock Name:         clkfbout_cpuclk
Waveform(ns):       { 0.000 25.000 }
Period(ns):         50.000
Sources:            { Clkgen/inst/plle2_adv_inst/CLKFBOUT }

Check Type  Corner  Lib Pin             Reference Pin  Required(ns)  Actual(ns)  Slack(ns)  Location        Pin
Min Period  n/a     BUFG/I              n/a            2.155         50.000      47.845     BUFGCTRL_X0Y1   Clkgen/inst/clkf_buf/I
Min Period  n/a     PLLE2_ADV/CLKFBOUT  n/a            1.249         50.000      48.751     PLLE2_ADV_X0Y1  Clkgen/inst/plle2_adv_inst/CLKFBOUT
Min Period  n/a     PLLE2_ADV/CLKFBIN   n/a            1.249         50.000      48.751     PLLE2_ADV_X0Y1  Clkgen/inst/plle2_adv_inst/CLKFBIN
Max Period  n/a     PLLE2_ADV/CLKFBIN   n/a            52.633        50.000      2.633      PLLE2_ADV_X0Y1  Clkgen/inst/plle2_adv_inst/CLKFBIN
Max Period  n/a     PLLE2_ADV/CLKFBOUT  n/a            160.000       50.000      110.000    PLLE2_ADV_X0Y1  Clkgen/inst/plle2_adv_inst/CLKFBOUT



