Copyright 1986-2018 Xilinx, Inc. All Rights Reserved.
--------------------------------------------------------------------------------------------------------------------------------------------------------------------
| Tool Version : Vivado v.2018.3 (win64) Build 2405991 Thu Dec  6 23:38:27 MST 2018
| Date         : Thu Jul 31 18:51:28 2025
| Host         : DESKTOP-91GG7PK running 64-bit major release  (build 9200)
| Command      : report_methodology -file miniRV_SoC_methodology_drc_routed.rpt -pb miniRV_SoC_methodology_drc_routed.pb -rpx miniRV_SoC_methodology_drc_routed.rpx
| Design       : miniRV_SoC
| Device       : xc7a100tfgg484-1
| Speed File   : -1
| Design State : Fully Routed
--------------------------------------------------------------------------------------------------------------------------------------------------------------------

Report Methodology

Table of Contents
-----------------
1. REPORT SUMMARY
2. REPORT DETAILS

1. REPORT SUMMARY
-----------------
            Netlist: netlist
          Floorplan: design_1
      Design limits: <entire design considered>
             Max violations: <unlimited>
             Violations found: 1003
+-----------+----------+--------------------------------------------------------+------------+
| Rule      | Severity | Description                                            | Violations |
+-----------+----------+--------------------------------------------------------+------------+
| TIMING-14 | Warning  | LUT on the clock tree                                  | 1          |
| TIMING-16 | Warning  | Large setup violation                                  | 1000       |
| XDCC-1    | Warning  | Scoped Clock constraint overwritten with the same name | 1          |
| XDCC-7    | Warning  | Scoped Clock constraint overwritten on the same source | 1          |
+-----------+----------+--------------------------------------------------------+------------+

2. REPORT DETAILS
-----------------
TIMING-14#1 Warning
LUT on the clock tree  
The LUT cpu_clk_BUFG_inst_i_1 has been found on the clock tree. Run opt_design to optimize the clock trees, then re-run report_methodology. If LUT(s) are still present in the clock trees, modify the RTL or the synthesis options accordingly to move the clock gating logic to dedicated clock enable resources. Keep in mind that post-opt_design database cannot be used for pin-planning tasks
Related violations: <none>

TIMING-16#1 Warning
Large setup violation  
There is a large setup violation of -1.001 ns between Core_cpu/U_ifetch/pc_module/pc_reg[15]/C (clocked by clk_out1_cpuclk) and Mem_DRAM/U0/synth_options.dist_mem_inst/gen_sp_ram.spram_inst/ram_reg_11008_11263_12_12/RAMS64E_B/I (clocked by clk_out1_cpuclk). Large setup violations at the end of those stages might be difficult to fix during the post-placement implementation flow and could be the result of non-optimal XDC constraints or non-optimal design architecture
Related violations: <none>

TIMING-16#2 Warning
Large setup violation  
There is a large setup violation of -1.002 ns between Core_cpu/U_ifetch/pc_module/pc_reg[15]/C (clocked by clk_out1_cpuclk) and Mem_DRAM/U0/synth_options.dist_mem_inst/gen_sp_ram.spram_inst/ram_reg_11008_11263_12_12/RAMS64E_C/I (clocked by clk_out1_cpuclk). Large setup violations at the end of those stages might be difficult to fix during the post-placement implementation flow and could be the result of non-optimal XDC constraints or non-optimal design architecture
Related violations: <none>

TIMING-16#3 Warning
Large setup violation  
There is a large setup violation of -1.008 ns between Core_cpu/U_ifetch/pc_module/pc_reg[15]/C (clocked by clk_out1_cpuclk) and Mem_DRAM/U0/synth_options.dist_mem_inst/gen_sp_ram.spram_inst/ram_reg_11776_12031_28_28/RAMS64E_B/I (clocked by clk_out1_cpuclk). Large setup violations at the end of those stages might be difficult to fix during the post-placement implementation flow and could be the result of non-optimal XDC constraints or non-optimal design architecture
Related violations: <none>

TIMING-16#4 Warning
Large setup violation  
There is a large setup violation of -1.009 ns between Core_cpu/U_ifetch/pc_module/pc_reg[15]/C (clocked by clk_out1_cpuclk) and Mem_DRAM/U0/synth_options.dist_mem_inst/gen_sp_ram.spram_inst/ram_reg_11776_12031_28_28/RAMS64E_C/I (clocked by clk_out1_cpuclk). Large setup violations at the end of those stages might be difficult to fix during the post-placement implementation flow and could be the result of non-optimal XDC constraints or non-optimal design architecture
Related violations: <none>

TIMING-16#5 Warning
Large setup violation  
There is a large setup violation of -1.017 ns between Core_cpu/U_ifetch/pc_module/pc_reg[15]/C (clocked by clk_out1_cpuclk) and Mem_DRAM/U0/synth_options.dist_mem_inst/gen_sp_ram.spram_inst/ram_reg_1024_1279_14_14/RAMS64E_D/I (clocked by clk_out1_cpuclk). Large setup violations at the end of those stages might be difficult to fix during the post-placement implementation flow and could be the result of non-optimal XDC constraints or non-optimal design architecture
Related violations: <none>

TIMING-16#6 Warning
Large setup violation  
There is a large setup violation of -1.020 ns between Core_cpu/U_ifetch/pc_module/pc_reg[15]/C (clocked by clk_out1_cpuclk) and Mem_DRAM/U0/synth_options.dist_mem_inst/gen_sp_ram.spram_inst/ram_reg_10752_11007_30_30/RAMS64E_B/I (clocked by clk_out1_cpuclk). Large setup violations at the end of those stages might be difficult to fix during the post-placement implementation flow and could be the result of non-optimal XDC constraints or non-optimal design architecture
Related violations: <none>

TIMING-16#7 Warning
Large setup violation  
There is a large setup violation of -1.021 ns between Core_cpu/U_ifetch/pc_module/pc_reg[15]/C (clocked by clk_out1_cpuclk) and Mem_DRAM/U0/synth_options.dist_mem_inst/gen_sp_ram.spram_inst/ram_reg_10752_11007_30_30/RAMS64E_C/I (clocked by clk_out1_cpuclk). Large setup violations at the end of those stages might be difficult to fix during the post-placement implementation flow and could be the result of non-optimal XDC constraints or non-optimal design architecture
Related violations: <none>

TIMING-16#8 Warning
Large setup violation  
There is a large setup violation of -1.030 ns between Core_cpu/U_ifetch/pc_module/pc_reg[15]/C (clocked by clk_out1_cpuclk) and Mem_DRAM/U0/synth_options.dist_mem_inst/gen_sp_ram.spram_inst/ram_reg_10240_10495_12_12/RAMS64E_B/I (clocked by clk_out1_cpuclk). Large setup violations at the end of those stages might be difficult to fix during the post-placement implementation flow and could be the result of non-optimal XDC constraints or non-optimal design architecture
Related violations: <none>

TIMING-16#9 Warning
Large setup violation  
There is a large setup violation of -1.030 ns between Core_cpu/U_ifetch/pc_module/pc_reg[15]/C (clocked by clk_out1_cpuclk) and Mem_DRAM/U0/synth_options.dist_mem_inst/gen_sp_ram.spram_inst/ram_reg_12032_12287_16_16/RAMS64E_B/I (clocked by clk_out1_cpuclk). Large setup violations at the end of those stages might be difficult to fix during the post-placement implementation flow and could be the result of non-optimal XDC constraints or non-optimal design architecture
Related violations: <none>

TIMING-16#10 Warning
Large setup violation  
There is a large setup violation of -1.031 ns between Core_cpu/U_ifetch/pc_module/pc_reg[15]/C (clocked by clk_out1_cpuclk) and Mem_DRAM/U0/synth_options.dist_mem_inst/gen_sp_ram.spram_inst/ram_reg_10240_10495_12_12/RAMS64E_C/I (clocked by clk_out1_cpuclk). Large setup violations at the end of those stages might be difficult to fix during the post-placement implementation flow and could be the result of non-optimal XDC constraints or non-optimal design architecture
Related violations: <none>

TIMING-16#11 Warning
Large setup violation  
There is a large setup violation of -1.031 ns between Core_cpu/U_ifetch/pc_module/pc_reg[15]/C (clocked by clk_out1_cpuclk) and Mem_DRAM/U0/synth_options.dist_mem_inst/gen_sp_ram.spram_inst/ram_reg_12032_12287_16_16/RAMS64E_C/I (clocked by clk_out1_cpuclk). Large setup violations at the end of those stages might be difficult to fix during the post-placement implementation flow and could be the result of non-optimal XDC constraints or non-optimal design architecture
Related violations: <none>

TIMING-16#12 Warning
Large setup violation  
There is a large setup violation of -1.032 ns between Core_cpu/U_ifetch/pc_module/pc_reg[15]/C (clocked by clk_out1_cpuclk) and Mem_DRAM/U0/synth_options.dist_mem_inst/gen_sp_ram.spram_inst/ram_reg_12032_12287_11_11/RAMS64E_D/I (clocked by clk_out1_cpuclk). Large setup violations at the end of those stages might be difficult to fix during the post-placement implementation flow and could be the result of non-optimal XDC constraints or non-optimal design architecture
Related violations: <none>

TIMING-16#13 Warning
Large setup violation  
There is a large setup violation of -1.042 ns between Core_cpu/U_ifetch/pc_module/pc_reg[15]/C (clocked by clk_out1_cpuclk) and Mem_DRAM/U0/synth_options.dist_mem_inst/gen_sp_ram.spram_inst/ram_reg_11008_11263_11_11/RAMS64E_D/I (clocked by clk_out1_cpuclk). Large setup violations at the end of those stages might be difficult to fix during the post-placement implementation flow and could be the result of non-optimal XDC constraints or non-optimal design architecture
Related violations: <none>

TIMING-16#14 Warning
Large setup violation  
There is a large setup violation of -1.062 ns between Core_cpu/U_ifetch/pc_module/pc_reg[15]/C (clocked by clk_out1_cpuclk) and Mem_DRAM/U0/synth_options.dist_mem_inst/gen_sp_ram.spram_inst/ram_reg_11520_11775_4_4/RAMS64E_D/I (clocked by clk_out1_cpuclk). Large setup violations at the end of those stages might be difficult to fix during the post-placement implementation flow and could be the result of non-optimal XDC constraints or non-optimal design architecture
Related violations: <none>

TIMING-16#15 Warning
Large setup violation  
There is a large setup violation of -1.066 ns between Core_cpu/U_ifetch/pc_module/pc_reg[15]/C (clocked by clk_out1_cpuclk) and Mem_DRAM/U0/synth_options.dist_mem_inst/gen_sp_ram.spram_inst/ram_reg_11776_12031_12_12/RAMS64E_D/I (clocked by clk_out1_cpuclk). Large setup violations at the end of those stages might be difficult to fix during the post-placement implementation flow and could be the result of non-optimal XDC constraints or non-optimal design architecture
Related violations: <none>

TIMING-16#16 Warning
Large setup violation  
There is a large setup violation of -1.068 ns between Core_cpu/U_ifetch/pc_module/pc_reg[15]/C (clocked by clk_out1_cpuclk) and Mem_DRAM/U0/synth_options.dist_mem_inst/gen_sp_ram.spram_inst/ram_reg_10240_10495_9_9/RAMS64E_D/I (clocked by clk_out1_cpuclk). Large setup violations at the end of those stages might be difficult to fix during the post-placement implementation flow and could be the result of non-optimal XDC constraints or non-optimal design architecture
Related violations: <none>

TIMING-16#17 Warning
Large setup violation  
There is a large setup violation of -1.069 ns between Core_cpu/U_ifetch/pc_module/pc_reg[15]/C (clocked by clk_out1_cpuclk) and Mem_DRAM/U0/synth_options.dist_mem_inst/gen_sp_ram.spram_inst/ram_reg_11008_11263_10_10/RAMS64E_D/I (clocked by clk_out1_cpuclk). Large setup violations at the end of those stages might be difficult to fix during the post-placement implementation flow and could be the result of non-optimal XDC constraints or non-optimal design architecture
Related violations: <none>

TIMING-16#18 Warning
Large setup violation  
There is a large setup violation of -1.070 ns between Core_cpu/U_ifetch/pc_module/pc_reg[15]/C (clocked by clk_out1_cpuclk) and Mem_DRAM/U0/synth_options.dist_mem_inst/gen_sp_ram.spram_inst/ram_reg_10240_10495_11_11/RAMS64E_B/I (clocked by clk_out1_cpuclk). Large setup violations at the end of those stages might be difficult to fix during the post-placement implementation flow and could be the result of non-optimal XDC constraints or non-optimal design architecture
Related violations: <none>

TIMING-16#19 Warning
Large setup violation  
There is a large setup violation of -1.071 ns between Core_cpu/U_ifetch/pc_module/pc_reg[15]/C (clocked by clk_out1_cpuclk) and Mem_DRAM/U0/synth_options.dist_mem_inst/gen_sp_ram.spram_inst/ram_reg_10240_10495_11_11/RAMS64E_C/I (clocked by clk_out1_cpuclk). Large setup violations at the end of those stages might be difficult to fix during the post-placement implementation flow and could be the result of non-optimal XDC constraints or non-optimal design architecture
Related violations: <none>

TIMING-16#20 Warning
Large setup violation  
There is a large setup violation of -1.076 ns between Core_cpu/U_ifetch/pc_module/pc_reg[15]/C (clocked by clk_out1_cpuclk) and Mem_DRAM/U0/synth_options.dist_mem_inst/gen_sp_ram.spram_inst/ram_reg_11520_11775_9_9/RAMS64E_D/I (clocked by clk_out1_cpuclk). Large setup violations at the end of those stages might be difficult to fix during the post-placement implementation flow and could be the result of non-optimal XDC constraints or non-optimal design architecture
Related violations: <none>

TIMING-16#21 Warning
Large setup violation  
There is a large setup violation of -1.085 ns between Core_cpu/U_ifetch/pc_module/pc_reg[15]/C (clocked by clk_out1_cpuclk) and Mem_DRAM/U0/synth_options.dist_mem_inst/gen_sp_ram.spram_inst/ram_reg_10240_10495_10_10/RAMS64E_D/I (clocked by clk_out1_cpuclk). Large setup violations at the end of those stages might be difficult to fix during the post-placement implementation flow and could be the result of non-optimal XDC constraints or non-optimal design architecture
Related violations: <none>

TIMING-16#22 Warning
Large setup violation  
There is a large setup violation of -1.091 ns between Core_cpu/U_ifetch/pc_module/pc_reg[15]/C (clocked by clk_out1_cpuclk) and Mem_DRAM/U0/synth_options.dist_mem_inst/gen_sp_ram.spram_inst/ram_reg_0_255_19_19/RAMS64E_D/I (clocked by clk_out1_cpuclk). Large setup violations at the end of those stages might be difficult to fix during the post-placement implementation flow and could be the result of non-optimal XDC constraints or non-optimal design architecture
Related violations: <none>

TIMING-16#23 Warning
Large setup violation  
There is a large setup violation of -1.093 ns between Core_cpu/U_ifetch/pc_module/pc_reg[15]/C (clocked by clk_out1_cpuclk) and Mem_DRAM/U0/synth_options.dist_mem_inst/gen_sp_ram.spram_inst/ram_reg_0_255_3_3/RAMS64E_D/I (clocked by clk_out1_cpuclk). Large setup violations at the end of those stages might be difficult to fix during the post-placement implementation flow and could be the result of non-optimal XDC constraints or non-optimal design architecture
Related violations: <none>

TIMING-16#24 Warning
Large setup violation  
There is a large setup violation of -1.093 ns between Core_cpu/U_ifetch/pc_module/pc_reg[15]/C (clocked by clk_out1_cpuclk) and Mem_DRAM/U0/synth_options.dist_mem_inst/gen_sp_ram.spram_inst/ram_reg_12032_12287_14_14/RAMS64E_A/I (clocked by clk_out1_cpuclk). Large setup violations at the end of those stages might be difficult to fix during the post-placement implementation flow and could be the result of non-optimal XDC constraints or non-optimal design architecture
Related violations: <none>

TIMING-16#25 Warning
Large setup violation  
There is a large setup violation of -1.095 ns between Core_cpu/U_ifetch/pc_module/pc_reg[15]/C (clocked by clk_out1_cpuclk) and Mem_DRAM/U0/synth_options.dist_mem_inst/gen_sp_ram.spram_inst/ram_reg_11264_11519_20_20/RAMS64E_D/I (clocked by clk_out1_cpuclk). Large setup violations at the end of those stages might be difficult to fix during the post-placement implementation flow and could be the result of non-optimal XDC constraints or non-optimal design architecture
Related violations: <none>

TIMING-16#26 Warning
Large setup violation  
There is a large setup violation of -1.095 ns between Core_cpu/U_ifetch/pc_module/pc_reg[15]/C (clocked by clk_out1_cpuclk) and Mem_DRAM/U0/synth_options.dist_mem_inst/gen_sp_ram.spram_inst/ram_reg_11776_12031_14_14/RAMS64E_A/I (clocked by clk_out1_cpuclk). Large setup violations at the end of those stages might be difficult to fix during the post-placement implementation flow and could be the result of non-optimal XDC constraints or non-optimal design architecture
Related violations: <none>

TIMING-16#27 Warning
Large setup violation  
There is a large setup violation of -1.101 ns between Core_cpu/U_ifetch/pc_module/pc_reg[15]/C (clocked by clk_out1_cpuclk) and Mem_DRAM/U0/synth_options.dist_mem_inst/gen_sp_ram.spram_inst/ram_reg_10752_11007_11_11/RAMS64E_D/I (clocked by clk_out1_cpuclk). Large setup violations at the end of those stages might be difficult to fix during the post-placement implementation flow and could be the result of non-optimal XDC constraints or non-optimal design architecture
Related violations: <none>

TIMING-16#28 Warning
Large setup violation  
There is a large setup violation of -1.101 ns between Core_cpu/U_ifetch/pc_module/pc_reg[15]/C (clocked by clk_out1_cpuclk) and Mem_DRAM/U0/synth_options.dist_mem_inst/gen_sp_ram.spram_inst/ram_reg_11264_11519_14_14/RAMS64E_A/I (clocked by clk_out1_cpuclk). Large setup violations at the end of those stages might be difficult to fix during the post-placement implementation flow and could be the result of non-optimal XDC constraints or non-optimal design architecture
Related violations: <none>

TIMING-16#29 Warning
Large setup violation  
There is a large setup violation of -1.112 ns between Core_cpu/U_ifetch/pc_module/pc_reg[15]/C (clocked by clk_out1_cpuclk) and Mem_DRAM/U0/synth_options.dist_mem_inst/gen_sp_ram.spram_inst/ram_reg_0_255_14_14/RAMS64E_B/I (clocked by clk_out1_cpuclk). Large setup violations at the end of those stages might be difficult to fix during the post-placement implementation flow and could be the result of non-optimal XDC constraints or non-optimal design architecture
Related violations: <none>

TIMING-16#30 Warning
Large setup violation  
There is a large setup violation of -1.113 ns between Core_cpu/U_ifetch/pc_module/pc_reg[15]/C (clocked by clk_out1_cpuclk) and Mem_DRAM/U0/synth_options.dist_mem_inst/gen_sp_ram.spram_inst/ram_reg_0_255_14_14/RAMS64E_C/I (clocked by clk_out1_cpuclk). Large setup violations at the end of those stages might be difficult to fix during the post-placement implementation flow and could be the result of non-optimal XDC constraints or non-optimal design architecture
Related violations: <none>

TIMING-16#31 Warning
Large setup violation  
There is a large setup violation of -1.114 ns between Core_cpu/U_ifetch/pc_module/pc_reg[15]/C (clocked by clk_out1_cpuclk) and Mem_DRAM/U0/synth_options.dist_mem_inst/gen_sp_ram.spram_inst/ram_reg_11008_11263_16_16/RAMS64E_A/I (clocked by clk_out1_cpuclk). Large setup violations at the end of those stages might be difficult to fix during the post-placement implementation flow and could be the result of non-optimal XDC constraints or non-optimal design architecture
Related violations: <none>

TIMING-16#32 Warning
Large setup violation  
There is a large setup violation of -1.123 ns between Core_cpu/U_ifetch/pc_module/pc_reg[15]/C (clocked by clk_out1_cpuclk) and Mem_DRAM/U0/synth_options.dist_mem_inst/gen_sp_ram.spram_inst/ram_reg_10496_10751_2_2/RAMS64E_A/I (clocked by clk_out1_cpuclk). Large setup violations at the end of those stages might be difficult to fix during the post-placement implementation flow and could be the result of non-optimal XDC constraints or non-optimal design architecture
Related violations: <none>

TIMING-16#33 Warning
Large setup violation  
There is a large setup violation of -1.123 ns between Core_cpu/U_ifetch/pc_module/pc_reg[15]/C (clocked by clk_out1_cpuclk) and Mem_DRAM/U0/synth_options.dist_mem_inst/gen_sp_ram.spram_inst/ram_reg_11008_11263_9_9/RAMS64E_B/I (clocked by clk_out1_cpuclk). Large setup violations at the end of those stages might be difficult to fix during the post-placement implementation flow and could be the result of non-optimal XDC constraints or non-optimal design architecture
Related violations: <none>

TIMING-16#34 Warning
Large setup violation  
There is a large setup violation of -1.124 ns between Core_cpu/U_ifetch/pc_module/pc_reg[15]/C (clocked by clk_out1_cpuclk) and Mem_DRAM/U0/synth_options.dist_mem_inst/gen_sp_ram.spram_inst/ram_reg_11008_11263_9_9/RAMS64E_C/I (clocked by clk_out1_cpuclk). Large setup violations at the end of those stages might be difficult to fix during the post-placement implementation flow and could be the result of non-optimal XDC constraints or non-optimal design architecture
Related violations: <none>

TIMING-16#35 Warning
Large setup violation  
There is a large setup violation of -1.127 ns between Core_cpu/U_ifetch/pc_module/pc_reg[15]/C (clocked by clk_out1_cpuclk) and Mem_DRAM/U0/synth_options.dist_mem_inst/gen_sp_ram.spram_inst/ram_reg_11008_11263_14_14/RAMS64E_D/I (clocked by clk_out1_cpuclk). Large setup violations at the end of those stages might be difficult to fix during the post-placement implementation flow and could be the result of non-optimal XDC constraints or non-optimal design architecture
Related violations: <none>

TIMING-16#36 Warning
Large setup violation  
There is a large setup violation of -1.128 ns between Core_cpu/U_ifetch/pc_module/pc_reg[15]/C (clocked by clk_out1_cpuclk) and Mem_DRAM/U0/synth_options.dist_mem_inst/gen_sp_ram.spram_inst/ram_reg_10496_10751_9_9/RAMS64E_A/I (clocked by clk_out1_cpuclk). Large setup violations at the end of those stages might be difficult to fix during the post-placement implementation flow and could be the result of non-optimal XDC constraints or non-optimal design architecture
Related violations: <none>

TIMING-16#37 Warning
Large setup violation  
There is a large setup violation of -1.141 ns between Core_cpu/U_ifetch/pc_module/pc_reg[15]/C (clocked by clk_out1_cpuclk) and Mem_DRAM/U0/synth_options.dist_mem_inst/gen_sp_ram.spram_inst/ram_reg_0_255_9_9/RAMS64E_D/I (clocked by clk_out1_cpuclk). Large setup violations at the end of those stages might be difficult to fix during the post-placement implementation flow and could be the result of non-optimal XDC constraints or non-optimal design architecture
Related violations: <none>

TIMING-16#38 Warning
Large setup violation  
There is a large setup violation of -1.141 ns between Core_cpu/U_ifetch/pc_module/pc_reg[15]/C (clocked by clk_out1_cpuclk) and Mem_DRAM/U0/synth_options.dist_mem_inst/gen_sp_ram.spram_inst/ram_reg_11520_11775_30_30/RAMS64E_A/I (clocked by clk_out1_cpuclk). Large setup violations at the end of those stages might be difficult to fix during the post-placement implementation flow and could be the result of non-optimal XDC constraints or non-optimal design architecture
Related violations: <none>

TIMING-16#39 Warning
Large setup violation  
There is a large setup violation of -1.144 ns between Core_cpu/U_ifetch/pc_module/pc_reg[15]/C (clocked by clk_out1_cpuclk) and Mem_DRAM/U0/synth_options.dist_mem_inst/gen_sp_ram.spram_inst/ram_reg_11520_11775_11_11/RAMS64E_B/I (clocked by clk_out1_cpuclk). Large setup violations at the end of those stages might be difficult to fix during the post-placement implementation flow and could be the result of non-optimal XDC constraints or non-optimal design architecture
Related violations: <none>

TIMING-16#40 Warning
Large setup violation  
There is a large setup violation of -1.145 ns between Core_cpu/U_ifetch/pc_module/pc_reg[15]/C (clocked by clk_out1_cpuclk) and Mem_DRAM/U0/synth_options.dist_mem_inst/gen_sp_ram.spram_inst/ram_reg_11008_11263_28_28/RAMS64E_B/I (clocked by clk_out1_cpuclk). Large setup violations at the end of those stages might be difficult to fix during the post-placement implementation flow and could be the result of non-optimal XDC constraints or non-optimal design architecture
Related violations: <none>

TIMING-16#41 Warning
Large setup violation  
There is a large setup violation of -1.145 ns between Core_cpu/U_ifetch/pc_module/pc_reg[15]/C (clocked by clk_out1_cpuclk) and Mem_DRAM/U0/synth_options.dist_mem_inst/gen_sp_ram.spram_inst/ram_reg_11520_11775_11_11/RAMS64E_C/I (clocked by clk_out1_cpuclk). Large setup violations at the end of those stages might be difficult to fix during the post-placement implementation flow and could be the result of non-optimal XDC constraints or non-optimal design architecture
Related violations: <none>

TIMING-16#42 Warning
Large setup violation  
There is a large setup violation of -1.146 ns between Core_cpu/U_ifetch/pc_module/pc_reg[15]/C (clocked by clk_out1_cpuclk) and Mem_DRAM/U0/synth_options.dist_mem_inst/gen_sp_ram.spram_inst/ram_reg_11008_11263_28_28/RAMS64E_C/I (clocked by clk_out1_cpuclk). Large setup violations at the end of those stages might be difficult to fix during the post-placement implementation flow and could be the result of non-optimal XDC constraints or non-optimal design architecture
Related violations: <none>

TIMING-16#43 Warning
Large setup violation  
There is a large setup violation of -1.149 ns between Core_cpu/U_ifetch/pc_module/pc_reg[15]/C (clocked by clk_out1_cpuclk) and Mem_DRAM/U0/synth_options.dist_mem_inst/gen_sp_ram.spram_inst/ram_reg_10752_11007_12_12/RAMS64E_A/I (clocked by clk_out1_cpuclk). Large setup violations at the end of those stages might be difficult to fix during the post-placement implementation flow and could be the result of non-optimal XDC constraints or non-optimal design architecture
Related violations: <none>

TIMING-16#44 Warning
Large setup violation  
There is a large setup violation of -1.158 ns between Core_cpu/U_ifetch/pc_module/pc_reg[15]/C (clocked by clk_out1_cpuclk) and Mem_DRAM/U0/synth_options.dist_mem_inst/gen_sp_ram.spram_inst/ram_reg_10752_11007_9_9/RAMS64E_B/I (clocked by clk_out1_cpuclk). Large setup violations at the end of those stages might be difficult to fix during the post-placement implementation flow and could be the result of non-optimal XDC constraints or non-optimal design architecture
Related violations: <none>

TIMING-16#45 Warning
Large setup violation  
There is a large setup violation of -1.159 ns between Core_cpu/U_ifetch/pc_module/pc_reg[15]/C (clocked by clk_out1_cpuclk) and Mem_DRAM/U0/synth_options.dist_mem_inst/gen_sp_ram.spram_inst/ram_reg_10752_11007_9_9/RAMS64E_C/I (clocked by clk_out1_cpuclk). Large setup violations at the end of those stages might be difficult to fix during the post-placement implementation flow and could be the result of non-optimal XDC constraints or non-optimal design architecture
Related violations: <none>

TIMING-16#46 Warning
Large setup violation  
There is a large setup violation of -1.161 ns between Core_cpu/U_ifetch/pc_module/pc_reg[15]/C (clocked by clk_out1_cpuclk) and Mem_DRAM/U0/synth_options.dist_mem_inst/gen_sp_ram.spram_inst/ram_reg_11264_11519_16_16/RAMS64E_A/I (clocked by clk_out1_cpuclk). Large setup violations at the end of those stages might be difficult to fix during the post-placement implementation flow and could be the result of non-optimal XDC constraints or non-optimal design architecture
Related violations: <none>

TIMING-16#47 Warning
Large setup violation  
There is a large setup violation of -1.165 ns between Core_cpu/U_ifetch/pc_module/pc_reg[15]/C (clocked by clk_out1_cpuclk) and Mem_DRAM/U0/synth_options.dist_mem_inst/gen_sp_ram.spram_inst/ram_reg_10752_11007_0_0/RAMS64E_D/I (clocked by clk_out1_cpuclk). Large setup violations at the end of those stages might be difficult to fix during the post-placement implementation flow and could be the result of non-optimal XDC constraints or non-optimal design architecture
Related violations: <none>

TIMING-16#48 Warning
Large setup violation  
There is a large setup violation of -1.167 ns between Core_cpu/U_ifetch/pc_module/pc_reg[15]/C (clocked by clk_out1_cpuclk) and Mem_DRAM/U0/synth_options.dist_mem_inst/gen_sp_ram.spram_inst/ram_reg_11520_11775_28_28/RAMS64E_D/I (clocked by clk_out1_cpuclk). Large setup violations at the end of those stages might be difficult to fix during the post-placement implementation flow and could be the result of non-optimal XDC constraints or non-optimal design architecture
Related violations: <none>

TIMING-16#49 Warning
Large setup violation  
There is a large setup violation of -1.170 ns between Core_cpu/U_ifetch/pc_module/pc_reg[15]/C (clocked by clk_out1_cpuclk) and Mem_DRAM/U0/synth_options.dist_mem_inst/gen_sp_ram.spram_inst/ram_reg_11264_11519_28_28/RAMS64E_B/I (clocked by clk_out1_cpuclk). Large setup violations at the end of those stages might be difficult to fix during the post-placement implementation flow and could be the result of non-optimal XDC constraints or non-optimal design architecture
Related violations: <none>

TIMING-16#50 Warning
Large setup violation  
There is a large setup violation of -1.170 ns between Core_cpu/U_ifetch/pc_module/pc_reg[15]/C (clocked by clk_out1_cpuclk) and Mem_DRAM/U0/synth_options.dist_mem_inst/gen_sp_ram.spram_inst/ram_reg_11776_12031_16_16/RAMS64E_B/I (clocked by clk_out1_cpuclk). Large setup violations at the end of those stages might be difficult to fix during the post-placement implementation flow and could be the result of non-optimal XDC constraints or non-optimal design architecture
Related violations: <none>

TIMING-16#51 Warning
Large setup violation  
There is a large setup violation of -1.171 ns between Core_cpu/U_ifetch/pc_module/pc_reg[15]/C (clocked by clk_out1_cpuclk) and Mem_DRAM/U0/synth_options.dist_mem_inst/gen_sp_ram.spram_inst/ram_reg_11264_11519_28_28/RAMS64E_C/I (clocked by clk_out1_cpuclk). Large setup violations at the end of those stages might be difficult to fix during the post-placement implementation flow and could be the result of non-optimal XDC constraints or non-optimal design architecture
Related violations: <none>

TIMING-16#52 Warning
Large setup violation  
There is a large setup violation of -1.171 ns between Core_cpu/U_ifetch/pc_module/pc_reg[15]/C (clocked by clk_out1_cpuclk) and Mem_DRAM/U0/synth_options.dist_mem_inst/gen_sp_ram.spram_inst/ram_reg_11520_11775_16_16/RAMS64E_B/I (clocked by clk_out1_cpuclk). Large setup violations at the end of those stages might be difficult to fix during the post-placement implementation flow and could be the result of non-optimal XDC constraints or non-optimal design architecture
Related violations: <none>

TIMING-16#53 Warning
Large setup violation  
There is a large setup violation of -1.171 ns between Core_cpu/U_ifetch/pc_module/pc_reg[15]/C (clocked by clk_out1_cpuclk) and Mem_DRAM/U0/synth_options.dist_mem_inst/gen_sp_ram.spram_inst/ram_reg_11776_12031_16_16/RAMS64E_C/I (clocked by clk_out1_cpuclk). Large setup violations at the end of those stages might be difficult to fix during the post-placement implementation flow and could be the result of non-optimal XDC constraints or non-optimal design architecture
Related violations: <none>

TIMING-16#54 Warning
Large setup violation  
There is a large setup violation of -1.172 ns between Core_cpu/U_ifetch/pc_module/pc_reg[15]/C (clocked by clk_out1_cpuclk) and Mem_DRAM/U0/synth_options.dist_mem_inst/gen_sp_ram.spram_inst/ram_reg_11520_11775_16_16/RAMS64E_C/I (clocked by clk_out1_cpuclk). Large setup violations at the end of those stages might be difficult to fix during the post-placement implementation flow and could be the result of non-optimal XDC constraints or non-optimal design architecture
Related violations: <none>

TIMING-16#55 Warning
Large setup violation  
There is a large setup violation of -1.183 ns between Core_cpu/U_ifetch/pc_module/pc_reg[15]/C (clocked by clk_out1_cpuclk) and Mem_DRAM/U0/synth_options.dist_mem_inst/gen_sp_ram.spram_inst/ram_reg_1024_1279_19_19/RAMS64E_B/I (clocked by clk_out1_cpuclk). Large setup violations at the end of those stages might be difficult to fix during the post-placement implementation flow and could be the result of non-optimal XDC constraints or non-optimal design architecture
Related violations: <none>

TIMING-16#56 Warning
Large setup violation  
There is a large setup violation of -1.183 ns between Core_cpu/U_ifetch/pc_module/pc_reg[15]/C (clocked by clk_out1_cpuclk) and Mem_DRAM/U0/synth_options.dist_mem_inst/gen_sp_ram.spram_inst/ram_reg_10752_11007_16_16/RAMS64E_B/I (clocked by clk_out1_cpuclk). Large setup violations at the end of those stages might be difficult to fix during the post-placement implementation flow and could be the result of non-optimal XDC constraints or non-optimal design architecture
Related violations: <none>

TIMING-16#57 Warning
Large setup violation  
There is a large setup violation of -1.184 ns between Core_cpu/U_ifetch/pc_module/pc_reg[15]/C (clocked by clk_out1_cpuclk) and Mem_DRAM/U0/synth_options.dist_mem_inst/gen_sp_ram.spram_inst/ram_reg_1024_1279_19_19/RAMS64E_C/I (clocked by clk_out1_cpuclk). Large setup violations at the end of those stages might be difficult to fix during the post-placement implementation flow and could be the result of non-optimal XDC constraints or non-optimal design architecture
Related violations: <none>

TIMING-16#58 Warning
Large setup violation  
There is a large setup violation of -1.184 ns between Core_cpu/U_ifetch/pc_module/pc_reg[15]/C (clocked by clk_out1_cpuclk) and Mem_DRAM/U0/synth_options.dist_mem_inst/gen_sp_ram.spram_inst/ram_reg_10752_11007_16_16/RAMS64E_C/I (clocked by clk_out1_cpuclk). Large setup violations at the end of those stages might be difficult to fix during the post-placement implementation flow and could be the result of non-optimal XDC constraints or non-optimal design architecture
Related violations: <none>

TIMING-16#59 Warning
Large setup violation  
There is a large setup violation of -1.206 ns between Core_cpu/U_ifetch/pc_module/pc_reg[15]/C (clocked by clk_out1_cpuclk) and Mem_DRAM/U0/synth_options.dist_mem_inst/gen_sp_ram.spram_inst/ram_reg_1024_1279_16_16/RAMS64E_B/I (clocked by clk_out1_cpuclk). Large setup violations at the end of those stages might be difficult to fix during the post-placement implementation flow and could be the result of non-optimal XDC constraints or non-optimal design architecture
Related violations: <none>

TIMING-16#60 Warning
Large setup violation  
There is a large setup violation of -1.207 ns between Core_cpu/U_ifetch/pc_module/pc_reg[15]/C (clocked by clk_out1_cpuclk) and Mem_DRAM/U0/synth_options.dist_mem_inst/gen_sp_ram.spram_inst/ram_reg_1024_1279_16_16/RAMS64E_C/I (clocked by clk_out1_cpuclk). Large setup violations at the end of those stages might be difficult to fix during the post-placement implementation flow and could be the result of non-optimal XDC constraints or non-optimal design architecture
Related violations: <none>

TIMING-16#61 Warning
Large setup violation  
There is a large setup violation of -1.207 ns between Core_cpu/U_ifetch/pc_module/pc_reg[15]/C (clocked by clk_out1_cpuclk) and Mem_DRAM/U0/synth_options.dist_mem_inst/gen_sp_ram.spram_inst/ram_reg_10496_10751_12_12/RAMS64E_D/I (clocked by clk_out1_cpuclk). Large setup violations at the end of those stages might be difficult to fix during the post-placement implementation flow and could be the result of non-optimal XDC constraints or non-optimal design architecture
Related violations: <none>

TIMING-16#62 Warning
Large setup violation  
There is a large setup violation of -1.209 ns between Core_cpu/U_ifetch/pc_module/pc_reg[15]/C (clocked by clk_out1_cpuclk) and Mem_DRAM/U0/synth_options.dist_mem_inst/gen_sp_ram.spram_inst/ram_reg_11520_11775_3_3/RAMS64E_B/I (clocked by clk_out1_cpuclk). Large setup violations at the end of those stages might be difficult to fix during the post-placement implementation flow and could be the result of non-optimal XDC constraints or non-optimal design architecture
Related violations: <none>

TIMING-16#63 Warning
Large setup violation  
There is a large setup violation of -1.210 ns between Core_cpu/U_ifetch/pc_module/pc_reg[15]/C (clocked by clk_out1_cpuclk) and Mem_DRAM/U0/synth_options.dist_mem_inst/gen_sp_ram.spram_inst/ram_reg_11520_11775_3_3/RAMS64E_C/I (clocked by clk_out1_cpuclk). Large setup violations at the end of those stages might be difficult to fix during the post-placement implementation flow and could be the result of non-optimal XDC constraints or non-optimal design architecture
Related violations: <none>

TIMING-16#64 Warning
Large setup violation  
There is a large setup violation of -1.232 ns between Core_cpu/U_ifetch/pc_module/pc_reg[15]/C (clocked by clk_out1_cpuclk) and Mem_DRAM/U0/synth_options.dist_mem_inst/gen_sp_ram.spram_inst/ram_reg_0_255_16_16/RAMS64E_B/I (clocked by clk_out1_cpuclk). Large setup violations at the end of those stages might be difficult to fix during the post-placement implementation flow and could be the result of non-optimal XDC constraints or non-optimal design architecture
Related violations: <none>

TIMING-16#65 Warning
Large setup violation  
There is a large setup violation of -1.233 ns between Core_cpu/U_ifetch/pc_module/pc_reg[15]/C (clocked by clk_out1_cpuclk) and Mem_DRAM/U0/synth_options.dist_mem_inst/gen_sp_ram.spram_inst/ram_reg_0_255_16_16/RAMS64E_C/I (clocked by clk_out1_cpuclk). Large setup violations at the end of those stages might be difficult to fix during the post-placement implementation flow and could be the result of non-optimal XDC constraints or non-optimal design architecture
Related violations: <none>

TIMING-16#66 Warning
Large setup violation  
There is a large setup violation of -1.236 ns between Core_cpu/U_ifetch/pc_module/pc_reg[15]/C (clocked by clk_out1_cpuclk) and Mem_DRAM/U0/synth_options.dist_mem_inst/gen_sp_ram.spram_inst/ram_reg_11776_12031_4_4/RAMS64E_D/I (clocked by clk_out1_cpuclk). Large setup violations at the end of those stages might be difficult to fix during the post-placement implementation flow and could be the result of non-optimal XDC constraints or non-optimal design architecture
Related violations: <none>

TIMING-16#67 Warning
Large setup violation  
There is a large setup violation of -1.237 ns between Core_cpu/U_ifetch/pc_module/pc_reg[15]/C (clocked by clk_out1_cpuclk) and Mem_DRAM/U0/synth_options.dist_mem_inst/gen_sp_ram.spram_inst/ram_reg_11264_11519_3_3/RAMS64E_D/I (clocked by clk_out1_cpuclk). Large setup violations at the end of those stages might be difficult to fix during the post-placement implementation flow and could be the result of non-optimal XDC constraints or non-optimal design architecture
Related violations: <none>

TIMING-16#68 Warning
Large setup violation  
There is a large setup violation of -1.238 ns between Core_cpu/U_ifetch/pc_module/pc_reg[15]/C (clocked by clk_out1_cpuclk) and Mem_DRAM/U0/synth_options.dist_mem_inst/gen_sp_ram.spram_inst/ram_reg_11776_12031_9_9/RAMS64E_D/I (clocked by clk_out1_cpuclk). Large setup violations at the end of those stages might be difficult to fix during the post-placement implementation flow and could be the result of non-optimal XDC constraints or non-optimal design architecture
Related violations: <none>

TIMING-16#69 Warning
Large setup violation  
There is a large setup violation of -1.242 ns between Core_cpu/U_ifetch/pc_module/pc_reg[15]/C (clocked by clk_out1_cpuclk) and Mem_DRAM/U0/synth_options.dist_mem_inst/gen_sp_ram.spram_inst/ram_reg_11776_12031_11_11/RAMS64E_D/I (clocked by clk_out1_cpuclk). Large setup violations at the end of those stages might be difficult to fix during the post-placement implementation flow and could be the result of non-optimal XDC constraints or non-optimal design architecture
Related violations: <none>

TIMING-16#70 Warning
Large setup violation  
There is a large setup violation of -1.243 ns between Core_cpu/U_ifetch/pc_module/pc_reg[15]/C (clocked by clk_out1_cpuclk) and Mem_DRAM/U0/synth_options.dist_mem_inst/gen_sp_ram.spram_inst/ram_reg_10496_10751_14_14/RAMS64E_D/I (clocked by clk_out1_cpuclk). Large setup violations at the end of those stages might be difficult to fix during the post-placement implementation flow and could be the result of non-optimal XDC constraints or non-optimal design architecture
Related violations: <none>

TIMING-16#71 Warning
Large setup violation  
There is a large setup violation of -1.250 ns between Core_cpu/U_ifetch/pc_module/pc_reg[15]/C (clocked by clk_out1_cpuclk) and Mem_DRAM/U0/synth_options.dist_mem_inst/gen_sp_ram.spram_inst/ram_reg_1024_1279_20_20/RAMS64E_D/I (clocked by clk_out1_cpuclk). Large setup violations at the end of those stages might be difficult to fix during the post-placement implementation flow and could be the result of non-optimal XDC constraints or non-optimal design architecture
Related violations: <none>

TIMING-16#72 Warning
Large setup violation  
There is a large setup violation of -1.258 ns between Core_cpu/U_ifetch/pc_module/pc_reg[15]/C (clocked by clk_out1_cpuclk) and Mem_DRAM/U0/synth_options.dist_mem_inst/gen_sp_ram.spram_inst/ram_reg_10496_10751_28_28/RAMS64E_A/I (clocked by clk_out1_cpuclk). Large setup violations at the end of those stages might be difficult to fix during the post-placement implementation flow and could be the result of non-optimal XDC constraints or non-optimal design architecture
Related violations: <none>

TIMING-16#73 Warning
Large setup violation  
There is a large setup violation of -1.261 ns between Core_cpu/U_ifetch/pc_module/pc_reg[15]/C (clocked by clk_out1_cpuclk) and Mem_DRAM/U0/synth_options.dist_mem_inst/gen_sp_ram.spram_inst/ram_reg_10240_10495_14_14/RAMS64E_A/I (clocked by clk_out1_cpuclk). Large setup violations at the end of those stages might be difficult to fix during the post-placement implementation flow and could be the result of non-optimal XDC constraints or non-optimal design architecture
Related violations: <none>

TIMING-16#74 Warning
Large setup violation  
There is a large setup violation of -1.270 ns between Core_cpu/U_ifetch/pc_module/pc_reg[15]/C (clocked by clk_out1_cpuclk) and Mem_DRAM/U0/synth_options.dist_mem_inst/gen_sp_ram.spram_inst/ram_reg_1024_1279_14_14/RAMS64E_B/I (clocked by clk_out1_cpuclk). Large setup violations at the end of those stages might be difficult to fix during the post-placement implementation flow and could be the result of non-optimal XDC constraints or non-optimal design architecture
Related violations: <none>

TIMING-16#75 Warning
Large setup violation  
There is a large setup violation of -1.271 ns between Core_cpu/U_ifetch/pc_module/pc_reg[15]/C (clocked by clk_out1_cpuclk) and Mem_DRAM/U0/synth_options.dist_mem_inst/gen_sp_ram.spram_inst/ram_reg_1024_1279_14_14/RAMS64E_C/I (clocked by clk_out1_cpuclk). Large setup violations at the end of those stages might be difficult to fix during the post-placement implementation flow and could be the result of non-optimal XDC constraints or non-optimal design architecture
Related violations: <none>

TIMING-16#76 Warning
Large setup violation  
There is a large setup violation of -1.282 ns between Core_cpu/U_ifetch/pc_module/pc_reg[15]/C (clocked by clk_out1_cpuclk) and Mem_DRAM/U0/synth_options.dist_mem_inst/gen_sp_ram.spram_inst/ram_reg_10496_10751_11_11/RAMS64E_A/I (clocked by clk_out1_cpuclk). Large setup violations at the end of those stages might be difficult to fix during the post-placement implementation flow and could be the result of non-optimal XDC constraints or non-optimal design architecture
Related violations: <none>

TIMING-16#77 Warning
Large setup violation  
There is a large setup violation of -1.285 ns between Core_cpu/U_ifetch/pc_module/pc_reg[15]/C (clocked by clk_out1_cpuclk) and Mem_DRAM/U0/synth_options.dist_mem_inst/gen_sp_ram.spram_inst/ram_reg_12032_12287_11_11/RAMS64E_B/I (clocked by clk_out1_cpuclk). Large setup violations at the end of those stages might be difficult to fix during the post-placement implementation flow and could be the result of non-optimal XDC constraints or non-optimal design architecture
Related violations: <none>

TIMING-16#78 Warning
Large setup violation  
There is a large setup violation of -1.286 ns between Core_cpu/U_ifetch/pc_module/pc_reg[15]/C (clocked by clk_out1_cpuclk) and Mem_DRAM/U0/synth_options.dist_mem_inst/gen_sp_ram.spram_inst/ram_reg_12032_12287_11_11/RAMS64E_C/I (clocked by clk_out1_cpuclk). Large setup violations at the end of those stages might be difficult to fix during the post-placement implementation flow and could be the result of non-optimal XDC constraints or non-optimal design architecture
Related violations: <none>

TIMING-16#79 Warning
Large setup violation  
There is a large setup violation of -1.288 ns between Core_cpu/U_ifetch/pc_module/pc_reg[15]/C (clocked by clk_out1_cpuclk) and Mem_DRAM/U0/synth_options.dist_mem_inst/gen_sp_ram.spram_inst/ram_reg_11520_11775_14_14/RAMS64E_D/I (clocked by clk_out1_cpuclk). Large setup violations at the end of those stages might be difficult to fix during the post-placement implementation flow and could be the result of non-optimal XDC constraints or non-optimal design architecture
Related violations: <none>

TIMING-16#80 Warning
Large setup violation  
There is a large setup violation of -1.289 ns between Core_cpu/U_ifetch/pc_module/pc_reg[15]/C (clocked by clk_out1_cpuclk) and Mem_DRAM/U0/synth_options.dist_mem_inst/gen_sp_ram.spram_inst/ram_reg_11008_11263_12_12/RAMS64E_A/I (clocked by clk_out1_cpuclk). Large setup violations at the end of those stages might be difficult to fix during the post-placement implementation flow and could be the result of non-optimal XDC constraints or non-optimal design architecture
Related violations: <none>

TIMING-16#81 Warning
Large setup violation  
There is a large setup violation of -1.290 ns between Core_cpu/U_ifetch/pc_module/pc_reg[15]/C (clocked by clk_out1_cpuclk) and Mem_DRAM/U0/synth_options.dist_mem_inst/gen_sp_ram.spram_inst/ram_reg_1024_1279_9_9/RAMS64E_D/I (clocked by clk_out1_cpuclk). Large setup violations at the end of those stages might be difficult to fix during the post-placement implementation flow and could be the result of non-optimal XDC constraints or non-optimal design architecture
Related violations: <none>

TIMING-16#82 Warning
Large setup violation  
There is a large setup violation of -1.295 ns between Core_cpu/U_ifetch/pc_module/pc_reg[15]/C (clocked by clk_out1_cpuclk) and Mem_DRAM/U0/synth_options.dist_mem_inst/gen_sp_ram.spram_inst/ram_reg_11008_11263_11_11/RAMS64E_B/I (clocked by clk_out1_cpuclk). Large setup violations at the end of those stages might be difficult to fix during the post-placement implementation flow and could be the result of non-optimal XDC constraints or non-optimal design architecture
Related violations: <none>

TIMING-16#83 Warning
Large setup violation  
There is a large setup violation of -1.296 ns between Core_cpu/U_ifetch/pc_module/pc_reg[15]/C (clocked by clk_out1_cpuclk) and Mem_DRAM/U0/synth_options.dist_mem_inst/gen_sp_ram.spram_inst/ram_reg_11008_11263_11_11/RAMS64E_C/I (clocked by clk_out1_cpuclk). Large setup violations at the end of those stages might be difficult to fix during the post-placement implementation flow and could be the result of non-optimal XDC constraints or non-optimal design architecture
Related violations: <none>

TIMING-16#84 Warning
Large setup violation  
There is a large setup violation of -1.296 ns between Core_cpu/U_ifetch/pc_module/pc_reg[15]/C (clocked by clk_out1_cpuclk) and Mem_DRAM/U0/synth_options.dist_mem_inst/gen_sp_ram.spram_inst/ram_reg_11776_12031_28_28/RAMS64E_A/I (clocked by clk_out1_cpuclk). Large setup violations at the end of those stages might be difficult to fix during the post-placement implementation flow and could be the result of non-optimal XDC constraints or non-optimal design architecture
Related violations: <none>

TIMING-16#85 Warning
Large setup violation  
There is a large setup violation of -1.308 ns between Core_cpu/U_ifetch/pc_module/pc_reg[15]/C (clocked by clk_out1_cpuclk) and Mem_DRAM/U0/synth_options.dist_mem_inst/gen_sp_ram.spram_inst/ram_reg_10752_11007_30_30/RAMS64E_A/I (clocked by clk_out1_cpuclk). Large setup violations at the end of those stages might be difficult to fix during the post-placement implementation flow and could be the result of non-optimal XDC constraints or non-optimal design architecture
Related violations: <none>

TIMING-16#86 Warning
Large setup violation  
There is a large setup violation of -1.312 ns between Core_cpu/U_ifetch/pc_module/pc_reg[15]/C (clocked by clk_out1_cpuclk) and Mem_DRAM/U0/synth_options.dist_mem_inst/gen_sp_ram.spram_inst/ram_reg_11520_11775_20_20/RAMS64E_D/I (clocked by clk_out1_cpuclk). Large setup violations at the end of those stages might be difficult to fix during the post-placement implementation flow and could be the result of non-optimal XDC constraints or non-optimal design architecture
Related violations: <none>

TIMING-16#87 Warning
Large setup violation  
There is a large setup violation of -1.315 ns between Core_cpu/U_ifetch/pc_module/pc_reg[15]/C (clocked by clk_out1_cpuclk) and Mem_DRAM/U0/synth_options.dist_mem_inst/gen_sp_ram.spram_inst/ram_reg_11520_11775_4_4/RAMS64E_B/I (clocked by clk_out1_cpuclk). Large setup violations at the end of those stages might be difficult to fix during the post-placement implementation flow and could be the result of non-optimal XDC constraints or non-optimal design architecture
Related violations: <none>

TIMING-16#88 Warning
Large setup violation  
There is a large setup violation of -1.316 ns between Core_cpu/U_ifetch/pc_module/pc_reg[15]/C (clocked by clk_out1_cpuclk) and Mem_DRAM/U0/synth_options.dist_mem_inst/gen_sp_ram.spram_inst/ram_reg_11520_11775_4_4/RAMS64E_C/I (clocked by clk_out1_cpuclk). Large setup violations at the end of those stages might be difficult to fix during the post-placement implementation flow and could be the result of non-optimal XDC constraints or non-optimal design architecture
Related violations: <none>

TIMING-16#89 Warning
Large setup violation  
There is a large setup violation of -1.318 ns between Core_cpu/U_ifetch/pc_module/pc_reg[15]/C (clocked by clk_out1_cpuclk) and Mem_DRAM/U0/synth_options.dist_mem_inst/gen_sp_ram.spram_inst/ram_reg_10240_10495_12_12/RAMS64E_A/I (clocked by clk_out1_cpuclk). Large setup violations at the end of those stages might be difficult to fix during the post-placement implementation flow and could be the result of non-optimal XDC constraints or non-optimal design architecture
Related violations: <none>

TIMING-16#90 Warning
Large setup violation  
There is a large setup violation of -1.318 ns between Core_cpu/U_ifetch/pc_module/pc_reg[15]/C (clocked by clk_out1_cpuclk) and Mem_DRAM/U0/synth_options.dist_mem_inst/gen_sp_ram.spram_inst/ram_reg_12032_12287_16_16/RAMS64E_A/I (clocked by clk_out1_cpuclk). Large setup violations at the end of those stages might be difficult to fix during the post-placement implementation flow and could be the result of non-optimal XDC constraints or non-optimal design architecture
Related violations: <none>

TIMING-16#91 Warning
Large setup violation  
There is a large setup violation of -1.319 ns between Core_cpu/U_ifetch/pc_module/pc_reg[15]/C (clocked by clk_out1_cpuclk) and Mem_DRAM/U0/synth_options.dist_mem_inst/gen_sp_ram.spram_inst/ram_reg_11776_12031_12_12/RAMS64E_B/I (clocked by clk_out1_cpuclk). Large setup violations at the end of those stages might be difficult to fix during the post-placement implementation flow and could be the result of non-optimal XDC constraints or non-optimal design architecture
Related violations: <none>

TIMING-16#92 Warning
Large setup violation  
There is a large setup violation of -1.320 ns between Core_cpu/U_ifetch/pc_module/pc_reg[15]/C (clocked by clk_out1_cpuclk) and Mem_DRAM/U0/synth_options.dist_mem_inst/gen_sp_ram.spram_inst/ram_reg_11776_12031_12_12/RAMS64E_C/I (clocked by clk_out1_cpuclk). Large setup violations at the end of those stages might be difficult to fix during the post-placement implementation flow and could be the result of non-optimal XDC constraints or non-optimal design architecture
Related violations: <none>

TIMING-16#93 Warning
Large setup violation  
There is a large setup violation of -1.321 ns between Core_cpu/U_ifetch/pc_module/pc_reg[15]/C (clocked by clk_out1_cpuclk) and Mem_DRAM/U0/synth_options.dist_mem_inst/gen_sp_ram.spram_inst/ram_reg_10240_10495_9_9/RAMS64E_B/I (clocked by clk_out1_cpuclk). Large setup violations at the end of those stages might be difficult to fix during the post-placement implementation flow and could be the result of non-optimal XDC constraints or non-optimal design architecture
Related violations: <none>

TIMING-16#94 Warning
Large setup violation  
There is a large setup violation of -1.322 ns between Core_cpu/U_ifetch/pc_module/pc_reg[15]/C (clocked by clk_out1_cpuclk) and Mem_DRAM/U0/synth_options.dist_mem_inst/gen_sp_ram.spram_inst/ram_reg_10240_10495_9_9/RAMS64E_C/I (clocked by clk_out1_cpuclk). Large setup violations at the end of those stages might be difficult to fix during the post-placement implementation flow and could be the result of non-optimal XDC constraints or non-optimal design architecture
Related violations: <none>

TIMING-16#95 Warning
Large setup violation  
There is a large setup violation of -1.322 ns between Core_cpu/U_ifetch/pc_module/pc_reg[15]/C (clocked by clk_out1_cpuclk) and Mem_DRAM/U0/synth_options.dist_mem_inst/gen_sp_ram.spram_inst/ram_reg_11008_11263_10_10/RAMS64E_B/I (clocked by clk_out1_cpuclk). Large setup violations at the end of those stages might be difficult to fix during the post-placement implementation flow and could be the result of non-optimal XDC constraints or non-optimal design architecture
Related violations: <none>

TIMING-16#96 Warning
Large setup violation  
There is a large setup violation of -1.323 ns between Core_cpu/U_ifetch/pc_module/pc_reg[15]/C (clocked by clk_out1_cpuclk) and Mem_DRAM/U0/synth_options.dist_mem_inst/gen_sp_ram.spram_inst/ram_reg_11008_11263_10_10/RAMS64E_C/I (clocked by clk_out1_cpuclk). Large setup violations at the end of those stages might be difficult to fix during the post-placement implementation flow and could be the result of non-optimal XDC constraints or non-optimal design architecture
Related violations: <none>

TIMING-16#97 Warning
Large setup violation  
There is a large setup violation of -1.329 ns between Core_cpu/U_ifetch/pc_module/pc_reg[15]/C (clocked by clk_out1_cpuclk) and Mem_DRAM/U0/synth_options.dist_mem_inst/gen_sp_ram.spram_inst/ram_reg_11520_11775_9_9/RAMS64E_B/I (clocked by clk_out1_cpuclk). Large setup violations at the end of those stages might be difficult to fix during the post-placement implementation flow and could be the result of non-optimal XDC constraints or non-optimal design architecture
Related violations: <none>

TIMING-16#98 Warning
Large setup violation  
There is a large setup violation of -1.330 ns between Core_cpu/U_ifetch/pc_module/pc_reg[15]/C (clocked by clk_out1_cpuclk) and Mem_DRAM/U0/synth_options.dist_mem_inst/gen_sp_ram.spram_inst/ram_reg_11520_11775_9_9/RAMS64E_C/I (clocked by clk_out1_cpuclk). Large setup violations at the end of those stages might be difficult to fix during the post-placement implementation flow and could be the result of non-optimal XDC constraints or non-optimal design architecture
Related violations: <none>

TIMING-16#99 Warning
Large setup violation  
There is a large setup violation of -1.338 ns between Core_cpu/U_ifetch/pc_module/pc_reg[15]/C (clocked by clk_out1_cpuclk) and Mem_DRAM/U0/synth_options.dist_mem_inst/gen_sp_ram.spram_inst/ram_reg_10240_10495_10_10/RAMS64E_B/I (clocked by clk_out1_cpuclk). Large setup violations at the end of those stages might be difficult to fix during the post-placement implementation flow and could be the result of non-optimal XDC constraints or non-optimal design architecture
Related violations: <none>

TIMING-16#100 Warning
Large setup violation  
There is a large setup violation of -1.339 ns between Core_cpu/U_ifetch/pc_module/pc_reg[15]/C (clocked by clk_out1_cpuclk) and Mem_DRAM/U0/synth_options.dist_mem_inst/gen_sp_ram.spram_inst/ram_reg_10240_10495_10_10/RAMS64E_C/I (clocked by clk_out1_cpuclk). Large setup violations at the end of those stages might be difficult to fix during the post-placement implementation flow and could be the result of non-optimal XDC constraints or non-optimal design architecture
Related violations: <none>

TIMING-16#101 Warning
Large setup violation  
There is a large setup violation of -1.344 ns between Core_cpu/U_ifetch/pc_module/pc_reg[15]/C (clocked by clk_out1_cpuclk) and Mem_DRAM/U0/synth_options.dist_mem_inst/gen_sp_ram.spram_inst/ram_reg_0_255_19_19/RAMS64E_B/I (clocked by clk_out1_cpuclk). Large setup violations at the end of those stages might be difficult to fix during the post-placement implementation flow and could be the result of non-optimal XDC constraints or non-optimal design architecture
Related violations: <none>

TIMING-16#102 Warning
Large setup violation  
There is a large setup violation of -1.345 ns between Core_cpu/U_ifetch/pc_module/pc_reg[15]/C (clocked by clk_out1_cpuclk) and Mem_DRAM/U0/synth_options.dist_mem_inst/gen_sp_ram.spram_inst/ram_reg_0_255_19_19/RAMS64E_C/I (clocked by clk_out1_cpuclk). Large setup violations at the end of those stages might be difficult to fix during the post-placement implementation flow and could be the result of non-optimal XDC constraints or non-optimal design architecture
Related violations: <none>

TIMING-16#103 Warning
Large setup violation  
There is a large setup violation of -1.346 ns between Core_cpu/U_ifetch/pc_module/pc_reg[15]/C (clocked by clk_out1_cpuclk) and Mem_DRAM/U0/synth_options.dist_mem_inst/gen_sp_ram.spram_inst/ram_reg_0_255_3_3/RAMS64E_B/I (clocked by clk_out1_cpuclk). Large setup violations at the end of those stages might be difficult to fix during the post-placement implementation flow and could be the result of non-optimal XDC constraints or non-optimal design architecture
Related violations: <none>

TIMING-16#104 Warning
Large setup violation  
There is a large setup violation of -1.347 ns between Core_cpu/U_ifetch/pc_module/pc_reg[15]/C (clocked by clk_out1_cpuclk) and Mem_DRAM/U0/synth_options.dist_mem_inst/gen_sp_ram.spram_inst/ram_reg_0_255_3_3/RAMS64E_C/I (clocked by clk_out1_cpuclk). Large setup violations at the end of those stages might be difficult to fix during the post-placement implementation flow and could be the result of non-optimal XDC constraints or non-optimal design architecture
Related violations: <none>

TIMING-16#105 Warning
Large setup violation  
There is a large setup violation of -1.348 ns between Core_cpu/U_ifetch/pc_module/pc_reg[15]/C (clocked by clk_out1_cpuclk) and Mem_DRAM/U0/synth_options.dist_mem_inst/gen_sp_ram.spram_inst/ram_reg_11264_11519_20_20/RAMS64E_B/I (clocked by clk_out1_cpuclk). Large setup violations at the end of those stages might be difficult to fix during the post-placement implementation flow and could be the result of non-optimal XDC constraints or non-optimal design architecture
Related violations: <none>

TIMING-16#106 Warning
Large setup violation  
There is a large setup violation of -1.349 ns between Core_cpu/U_ifetch/pc_module/pc_reg[15]/C (clocked by clk_out1_cpuclk) and Mem_DRAM/U0/synth_options.dist_mem_inst/gen_sp_ram.spram_inst/ram_reg_11264_11519_20_20/RAMS64E_C/I (clocked by clk_out1_cpuclk). Large setup violations at the end of those stages might be difficult to fix during the post-placement implementation flow and could be the result of non-optimal XDC constraints or non-optimal design architecture
Related violations: <none>

TIMING-16#107 Warning
Large setup violation  
There is a large setup violation of -1.354 ns between Core_cpu/U_ifetch/pc_module/pc_reg[15]/C (clocked by clk_out1_cpuclk) and Mem_DRAM/U0/synth_options.dist_mem_inst/gen_sp_ram.spram_inst/ram_reg_10752_11007_11_11/RAMS64E_B/I (clocked by clk_out1_cpuclk). Large setup violations at the end of those stages might be difficult to fix during the post-placement implementation flow and could be the result of non-optimal XDC constraints or non-optimal design architecture
Related violations: <none>

TIMING-16#108 Warning
Large setup violation  
There is a large setup violation of -1.355 ns between Core_cpu/U_ifetch/pc_module/pc_reg[15]/C (clocked by clk_out1_cpuclk) and Mem_DRAM/U0/synth_options.dist_mem_inst/gen_sp_ram.spram_inst/ram_reg_10752_11007_11_11/RAMS64E_C/I (clocked by clk_out1_cpuclk). Large setup violations at the end of those stages might be difficult to fix during the post-placement implementation flow and could be the result of non-optimal XDC constraints or non-optimal design architecture
Related violations: <none>

TIMING-16#109 Warning
Large setup violation  
There is a large setup violation of -1.358 ns between Core_cpu/U_ifetch/pc_module/pc_reg[15]/C (clocked by clk_out1_cpuclk) and Mem_DRAM/U0/synth_options.dist_mem_inst/gen_sp_ram.spram_inst/ram_reg_10240_10495_11_11/RAMS64E_A/I (clocked by clk_out1_cpuclk). Large setup violations at the end of those stages might be difficult to fix during the post-placement implementation flow and could be the result of non-optimal XDC constraints or non-optimal design architecture
Related violations: <none>

TIMING-16#110 Warning
Large setup violation  
There is a large setup violation of -1.380 ns between Core_cpu/U_ifetch/pc_module/pc_reg[15]/C (clocked by clk_out1_cpuclk) and Mem_DRAM/U0/synth_options.dist_mem_inst/gen_sp_ram.spram_inst/ram_reg_11008_11263_14_14/RAMS64E_B/I (clocked by clk_out1_cpuclk). Large setup violations at the end of those stages might be difficult to fix during the post-placement implementation flow and could be the result of non-optimal XDC constraints or non-optimal design architecture
Related violations: <none>

TIMING-16#111 Warning
Large setup violation  
There is a large setup violation of -1.381 ns between Core_cpu/U_ifetch/pc_module/pc_reg[15]/C (clocked by clk_out1_cpuclk) and Mem_DRAM/U0/synth_options.dist_mem_inst/gen_sp_ram.spram_inst/ram_reg_11008_11263_14_14/RAMS64E_C/I (clocked by clk_out1_cpuclk). Large setup violations at the end of those stages might be difficult to fix during the post-placement implementation flow and could be the result of non-optimal XDC constraints or non-optimal design architecture
Related violations: <none>

TIMING-16#112 Warning
Large setup violation  
There is a large setup violation of -1.394 ns between Core_cpu/U_ifetch/pc_module/pc_reg[15]/C (clocked by clk_out1_cpuclk) and Mem_DRAM/U0/synth_options.dist_mem_inst/gen_sp_ram.spram_inst/ram_reg_0_255_9_9/RAMS64E_B/I (clocked by clk_out1_cpuclk). Large setup violations at the end of those stages might be difficult to fix during the post-placement implementation flow and could be the result of non-optimal XDC constraints or non-optimal design architecture
Related violations: <none>

TIMING-16#113 Warning
Large setup violation  
There is a large setup violation of -1.395 ns between Core_cpu/U_ifetch/pc_module/pc_reg[15]/C (clocked by clk_out1_cpuclk) and Mem_DRAM/U0/synth_options.dist_mem_inst/gen_sp_ram.spram_inst/ram_reg_0_255_9_9/RAMS64E_C/I (clocked by clk_out1_cpuclk). Large setup violations at the end of those stages might be difficult to fix during the post-placement implementation flow and could be the result of non-optimal XDC constraints or non-optimal design architecture
Related violations: <none>

TIMING-16#114 Warning
Large setup violation  
There is a large setup violation of -1.400 ns between Core_cpu/U_ifetch/pc_module/pc_reg[15]/C (clocked by clk_out1_cpuclk) and Mem_DRAM/U0/synth_options.dist_mem_inst/gen_sp_ram.spram_inst/ram_reg_0_255_14_14/RAMS64E_A/I (clocked by clk_out1_cpuclk). Large setup violations at the end of those stages might be difficult to fix during the post-placement implementation flow and could be the result of non-optimal XDC constraints or non-optimal design architecture
Related violations: <none>

TIMING-16#115 Warning
Large setup violation  
There is a large setup violation of -1.411 ns between Core_cpu/U_ifetch/pc_module/pc_reg[15]/C (clocked by clk_out1_cpuclk) and Mem_DRAM/U0/synth_options.dist_mem_inst/gen_sp_ram.spram_inst/ram_reg_11008_11263_9_9/RAMS64E_A/I (clocked by clk_out1_cpuclk). Large setup violations at the end of those stages might be difficult to fix during the post-placement implementation flow and could be the result of non-optimal XDC constraints or non-optimal design architecture
Related violations: <none>

TIMING-16#116 Warning
Large setup violation  
There is a large setup violation of -1.418 ns between Core_cpu/U_ifetch/pc_module/pc_reg[15]/C (clocked by clk_out1_cpuclk) and Mem_DRAM/U0/synth_options.dist_mem_inst/gen_sp_ram.spram_inst/ram_reg_10752_11007_0_0/RAMS64E_B/I (clocked by clk_out1_cpuclk). Large setup violations at the end of those stages might be difficult to fix during the post-placement implementation flow and could be the result of non-optimal XDC constraints or non-optimal design architecture
Related violations: <none>

TIMING-16#117 Warning
Large setup violation  
There is a large setup violation of -1.419 ns between Core_cpu/U_ifetch/pc_module/pc_reg[15]/C (clocked by clk_out1_cpuclk) and Mem_DRAM/U0/synth_options.dist_mem_inst/gen_sp_ram.spram_inst/ram_reg_10752_11007_0_0/RAMS64E_C/I (clocked by clk_out1_cpuclk). Large setup violations at the end of those stages might be difficult to fix during the post-placement implementation flow and could be the result of non-optimal XDC constraints or non-optimal design architecture
Related violations: <none>

TIMING-16#118 Warning
Large setup violation  
There is a large setup violation of -1.420 ns between Core_cpu/U_ifetch/pc_module/pc_reg[15]/C (clocked by clk_out1_cpuclk) and Mem_DRAM/U0/synth_options.dist_mem_inst/gen_sp_ram.spram_inst/ram_reg_11520_11775_28_28/RAMS64E_B/I (clocked by clk_out1_cpuclk). Large setup violations at the end of those stages might be difficult to fix during the post-placement implementation flow and could be the result of non-optimal XDC constraints or non-optimal design architecture
Related violations: <none>

TIMING-16#119 Warning
Large setup violation  
There is a large setup violation of -1.421 ns between Core_cpu/U_ifetch/pc_module/pc_reg[15]/C (clocked by clk_out1_cpuclk) and Mem_DRAM/U0/synth_options.dist_mem_inst/gen_sp_ram.spram_inst/ram_reg_11520_11775_28_28/RAMS64E_C/I (clocked by clk_out1_cpuclk). Large setup violations at the end of those stages might be difficult to fix during the post-placement implementation flow and could be the result of non-optimal XDC constraints or non-optimal design architecture
Related violations: <none>

TIMING-16#120 Warning
Large setup violation  
There is a large setup violation of -1.423 ns between Core_cpu/U_ifetch/pc_module/pc_reg[15]/C (clocked by clk_out1_cpuclk) and Mem_DRAM/U0/synth_options.dist_mem_inst/gen_sp_ram.spram_inst/ram_reg_10752_11007_14_14/RAMS64E_D/I (clocked by clk_out1_cpuclk). Large setup violations at the end of those stages might be difficult to fix during the post-placement implementation flow and could be the result of non-optimal XDC constraints or non-optimal design architecture
Related violations: <none>

TIMING-16#121 Warning
Large setup violation  
There is a large setup violation of -1.432 ns between Core_cpu/U_ifetch/pc_module/pc_reg[15]/C (clocked by clk_out1_cpuclk) and Mem_DRAM/U0/synth_options.dist_mem_inst/gen_sp_ram.spram_inst/ram_reg_11520_11775_11_11/RAMS64E_A/I (clocked by clk_out1_cpuclk). Large setup violations at the end of those stages might be difficult to fix during the post-placement implementation flow and could be the result of non-optimal XDC constraints or non-optimal design architecture
Related violations: <none>

TIMING-16#122 Warning
Large setup violation  
There is a large setup violation of -1.433 ns between Core_cpu/U_ifetch/pc_module/pc_reg[15]/C (clocked by clk_out1_cpuclk) and Mem_DRAM/U0/synth_options.dist_mem_inst/gen_sp_ram.spram_inst/ram_reg_11008_11263_28_28/RAMS64E_A/I (clocked by clk_out1_cpuclk). Large setup violations at the end of those stages might be difficult to fix during the post-placement implementation flow and could be the result of non-optimal XDC constraints or non-optimal design architecture
Related violations: <none>

TIMING-16#123 Warning
Large setup violation  
There is a large setup violation of -1.443 ns between Core_cpu/U_ifetch/pc_module/pc_reg[15]/C (clocked by clk_out1_cpuclk) and Mem_DRAM/U0/synth_options.dist_mem_inst/gen_sp_ram.spram_inst/ram_reg_11264_11519_11_11/RAMS64E_D/I (clocked by clk_out1_cpuclk). Large setup violations at the end of those stages might be difficult to fix during the post-placement implementation flow and could be the result of non-optimal XDC constraints or non-optimal design architecture
Related violations: <none>

TIMING-16#124 Warning
Large setup violation  
There is a large setup violation of -1.446 ns between Core_cpu/U_ifetch/pc_module/pc_reg[15]/C (clocked by clk_out1_cpuclk) and Mem_DRAM/U0/synth_options.dist_mem_inst/gen_sp_ram.spram_inst/ram_reg_10752_11007_9_9/RAMS64E_A/I (clocked by clk_out1_cpuclk). Large setup violations at the end of those stages might be difficult to fix during the post-placement implementation flow and could be the result of non-optimal XDC constraints or non-optimal design architecture
Related violations: <none>

TIMING-16#125 Warning
Large setup violation  
There is a large setup violation of -1.451 ns between Core_cpu/U_ifetch/pc_module/pc_reg[15]/C (clocked by clk_out1_cpuclk) and Mem_DRAM/U0/synth_options.dist_mem_inst/gen_sp_ram.spram_inst/ram_reg_11008_11263_20_20/RAMS64E_D/I (clocked by clk_out1_cpuclk). Large setup violations at the end of those stages might be difficult to fix during the post-placement implementation flow and could be the result of non-optimal XDC constraints or non-optimal design architecture
Related violations: <none>

TIMING-16#126 Warning
Large setup violation  
There is a large setup violation of -1.458 ns between Core_cpu/U_ifetch/pc_module/pc_reg[15]/C (clocked by clk_out1_cpuclk) and Mem_DRAM/U0/synth_options.dist_mem_inst/gen_sp_ram.spram_inst/ram_reg_11264_11519_28_28/RAMS64E_A/I (clocked by clk_out1_cpuclk). Large setup violations at the end of those stages might be difficult to fix during the post-placement implementation flow and could be the result of non-optimal XDC constraints or non-optimal design architecture
Related violations: <none>

TIMING-16#127 Warning
Large setup violation  
There is a large setup violation of -1.458 ns between Core_cpu/U_ifetch/pc_module/pc_reg[15]/C (clocked by clk_out1_cpuclk) and Mem_DRAM/U0/synth_options.dist_mem_inst/gen_sp_ram.spram_inst/ram_reg_11776_12031_10_10/RAMS64E_D/I (clocked by clk_out1_cpuclk). Large setup violations at the end of those stages might be difficult to fix during the post-placement implementation flow and could be the result of non-optimal XDC constraints or non-optimal design architecture
Related violations: <none>

TIMING-16#128 Warning
Large setup violation  
There is a large setup violation of -1.458 ns between Core_cpu/U_ifetch/pc_module/pc_reg[15]/C (clocked by clk_out1_cpuclk) and Mem_DRAM/U0/synth_options.dist_mem_inst/gen_sp_ram.spram_inst/ram_reg_11776_12031_16_16/RAMS64E_A/I (clocked by clk_out1_cpuclk). Large setup violations at the end of those stages might be difficult to fix during the post-placement implementation flow and could be the result of non-optimal XDC constraints or non-optimal design architecture
Related violations: <none>

TIMING-16#129 Warning
Large setup violation  
There is a large setup violation of -1.459 ns between Core_cpu/U_ifetch/pc_module/pc_reg[15]/C (clocked by clk_out1_cpuclk) and Mem_DRAM/U0/synth_options.dist_mem_inst/gen_sp_ram.spram_inst/ram_reg_11520_11775_16_16/RAMS64E_A/I (clocked by clk_out1_cpuclk). Large setup violations at the end of those stages might be difficult to fix during the post-placement implementation flow and could be the result of non-optimal XDC constraints or non-optimal design architecture
Related violations: <none>

TIMING-16#130 Warning
Large setup violation  
There is a large setup violation of -1.460 ns between Core_cpu/U_ifetch/pc_module/pc_reg[15]/C (clocked by clk_out1_cpuclk) and Mem_DRAM/U0/synth_options.dist_mem_inst/gen_sp_ram.spram_inst/ram_reg_10496_10751_12_12/RAMS64E_B/I (clocked by clk_out1_cpuclk). Large setup violations at the end of those stages might be difficult to fix during the post-placement implementation flow and could be the result of non-optimal XDC constraints or non-optimal design architecture
Related violations: <none>

TIMING-16#131 Warning
Large setup violation  
There is a large setup violation of -1.461 ns between Core_cpu/U_ifetch/pc_module/pc_reg[15]/C (clocked by clk_out1_cpuclk) and Mem_DRAM/U0/synth_options.dist_mem_inst/gen_sp_ram.spram_inst/ram_reg_10496_10751_12_12/RAMS64E_C/I (clocked by clk_out1_cpuclk). Large setup violations at the end of those stages might be difficult to fix during the post-placement implementation flow and could be the result of non-optimal XDC constraints or non-optimal design architecture
Related violations: <none>

TIMING-16#132 Warning
Large setup violation  
There is a large setup violation of -1.466 ns between Core_cpu/U_ifetch/pc_module/pc_reg[15]/C (clocked by clk_out1_cpuclk) and Mem_DRAM/U0/synth_options.dist_mem_inst/gen_sp_ram.spram_inst/ram_reg_11520_11775_0_0/RAMS64E_D/I (clocked by clk_out1_cpuclk). Large setup violations at the end of those stages might be difficult to fix during the post-placement implementation flow and could be the result of non-optimal XDC constraints or non-optimal design architecture
Related violations: <none>

TIMING-16#133 Warning
Large setup violation  
There is a large setup violation of -1.467 ns between Core_cpu/U_ifetch/pc_module/pc_reg[15]/C (clocked by clk_out1_cpuclk) and Mem_DRAM/U0/synth_options.dist_mem_inst/gen_sp_ram.spram_inst/ram_reg_11008_11263_1_1/RAMS64E_D/I (clocked by clk_out1_cpuclk). Large setup violations at the end of those stages might be difficult to fix during the post-placement implementation flow and could be the result of non-optimal XDC constraints or non-optimal design architecture
Related violations: <none>

TIMING-16#134 Warning
Large setup violation  
There is a large setup violation of -1.471 ns between Core_cpu/U_ifetch/pc_module/pc_reg[15]/C (clocked by clk_out1_cpuclk) and Mem_DRAM/U0/synth_options.dist_mem_inst/gen_sp_ram.spram_inst/ram_reg_1024_1279_19_19/RAMS64E_A/I (clocked by clk_out1_cpuclk). Large setup violations at the end of those stages might be difficult to fix during the post-placement implementation flow and could be the result of non-optimal XDC constraints or non-optimal design architecture
Related violations: <none>

TIMING-16#135 Warning
Large setup violation  
There is a large setup violation of -1.471 ns between Core_cpu/U_ifetch/pc_module/pc_reg[15]/C (clocked by clk_out1_cpuclk) and Mem_DRAM/U0/synth_options.dist_mem_inst/gen_sp_ram.spram_inst/ram_reg_10752_11007_16_16/RAMS64E_A/I (clocked by clk_out1_cpuclk). Large setup violations at the end of those stages might be difficult to fix during the post-placement implementation flow and could be the result of non-optimal XDC constraints or non-optimal design architecture
Related violations: <none>

TIMING-16#136 Warning
Large setup violation  
There is a large setup violation of -1.489 ns between Core_cpu/U_ifetch/pc_module/pc_reg[15]/C (clocked by clk_out1_cpuclk) and Mem_DRAM/U0/synth_options.dist_mem_inst/gen_sp_ram.spram_inst/ram_reg_11776_12031_4_4/RAMS64E_B/I (clocked by clk_out1_cpuclk). Large setup violations at the end of those stages might be difficult to fix during the post-placement implementation flow and could be the result of non-optimal XDC constraints or non-optimal design architecture
Related violations: <none>

TIMING-16#137 Warning
Large setup violation  
There is a large setup violation of -1.490 ns between Core_cpu/U_ifetch/pc_module/pc_reg[15]/C (clocked by clk_out1_cpuclk) and Mem_DRAM/U0/synth_options.dist_mem_inst/gen_sp_ram.spram_inst/ram_reg_11264_11519_3_3/RAMS64E_B/I (clocked by clk_out1_cpuclk). Large setup violations at the end of those stages might be difficult to fix during the post-placement implementation flow and could be the result of non-optimal XDC constraints or non-optimal design architecture
Related violations: <none>

TIMING-16#138 Warning
Large setup violation  
There is a large setup violation of -1.490 ns between Core_cpu/U_ifetch/pc_module/pc_reg[15]/C (clocked by clk_out1_cpuclk) and Mem_DRAM/U0/synth_options.dist_mem_inst/gen_sp_ram.spram_inst/ram_reg_11776_12031_4_4/RAMS64E_C/I (clocked by clk_out1_cpuclk). Large setup violations at the end of those stages might be difficult to fix during the post-placement implementation flow and could be the result of non-optimal XDC constraints or non-optimal design architecture
Related violations: <none>

TIMING-16#139 Warning
Large setup violation  
There is a large setup violation of -1.491 ns between Core_cpu/U_ifetch/pc_module/pc_reg[15]/C (clocked by clk_out1_cpuclk) and Mem_DRAM/U0/synth_options.dist_mem_inst/gen_sp_ram.spram_inst/ram_reg_11264_11519_3_3/RAMS64E_C/I (clocked by clk_out1_cpuclk). Large setup violations at the end of those stages might be difficult to fix during the post-placement implementation flow and could be the result of non-optimal XDC constraints or non-optimal design architecture
Related violations: <none>

TIMING-16#140 Warning
Large setup violation  
There is a large setup violation of -1.491 ns between Core_cpu/U_ifetch/pc_module/pc_reg[15]/C (clocked by clk_out1_cpuclk) and Mem_DRAM/U0/synth_options.dist_mem_inst/gen_sp_ram.spram_inst/ram_reg_11776_12031_9_9/RAMS64E_B/I (clocked by clk_out1_cpuclk). Large setup violations at the end of those stages might be difficult to fix during the post-placement implementation flow and could be the result of non-optimal XDC constraints or non-optimal design architecture
Related violations: <none>

TIMING-16#141 Warning
Large setup violation  
There is a large setup violation of -1.492 ns between Core_cpu/U_ifetch/pc_module/pc_reg[15]/C (clocked by clk_out1_cpuclk) and Mem_DRAM/U0/synth_options.dist_mem_inst/gen_sp_ram.spram_inst/ram_reg_11776_12031_9_9/RAMS64E_C/I (clocked by clk_out1_cpuclk). Large setup violations at the end of those stages might be difficult to fix during the post-placement implementation flow and could be the result of non-optimal XDC constraints or non-optimal design architecture
Related violations: <none>

TIMING-16#142 Warning
Large setup violation  
There is a large setup violation of -1.494 ns between Core_cpu/U_ifetch/pc_module/pc_reg[15]/C (clocked by clk_out1_cpuclk) and Mem_DRAM/U0/synth_options.dist_mem_inst/gen_sp_ram.spram_inst/ram_reg_1024_1279_16_16/RAMS64E_A/I (clocked by clk_out1_cpuclk). Large setup violations at the end of those stages might be difficult to fix during the post-placement implementation flow and could be the result of non-optimal XDC constraints or non-optimal design architecture
Related violations: <none>

TIMING-16#143 Warning
Large setup violation  
There is a large setup violation of -1.495 ns between Core_cpu/U_ifetch/pc_module/pc_reg[15]/C (clocked by clk_out1_cpuclk) and Mem_DRAM/U0/synth_options.dist_mem_inst/gen_sp_ram.spram_inst/ram_reg_11776_12031_11_11/RAMS64E_B/I (clocked by clk_out1_cpuclk). Large setup violations at the end of those stages might be difficult to fix during the post-placement implementation flow and could be the result of non-optimal XDC constraints or non-optimal design architecture
Related violations: <none>

TIMING-16#144 Warning
Large setup violation  
There is a large setup violation of -1.496 ns between Core_cpu/U_ifetch/pc_module/pc_reg[15]/C (clocked by clk_out1_cpuclk) and Mem_DRAM/U0/synth_options.dist_mem_inst/gen_sp_ram.spram_inst/ram_reg_10496_10751_14_14/RAMS64E_B/I (clocked by clk_out1_cpuclk). Large setup violations at the end of those stages might be difficult to fix during the post-placement implementation flow and could be the result of non-optimal XDC constraints or non-optimal design architecture
Related violations: <none>

TIMING-16#145 Warning
Large setup violation  
There is a large setup violation of -1.496 ns between Core_cpu/U_ifetch/pc_module/pc_reg[15]/C (clocked by clk_out1_cpuclk) and Mem_DRAM/U0/synth_options.dist_mem_inst/gen_sp_ram.spram_inst/ram_reg_11776_12031_11_11/RAMS64E_C/I (clocked by clk_out1_cpuclk). Large setup violations at the end of those stages might be difficult to fix during the post-placement implementation flow and could be the result of non-optimal XDC constraints or non-optimal design architecture
Related violations: <none>

TIMING-16#146 Warning
Large setup violation  
There is a large setup violation of -1.497 ns between Core_cpu/U_ifetch/pc_module/pc_reg[15]/C (clocked by clk_out1_cpuclk) and Mem_DRAM/U0/synth_options.dist_mem_inst/gen_sp_ram.spram_inst/ram_reg_10496_10751_14_14/RAMS64E_C/I (clocked by clk_out1_cpuclk). Large setup violations at the end of those stages might be difficult to fix during the post-placement implementation flow and could be the result of non-optimal XDC constraints or non-optimal design architecture
Related violations: <none>

TIMING-16#147 Warning
Large setup violation  
There is a large setup violation of -1.497 ns between Core_cpu/U_ifetch/pc_module/pc_reg[15]/C (clocked by clk_out1_cpuclk) and Mem_DRAM/U0/synth_options.dist_mem_inst/gen_sp_ram.spram_inst/ram_reg_11520_11775_3_3/RAMS64E_A/I (clocked by clk_out1_cpuclk). Large setup violations at the end of those stages might be difficult to fix during the post-placement implementation flow and could be the result of non-optimal XDC constraints or non-optimal design architecture
Related violations: <none>

TIMING-16#148 Warning
Large setup violation  
There is a large setup violation of -1.503 ns between Core_cpu/U_ifetch/pc_module/pc_reg[15]/C (clocked by clk_out1_cpuclk) and Mem_DRAM/U0/synth_options.dist_mem_inst/gen_sp_ram.spram_inst/ram_reg_1024_1279_20_20/RAMS64E_B/I (clocked by clk_out1_cpuclk). Large setup violations at the end of those stages might be difficult to fix during the post-placement implementation flow and could be the result of non-optimal XDC constraints or non-optimal design architecture
Related violations: <none>

TIMING-16#149 Warning
Large setup violation  
There is a large setup violation of -1.504 ns between Core_cpu/U_ifetch/pc_module/pc_reg[15]/C (clocked by clk_out1_cpuclk) and Mem_DRAM/U0/synth_options.dist_mem_inst/gen_sp_ram.spram_inst/ram_reg_1024_1279_20_20/RAMS64E_C/I (clocked by clk_out1_cpuclk). Large setup violations at the end of those stages might be difficult to fix during the post-placement implementation flow and could be the result of non-optimal XDC constraints or non-optimal design architecture
Related violations: <none>

TIMING-16#150 Warning
Large setup violation  
There is a large setup violation of -1.512 ns between Core_cpu/U_ifetch/pc_module/pc_reg[15]/C (clocked by clk_out1_cpuclk) and Mem_DRAM/U0/synth_options.dist_mem_inst/gen_sp_ram.spram_inst/ram_reg_10752_11007_7_7/RAMS64E_D/I (clocked by clk_out1_cpuclk). Large setup violations at the end of those stages might be difficult to fix during the post-placement implementation flow and could be the result of non-optimal XDC constraints or non-optimal design architecture
Related violations: <none>

TIMING-16#151 Warning
Large setup violation  
There is a large setup violation of -1.520 ns between Core_cpu/U_ifetch/pc_module/pc_reg[15]/C (clocked by clk_out1_cpuclk) and Mem_DRAM/U0/synth_options.dist_mem_inst/gen_sp_ram.spram_inst/ram_reg_0_255_16_16/RAMS64E_A/I (clocked by clk_out1_cpuclk). Large setup violations at the end of those stages might be difficult to fix during the post-placement implementation flow and could be the result of non-optimal XDC constraints or non-optimal design architecture
Related violations: <none>

TIMING-16#152 Warning
Large setup violation  
There is a large setup violation of -1.533 ns between Core_cpu/U_ifetch/pc_module/pc_reg[15]/C (clocked by clk_out1_cpuclk) and Mem_DRAM/U0/synth_options.dist_mem_inst/gen_sp_ram.spram_inst/ram_reg_11264_11519_7_7/RAMS64E_D/I (clocked by clk_out1_cpuclk). Large setup violations at the end of those stages might be difficult to fix during the post-placement implementation flow and could be the result of non-optimal XDC constraints or non-optimal design architecture
Related violations: <none>

TIMING-16#153 Warning
Large setup violation  
There is a large setup violation of -1.541 ns between Core_cpu/U_ifetch/pc_module/pc_reg[15]/C (clocked by clk_out1_cpuclk) and Mem_DRAM/U0/synth_options.dist_mem_inst/gen_sp_ram.spram_inst/ram_reg_11520_11775_14_14/RAMS64E_B/I (clocked by clk_out1_cpuclk). Large setup violations at the end of those stages might be difficult to fix during the post-placement implementation flow and could be the result of non-optimal XDC constraints or non-optimal design architecture
Related violations: <none>

TIMING-16#154 Warning
Large setup violation  
There is a large setup violation of -1.542 ns between Core_cpu/U_ifetch/pc_module/pc_reg[15]/C (clocked by clk_out1_cpuclk) and Mem_DRAM/U0/synth_options.dist_mem_inst/gen_sp_ram.spram_inst/ram_reg_11520_11775_14_14/RAMS64E_C/I (clocked by clk_out1_cpuclk). Large setup violations at the end of those stages might be difficult to fix during the post-placement implementation flow and could be the result of non-optimal XDC constraints or non-optimal design architecture
Related violations: <none>

TIMING-16#155 Warning
Large setup violation  
There is a large setup violation of -1.543 ns between Core_cpu/U_ifetch/pc_module/pc_reg[15]/C (clocked by clk_out1_cpuclk) and Mem_DRAM/U0/synth_options.dist_mem_inst/gen_sp_ram.spram_inst/ram_reg_1024_1279_9_9/RAMS64E_B/I (clocked by clk_out1_cpuclk). Large setup violations at the end of those stages might be difficult to fix during the post-placement implementation flow and could be the result of non-optimal XDC constraints or non-optimal design architecture
Related violations: <none>

TIMING-16#156 Warning
Large setup violation  
There is a large setup violation of -1.544 ns between Core_cpu/U_ifetch/pc_module/pc_reg[15]/C (clocked by clk_out1_cpuclk) and Mem_DRAM/U0/synth_options.dist_mem_inst/gen_sp_ram.spram_inst/ram_reg_1024_1279_9_9/RAMS64E_C/I (clocked by clk_out1_cpuclk). Large setup violations at the end of those stages might be difficult to fix during the post-placement implementation flow and could be the result of non-optimal XDC constraints or non-optimal design architecture
Related violations: <none>

TIMING-16#157 Warning
Large setup violation  
There is a large setup violation of -1.558 ns between Core_cpu/U_ifetch/pc_module/pc_reg[15]/C (clocked by clk_out1_cpuclk) and Mem_DRAM/U0/synth_options.dist_mem_inst/gen_sp_ram.spram_inst/ram_reg_1024_1279_14_14/RAMS64E_A/I (clocked by clk_out1_cpuclk). Large setup violations at the end of those stages might be difficult to fix during the post-placement implementation flow and could be the result of non-optimal XDC constraints or non-optimal design architecture
Related violations: <none>

TIMING-16#158 Warning
Large setup violation  
There is a large setup violation of -1.565 ns between Core_cpu/U_ifetch/pc_module/pc_reg[15]/C (clocked by clk_out1_cpuclk) and Mem_DRAM/U0/synth_options.dist_mem_inst/gen_sp_ram.spram_inst/ram_reg_11520_11775_20_20/RAMS64E_B/I (clocked by clk_out1_cpuclk). Large setup violations at the end of those stages might be difficult to fix during the post-placement implementation flow and could be the result of non-optimal XDC constraints or non-optimal design architecture
Related violations: <none>

TIMING-16#159 Warning
Large setup violation  
There is a large setup violation of -1.566 ns between Core_cpu/U_ifetch/pc_module/pc_reg[15]/C (clocked by clk_out1_cpuclk) and Mem_DRAM/U0/synth_options.dist_mem_inst/gen_sp_ram.spram_inst/ram_reg_11520_11775_20_20/RAMS64E_C/I (clocked by clk_out1_cpuclk). Large setup violations at the end of those stages might be difficult to fix during the post-placement implementation flow and could be the result of non-optimal XDC constraints or non-optimal design architecture
Related violations: <none>

TIMING-16#160 Warning
Large setup violation  
There is a large setup violation of -1.572 ns between Core_cpu/U_ifetch/pc_module/pc_reg[15]/C (clocked by clk_out1_cpuclk) and Mem_DRAM/U0/synth_options.dist_mem_inst/gen_sp_ram.spram_inst/ram_reg_11008_11263_7_7/RAMS64E_D/I (clocked by clk_out1_cpuclk). Large setup violations at the end of those stages might be difficult to fix during the post-placement implementation flow and could be the result of non-optimal XDC constraints or non-optimal design architecture
Related violations: <none>

TIMING-16#161 Warning
Large setup violation  
There is a large setup violation of -1.573 ns between Core_cpu/U_ifetch/pc_module/pc_reg[15]/C (clocked by clk_out1_cpuclk) and Mem_DRAM/U0/synth_options.dist_mem_inst/gen_sp_ram.spram_inst/ram_reg_12032_12287_11_11/RAMS64E_A/I (clocked by clk_out1_cpuclk). Large setup violations at the end of those stages might be difficult to fix during the post-placement implementation flow and could be the result of non-optimal XDC constraints or non-optimal design architecture
Related violations: <none>

TIMING-16#162 Warning
Large setup violation  
There is a large setup violation of -1.578 ns between Core_cpu/U_ifetch/pc_module/pc_reg[15]/C (clocked by clk_out1_cpuclk) and Mem_DRAM/U0/synth_options.dist_mem_inst/gen_sp_ram.spram_inst/ram_reg_12032_12287_10_10/RAMS64E_D/I (clocked by clk_out1_cpuclk). Large setup violations at the end of those stages might be difficult to fix during the post-placement implementation flow and could be the result of non-optimal XDC constraints or non-optimal design architecture
Related violations: <none>

TIMING-16#163 Warning
Large setup violation  
There is a large setup violation of -1.583 ns between Core_cpu/U_ifetch/pc_module/pc_reg[15]/C (clocked by clk_out1_cpuclk) and Mem_DRAM/U0/synth_options.dist_mem_inst/gen_sp_ram.spram_inst/ram_reg_11008_11263_11_11/RAMS64E_A/I (clocked by clk_out1_cpuclk). Large setup violations at the end of those stages might be difficult to fix during the post-placement implementation flow and could be the result of non-optimal XDC constraints or non-optimal design architecture
Related violations: <none>

TIMING-16#164 Warning
Large setup violation  
There is a large setup violation of -1.603 ns between Core_cpu/U_ifetch/pc_module/pc_reg[15]/C (clocked by clk_out1_cpuclk) and Mem_DRAM/U0/synth_options.dist_mem_inst/gen_sp_ram.spram_inst/ram_reg_11520_11775_4_4/RAMS64E_A/I (clocked by clk_out1_cpuclk). Large setup violations at the end of those stages might be difficult to fix during the post-placement implementation flow and could be the result of non-optimal XDC constraints or non-optimal design architecture
Related violations: <none>

TIMING-16#165 Warning
Large setup violation  
There is a large setup violation of -1.607 ns between Core_cpu/U_ifetch/pc_module/pc_reg[15]/C (clocked by clk_out1_cpuclk) and Mem_DRAM/U0/synth_options.dist_mem_inst/gen_sp_ram.spram_inst/ram_reg_11776_12031_12_12/RAMS64E_A/I (clocked by clk_out1_cpuclk). Large setup violations at the end of those stages might be difficult to fix during the post-placement implementation flow and could be the result of non-optimal XDC constraints or non-optimal design architecture
Related violations: <none>

TIMING-16#166 Warning
Large setup violation  
There is a large setup violation of -1.609 ns between Core_cpu/U_ifetch/pc_module/pc_reg[15]/C (clocked by clk_out1_cpuclk) and Mem_DRAM/U0/synth_options.dist_mem_inst/gen_sp_ram.spram_inst/ram_reg_10240_10495_9_9/RAMS64E_A/I (clocked by clk_out1_cpuclk). Large setup violations at the end of those stages might be difficult to fix during the post-placement implementation flow and could be the result of non-optimal XDC constraints or non-optimal design architecture
Related violations: <none>

TIMING-16#167 Warning
Large setup violation  
There is a large setup violation of -1.610 ns between Core_cpu/U_ifetch/pc_module/pc_reg[15]/C (clocked by clk_out1_cpuclk) and Mem_DRAM/U0/synth_options.dist_mem_inst/gen_sp_ram.spram_inst/ram_reg_11008_11263_10_10/RAMS64E_A/I (clocked by clk_out1_cpuclk). Large setup violations at the end of those stages might be difficult to fix during the post-placement implementation flow and could be the result of non-optimal XDC constraints or non-optimal design architecture
Related violations: <none>

TIMING-16#168 Warning
Large setup violation  
There is a large setup violation of -1.617 ns between Core_cpu/U_ifetch/pc_module/pc_reg[15]/C (clocked by clk_out1_cpuclk) and Mem_DRAM/U0/synth_options.dist_mem_inst/gen_sp_ram.spram_inst/ram_reg_11520_11775_9_9/RAMS64E_A/I (clocked by clk_out1_cpuclk). Large setup violations at the end of those stages might be difficult to fix during the post-placement implementation flow and could be the result of non-optimal XDC constraints or non-optimal design architecture
Related violations: <none>

TIMING-16#169 Warning
Large setup violation  
There is a large setup violation of -1.622 ns between Core_cpu/U_ifetch/pc_module/pc_reg[15]/C (clocked by clk_out1_cpuclk) and Mem_DRAM/U0/synth_options.dist_mem_inst/gen_sp_ram.spram_inst/ram_reg_11776_12031_1_1/RAMS64E_D/I (clocked by clk_out1_cpuclk). Large setup violations at the end of those stages might be difficult to fix during the post-placement implementation flow and could be the result of non-optimal XDC constraints or non-optimal design architecture
Related violations: <none>

TIMING-16#170 Warning
Large setup violation  
There is a large setup violation of -1.626 ns between Core_cpu/U_ifetch/pc_module/pc_reg[15]/C (clocked by clk_out1_cpuclk) and Mem_DRAM/U0/synth_options.dist_mem_inst/gen_sp_ram.spram_inst/ram_reg_10240_10495_10_10/RAMS64E_A/I (clocked by clk_out1_cpuclk). Large setup violations at the end of those stages might be difficult to fix during the post-placement implementation flow and could be the result of non-optimal XDC constraints or non-optimal design architecture
Related violations: <none>

TIMING-16#171 Warning
Large setup violation  
There is a large setup violation of -1.632 ns between Core_cpu/U_ifetch/pc_module/pc_reg[15]/C (clocked by clk_out1_cpuclk) and Mem_DRAM/U0/synth_options.dist_mem_inst/gen_sp_ram.spram_inst/ram_reg_0_255_19_19/RAMS64E_A/I (clocked by clk_out1_cpuclk). Large setup violations at the end of those stages might be difficult to fix during the post-placement implementation flow and could be the result of non-optimal XDC constraints or non-optimal design architecture
Related violations: <none>

TIMING-16#172 Warning
Large setup violation  
There is a large setup violation of -1.634 ns between Core_cpu/U_ifetch/pc_module/pc_reg[15]/C (clocked by clk_out1_cpuclk) and Mem_DRAM/U0/synth_options.dist_mem_inst/gen_sp_ram.spram_inst/ram_reg_0_255_3_3/RAMS64E_A/I (clocked by clk_out1_cpuclk). Large setup violations at the end of those stages might be difficult to fix during the post-placement implementation flow and could be the result of non-optimal XDC constraints or non-optimal design architecture
Related violations: <none>

TIMING-16#173 Warning
Large setup violation  
There is a large setup violation of -1.636 ns between Core_cpu/U_ifetch/pc_module/pc_reg[15]/C (clocked by clk_out1_cpuclk) and Mem_DRAM/U0/synth_options.dist_mem_inst/gen_sp_ram.spram_inst/ram_reg_11264_11519_20_20/RAMS64E_A/I (clocked by clk_out1_cpuclk). Large setup violations at the end of those stages might be difficult to fix during the post-placement implementation flow and could be the result of non-optimal XDC constraints or non-optimal design architecture
Related violations: <none>

TIMING-16#174 Warning
Large setup violation  
There is a large setup violation of -1.642 ns between Core_cpu/U_ifetch/pc_module/pc_reg[15]/C (clocked by clk_out1_cpuclk) and Mem_DRAM/U0/synth_options.dist_mem_inst/gen_sp_ram.spram_inst/ram_reg_10752_11007_11_11/RAMS64E_A/I (clocked by clk_out1_cpuclk). Large setup violations at the end of those stages might be difficult to fix during the post-placement implementation flow and could be the result of non-optimal XDC constraints or non-optimal design architecture
Related violations: <none>

TIMING-16#175 Warning
Large setup violation  
There is a large setup violation of -1.647 ns between Core_cpu/U_ifetch/pc_module/pc_reg[15]/C (clocked by clk_out1_cpuclk) and Mem_DRAM/U0/synth_options.dist_mem_inst/gen_sp_ram.spram_inst/ram_reg_10496_10751_1_1/RAMS64E_D/I (clocked by clk_out1_cpuclk). Large setup violations at the end of those stages might be difficult to fix during the post-placement implementation flow and could be the result of non-optimal XDC constraints or non-optimal design architecture
Related violations: <none>

TIMING-16#176 Warning
Large setup violation  
There is a large setup violation of -1.649 ns between Core_cpu/U_ifetch/pc_module/pc_reg[15]/C (clocked by clk_out1_cpuclk) and Mem_DRAM/U0/synth_options.dist_mem_inst/gen_sp_ram.spram_inst/ram_reg_10752_11007_10_10/RAMS64E_D/I (clocked by clk_out1_cpuclk). Large setup violations at the end of those stages might be difficult to fix during the post-placement implementation flow and could be the result of non-optimal XDC constraints or non-optimal design architecture
Related violations: <none>

TIMING-16#177 Warning
Large setup violation  
There is a large setup violation of -1.665 ns between Core_cpu/U_ifetch/pc_module/pc_reg[15]/C (clocked by clk_out1_cpuclk) and Mem_DRAM/U0/synth_options.dist_mem_inst/gen_sp_ram.spram_inst/ram_reg_11264_11519_9_9/RAMS64E_D/I (clocked by clk_out1_cpuclk). Large setup violations at the end of those stages might be difficult to fix during the post-placement implementation flow and could be the result of non-optimal XDC constraints or non-optimal design architecture
Related violations: <none>

TIMING-16#178 Warning
Large setup violation  
There is a large setup violation of -1.668 ns between Core_cpu/U_ifetch/pc_module/pc_reg[15]/C (clocked by clk_out1_cpuclk) and Mem_DRAM/U0/synth_options.dist_mem_inst/gen_sp_ram.spram_inst/ram_reg_11008_11263_14_14/RAMS64E_A/I (clocked by clk_out1_cpuclk). Large setup violations at the end of those stages might be difficult to fix during the post-placement implementation flow and could be the result of non-optimal XDC constraints or non-optimal design architecture
Related violations: <none>

TIMING-16#179 Warning
Large setup violation  
There is a large setup violation of -1.676 ns between Core_cpu/U_ifetch/pc_module/pc_reg[15]/C (clocked by clk_out1_cpuclk) and Mem_DRAM/U0/synth_options.dist_mem_inst/gen_sp_ram.spram_inst/ram_reg_10752_11007_14_14/RAMS64E_B/I (clocked by clk_out1_cpuclk). Large setup violations at the end of those stages might be difficult to fix during the post-placement implementation flow and could be the result of non-optimal XDC constraints or non-optimal design architecture
Related violations: <none>

TIMING-16#180 Warning
Large setup violation  
There is a large setup violation of -1.677 ns between Core_cpu/U_ifetch/pc_module/pc_reg[15]/C (clocked by clk_out1_cpuclk) and Mem_DRAM/U0/synth_options.dist_mem_inst/gen_sp_ram.spram_inst/ram_reg_10752_11007_14_14/RAMS64E_C/I (clocked by clk_out1_cpuclk). Large setup violations at the end of those stages might be difficult to fix during the post-placement implementation flow and could be the result of non-optimal XDC constraints or non-optimal design architecture
Related violations: <none>

TIMING-16#181 Warning
Large setup violation  
There is a large setup violation of -1.682 ns between Core_cpu/U_ifetch/pc_module/pc_reg[15]/C (clocked by clk_out1_cpuclk) and Mem_DRAM/U0/synth_options.dist_mem_inst/gen_sp_ram.spram_inst/ram_reg_0_255_9_9/RAMS64E_A/I (clocked by clk_out1_cpuclk). Large setup violations at the end of those stages might be difficult to fix during the post-placement implementation flow and could be the result of non-optimal XDC constraints or non-optimal design architecture
Related violations: <none>

TIMING-16#182 Warning
Large setup violation  
There is a large setup violation of -1.693 ns between Core_cpu/U_ifetch/pc_module/pc_reg[15]/C (clocked by clk_out1_cpuclk) and Mem_DRAM/U0/synth_options.dist_mem_inst/gen_sp_ram.spram_inst/ram_reg_10496_10751_7_7/RAMS64E_D/I (clocked by clk_out1_cpuclk). Large setup violations at the end of those stages might be difficult to fix during the post-placement implementation flow and could be the result of non-optimal XDC constraints or non-optimal design architecture
Related violations: <none>

TIMING-16#183 Warning
Large setup violation  
There is a large setup violation of -1.696 ns between Core_cpu/U_ifetch/pc_module/pc_reg[15]/C (clocked by clk_out1_cpuclk) and Mem_DRAM/U0/synth_options.dist_mem_inst/gen_sp_ram.spram_inst/ram_reg_11264_11519_11_11/RAMS64E_B/I (clocked by clk_out1_cpuclk). Large setup violations at the end of those stages might be difficult to fix during the post-placement implementation flow and could be the result of non-optimal XDC constraints or non-optimal design architecture
Related violations: <none>

TIMING-16#184 Warning
Large setup violation  
There is a large setup violation of -1.697 ns between Core_cpu/U_ifetch/pc_module/pc_reg[15]/C (clocked by clk_out1_cpuclk) and Mem_DRAM/U0/synth_options.dist_mem_inst/gen_sp_ram.spram_inst/ram_reg_11264_11519_11_11/RAMS64E_C/I (clocked by clk_out1_cpuclk). Large setup violations at the end of those stages might be difficult to fix during the post-placement implementation flow and could be the result of non-optimal XDC constraints or non-optimal design architecture
Related violations: <none>

TIMING-16#185 Warning
Large setup violation  
There is a large setup violation of -1.701 ns between Core_cpu/U_ifetch/pc_module/pc_reg[15]/C (clocked by clk_out1_cpuclk) and Mem_DRAM/U0/synth_options.dist_mem_inst/gen_sp_ram.spram_inst/ram_reg_10240_10495_0_0/RAMS64E_D/I (clocked by clk_out1_cpuclk). Large setup violations at the end of those stages might be difficult to fix during the post-placement implementation flow and could be the result of non-optimal XDC constraints or non-optimal design architecture
Related violations: <none>

TIMING-16#186 Warning
Large setup violation  
There is a large setup violation of -1.703 ns between Core_cpu/U_ifetch/pc_module/pc_reg[15]/C (clocked by clk_out1_cpuclk) and Mem_DRAM/U0/synth_options.dist_mem_inst/gen_sp_ram.spram_inst/ram_reg_12032_12287_0_0/RAMS64E_D/I (clocked by clk_out1_cpuclk). Large setup violations at the end of those stages might be difficult to fix during the post-placement implementation flow and could be the result of non-optimal XDC constraints or non-optimal design architecture
Related violations: <none>

TIMING-16#187 Warning
Large setup violation  
There is a large setup violation of -1.704 ns between Core_cpu/U_ifetch/pc_module/pc_reg[15]/C (clocked by clk_out1_cpuclk) and Mem_DRAM/U0/synth_options.dist_mem_inst/gen_sp_ram.spram_inst/ram_reg_11008_11263_20_20/RAMS64E_B/I (clocked by clk_out1_cpuclk). Large setup violations at the end of those stages might be difficult to fix during the post-placement implementation flow and could be the result of non-optimal XDC constraints or non-optimal design architecture
Related violations: <none>

TIMING-16#188 Warning
Large setup violation  
There is a large setup violation of -1.705 ns between Core_cpu/U_ifetch/pc_module/pc_reg[15]/C (clocked by clk_out1_cpuclk) and Mem_DRAM/U0/synth_options.dist_mem_inst/gen_sp_ram.spram_inst/ram_reg_11008_11263_20_20/RAMS64E_C/I (clocked by clk_out1_cpuclk). Large setup violations at the end of those stages might be difficult to fix during the post-placement implementation flow and could be the result of non-optimal XDC constraints or non-optimal design architecture
Related violations: <none>

TIMING-16#189 Warning
Large setup violation  
There is a large setup violation of -1.706 ns between Core_cpu/U_ifetch/pc_module/pc_reg[15]/C (clocked by clk_out1_cpuclk) and Mem_DRAM/U0/synth_options.dist_mem_inst/gen_sp_ram.spram_inst/ram_reg_10752_11007_0_0/RAMS64E_A/I (clocked by clk_out1_cpuclk). Large setup violations at the end of those stages might be difficult to fix during the post-placement implementation flow and could be the result of non-optimal XDC constraints or non-optimal design architecture
Related violations: <none>

TIMING-16#190 Warning
Large setup violation  
There is a large setup violation of -1.708 ns between Core_cpu/U_ifetch/pc_module/pc_reg[15]/C (clocked by clk_out1_cpuclk) and Mem_DRAM/U0/synth_options.dist_mem_inst/gen_sp_ram.spram_inst/ram_reg_11520_11775_28_28/RAMS64E_A/I (clocked by clk_out1_cpuclk). Large setup violations at the end of those stages might be difficult to fix during the post-placement implementation flow and could be the result of non-optimal XDC constraints or non-optimal design architecture
Related violations: <none>

TIMING-16#191 Warning
Large setup violation  
There is a large setup violation of -1.709 ns between Core_cpu/U_ifetch/pc_module/pc_reg[15]/C (clocked by clk_out1_cpuclk) and Mem_DRAM/U0/synth_options.dist_mem_inst/gen_sp_ram.spram_inst/ram_reg_1024_1279_3_3/RAMS64E_D/I (clocked by clk_out1_cpuclk). Large setup violations at the end of those stages might be difficult to fix during the post-placement implementation flow and could be the result of non-optimal XDC constraints or non-optimal design architecture
Related violations: <none>

TIMING-16#192 Warning
Large setup violation  
There is a large setup violation of -1.711 ns between Core_cpu/U_ifetch/pc_module/pc_reg[15]/C (clocked by clk_out1_cpuclk) and Mem_DRAM/U0/synth_options.dist_mem_inst/gen_sp_ram.spram_inst/ram_reg_1024_1279_4_4/RAMS64E_D/I (clocked by clk_out1_cpuclk). Large setup violations at the end of those stages might be difficult to fix during the post-placement implementation flow and could be the result of non-optimal XDC constraints or non-optimal design architecture
Related violations: <none>

TIMING-16#193 Warning
Large setup violation  
There is a large setup violation of -1.711 ns between Core_cpu/U_ifetch/pc_module/pc_reg[15]/C (clocked by clk_out1_cpuclk) and Mem_DRAM/U0/synth_options.dist_mem_inst/gen_sp_ram.spram_inst/ram_reg_11776_12031_10_10/RAMS64E_B/I (clocked by clk_out1_cpuclk). Large setup violations at the end of those stages might be difficult to fix during the post-placement implementation flow and could be the result of non-optimal XDC constraints or non-optimal design architecture
Related violations: <none>

TIMING-16#194 Warning
Large setup violation  
There is a large setup violation of -1.712 ns between Core_cpu/U_ifetch/pc_module/pc_reg[15]/C (clocked by clk_out1_cpuclk) and Mem_DRAM/U0/synth_options.dist_mem_inst/gen_sp_ram.spram_inst/ram_reg_11776_12031_10_10/RAMS64E_C/I (clocked by clk_out1_cpuclk). Large setup violations at the end of those stages might be difficult to fix during the post-placement implementation flow and could be the result of non-optimal XDC constraints or non-optimal design architecture
Related violations: <none>

TIMING-16#195 Warning
Large setup violation  
There is a large setup violation of -1.719 ns between Core_cpu/U_ifetch/pc_module/pc_reg[15]/C (clocked by clk_out1_cpuclk) and Mem_DRAM/U0/synth_options.dist_mem_inst/gen_sp_ram.spram_inst/ram_reg_11520_11775_0_0/RAMS64E_B/I (clocked by clk_out1_cpuclk). Large setup violations at the end of those stages might be difficult to fix during the post-placement implementation flow and could be the result of non-optimal XDC constraints or non-optimal design architecture
Related violations: <none>

TIMING-16#196 Warning
Large setup violation  
There is a large setup violation of -1.720 ns between Core_cpu/U_ifetch/pc_module/pc_reg[15]/C (clocked by clk_out1_cpuclk) and Mem_DRAM/U0/synth_options.dist_mem_inst/gen_sp_ram.spram_inst/ram_reg_11008_11263_1_1/RAMS64E_B/I (clocked by clk_out1_cpuclk). Large setup violations at the end of those stages might be difficult to fix during the post-placement implementation flow and could be the result of non-optimal XDC constraints or non-optimal design architecture
Related violations: <none>

TIMING-16#197 Warning
Large setup violation  
There is a large setup violation of -1.720 ns between Core_cpu/U_ifetch/pc_module/pc_reg[15]/C (clocked by clk_out1_cpuclk) and Mem_DRAM/U0/synth_options.dist_mem_inst/gen_sp_ram.spram_inst/ram_reg_11520_11775_0_0/RAMS64E_C/I (clocked by clk_out1_cpuclk). Large setup violations at the end of those stages might be difficult to fix during the post-placement implementation flow and could be the result of non-optimal XDC constraints or non-optimal design architecture
Related violations: <none>

TIMING-16#198 Warning
Large setup violation  
There is a large setup violation of -1.721 ns between Core_cpu/U_ifetch/pc_module/pc_reg[15]/C (clocked by clk_out1_cpuclk) and Mem_DRAM/U0/synth_options.dist_mem_inst/gen_sp_ram.spram_inst/ram_reg_11008_11263_1_1/RAMS64E_C/I (clocked by clk_out1_cpuclk). Large setup violations at the end of those stages might be difficult to fix during the post-placement implementation flow and could be the result of non-optimal XDC constraints or non-optimal design architecture
Related violations: <none>

TIMING-16#199 Warning
Large setup violation  
There is a large setup violation of -1.726 ns between Core_cpu/U_ifetch/pc_module/pc_reg[15]/C (clocked by clk_out1_cpuclk) and Core_cpu/U_idecode/rf_module/regts_reg_r2_0_31_6_11/RAMA/I (clocked by clk_out1_cpuclk). Large setup violations at the end of those stages might be difficult to fix during the post-placement implementation flow and could be the result of non-optimal XDC constraints or non-optimal design architecture
Related violations: <none>

TIMING-16#200 Warning
Large setup violation  
There is a large setup violation of -1.726 ns between Core_cpu/U_ifetch/pc_module/pc_reg[15]/C (clocked by clk_out1_cpuclk) and Mem_DRAM/U0/synth_options.dist_mem_inst/gen_sp_ram.spram_inst/ram_reg_11008_11263_0_0/RAMS64E_D/I (clocked by clk_out1_cpuclk). Large setup violations at the end of those stages might be difficult to fix during the post-placement implementation flow and could be the result of non-optimal XDC constraints or non-optimal design architecture
Related violations: <none>

TIMING-16#201 Warning
Large setup violation  
There is a large setup violation of -1.748 ns between Core_cpu/U_ifetch/pc_module/pc_reg[15]/C (clocked by clk_out1_cpuclk) and Mem_DRAM/U0/synth_options.dist_mem_inst/gen_sp_ram.spram_inst/ram_reg_10496_10751_12_12/RAMS64E_A/I (clocked by clk_out1_cpuclk). Large setup violations at the end of those stages might be difficult to fix during the post-placement implementation flow and could be the result of non-optimal XDC constraints or non-optimal design architecture
Related violations: <none>

TIMING-16#202 Warning
Large setup violation  
There is a large setup violation of -1.757 ns between Core_cpu/U_ifetch/pc_module/pc_reg[15]/C (clocked by clk_out1_cpuclk) and Core_cpu/U_idecode/rf_module/regts_reg_r2_0_31_0_5/RAMA/I (clocked by clk_out1_cpuclk). Large setup violations at the end of those stages might be difficult to fix during the post-placement implementation flow and could be the result of non-optimal XDC constraints or non-optimal design architecture
Related violations: <none>

TIMING-16#203 Warning
Large setup violation  
There is a large setup violation of -1.765 ns between Core_cpu/U_ifetch/pc_module/pc_reg[15]/C (clocked by clk_out1_cpuclk) and Mem_DRAM/U0/synth_options.dist_mem_inst/gen_sp_ram.spram_inst/ram_reg_10752_11007_7_7/RAMS64E_B/I (clocked by clk_out1_cpuclk). Large setup violations at the end of those stages might be difficult to fix during the post-placement implementation flow and could be the result of non-optimal XDC constraints or non-optimal design architecture
Related violations: <none>

TIMING-16#204 Warning
Large setup violation  
There is a large setup violation of -1.766 ns between Core_cpu/U_ifetch/pc_module/pc_reg[15]/C (clocked by clk_out1_cpuclk) and Mem_DRAM/U0/synth_options.dist_mem_inst/gen_sp_ram.spram_inst/ram_reg_10752_11007_7_7/RAMS64E_C/I (clocked by clk_out1_cpuclk). Large setup violations at the end of those stages might be difficult to fix during the post-placement implementation flow and could be the result of non-optimal XDC constraints or non-optimal design architecture
Related violations: <none>

TIMING-16#205 Warning
Large setup violation  
There is a large setup violation of -1.777 ns between Core_cpu/U_ifetch/pc_module/pc_reg[15]/C (clocked by clk_out1_cpuclk) and Mem_DRAM/U0/synth_options.dist_mem_inst/gen_sp_ram.spram_inst/ram_reg_11776_12031_4_4/RAMS64E_A/I (clocked by clk_out1_cpuclk). Large setup violations at the end of those stages might be difficult to fix during the post-placement implementation flow and could be the result of non-optimal XDC constraints or non-optimal design architecture
Related violations: <none>

TIMING-16#206 Warning
Large setup violation  
There is a large setup violation of -1.778 ns between Core_cpu/U_ifetch/pc_module/pc_reg[15]/C (clocked by clk_out1_cpuclk) and Mem_DRAM/U0/synth_options.dist_mem_inst/gen_sp_ram.spram_inst/ram_reg_11264_11519_3_3/RAMS64E_A/I (clocked by clk_out1_cpuclk). Large setup violations at the end of those stages might be difficult to fix during the post-placement implementation flow and could be the result of non-optimal XDC constraints or non-optimal design architecture
Related violations: <none>

TIMING-16#207 Warning
Large setup violation  
There is a large setup violation of -1.779 ns between Core_cpu/U_ifetch/pc_module/pc_reg[15]/C (clocked by clk_out1_cpuclk) and Mem_DRAM/U0/synth_options.dist_mem_inst/gen_sp_ram.spram_inst/ram_reg_11776_12031_9_9/RAMS64E_A/I (clocked by clk_out1_cpuclk). Large setup violations at the end of those stages might be difficult to fix during the post-placement implementation flow and could be the result of non-optimal XDC constraints or non-optimal design architecture
Related violations: <none>

TIMING-16#208 Warning
Large setup violation  
There is a large setup violation of -1.781 ns between Core_cpu/U_ifetch/pc_module/pc_reg[15]/C (clocked by clk_out1_cpuclk) and Core_cpu/U_idecode/rf_module/regts_reg_r1_0_31_0_5/RAMA/I (clocked by clk_out1_cpuclk). Large setup violations at the end of those stages might be difficult to fix during the post-placement implementation flow and could be the result of non-optimal XDC constraints or non-optimal design architecture
Related violations: <none>

TIMING-16#209 Warning
Large setup violation  
There is a large setup violation of -1.783 ns between Core_cpu/U_ifetch/pc_module/pc_reg[15]/C (clocked by clk_out1_cpuclk) and Mem_DRAM/U0/synth_options.dist_mem_inst/gen_sp_ram.spram_inst/ram_reg_11776_12031_11_11/RAMS64E_A/I (clocked by clk_out1_cpuclk). Large setup violations at the end of those stages might be difficult to fix during the post-placement implementation flow and could be the result of non-optimal XDC constraints or non-optimal design architecture
Related violations: <none>

TIMING-16#210 Warning
Large setup violation  
There is a large setup violation of -1.784 ns between Core_cpu/U_ifetch/pc_module/pc_reg[15]/C (clocked by clk_out1_cpuclk) and Mem_DRAM/U0/synth_options.dist_mem_inst/gen_sp_ram.spram_inst/ram_reg_10496_10751_14_14/RAMS64E_A/I (clocked by clk_out1_cpuclk). Large setup violations at the end of those stages might be difficult to fix during the post-placement implementation flow and could be the result of non-optimal XDC constraints or non-optimal design architecture
Related violations: <none>

TIMING-16#211 Warning
Large setup violation  
There is a large setup violation of -1.786 ns between Core_cpu/U_ifetch/pc_module/pc_reg[15]/C (clocked by clk_out1_cpuclk) and Mem_DRAM/U0/synth_options.dist_mem_inst/gen_sp_ram.spram_inst/ram_reg_11264_11519_7_7/RAMS64E_B/I (clocked by clk_out1_cpuclk). Large setup violations at the end of those stages might be difficult to fix during the post-placement implementation flow and could be the result of non-optimal XDC constraints or non-optimal design architecture
Related violations: <none>

TIMING-16#212 Warning
Large setup violation  
There is a large setup violation of -1.786 ns between Core_cpu/U_ifetch/pc_module/pc_reg[15]/C (clocked by clk_out1_cpuclk) and Mem_DRAM/U0/synth_options.dist_mem_inst/gen_sp_ram.spram_inst/ram_reg_11776_12031_3_3/RAMS64E_D/I (clocked by clk_out1_cpuclk). Large setup violations at the end of those stages might be difficult to fix during the post-placement implementation flow and could be the result of non-optimal XDC constraints or non-optimal design architecture
Related violations: <none>

TIMING-16#213 Warning
Large setup violation  
There is a large setup violation of -1.787 ns between Core_cpu/U_ifetch/pc_module/pc_reg[15]/C (clocked by clk_out1_cpuclk) and Mem_DRAM/U0/synth_options.dist_mem_inst/gen_sp_ram.spram_inst/ram_reg_11264_11519_7_7/RAMS64E_C/I (clocked by clk_out1_cpuclk). Large setup violations at the end of those stages might be difficult to fix during the post-placement implementation flow and could be the result of non-optimal XDC constraints or non-optimal design architecture
Related violations: <none>

TIMING-16#214 Warning
Large setup violation  
There is a large setup violation of -1.791 ns between Core_cpu/U_ifetch/pc_module/pc_reg[15]/C (clocked by clk_out1_cpuclk) and Mem_DRAM/U0/synth_options.dist_mem_inst/gen_sp_ram.spram_inst/ram_reg_1024_1279_20_20/RAMS64E_A/I (clocked by clk_out1_cpuclk). Large setup violations at the end of those stages might be difficult to fix during the post-placement implementation flow and could be the result of non-optimal XDC constraints or non-optimal design architecture
Related violations: <none>

TIMING-16#215 Warning
Large setup violation  
There is a large setup violation of -1.797 ns between Core_cpu/U_ifetch/pc_module/pc_reg[15]/C (clocked by clk_out1_cpuclk) and Mem_DRAM/U0/synth_options.dist_mem_inst/gen_sp_ram.spram_inst/ram_reg_0_255_8_8/RAMS64E_D/I (clocked by clk_out1_cpuclk). Large setup violations at the end of those stages might be difficult to fix during the post-placement implementation flow and could be the result of non-optimal XDC constraints or non-optimal design architecture
Related violations: <none>

TIMING-16#216 Warning
Large setup violation  
There is a large setup violation of -1.807 ns between Core_cpu/U_ifetch/pc_module/pc_reg[15]/C (clocked by clk_out1_cpuclk) and Mem_DRAM/U0/synth_options.dist_mem_inst/gen_sp_ram.spram_inst/ram_reg_11264_11519_1_1/RAMS64E_D/I (clocked by clk_out1_cpuclk). Large setup violations at the end of those stages might be difficult to fix during the post-placement implementation flow and could be the result of non-optimal XDC constraints or non-optimal design architecture
Related violations: <none>

TIMING-16#217 Warning
Large setup violation  
There is a large setup violation of -1.811 ns between Core_cpu/U_ifetch/pc_module/pc_reg[15]/C (clocked by clk_out1_cpuclk) and Mem_DRAM/U0/synth_options.dist_mem_inst/gen_sp_ram.spram_inst/ram_reg_11520_11775_10_10/RAMS64E_D/I (clocked by clk_out1_cpuclk). Large setup violations at the end of those stages might be difficult to fix during the post-placement implementation flow and could be the result of non-optimal XDC constraints or non-optimal design architecture
Related violations: <none>

TIMING-16#218 Warning
Large setup violation  
There is a large setup violation of -1.825 ns between Core_cpu/U_ifetch/pc_module/pc_reg[15]/C (clocked by clk_out1_cpuclk) and Mem_DRAM/U0/synth_options.dist_mem_inst/gen_sp_ram.spram_inst/ram_reg_11008_11263_7_7/RAMS64E_B/I (clocked by clk_out1_cpuclk). Large setup violations at the end of those stages might be difficult to fix during the post-placement implementation flow and could be the result of non-optimal XDC constraints or non-optimal design architecture
Related violations: <none>

TIMING-16#219 Warning
Large setup violation  
There is a large setup violation of -1.826 ns between Core_cpu/U_ifetch/pc_module/pc_reg[15]/C (clocked by clk_out1_cpuclk) and Mem_DRAM/U0/synth_options.dist_mem_inst/gen_sp_ram.spram_inst/ram_reg_11008_11263_7_7/RAMS64E_C/I (clocked by clk_out1_cpuclk). Large setup violations at the end of those stages might be difficult to fix during the post-placement implementation flow and could be the result of non-optimal XDC constraints or non-optimal design architecture
Related violations: <none>

TIMING-16#220 Warning
Large setup violation  
There is a large setup violation of -1.827 ns between Core_cpu/U_ifetch/pc_module/pc_reg[15]/C (clocked by clk_out1_cpuclk) and Mem_DRAM/U0/synth_options.dist_mem_inst/gen_sp_ram.spram_inst/ram_reg_10496_10751_8_8/RAMS64E_D/I (clocked by clk_out1_cpuclk). Large setup violations at the end of those stages might be difficult to fix during the post-placement implementation flow and could be the result of non-optimal XDC constraints or non-optimal design architecture
Related violations: <none>

TIMING-16#221 Warning
Large setup violation  
There is a large setup violation of -1.829 ns between Core_cpu/U_ifetch/pc_module/pc_reg[15]/C (clocked by clk_out1_cpuclk) and Mem_DRAM/U0/synth_options.dist_mem_inst/gen_sp_ram.spram_inst/ram_reg_11520_11775_14_14/RAMS64E_A/I (clocked by clk_out1_cpuclk). Large setup violations at the end of those stages might be difficult to fix during the post-placement implementation flow and could be the result of non-optimal XDC constraints or non-optimal design architecture
Related violations: <none>

TIMING-16#222 Warning
Large setup violation  
There is a large setup violation of -1.831 ns between Core_cpu/U_ifetch/pc_module/pc_reg[15]/C (clocked by clk_out1_cpuclk) and Mem_DRAM/U0/synth_options.dist_mem_inst/gen_sp_ram.spram_inst/ram_reg_1024_1279_9_9/RAMS64E_A/I (clocked by clk_out1_cpuclk). Large setup violations at the end of those stages might be difficult to fix during the post-placement implementation flow and could be the result of non-optimal XDC constraints or non-optimal design architecture
Related violations: <none>

TIMING-16#223 Warning
Large setup violation  
There is a large setup violation of -1.831 ns between Core_cpu/U_ifetch/pc_module/pc_reg[15]/C (clocked by clk_out1_cpuclk) and Mem_DRAM/U0/synth_options.dist_mem_inst/gen_sp_ram.spram_inst/ram_reg_12032_12287_10_10/RAMS64E_B/I (clocked by clk_out1_cpuclk). Large setup violations at the end of those stages might be difficult to fix during the post-placement implementation flow and could be the result of non-optimal XDC constraints or non-optimal design architecture
Related violations: <none>

TIMING-16#224 Warning
Large setup violation  
There is a large setup violation of -1.832 ns between Core_cpu/U_ifetch/pc_module/pc_reg[15]/C (clocked by clk_out1_cpuclk) and Mem_DRAM/U0/synth_options.dist_mem_inst/gen_sp_ram.spram_inst/ram_reg_12032_12287_10_10/RAMS64E_C/I (clocked by clk_out1_cpuclk). Large setup violations at the end of those stages might be difficult to fix during the post-placement implementation flow and could be the result of non-optimal XDC constraints or non-optimal design architecture
Related violations: <none>

TIMING-16#225 Warning
Large setup violation  
There is a large setup violation of -1.836 ns between Core_cpu/U_ifetch/pc_module/pc_reg[15]/C (clocked by clk_out1_cpuclk) and Mem_DRAM/U0/synth_options.dist_mem_inst/gen_sp_ram.spram_inst/ram_reg_11776_12031_19_19/RAMS64E_D/I (clocked by clk_out1_cpuclk). Large setup violations at the end of those stages might be difficult to fix during the post-placement implementation flow and could be the result of non-optimal XDC constraints or non-optimal design architecture
Related violations: <none>

TIMING-16#226 Warning
Large setup violation  
There is a large setup violation of -1.853 ns between Core_cpu/U_ifetch/pc_module/pc_reg[15]/C (clocked by clk_out1_cpuclk) and Mem_DRAM/U0/synth_options.dist_mem_inst/gen_sp_ram.spram_inst/ram_reg_11520_11775_20_20/RAMS64E_A/I (clocked by clk_out1_cpuclk). Large setup violations at the end of those stages might be difficult to fix during the post-placement implementation flow and could be the result of non-optimal XDC constraints or non-optimal design architecture
Related violations: <none>

TIMING-16#227 Warning
Large setup violation  
There is a large setup violation of -1.862 ns between Core_cpu/U_ifetch/pc_module/pc_reg[15]/C (clocked by clk_out1_cpuclk) and Mem_DRAM/U0/synth_options.dist_mem_inst/gen_sp_ram.spram_inst/ram_reg_11264_11519_0_0/RAMS64E_D/I (clocked by clk_out1_cpuclk). Large setup violations at the end of those stages might be difficult to fix during the post-placement implementation flow and could be the result of non-optimal XDC constraints or non-optimal design architecture
Related violations: <none>

TIMING-16#228 Warning
Large setup violation  
There is a large setup violation of -1.875 ns between Core_cpu/U_ifetch/pc_module/pc_reg[15]/C (clocked by clk_out1_cpuclk) and Mem_DRAM/U0/synth_options.dist_mem_inst/gen_sp_ram.spram_inst/ram_reg_11776_12031_1_1/RAMS64E_B/I (clocked by clk_out1_cpuclk). Large setup violations at the end of those stages might be difficult to fix during the post-placement implementation flow and could be the result of non-optimal XDC constraints or non-optimal design architecture
Related violations: <none>

TIMING-16#229 Warning
Large setup violation  
There is a large setup violation of -1.876 ns between Core_cpu/U_ifetch/pc_module/pc_reg[15]/C (clocked by clk_out1_cpuclk) and Mem_DRAM/U0/synth_options.dist_mem_inst/gen_sp_ram.spram_inst/ram_reg_11776_12031_1_1/RAMS64E_C/I (clocked by clk_out1_cpuclk). Large setup violations at the end of those stages might be difficult to fix during the post-placement implementation flow and could be the result of non-optimal XDC constraints or non-optimal design architecture
Related violations: <none>

TIMING-16#230 Warning
Large setup violation  
There is a large setup violation of -1.893 ns between Core_cpu/U_ifetch/pc_module/pc_reg[15]/C (clocked by clk_out1_cpuclk) and Mem_DRAM/U0/synth_options.dist_mem_inst/gen_sp_ram.spram_inst/ram_reg_1024_1279_28_28/RAMS64E_D/I (clocked by clk_out1_cpuclk). Large setup violations at the end of those stages might be difficult to fix during the post-placement implementation flow and could be the result of non-optimal XDC constraints or non-optimal design architecture
Related violations: <none>

TIMING-16#231 Warning
Large setup violation  
There is a large setup violation of -1.900 ns between Core_cpu/U_ifetch/pc_module/pc_reg[15]/C (clocked by clk_out1_cpuclk) and Mem_DRAM/U0/synth_options.dist_mem_inst/gen_sp_ram.spram_inst/ram_reg_10496_10751_1_1/RAMS64E_B/I (clocked by clk_out1_cpuclk). Large setup violations at the end of those stages might be difficult to fix during the post-placement implementation flow and could be the result of non-optimal XDC constraints or non-optimal design architecture
Related violations: <none>

TIMING-16#232 Warning
Large setup violation  
There is a large setup violation of -1.901 ns between Core_cpu/U_ifetch/pc_module/pc_reg[15]/C (clocked by clk_out1_cpuclk) and Mem_DRAM/U0/synth_options.dist_mem_inst/gen_sp_ram.spram_inst/ram_reg_10496_10751_1_1/RAMS64E_C/I (clocked by clk_out1_cpuclk). Large setup violations at the end of those stages might be difficult to fix during the post-placement implementation flow and could be the result of non-optimal XDC constraints or non-optimal design architecture
Related violations: <none>

TIMING-16#233 Warning
Large setup violation  
There is a large setup violation of -1.902 ns between Core_cpu/U_ifetch/pc_module/pc_reg[15]/C (clocked by clk_out1_cpuclk) and Mem_DRAM/U0/synth_options.dist_mem_inst/gen_sp_ram.spram_inst/ram_reg_10752_11007_10_10/RAMS64E_B/I (clocked by clk_out1_cpuclk). Large setup violations at the end of those stages might be difficult to fix during the post-placement implementation flow and could be the result of non-optimal XDC constraints or non-optimal design architecture
Related violations: <none>

TIMING-16#234 Warning
Large setup violation  
There is a large setup violation of -1.903 ns between Core_cpu/U_ifetch/pc_module/pc_reg[15]/C (clocked by clk_out1_cpuclk) and Mem_DRAM/U0/synth_options.dist_mem_inst/gen_sp_ram.spram_inst/ram_reg_10752_11007_10_10/RAMS64E_C/I (clocked by clk_out1_cpuclk). Large setup violations at the end of those stages might be difficult to fix during the post-placement implementation flow and could be the result of non-optimal XDC constraints or non-optimal design architecture
Related violations: <none>

TIMING-16#235 Warning
Large setup violation  
There is a large setup violation of -1.910 ns between Core_cpu/U_ifetch/pc_module/pc_reg[15]/C (clocked by clk_out1_cpuclk) and Mem_DRAM/U0/synth_options.dist_mem_inst/gen_sp_ram.spram_inst/ram_reg_0_255_20_20/RAMS64E_D/I (clocked by clk_out1_cpuclk). Large setup violations at the end of those stages might be difficult to fix during the post-placement implementation flow and could be the result of non-optimal XDC constraints or non-optimal design architecture
Related violations: <none>

TIMING-16#236 Warning
Large setup violation  
There is a large setup violation of -1.918 ns between Core_cpu/U_ifetch/pc_module/pc_reg[15]/C (clocked by clk_out1_cpuclk) and Mem_DRAM/U0/synth_options.dist_mem_inst/gen_sp_ram.spram_inst/ram_reg_11264_11519_9_9/RAMS64E_B/I (clocked by clk_out1_cpuclk). Large setup violations at the end of those stages might be difficult to fix during the post-placement implementation flow and could be the result of non-optimal XDC constraints or non-optimal design architecture
Related violations: <none>

TIMING-16#237 Warning
Large setup violation  
There is a large setup violation of -1.919 ns between Core_cpu/U_ifetch/pc_module/pc_reg[15]/C (clocked by clk_out1_cpuclk) and Mem_DRAM/U0/synth_options.dist_mem_inst/gen_sp_ram.spram_inst/ram_reg_11264_11519_9_9/RAMS64E_C/I (clocked by clk_out1_cpuclk). Large setup violations at the end of those stages might be difficult to fix during the post-placement implementation flow and could be the result of non-optimal XDC constraints or non-optimal design architecture
Related violations: <none>

TIMING-16#238 Warning
Large setup violation  
There is a large setup violation of -1.927 ns between Core_cpu/U_ifetch/pc_module/pc_reg[15]/C (clocked by clk_out1_cpuclk) and Mem_DRAM/U0/synth_options.dist_mem_inst/gen_sp_ram.spram_inst/ram_reg_10752_11007_19_19/RAMS64E_D/I (clocked by clk_out1_cpuclk). Large setup violations at the end of those stages might be difficult to fix during the post-placement implementation flow and could be the result of non-optimal XDC constraints or non-optimal design architecture
Related violations: <none>

TIMING-16#239 Warning
Large setup violation  
There is a large setup violation of -1.938 ns between Core_cpu/U_ifetch/pc_module/pc_reg[15]/C (clocked by clk_out1_cpuclk) and Mem_DRAM/U0/synth_options.dist_mem_inst/gen_sp_ram.spram_inst/ram_reg_1024_1279_22_22/RAMS64E_D/I (clocked by clk_out1_cpuclk). Large setup violations at the end of those stages might be difficult to fix during the post-placement implementation flow and could be the result of non-optimal XDC constraints or non-optimal design architecture
Related violations: <none>

TIMING-16#240 Warning
Large setup violation  
There is a large setup violation of -1.946 ns between Core_cpu/U_ifetch/pc_module/pc_reg[15]/C (clocked by clk_out1_cpuclk) and Mem_DRAM/U0/synth_options.dist_mem_inst/gen_sp_ram.spram_inst/ram_reg_10496_10751_7_7/RAMS64E_B/I (clocked by clk_out1_cpuclk). Large setup violations at the end of those stages might be difficult to fix during the post-placement implementation flow and could be the result of non-optimal XDC constraints or non-optimal design architecture
Related violations: <none>

TIMING-16#241 Warning
Large setup violation  
There is a large setup violation of -1.947 ns between Core_cpu/U_ifetch/pc_module/pc_reg[15]/C (clocked by clk_out1_cpuclk) and Mem_DRAM/U0/synth_options.dist_mem_inst/gen_sp_ram.spram_inst/ram_reg_10496_10751_7_7/RAMS64E_C/I (clocked by clk_out1_cpuclk). Large setup violations at the end of those stages might be difficult to fix during the post-placement implementation flow and could be the result of non-optimal XDC constraints or non-optimal design architecture
Related violations: <none>

TIMING-16#242 Warning
Large setup violation  
There is a large setup violation of -1.948 ns between Core_cpu/U_ifetch/pc_module/pc_reg[15]/C (clocked by clk_out1_cpuclk) and Mem_DRAM/U0/synth_options.dist_mem_inst/gen_sp_ram.spram_inst/ram_reg_10752_11007_3_3/RAMS64E_D/I (clocked by clk_out1_cpuclk). Large setup violations at the end of those stages might be difficult to fix during the post-placement implementation flow and could be the result of non-optimal XDC constraints or non-optimal design architecture
Related violations: <none>

TIMING-16#243 Warning
Large setup violation  
There is a large setup violation of -1.954 ns between Core_cpu/U_ifetch/pc_module/pc_reg[15]/C (clocked by clk_out1_cpuclk) and Mem_DRAM/U0/synth_options.dist_mem_inst/gen_sp_ram.spram_inst/ram_reg_10240_10495_0_0/RAMS64E_B/I (clocked by clk_out1_cpuclk). Large setup violations at the end of those stages might be difficult to fix during the post-placement implementation flow and could be the result of non-optimal XDC constraints or non-optimal design architecture
Related violations: <none>

TIMING-16#244 Warning
Large setup violation  
There is a large setup violation of -1.955 ns between Core_cpu/U_ifetch/pc_module/pc_reg[15]/C (clocked by clk_out1_cpuclk) and Mem_DRAM/U0/synth_options.dist_mem_inst/gen_sp_ram.spram_inst/ram_reg_10240_10495_0_0/RAMS64E_C/I (clocked by clk_out1_cpuclk). Large setup violations at the end of those stages might be difficult to fix during the post-placement implementation flow and could be the result of non-optimal XDC constraints or non-optimal design architecture
Related violations: <none>

TIMING-16#245 Warning
Large setup violation  
There is a large setup violation of -1.956 ns between Core_cpu/U_ifetch/pc_module/pc_reg[15]/C (clocked by clk_out1_cpuclk) and Mem_DRAM/U0/synth_options.dist_mem_inst/gen_sp_ram.spram_inst/ram_reg_12032_12287_0_0/RAMS64E_B/I (clocked by clk_out1_cpuclk). Large setup violations at the end of those stages might be difficult to fix during the post-placement implementation flow and could be the result of non-optimal XDC constraints or non-optimal design architecture
Related violations: <none>

TIMING-16#246 Warning
Large setup violation  
There is a large setup violation of -1.957 ns between Core_cpu/U_ifetch/pc_module/pc_reg[15]/C (clocked by clk_out1_cpuclk) and Mem_DRAM/U0/synth_options.dist_mem_inst/gen_sp_ram.spram_inst/ram_reg_12032_12287_0_0/RAMS64E_C/I (clocked by clk_out1_cpuclk). Large setup violations at the end of those stages might be difficult to fix during the post-placement implementation flow and could be the result of non-optimal XDC constraints or non-optimal design architecture
Related violations: <none>

TIMING-16#247 Warning
Large setup violation  
There is a large setup violation of -1.962 ns between Core_cpu/U_ifetch/pc_module/pc_reg[15]/C (clocked by clk_out1_cpuclk) and Mem_DRAM/U0/synth_options.dist_mem_inst/gen_sp_ram.spram_inst/ram_reg_1024_1279_3_3/RAMS64E_B/I (clocked by clk_out1_cpuclk). Large setup violations at the end of those stages might be difficult to fix during the post-placement implementation flow and could be the result of non-optimal XDC constraints or non-optimal design architecture
Related violations: <none>

TIMING-16#248 Warning
Large setup violation  
There is a large setup violation of -1.963 ns between Core_cpu/U_ifetch/pc_module/pc_reg[15]/C (clocked by clk_out1_cpuclk) and Mem_DRAM/U0/synth_options.dist_mem_inst/gen_sp_ram.spram_inst/ram_reg_1024_1279_3_3/RAMS64E_C/I (clocked by clk_out1_cpuclk). Large setup violations at the end of those stages might be difficult to fix during the post-placement implementation flow and could be the result of non-optimal XDC constraints or non-optimal design architecture
Related violations: <none>

TIMING-16#249 Warning
Large setup violation  
There is a large setup violation of -1.963 ns between Core_cpu/U_ifetch/pc_module/pc_reg[15]/C (clocked by clk_out1_cpuclk) and Mem_DRAM/U0/synth_options.dist_mem_inst/gen_sp_ram.spram_inst/ram_reg_11264_11519_10_10/RAMS64E_D/I (clocked by clk_out1_cpuclk). Large setup violations at the end of those stages might be difficult to fix during the post-placement implementation flow and could be the result of non-optimal XDC constraints or non-optimal design architecture
Related violations: <none>

TIMING-16#250 Warning
Large setup violation  
There is a large setup violation of -1.964 ns between Core_cpu/U_ifetch/pc_module/pc_reg[15]/C (clocked by clk_out1_cpuclk) and Mem_DRAM/U0/synth_options.dist_mem_inst/gen_sp_ram.spram_inst/ram_reg_1024_1279_4_4/RAMS64E_B/I (clocked by clk_out1_cpuclk). Large setup violations at the end of those stages might be difficult to fix during the post-placement implementation flow and could be the result of non-optimal XDC constraints or non-optimal design architecture
Related violations: <none>

TIMING-16#251 Warning
Large setup violation  
There is a large setup violation of -1.964 ns between Core_cpu/U_ifetch/pc_module/pc_reg[15]/C (clocked by clk_out1_cpuclk) and Mem_DRAM/U0/synth_options.dist_mem_inst/gen_sp_ram.spram_inst/ram_reg_10752_11007_14_14/RAMS64E_A/I (clocked by clk_out1_cpuclk). Large setup violations at the end of those stages might be difficult to fix during the post-placement implementation flow and could be the result of non-optimal XDC constraints or non-optimal design architecture
Related violations: <none>

TIMING-16#252 Warning
Large setup violation  
There is a large setup violation of -1.964 ns between Core_cpu/U_ifetch/pc_module/pc_reg[15]/C (clocked by clk_out1_cpuclk) and Mem_DRAM/U0/synth_options.dist_mem_inst/gen_sp_ram.spram_inst/ram_reg_10752_11007_1_1/RAMS64E_D/I (clocked by clk_out1_cpuclk). Large setup violations at the end of those stages might be difficult to fix during the post-placement implementation flow and could be the result of non-optimal XDC constraints or non-optimal design architecture
Related violations: <none>

TIMING-16#253 Warning
Large setup violation  
There is a large setup violation of -1.965 ns between Core_cpu/U_ifetch/pc_module/pc_reg[15]/C (clocked by clk_out1_cpuclk) and Mem_DRAM/U0/synth_options.dist_mem_inst/gen_sp_ram.spram_inst/ram_reg_1024_1279_4_4/RAMS64E_C/I (clocked by clk_out1_cpuclk). Large setup violations at the end of those stages might be difficult to fix during the post-placement implementation flow and could be the result of non-optimal XDC constraints or non-optimal design architecture
Related violations: <none>

TIMING-16#254 Warning
Large setup violation  
There is a large setup violation of -1.979 ns between Core_cpu/U_ifetch/pc_module/pc_reg[15]/C (clocked by clk_out1_cpuclk) and Mem_DRAM/U0/synth_options.dist_mem_inst/gen_sp_ram.spram_inst/ram_reg_11008_11263_0_0/RAMS64E_B/I (clocked by clk_out1_cpuclk). Large setup violations at the end of those stages might be difficult to fix during the post-placement implementation flow and could be the result of non-optimal XDC constraints or non-optimal design architecture
Related violations: <none>

TIMING-16#255 Warning
Large setup violation  
There is a large setup violation of -1.980 ns between Core_cpu/U_ifetch/pc_module/pc_reg[15]/C (clocked by clk_out1_cpuclk) and Mem_DRAM/U0/synth_options.dist_mem_inst/gen_sp_ram.spram_inst/ram_reg_11008_11263_0_0/RAMS64E_C/I (clocked by clk_out1_cpuclk). Large setup violations at the end of those stages might be difficult to fix during the post-placement implementation flow and could be the result of non-optimal XDC constraints or non-optimal design architecture
Related violations: <none>

TIMING-16#256 Warning
Large setup violation  
There is a large setup violation of -1.981 ns between Core_cpu/U_ifetch/pc_module/pc_reg[15]/C (clocked by clk_out1_cpuclk) and Mem_DRAM/U0/synth_options.dist_mem_inst/gen_sp_ram.spram_inst/ram_reg_10752_11007_4_4/RAMS64E_D/I (clocked by clk_out1_cpuclk). Large setup violations at the end of those stages might be difficult to fix during the post-placement implementation flow and could be the result of non-optimal XDC constraints or non-optimal design architecture
Related violations: <none>

TIMING-16#257 Warning
Large setup violation  
There is a large setup violation of -1.984 ns between Core_cpu/U_ifetch/pc_module/pc_reg[15]/C (clocked by clk_out1_cpuclk) and Mem_DRAM/U0/synth_options.dist_mem_inst/gen_sp_ram.spram_inst/ram_reg_11264_11519_11_11/RAMS64E_A/I (clocked by clk_out1_cpuclk). Large setup violations at the end of those stages might be difficult to fix during the post-placement implementation flow and could be the result of non-optimal XDC constraints or non-optimal design architecture
Related violations: <none>

TIMING-16#258 Warning
Large setup violation  
There is a large setup violation of -1.992 ns between Core_cpu/U_ifetch/pc_module/pc_reg[15]/C (clocked by clk_out1_cpuclk) and Mem_DRAM/U0/synth_options.dist_mem_inst/gen_sp_ram.spram_inst/ram_reg_11008_11263_20_20/RAMS64E_A/I (clocked by clk_out1_cpuclk). Large setup violations at the end of those stages might be difficult to fix during the post-placement implementation flow and could be the result of non-optimal XDC constraints or non-optimal design architecture
Related violations: <none>

TIMING-16#259 Warning
Large setup violation  
There is a large setup violation of -1.999 ns between Core_cpu/U_ifetch/pc_module/pc_reg[15]/C (clocked by clk_out1_cpuclk) and Mem_DRAM/U0/synth_options.dist_mem_inst/gen_sp_ram.spram_inst/ram_reg_11776_12031_10_10/RAMS64E_A/I (clocked by clk_out1_cpuclk). Large setup violations at the end of those stages might be difficult to fix during the post-placement implementation flow and could be the result of non-optimal XDC constraints or non-optimal design architecture
Related violations: <none>

TIMING-16#260 Warning
Large setup violation  
There is a large setup violation of -2.007 ns between Core_cpu/U_ifetch/pc_module/pc_reg[15]/C (clocked by clk_out1_cpuclk) and Mem_DRAM/U0/synth_options.dist_mem_inst/gen_sp_ram.spram_inst/ram_reg_11520_11775_0_0/RAMS64E_A/I (clocked by clk_out1_cpuclk). Large setup violations at the end of those stages might be difficult to fix during the post-placement implementation flow and could be the result of non-optimal XDC constraints or non-optimal design architecture
Related violations: <none>

TIMING-16#261 Warning
Large setup violation  
There is a large setup violation of -2.008 ns between Core_cpu/U_ifetch/pc_module/pc_reg[15]/C (clocked by clk_out1_cpuclk) and Mem_DRAM/U0/synth_options.dist_mem_inst/gen_sp_ram.spram_inst/ram_reg_11008_11263_1_1/RAMS64E_A/I (clocked by clk_out1_cpuclk). Large setup violations at the end of those stages might be difficult to fix during the post-placement implementation flow and could be the result of non-optimal XDC constraints or non-optimal design architecture
Related violations: <none>

TIMING-16#262 Warning
Large setup violation  
There is a large setup violation of -2.032 ns between Core_cpu/U_ifetch/pc_module/pc_reg[15]/C (clocked by clk_out1_cpuclk) and Core_cpu/U_idecode/rf_module/regts_reg_r1_0_31_6_11/RAMA/I (clocked by clk_out1_cpuclk). Large setup violations at the end of those stages might be difficult to fix during the post-placement implementation flow and could be the result of non-optimal XDC constraints or non-optimal design architecture
Related violations: <none>

TIMING-16#263 Warning
Large setup violation  
There is a large setup violation of -2.039 ns between Core_cpu/U_ifetch/pc_module/pc_reg[15]/C (clocked by clk_out1_cpuclk) and Mem_DRAM/U0/synth_options.dist_mem_inst/gen_sp_ram.spram_inst/ram_reg_11776_12031_3_3/RAMS64E_B/I (clocked by clk_out1_cpuclk). Large setup violations at the end of those stages might be difficult to fix during the post-placement implementation flow and could be the result of non-optimal XDC constraints or non-optimal design architecture
Related violations: <none>

TIMING-16#264 Warning
Large setup violation  
There is a large setup violation of -2.040 ns between Core_cpu/U_ifetch/pc_module/pc_reg[15]/C (clocked by clk_out1_cpuclk) and Mem_DRAM/U0/synth_options.dist_mem_inst/gen_sp_ram.spram_inst/ram_reg_11776_12031_3_3/RAMS64E_C/I (clocked by clk_out1_cpuclk). Large setup violations at the end of those stages might be difficult to fix during the post-placement implementation flow and could be the result of non-optimal XDC constraints or non-optimal design architecture
Related violations: <none>

TIMING-16#265 Warning
Large setup violation  
There is a large setup violation of -2.050 ns between Core_cpu/U_ifetch/pc_module/pc_reg[15]/C (clocked by clk_out1_cpuclk) and Mem_DRAM/U0/synth_options.dist_mem_inst/gen_sp_ram.spram_inst/ram_reg_0_255_1_1/RAMS64E_D/I (clocked by clk_out1_cpuclk). Large setup violations at the end of those stages might be difficult to fix during the post-placement implementation flow and could be the result of non-optimal XDC constraints or non-optimal design architecture
Related violations: <none>

TIMING-16#266 Warning
Large setup violation  
There is a large setup violation of -2.050 ns between Core_cpu/U_ifetch/pc_module/pc_reg[15]/C (clocked by clk_out1_cpuclk) and Mem_DRAM/U0/synth_options.dist_mem_inst/gen_sp_ram.spram_inst/ram_reg_0_255_8_8/RAMS64E_B/I (clocked by clk_out1_cpuclk). Large setup violations at the end of those stages might be difficult to fix during the post-placement implementation flow and could be the result of non-optimal XDC constraints or non-optimal design architecture
Related violations: <none>

TIMING-16#267 Warning
Large setup violation  
There is a large setup violation of -2.051 ns between Core_cpu/U_ifetch/pc_module/pc_reg[15]/C (clocked by clk_out1_cpuclk) and Mem_DRAM/U0/synth_options.dist_mem_inst/gen_sp_ram.spram_inst/ram_reg_0_255_8_8/RAMS64E_C/I (clocked by clk_out1_cpuclk). Large setup violations at the end of those stages might be difficult to fix during the post-placement implementation flow and could be the result of non-optimal XDC constraints or non-optimal design architecture
Related violations: <none>

TIMING-16#268 Warning
Large setup violation  
There is a large setup violation of -2.053 ns between Core_cpu/U_ifetch/pc_module/pc_reg[15]/C (clocked by clk_out1_cpuclk) and Mem_DRAM/U0/synth_options.dist_mem_inst/gen_sp_ram.spram_inst/ram_reg_10752_11007_7_7/RAMS64E_A/I (clocked by clk_out1_cpuclk). Large setup violations at the end of those stages might be difficult to fix during the post-placement implementation flow and could be the result of non-optimal XDC constraints or non-optimal design architecture
Related violations: <none>

TIMING-16#269 Warning
Large setup violation  
There is a large setup violation of -2.060 ns between Core_cpu/U_ifetch/pc_module/pc_reg[15]/C (clocked by clk_out1_cpuclk) and Mem_DRAM/U0/synth_options.dist_mem_inst/gen_sp_ram.spram_inst/ram_reg_11264_11519_1_1/RAMS64E_B/I (clocked by clk_out1_cpuclk). Large setup violations at the end of those stages might be difficult to fix during the post-placement implementation flow and could be the result of non-optimal XDC constraints or non-optimal design architecture
Related violations: <none>

TIMING-16#270 Warning
Large setup violation  
There is a large setup violation of -2.061 ns between Core_cpu/U_ifetch/pc_module/pc_reg[15]/C (clocked by clk_out1_cpuclk) and Mem_DRAM/U0/synth_options.dist_mem_inst/gen_sp_ram.spram_inst/ram_reg_11264_11519_1_1/RAMS64E_C/I (clocked by clk_out1_cpuclk). Large setup violations at the end of those stages might be difficult to fix during the post-placement implementation flow and could be the result of non-optimal XDC constraints or non-optimal design architecture
Related violations: <none>

TIMING-16#271 Warning
Large setup violation  
There is a large setup violation of -2.064 ns between Core_cpu/U_ifetch/pc_module/pc_reg[15]/C (clocked by clk_out1_cpuclk) and Mem_DRAM/U0/synth_options.dist_mem_inst/gen_sp_ram.spram_inst/ram_reg_11520_11775_10_10/RAMS64E_B/I (clocked by clk_out1_cpuclk). Large setup violations at the end of those stages might be difficult to fix during the post-placement implementation flow and could be the result of non-optimal XDC constraints or non-optimal design architecture
Related violations: <none>

TIMING-16#272 Warning
Large setup violation  
There is a large setup violation of -2.065 ns between Core_cpu/U_ifetch/pc_module/pc_reg[15]/C (clocked by clk_out1_cpuclk) and Mem_DRAM/U0/synth_options.dist_mem_inst/gen_sp_ram.spram_inst/ram_reg_11520_11775_10_10/RAMS64E_C/I (clocked by clk_out1_cpuclk). Large setup violations at the end of those stages might be difficult to fix during the post-placement implementation flow and could be the result of non-optimal XDC constraints or non-optimal design architecture
Related violations: <none>

TIMING-16#273 Warning
Large setup violation  
There is a large setup violation of -2.074 ns between Core_cpu/U_ifetch/pc_module/pc_reg[15]/C (clocked by clk_out1_cpuclk) and Mem_DRAM/U0/synth_options.dist_mem_inst/gen_sp_ram.spram_inst/ram_reg_11264_11519_7_7/RAMS64E_A/I (clocked by clk_out1_cpuclk). Large setup violations at the end of those stages might be difficult to fix during the post-placement implementation flow and could be the result of non-optimal XDC constraints or non-optimal design architecture
Related violations: <none>

TIMING-16#274 Warning
Large setup violation  
There is a large setup violation of -2.080 ns between Core_cpu/U_ifetch/pc_module/pc_reg[15]/C (clocked by clk_out1_cpuclk) and Mem_DRAM/U0/synth_options.dist_mem_inst/gen_sp_ram.spram_inst/ram_reg_10496_10751_8_8/RAMS64E_B/I (clocked by clk_out1_cpuclk). Large setup violations at the end of those stages might be difficult to fix during the post-placement implementation flow and could be the result of non-optimal XDC constraints or non-optimal design architecture
Related violations: <none>

TIMING-16#275 Warning
Large setup violation  
There is a large setup violation of -2.081 ns between Core_cpu/U_ifetch/pc_module/pc_reg[15]/C (clocked by clk_out1_cpuclk) and Mem_DRAM/U0/synth_options.dist_mem_inst/gen_sp_ram.spram_inst/ram_reg_10496_10751_8_8/RAMS64E_C/I (clocked by clk_out1_cpuclk). Large setup violations at the end of those stages might be difficult to fix during the post-placement implementation flow and could be the result of non-optimal XDC constraints or non-optimal design architecture
Related violations: <none>

TIMING-16#276 Warning
Large setup violation  
There is a large setup violation of -2.087 ns between Core_cpu/U_ifetch/pc_module/pc_reg[15]/C (clocked by clk_out1_cpuclk) and Mem_DRAM/U0/synth_options.dist_mem_inst/gen_sp_ram.spram_inst/ram_reg_1024_1279_8_8/RAMS64E_D/I (clocked by clk_out1_cpuclk). Large setup violations at the end of those stages might be difficult to fix during the post-placement implementation flow and could be the result of non-optimal XDC constraints or non-optimal design architecture
Related violations: <none>

TIMING-16#277 Warning
Large setup violation  
There is a large setup violation of -2.089 ns between Core_cpu/U_ifetch/pc_module/pc_reg[15]/C (clocked by clk_out1_cpuclk) and Mem_DRAM/U0/synth_options.dist_mem_inst/gen_sp_ram.spram_inst/ram_reg_11776_12031_19_19/RAMS64E_B/I (clocked by clk_out1_cpuclk). Large setup violations at the end of those stages might be difficult to fix during the post-placement implementation flow and could be the result of non-optimal XDC constraints or non-optimal design architecture
Related violations: <none>

TIMING-16#278 Warning
Large setup violation  
There is a large setup violation of -2.090 ns between Core_cpu/U_ifetch/pc_module/pc_reg[15]/C (clocked by clk_out1_cpuclk) and Mem_DRAM/U0/synth_options.dist_mem_inst/gen_sp_ram.spram_inst/ram_reg_11776_12031_19_19/RAMS64E_C/I (clocked by clk_out1_cpuclk). Large setup violations at the end of those stages might be difficult to fix during the post-placement implementation flow and could be the result of non-optimal XDC constraints or non-optimal design architecture
Related violations: <none>

TIMING-16#279 Warning
Large setup violation  
There is a large setup violation of -2.106 ns between Core_cpu/U_ifetch/pc_module/pc_reg[15]/C (clocked by clk_out1_cpuclk) and Mem_DRAM/U0/synth_options.dist_mem_inst/gen_sp_ram.spram_inst/ram_reg_10496_10751_4_4/RAMS64E_D/I (clocked by clk_out1_cpuclk). Large setup violations at the end of those stages might be difficult to fix during the post-placement implementation flow and could be the result of non-optimal XDC constraints or non-optimal design architecture
Related violations: <none>

TIMING-16#280 Warning
Large setup violation  
There is a large setup violation of -2.106 ns between Core_cpu/U_ifetch/pc_module/pc_reg[15]/C (clocked by clk_out1_cpuclk) and Mem_DRAM/U0/synth_options.dist_mem_inst/gen_sp_ram.spram_inst/ram_reg_11008_11263_4_4/RAMS64E_D/I (clocked by clk_out1_cpuclk). Large setup violations at the end of those stages might be difficult to fix during the post-placement implementation flow and could be the result of non-optimal XDC constraints or non-optimal design architecture
Related violations: <none>

TIMING-16#281 Warning
Large setup violation  
There is a large setup violation of -2.113 ns between Core_cpu/U_ifetch/pc_module/pc_reg[15]/C (clocked by clk_out1_cpuclk) and Mem_DRAM/U0/synth_options.dist_mem_inst/gen_sp_ram.spram_inst/ram_reg_11008_11263_7_7/RAMS64E_A/I (clocked by clk_out1_cpuclk). Large setup violations at the end of those stages might be difficult to fix during the post-placement implementation flow and could be the result of non-optimal XDC constraints or non-optimal design architecture
Related violations: <none>

TIMING-16#282 Warning
Large setup violation  
There is a large setup violation of -2.115 ns between Core_cpu/U_ifetch/pc_module/pc_reg[15]/C (clocked by clk_out1_cpuclk) and Mem_DRAM/U0/synth_options.dist_mem_inst/gen_sp_ram.spram_inst/ram_reg_11264_11519_0_0/RAMS64E_B/I (clocked by clk_out1_cpuclk). Large setup violations at the end of those stages might be difficult to fix during the post-placement implementation flow and could be the result of non-optimal XDC constraints or non-optimal design architecture
Related violations: <none>

TIMING-16#283 Warning
Large setup violation  
There is a large setup violation of -2.116 ns between Core_cpu/U_ifetch/pc_module/pc_reg[15]/C (clocked by clk_out1_cpuclk) and Mem_DRAM/U0/synth_options.dist_mem_inst/gen_sp_ram.spram_inst/ram_reg_11264_11519_0_0/RAMS64E_C/I (clocked by clk_out1_cpuclk). Large setup violations at the end of those stages might be difficult to fix during the post-placement implementation flow and could be the result of non-optimal XDC constraints or non-optimal design architecture
Related violations: <none>

TIMING-16#284 Warning
Large setup violation  
There is a large setup violation of -2.119 ns between Core_cpu/U_ifetch/pc_module/pc_reg[15]/C (clocked by clk_out1_cpuclk) and Mem_DRAM/U0/synth_options.dist_mem_inst/gen_sp_ram.spram_inst/ram_reg_12032_12287_10_10/RAMS64E_A/I (clocked by clk_out1_cpuclk). Large setup violations at the end of those stages might be difficult to fix during the post-placement implementation flow and could be the result of non-optimal XDC constraints or non-optimal design architecture
Related violations: <none>

TIMING-16#285 Warning
Large setup violation  
There is a large setup violation of -2.141 ns between Core_cpu/U_ifetch/pc_module/pc_reg[15]/C (clocked by clk_out1_cpuclk) and Mem_DRAM/U0/synth_options.dist_mem_inst/gen_sp_ram.spram_inst/ram_reg_10496_10751_10_10/RAMS64E_D/I (clocked by clk_out1_cpuclk). Large setup violations at the end of those stages might be difficult to fix during the post-placement implementation flow and could be the result of non-optimal XDC constraints or non-optimal design architecture
Related violations: <none>

TIMING-16#286 Warning
Large setup violation  
There is a large setup violation of -2.146 ns between Core_cpu/U_ifetch/pc_module/pc_reg[15]/C (clocked by clk_out1_cpuclk) and Mem_DRAM/U0/synth_options.dist_mem_inst/gen_sp_ram.spram_inst/ram_reg_1024_1279_28_28/RAMS64E_B/I (clocked by clk_out1_cpuclk). Large setup violations at the end of those stages might be difficult to fix during the post-placement implementation flow and could be the result of non-optimal XDC constraints or non-optimal design architecture
Related violations: <none>

TIMING-16#287 Warning
Large setup violation  
There is a large setup violation of -2.147 ns between Core_cpu/U_ifetch/pc_module/pc_reg[15]/C (clocked by clk_out1_cpuclk) and Mem_DRAM/U0/synth_options.dist_mem_inst/gen_sp_ram.spram_inst/ram_reg_1024_1279_28_28/RAMS64E_C/I (clocked by clk_out1_cpuclk). Large setup violations at the end of those stages might be difficult to fix during the post-placement implementation flow and could be the result of non-optimal XDC constraints or non-optimal design architecture
Related violations: <none>

TIMING-16#288 Warning
Large setup violation  
There is a large setup violation of -2.163 ns between Core_cpu/U_ifetch/pc_module/pc_reg[15]/C (clocked by clk_out1_cpuclk) and Mem_DRAM/U0/synth_options.dist_mem_inst/gen_sp_ram.spram_inst/ram_reg_0_255_20_20/RAMS64E_B/I (clocked by clk_out1_cpuclk). Large setup violations at the end of those stages might be difficult to fix during the post-placement implementation flow and could be the result of non-optimal XDC constraints or non-optimal design architecture
Related violations: <none>

TIMING-16#289 Warning
Large setup violation  
There is a large setup violation of -2.163 ns between Core_cpu/U_ifetch/pc_module/pc_reg[15]/C (clocked by clk_out1_cpuclk) and Mem_DRAM/U0/synth_options.dist_mem_inst/gen_sp_ram.spram_inst/ram_reg_11776_12031_1_1/RAMS64E_A/I (clocked by clk_out1_cpuclk). Large setup violations at the end of those stages might be difficult to fix during the post-placement implementation flow and could be the result of non-optimal XDC constraints or non-optimal design architecture
Related violations: <none>

TIMING-16#290 Warning
Large setup violation  
There is a large setup violation of -2.164 ns between Core_cpu/U_ifetch/pc_module/pc_reg[15]/C (clocked by clk_out1_cpuclk) and Mem_DRAM/U0/synth_options.dist_mem_inst/gen_sp_ram.spram_inst/ram_reg_0_255_20_20/RAMS64E_C/I (clocked by clk_out1_cpuclk). Large setup violations at the end of those stages might be difficult to fix during the post-placement implementation flow and could be the result of non-optimal XDC constraints or non-optimal design architecture
Related violations: <none>

TIMING-16#291 Warning
Large setup violation  
There is a large setup violation of -2.180 ns between Core_cpu/U_ifetch/pc_module/pc_reg[15]/C (clocked by clk_out1_cpuclk) and Mem_DRAM/U0/synth_options.dist_mem_inst/gen_sp_ram.spram_inst/ram_reg_10752_11007_19_19/RAMS64E_B/I (clocked by clk_out1_cpuclk). Large setup violations at the end of those stages might be difficult to fix during the post-placement implementation flow and could be the result of non-optimal XDC constraints or non-optimal design architecture
Related violations: <none>

TIMING-16#292 Warning
Large setup violation  
There is a large setup violation of -2.181 ns between Core_cpu/U_ifetch/pc_module/pc_reg[15]/C (clocked by clk_out1_cpuclk) and Mem_DRAM/U0/synth_options.dist_mem_inst/gen_sp_ram.spram_inst/ram_reg_10752_11007_19_19/RAMS64E_C/I (clocked by clk_out1_cpuclk). Large setup violations at the end of those stages might be difficult to fix during the post-placement implementation flow and could be the result of non-optimal XDC constraints or non-optimal design architecture
Related violations: <none>

TIMING-16#293 Warning
Large setup violation  
There is a large setup violation of -2.188 ns between Core_cpu/U_ifetch/pc_module/pc_reg[15]/C (clocked by clk_out1_cpuclk) and Mem_DRAM/U0/synth_options.dist_mem_inst/gen_sp_ram.spram_inst/ram_reg_10496_10751_1_1/RAMS64E_A/I (clocked by clk_out1_cpuclk). Large setup violations at the end of those stages might be difficult to fix during the post-placement implementation flow and could be the result of non-optimal XDC constraints or non-optimal design architecture
Related violations: <none>

TIMING-16#294 Warning
Large setup violation  
There is a large setup violation of -2.190 ns between Core_cpu/U_ifetch/pc_module/pc_reg[15]/C (clocked by clk_out1_cpuclk) and Mem_DRAM/U0/synth_options.dist_mem_inst/gen_sp_ram.spram_inst/ram_reg_10752_11007_10_10/RAMS64E_A/I (clocked by clk_out1_cpuclk). Large setup violations at the end of those stages might be difficult to fix during the post-placement implementation flow and could be the result of non-optimal XDC constraints or non-optimal design architecture
Related violations: <none>

TIMING-16#295 Warning
Large setup violation  
There is a large setup violation of -2.191 ns between Core_cpu/U_ifetch/pc_module/pc_reg[15]/C (clocked by clk_out1_cpuclk) and Mem_DRAM/U0/synth_options.dist_mem_inst/gen_sp_ram.spram_inst/ram_reg_1024_1279_22_22/RAMS64E_B/I (clocked by clk_out1_cpuclk). Large setup violations at the end of those stages might be difficult to fix during the post-placement implementation flow and could be the result of non-optimal XDC constraints or non-optimal design architecture
Related violations: <none>

TIMING-16#296 Warning
Large setup violation  
There is a large setup violation of -2.192 ns between Core_cpu/U_ifetch/pc_module/pc_reg[15]/C (clocked by clk_out1_cpuclk) and Mem_DRAM/U0/synth_options.dist_mem_inst/gen_sp_ram.spram_inst/ram_reg_1024_1279_22_22/RAMS64E_C/I (clocked by clk_out1_cpuclk). Large setup violations at the end of those stages might be difficult to fix during the post-placement implementation flow and could be the result of non-optimal XDC constraints or non-optimal design architecture
Related violations: <none>

TIMING-16#297 Warning
Large setup violation  
There is a large setup violation of -2.201 ns between Core_cpu/U_ifetch/pc_module/pc_reg[15]/C (clocked by clk_out1_cpuclk) and Mem_DRAM/U0/synth_options.dist_mem_inst/gen_sp_ram.spram_inst/ram_reg_10752_11007_3_3/RAMS64E_B/I (clocked by clk_out1_cpuclk). Large setup violations at the end of those stages might be difficult to fix during the post-placement implementation flow and could be the result of non-optimal XDC constraints or non-optimal design architecture
Related violations: <none>

TIMING-16#298 Warning
Large setup violation  
There is a large setup violation of -2.202 ns between Core_cpu/U_ifetch/pc_module/pc_reg[15]/C (clocked by clk_out1_cpuclk) and Mem_DRAM/U0/synth_options.dist_mem_inst/gen_sp_ram.spram_inst/ram_reg_10752_11007_3_3/RAMS64E_C/I (clocked by clk_out1_cpuclk). Large setup violations at the end of those stages might be difficult to fix during the post-placement implementation flow and could be the result of non-optimal XDC constraints or non-optimal design architecture
Related violations: <none>

TIMING-16#299 Warning
Large setup violation  
There is a large setup violation of -2.206 ns between Core_cpu/U_ifetch/pc_module/pc_reg[15]/C (clocked by clk_out1_cpuclk) and Mem_DRAM/U0/synth_options.dist_mem_inst/gen_sp_ram.spram_inst/ram_reg_11264_11519_9_9/RAMS64E_A/I (clocked by clk_out1_cpuclk). Large setup violations at the end of those stages might be difficult to fix during the post-placement implementation flow and could be the result of non-optimal XDC constraints or non-optimal design architecture
Related violations: <none>

TIMING-16#300 Warning
Large setup violation  
There is a large setup violation of -2.207 ns between Core_cpu/U_ifetch/pc_module/pc_reg[15]/C (clocked by clk_out1_cpuclk) and Mem_DRAM/U0/synth_options.dist_mem_inst/gen_sp_ram.spram_inst/ram_reg_11264_11519_12_12/RAMS64E_D/I (clocked by clk_out1_cpuclk). Large setup violations at the end of those stages might be difficult to fix during the post-placement implementation flow and could be the result of non-optimal XDC constraints or non-optimal design architecture
Related violations: <none>

TIMING-16#301 Warning
Large setup violation  
There is a large setup violation of -2.216 ns between Core_cpu/U_ifetch/pc_module/pc_reg[15]/C (clocked by clk_out1_cpuclk) and Mem_DRAM/U0/synth_options.dist_mem_inst/gen_sp_ram.spram_inst/ram_reg_11264_11519_10_10/RAMS64E_B/I (clocked by clk_out1_cpuclk). Large setup violations at the end of those stages might be difficult to fix during the post-placement implementation flow and could be the result of non-optimal XDC constraints or non-optimal design architecture
Related violations: <none>

TIMING-16#302 Warning
Large setup violation  
There is a large setup violation of -2.217 ns between Core_cpu/U_ifetch/pc_module/pc_reg[15]/C (clocked by clk_out1_cpuclk) and Mem_DRAM/U0/synth_options.dist_mem_inst/gen_sp_ram.spram_inst/ram_reg_10752_11007_1_1/RAMS64E_B/I (clocked by clk_out1_cpuclk). Large setup violations at the end of those stages might be difficult to fix during the post-placement implementation flow and could be the result of non-optimal XDC constraints or non-optimal design architecture
Related violations: <none>

TIMING-16#303 Warning
Large setup violation  
There is a large setup violation of -2.217 ns between Core_cpu/U_ifetch/pc_module/pc_reg[15]/C (clocked by clk_out1_cpuclk) and Mem_DRAM/U0/synth_options.dist_mem_inst/gen_sp_ram.spram_inst/ram_reg_11264_11519_10_10/RAMS64E_C/I (clocked by clk_out1_cpuclk). Large setup violations at the end of those stages might be difficult to fix during the post-placement implementation flow and could be the result of non-optimal XDC constraints or non-optimal design architecture
Related violations: <none>

TIMING-16#304 Warning
Large setup violation  
There is a large setup violation of -2.218 ns between Core_cpu/U_ifetch/pc_module/pc_reg[15]/C (clocked by clk_out1_cpuclk) and Mem_DRAM/U0/synth_options.dist_mem_inst/gen_sp_ram.spram_inst/ram_reg_10752_11007_1_1/RAMS64E_C/I (clocked by clk_out1_cpuclk). Large setup violations at the end of those stages might be difficult to fix during the post-placement implementation flow and could be the result of non-optimal XDC constraints or non-optimal design architecture
Related violations: <none>

TIMING-16#305 Warning
Large setup violation  
There is a large setup violation of -2.234 ns between Core_cpu/U_ifetch/pc_module/pc_reg[15]/C (clocked by clk_out1_cpuclk) and Mem_DRAM/U0/synth_options.dist_mem_inst/gen_sp_ram.spram_inst/ram_reg_10496_10751_7_7/RAMS64E_A/I (clocked by clk_out1_cpuclk). Large setup violations at the end of those stages might be difficult to fix during the post-placement implementation flow and could be the result of non-optimal XDC constraints or non-optimal design architecture
Related violations: <none>

TIMING-16#306 Warning
Large setup violation  
There is a large setup violation of -2.234 ns between Core_cpu/U_ifetch/pc_module/pc_reg[15]/C (clocked by clk_out1_cpuclk) and Mem_DRAM/U0/synth_options.dist_mem_inst/gen_sp_ram.spram_inst/ram_reg_10752_11007_4_4/RAMS64E_B/I (clocked by clk_out1_cpuclk). Large setup violations at the end of those stages might be difficult to fix during the post-placement implementation flow and could be the result of non-optimal XDC constraints or non-optimal design architecture
Related violations: <none>

TIMING-16#307 Warning
Large setup violation  
There is a large setup violation of -2.235 ns between Core_cpu/U_ifetch/pc_module/pc_reg[15]/C (clocked by clk_out1_cpuclk) and Mem_DRAM/U0/synth_options.dist_mem_inst/gen_sp_ram.spram_inst/ram_reg_10752_11007_4_4/RAMS64E_C/I (clocked by clk_out1_cpuclk). Large setup violations at the end of those stages might be difficult to fix during the post-placement implementation flow and could be the result of non-optimal XDC constraints or non-optimal design architecture
Related violations: <none>

TIMING-16#308 Warning
Large setup violation  
There is a large setup violation of -2.242 ns between Core_cpu/U_ifetch/pc_module/pc_reg[15]/C (clocked by clk_out1_cpuclk) and Mem_DRAM/U0/synth_options.dist_mem_inst/gen_sp_ram.spram_inst/ram_reg_10240_10495_0_0/RAMS64E_A/I (clocked by clk_out1_cpuclk). Large setup violations at the end of those stages might be difficult to fix during the post-placement implementation flow and could be the result of non-optimal XDC constraints or non-optimal design architecture
Related violations: <none>

TIMING-16#309 Warning
Large setup violation  
There is a large setup violation of -2.244 ns between Core_cpu/U_ifetch/pc_module/pc_reg[15]/C (clocked by clk_out1_cpuclk) and Mem_DRAM/U0/synth_options.dist_mem_inst/gen_sp_ram.spram_inst/ram_reg_12032_12287_0_0/RAMS64E_A/I (clocked by clk_out1_cpuclk). Large setup violations at the end of those stages might be difficult to fix during the post-placement implementation flow and could be the result of non-optimal XDC constraints or non-optimal design architecture
Related violations: <none>

TIMING-16#310 Warning
Large setup violation  
There is a large setup violation of -2.250 ns between Core_cpu/U_ifetch/pc_module/pc_reg[15]/C (clocked by clk_out1_cpuclk) and Mem_DRAM/U0/synth_options.dist_mem_inst/gen_sp_ram.spram_inst/ram_reg_1024_1279_3_3/RAMS64E_A/I (clocked by clk_out1_cpuclk). Large setup violations at the end of those stages might be difficult to fix during the post-placement implementation flow and could be the result of non-optimal XDC constraints or non-optimal design architecture
Related violations: <none>

TIMING-16#311 Warning
Large setup violation  
There is a large setup violation of -2.252 ns between Core_cpu/U_ifetch/pc_module/pc_reg[15]/C (clocked by clk_out1_cpuclk) and Mem_DRAM/U0/synth_options.dist_mem_inst/gen_sp_ram.spram_inst/ram_reg_1024_1279_4_4/RAMS64E_A/I (clocked by clk_out1_cpuclk). Large setup violations at the end of those stages might be difficult to fix during the post-placement implementation flow and could be the result of non-optimal XDC constraints or non-optimal design architecture
Related violations: <none>

TIMING-16#312 Warning
Large setup violation  
There is a large setup violation of -2.257 ns between Core_cpu/U_ifetch/pc_module/pc_reg[15]/C (clocked by clk_out1_cpuclk) and Mem_DRAM/U0/synth_options.dist_mem_inst/gen_sp_ram.spram_inst/ram_reg_10240_10495_1_1/RAMS64E_D/I (clocked by clk_out1_cpuclk). Large setup violations at the end of those stages might be difficult to fix during the post-placement implementation flow and could be the result of non-optimal XDC constraints or non-optimal design architecture
Related violations: <none>

TIMING-16#313 Warning
Large setup violation  
There is a large setup violation of -2.267 ns between Core_cpu/U_ifetch/pc_module/pc_reg[15]/C (clocked by clk_out1_cpuclk) and Mem_DRAM/U0/synth_options.dist_mem_inst/gen_sp_ram.spram_inst/ram_reg_11008_11263_0_0/RAMS64E_A/I (clocked by clk_out1_cpuclk). Large setup violations at the end of those stages might be difficult to fix during the post-placement implementation flow and could be the result of non-optimal XDC constraints or non-optimal design architecture
Related violations: <none>

TIMING-16#314 Warning
Large setup violation  
There is a large setup violation of -2.268 ns between Core_cpu/U_ifetch/pc_module/pc_reg[15]/C (clocked by clk_out1_cpuclk) and Mem_DRAM/U0/synth_options.dist_mem_inst/gen_sp_ram.spram_inst/ram_reg_0_255_29_29/RAMS64E_D/I (clocked by clk_out1_cpuclk). Large setup violations at the end of those stages might be difficult to fix during the post-placement implementation flow and could be the result of non-optimal XDC constraints or non-optimal design architecture
Related violations: <none>

TIMING-16#315 Warning
Large setup violation  
There is a large setup violation of -2.284 ns between Core_cpu/U_ifetch/pc_module/pc_reg[15]/C (clocked by clk_out1_cpuclk) and Mem_DRAM/U0/synth_options.dist_mem_inst/gen_sp_ram.spram_inst/ram_reg_10496_10751_3_3/RAMS64E_D/I (clocked by clk_out1_cpuclk). Large setup violations at the end of those stages might be difficult to fix during the post-placement implementation flow and could be the result of non-optimal XDC constraints or non-optimal design architecture
Related violations: <none>

TIMING-16#316 Warning
Large setup violation  
There is a large setup violation of -2.303 ns between Core_cpu/U_ifetch/pc_module/pc_reg[15]/C (clocked by clk_out1_cpuclk) and Mem_DRAM/U0/synth_options.dist_mem_inst/gen_sp_ram.spram_inst/ram_reg_0_255_1_1/RAMS64E_B/I (clocked by clk_out1_cpuclk). Large setup violations at the end of those stages might be difficult to fix during the post-placement implementation flow and could be the result of non-optimal XDC constraints or non-optimal design architecture
Related violations: <none>

TIMING-16#317 Warning
Large setup violation  
There is a large setup violation of -2.304 ns between Core_cpu/U_ifetch/pc_module/pc_reg[15]/C (clocked by clk_out1_cpuclk) and Mem_DRAM/U0/synth_options.dist_mem_inst/gen_sp_ram.spram_inst/ram_reg_0_255_1_1/RAMS64E_C/I (clocked by clk_out1_cpuclk). Large setup violations at the end of those stages might be difficult to fix during the post-placement implementation flow and could be the result of non-optimal XDC constraints or non-optimal design architecture
Related violations: <none>

TIMING-16#318 Warning
Large setup violation  
There is a large setup violation of -2.313 ns between Core_cpu/U_ifetch/pc_module/pc_reg[15]/C (clocked by clk_out1_cpuclk) and Mem_DRAM/U0/synth_options.dist_mem_inst/gen_sp_ram.spram_inst/ram_reg_11008_11263_3_3/RAMS64E_D/I (clocked by clk_out1_cpuclk). Large setup violations at the end of those stages might be difficult to fix during the post-placement implementation flow and could be the result of non-optimal XDC constraints or non-optimal design architecture
Related violations: <none>

TIMING-16#319 Warning
Large setup violation  
There is a large setup violation of -2.327 ns between Core_cpu/U_ifetch/pc_module/pc_reg[15]/C (clocked by clk_out1_cpuclk) and Mem_DRAM/U0/synth_options.dist_mem_inst/gen_sp_ram.spram_inst/ram_reg_11776_12031_3_3/RAMS64E_A/I (clocked by clk_out1_cpuclk). Large setup violations at the end of those stages might be difficult to fix during the post-placement implementation flow and could be the result of non-optimal XDC constraints or non-optimal design architecture
Related violations: <none>

TIMING-16#320 Warning
Large setup violation  
There is a large setup violation of -2.338 ns between Core_cpu/U_ifetch/pc_module/pc_reg[15]/C (clocked by clk_out1_cpuclk) and Mem_DRAM/U0/synth_options.dist_mem_inst/gen_sp_ram.spram_inst/ram_reg_0_255_8_8/RAMS64E_A/I (clocked by clk_out1_cpuclk). Large setup violations at the end of those stages might be difficult to fix during the post-placement implementation flow and could be the result of non-optimal XDC constraints or non-optimal design architecture
Related violations: <none>

TIMING-16#321 Warning
Large setup violation  
There is a large setup violation of -2.340 ns between Core_cpu/U_ifetch/pc_module/pc_reg[15]/C (clocked by clk_out1_cpuclk) and Mem_DRAM/U0/synth_options.dist_mem_inst/gen_sp_ram.spram_inst/ram_reg_1024_1279_8_8/RAMS64E_B/I (clocked by clk_out1_cpuclk). Large setup violations at the end of those stages might be difficult to fix during the post-placement implementation flow and could be the result of non-optimal XDC constraints or non-optimal design architecture
Related violations: <none>

TIMING-16#322 Warning
Large setup violation  
There is a large setup violation of -2.341 ns between Core_cpu/U_ifetch/pc_module/pc_reg[15]/C (clocked by clk_out1_cpuclk) and Mem_DRAM/U0/synth_options.dist_mem_inst/gen_sp_ram.spram_inst/ram_reg_1024_1279_8_8/RAMS64E_C/I (clocked by clk_out1_cpuclk). Large setup violations at the end of those stages might be difficult to fix during the post-placement implementation flow and could be the result of non-optimal XDC constraints or non-optimal design architecture
Related violations: <none>

TIMING-16#323 Warning
Large setup violation  
There is a large setup violation of -2.348 ns between Core_cpu/U_ifetch/pc_module/pc_reg[15]/C (clocked by clk_out1_cpuclk) and Mem_DRAM/U0/synth_options.dist_mem_inst/gen_sp_ram.spram_inst/ram_reg_11264_11519_1_1/RAMS64E_A/I (clocked by clk_out1_cpuclk). Large setup violations at the end of those stages might be difficult to fix during the post-placement implementation flow and could be the result of non-optimal XDC constraints or non-optimal design architecture
Related violations: <none>

TIMING-16#324 Warning
Large setup violation  
There is a large setup violation of -2.349 ns between Core_cpu/U_ifetch/pc_module/pc_reg[15]/C (clocked by clk_out1_cpuclk) and Mem_DRAM/U0/synth_options.dist_mem_inst/gen_sp_ram.spram_inst/ram_reg_1024_1279_7_7/RAMS64E_D/I (clocked by clk_out1_cpuclk). Large setup violations at the end of those stages might be difficult to fix during the post-placement implementation flow and could be the result of non-optimal XDC constraints or non-optimal design architecture
Related violations: <none>

TIMING-16#325 Warning
Large setup violation  
There is a large setup violation of -2.352 ns between Core_cpu/U_ifetch/pc_module/pc_reg[15]/C (clocked by clk_out1_cpuclk) and Mem_DRAM/U0/synth_options.dist_mem_inst/gen_sp_ram.spram_inst/ram_reg_11520_11775_10_10/RAMS64E_A/I (clocked by clk_out1_cpuclk). Large setup violations at the end of those stages might be difficult to fix during the post-placement implementation flow and could be the result of non-optimal XDC constraints or non-optimal design architecture
Related violations: <none>

TIMING-16#326 Warning
Large setup violation  
There is a large setup violation of -2.359 ns between Core_cpu/U_ifetch/pc_module/pc_reg[15]/C (clocked by clk_out1_cpuclk) and Mem_DRAM/U0/synth_options.dist_mem_inst/gen_sp_ram.spram_inst/ram_reg_10496_10751_4_4/RAMS64E_B/I (clocked by clk_out1_cpuclk). Large setup violations at the end of those stages might be difficult to fix during the post-placement implementation flow and could be the result of non-optimal XDC constraints or non-optimal design architecture
Related violations: <none>

TIMING-16#327 Warning
Large setup violation  
There is a large setup violation of -2.359 ns between Core_cpu/U_ifetch/pc_module/pc_reg[15]/C (clocked by clk_out1_cpuclk) and Mem_DRAM/U0/synth_options.dist_mem_inst/gen_sp_ram.spram_inst/ram_reg_11008_11263_4_4/RAMS64E_B/I (clocked by clk_out1_cpuclk). Large setup violations at the end of those stages might be difficult to fix during the post-placement implementation flow and could be the result of non-optimal XDC constraints or non-optimal design architecture
Related violations: <none>

TIMING-16#328 Warning
Large setup violation  
There is a large setup violation of -2.360 ns between Core_cpu/U_ifetch/pc_module/pc_reg[15]/C (clocked by clk_out1_cpuclk) and Mem_DRAM/U0/synth_options.dist_mem_inst/gen_sp_ram.spram_inst/ram_reg_10496_10751_4_4/RAMS64E_C/I (clocked by clk_out1_cpuclk). Large setup violations at the end of those stages might be difficult to fix during the post-placement implementation flow and could be the result of non-optimal XDC constraints or non-optimal design architecture
Related violations: <none>

TIMING-16#329 Warning
Large setup violation  
There is a large setup violation of -2.360 ns between Core_cpu/U_ifetch/pc_module/pc_reg[15]/C (clocked by clk_out1_cpuclk) and Mem_DRAM/U0/synth_options.dist_mem_inst/gen_sp_ram.spram_inst/ram_reg_11008_11263_4_4/RAMS64E_C/I (clocked by clk_out1_cpuclk). Large setup violations at the end of those stages might be difficult to fix during the post-placement implementation flow and could be the result of non-optimal XDC constraints or non-optimal design architecture
Related violations: <none>

TIMING-16#330 Warning
Large setup violation  
There is a large setup violation of -2.368 ns between Core_cpu/U_ifetch/pc_module/pc_reg[15]/C (clocked by clk_out1_cpuclk) and Mem_DRAM/U0/synth_options.dist_mem_inst/gen_sp_ram.spram_inst/ram_reg_10496_10751_8_8/RAMS64E_A/I (clocked by clk_out1_cpuclk). Large setup violations at the end of those stages might be difficult to fix during the post-placement implementation flow and could be the result of non-optimal XDC constraints or non-optimal design architecture
Related violations: <none>

TIMING-16#331 Warning
Large setup violation  
There is a large setup violation of -2.372 ns between Core_cpu/U_ifetch/pc_module/pc_reg[15]/C (clocked by clk_out1_cpuclk) and Mem_DRAM/U0/synth_options.dist_mem_inst/gen_sp_ram.spram_inst/ram_reg_11520_11775_12_12/RAMS64E_D/I (clocked by clk_out1_cpuclk). Large setup violations at the end of those stages might be difficult to fix during the post-placement implementation flow and could be the result of non-optimal XDC constraints or non-optimal design architecture
Related violations: <none>

TIMING-16#332 Warning
Large setup violation  
There is a large setup violation of -2.377 ns between Core_cpu/U_ifetch/pc_module/pc_reg[15]/C (clocked by clk_out1_cpuclk) and Mem_DRAM/U0/synth_options.dist_mem_inst/gen_sp_ram.spram_inst/ram_reg_11776_12031_19_19/RAMS64E_A/I (clocked by clk_out1_cpuclk). Large setup violations at the end of those stages might be difficult to fix during the post-placement implementation flow and could be the result of non-optimal XDC constraints or non-optimal design architecture
Related violations: <none>

TIMING-16#333 Warning
Large setup violation  
There is a large setup violation of -2.394 ns between Core_cpu/U_ifetch/pc_module/pc_reg[15]/C (clocked by clk_out1_cpuclk) and Mem_DRAM/U0/synth_options.dist_mem_inst/gen_sp_ram.spram_inst/ram_reg_10496_10751_10_10/RAMS64E_B/I (clocked by clk_out1_cpuclk). Large setup violations at the end of those stages might be difficult to fix during the post-placement implementation flow and could be the result of non-optimal XDC constraints or non-optimal design architecture
Related violations: <none>

TIMING-16#334 Warning
Large setup violation  
There is a large setup violation of -2.395 ns between Core_cpu/U_ifetch/pc_module/pc_reg[15]/C (clocked by clk_out1_cpuclk) and Mem_DRAM/U0/synth_options.dist_mem_inst/gen_sp_ram.spram_inst/ram_reg_10496_10751_10_10/RAMS64E_C/I (clocked by clk_out1_cpuclk). Large setup violations at the end of those stages might be difficult to fix during the post-placement implementation flow and could be the result of non-optimal XDC constraints or non-optimal design architecture
Related violations: <none>

TIMING-16#335 Warning
Large setup violation  
There is a large setup violation of -2.403 ns between Core_cpu/U_ifetch/pc_module/pc_reg[15]/C (clocked by clk_out1_cpuclk) and Mem_DRAM/U0/synth_options.dist_mem_inst/gen_sp_ram.spram_inst/ram_reg_11264_11519_0_0/RAMS64E_A/I (clocked by clk_out1_cpuclk). Large setup violations at the end of those stages might be difficult to fix during the post-placement implementation flow and could be the result of non-optimal XDC constraints or non-optimal design architecture
Related violations: <none>

TIMING-16#336 Warning
Large setup violation  
There is a large setup violation of -2.408 ns between Core_cpu/U_ifetch/pc_module/pc_reg[15]/C (clocked by clk_out1_cpuclk) and Mem_DRAM/U0/synth_options.dist_mem_inst/gen_sp_ram.spram_inst/ram_reg_1024_1279_18_18/RAMS64E_D/I (clocked by clk_out1_cpuclk). Large setup violations at the end of those stages might be difficult to fix during the post-placement implementation flow and could be the result of non-optimal XDC constraints or non-optimal design architecture
Related violations: <none>

TIMING-16#337 Warning
Large setup violation  
There is a large setup violation of -2.418 ns between Core_cpu/U_ifetch/pc_module/pc_reg[15]/C (clocked by clk_out1_cpuclk) and Core_cpu/U_idecode/rf_module/regts_reg_r2_0_31_0_5/RAMC_D1/I (clocked by clk_out1_cpuclk). Large setup violations at the end of those stages might be difficult to fix during the post-placement implementation flow and could be the result of non-optimal XDC constraints or non-optimal design architecture
Related violations: <none>

TIMING-16#338 Warning
Large setup violation  
There is a large setup violation of -2.434 ns between Core_cpu/U_ifetch/pc_module/pc_reg[15]/C (clocked by clk_out1_cpuclk) and Mem_DRAM/U0/synth_options.dist_mem_inst/gen_sp_ram.spram_inst/ram_reg_1024_1279_28_28/RAMS64E_A/I (clocked by clk_out1_cpuclk). Large setup violations at the end of those stages might be difficult to fix during the post-placement implementation flow and could be the result of non-optimal XDC constraints or non-optimal design architecture
Related violations: <none>

TIMING-16#339 Warning
Large setup violation  
There is a large setup violation of -2.440 ns between Core_cpu/U_ifetch/pc_module/pc_reg[15]/C (clocked by clk_out1_cpuclk) and Mem_DRAM/U0/synth_options.dist_mem_inst/gen_sp_ram.spram_inst/ram_reg_11008_11263_24_24/RAMS64E_D/I (clocked by clk_out1_cpuclk). Large setup violations at the end of those stages might be difficult to fix during the post-placement implementation flow and could be the result of non-optimal XDC constraints or non-optimal design architecture
Related violations: <none>

TIMING-16#340 Warning
Large setup violation  
There is a large setup violation of -2.451 ns between Core_cpu/U_ifetch/pc_module/pc_reg[15]/C (clocked by clk_out1_cpuclk) and Mem_DRAM/U0/synth_options.dist_mem_inst/gen_sp_ram.spram_inst/ram_reg_0_255_20_20/RAMS64E_A/I (clocked by clk_out1_cpuclk). Large setup violations at the end of those stages might be difficult to fix during the post-placement implementation flow and could be the result of non-optimal XDC constraints or non-optimal design architecture
Related violations: <none>

TIMING-16#341 Warning
Large setup violation  
There is a large setup violation of -2.460 ns between Core_cpu/U_ifetch/pc_module/pc_reg[15]/C (clocked by clk_out1_cpuclk) and Mem_DRAM/U0/synth_options.dist_mem_inst/gen_sp_ram.spram_inst/ram_reg_11264_11519_12_12/RAMS64E_B/I (clocked by clk_out1_cpuclk). Large setup violations at the end of those stages might be difficult to fix during the post-placement implementation flow and could be the result of non-optimal XDC constraints or non-optimal design architecture
Related violations: <none>

TIMING-16#342 Warning
Large setup violation  
There is a large setup violation of -2.461 ns between Core_cpu/U_ifetch/pc_module/pc_reg[15]/C (clocked by clk_out1_cpuclk) and Mem_DRAM/U0/synth_options.dist_mem_inst/gen_sp_ram.spram_inst/ram_reg_0_255_28_28/RAMS64E_D/I (clocked by clk_out1_cpuclk). Large setup violations at the end of those stages might be difficult to fix during the post-placement implementation flow and could be the result of non-optimal XDC constraints or non-optimal design architecture
Related violations: <none>

TIMING-16#343 Warning
Large setup violation  
There is a large setup violation of -2.461 ns between Core_cpu/U_ifetch/pc_module/pc_reg[15]/C (clocked by clk_out1_cpuclk) and Mem_DRAM/U0/synth_options.dist_mem_inst/gen_sp_ram.spram_inst/ram_reg_11264_11519_12_12/RAMS64E_C/I (clocked by clk_out1_cpuclk). Large setup violations at the end of those stages might be difficult to fix during the post-placement implementation flow and could be the result of non-optimal XDC constraints or non-optimal design architecture
Related violations: <none>

TIMING-16#344 Warning
Large setup violation  
There is a large setup violation of -2.464 ns between Core_cpu/U_ifetch/pc_module/pc_reg[15]/C (clocked by clk_out1_cpuclk) and Core_cpu/U_idecode/rf_module/regts_reg_r1_0_31_0_5/RAMC_D1/I (clocked by clk_out1_cpuclk). Large setup violations at the end of those stages might be difficult to fix during the post-placement implementation flow and could be the result of non-optimal XDC constraints or non-optimal design architecture
Related violations: <none>

TIMING-16#345 Warning
Large setup violation  
There is a large setup violation of -2.468 ns between Core_cpu/U_ifetch/pc_module/pc_reg[15]/C (clocked by clk_out1_cpuclk) and Mem_DRAM/U0/synth_options.dist_mem_inst/gen_sp_ram.spram_inst/ram_reg_10752_11007_19_19/RAMS64E_A/I (clocked by clk_out1_cpuclk). Large setup violations at the end of those stages might be difficult to fix during the post-placement implementation flow and could be the result of non-optimal XDC constraints or non-optimal design architecture
Related violations: <none>

TIMING-16#346 Warning
Large setup violation  
There is a large setup violation of -2.479 ns between Core_cpu/U_ifetch/pc_module/pc_reg[15]/C (clocked by clk_out1_cpuclk) and Mem_DRAM/U0/synth_options.dist_mem_inst/gen_sp_ram.spram_inst/ram_reg_1024_1279_22_22/RAMS64E_A/I (clocked by clk_out1_cpuclk). Large setup violations at the end of those stages might be difficult to fix during the post-placement implementation flow and could be the result of non-optimal XDC constraints or non-optimal design architecture
Related violations: <none>

TIMING-16#347 Warning
Large setup violation  
There is a large setup violation of -2.486 ns between Core_cpu/U_ifetch/pc_module/pc_reg[15]/C (clocked by clk_out1_cpuclk) and Mem_DRAM/U0/synth_options.dist_mem_inst/gen_sp_ram.spram_inst/ram_reg_0_255_4_4/RAMS64E_D/I (clocked by clk_out1_cpuclk). Large setup violations at the end of those stages might be difficult to fix during the post-placement implementation flow and could be the result of non-optimal XDC constraints or non-optimal design architecture
Related violations: <none>

TIMING-16#348 Warning
Large setup violation  
There is a large setup violation of -2.489 ns between Core_cpu/U_ifetch/pc_module/pc_reg[15]/C (clocked by clk_out1_cpuclk) and Mem_DRAM/U0/synth_options.dist_mem_inst/gen_sp_ram.spram_inst/ram_reg_10752_11007_3_3/RAMS64E_A/I (clocked by clk_out1_cpuclk). Large setup violations at the end of those stages might be difficult to fix during the post-placement implementation flow and could be the result of non-optimal XDC constraints or non-optimal design architecture
Related violations: <none>

TIMING-16#349 Warning
Large setup violation  
There is a large setup violation of -2.490 ns between Core_cpu/U_ifetch/pc_module/pc_reg[15]/C (clocked by clk_out1_cpuclk) and Mem_DRAM/U0/synth_options.dist_mem_inst/gen_sp_ram.spram_inst/ram_reg_1024_1279_0_0/RAMS64E_D/I (clocked by clk_out1_cpuclk). Large setup violations at the end of those stages might be difficult to fix during the post-placement implementation flow and could be the result of non-optimal XDC constraints or non-optimal design architecture
Related violations: <none>

TIMING-16#350 Warning
Large setup violation  
There is a large setup violation of -2.491 ns between Core_cpu/U_ifetch/pc_module/pc_reg[15]/C (clocked by clk_out1_cpuclk) and Mem_DRAM/U0/synth_options.dist_mem_inst/gen_sp_ram.spram_inst/ram_reg_1024_1279_1_1/RAMS64E_D/I (clocked by clk_out1_cpuclk). Large setup violations at the end of those stages might be difficult to fix during the post-placement implementation flow and could be the result of non-optimal XDC constraints or non-optimal design architecture
Related violations: <none>

TIMING-16#351 Warning
Large setup violation  
There is a large setup violation of -2.504 ns between Core_cpu/U_ifetch/pc_module/pc_reg[15]/C (clocked by clk_out1_cpuclk) and Mem_DRAM/U0/synth_options.dist_mem_inst/gen_sp_ram.spram_inst/ram_reg_11264_11519_10_10/RAMS64E_A/I (clocked by clk_out1_cpuclk). Large setup violations at the end of those stages might be difficult to fix during the post-placement implementation flow and could be the result of non-optimal XDC constraints or non-optimal design architecture
Related violations: <none>

TIMING-16#352 Warning
Large setup violation  
There is a large setup violation of -2.505 ns between Core_cpu/U_ifetch/pc_module/pc_reg[15]/C (clocked by clk_out1_cpuclk) and Mem_DRAM/U0/synth_options.dist_mem_inst/gen_sp_ram.spram_inst/ram_reg_10752_11007_1_1/RAMS64E_A/I (clocked by clk_out1_cpuclk). Large setup violations at the end of those stages might be difficult to fix during the post-placement implementation flow and could be the result of non-optimal XDC constraints or non-optimal design architecture
Related violations: <none>

TIMING-16#353 Warning
Large setup violation  
There is a large setup violation of -2.510 ns between Core_cpu/U_ifetch/pc_module/pc_reg[15]/C (clocked by clk_out1_cpuclk) and Mem_DRAM/U0/synth_options.dist_mem_inst/gen_sp_ram.spram_inst/ram_reg_10240_10495_1_1/RAMS64E_B/I (clocked by clk_out1_cpuclk). Large setup violations at the end of those stages might be difficult to fix during the post-placement implementation flow and could be the result of non-optimal XDC constraints or non-optimal design architecture
Related violations: <none>

TIMING-16#354 Warning
Large setup violation  
There is a large setup violation of -2.511 ns between Core_cpu/U_ifetch/pc_module/pc_reg[15]/C (clocked by clk_out1_cpuclk) and Mem_DRAM/U0/synth_options.dist_mem_inst/gen_sp_ram.spram_inst/ram_reg_10240_10495_1_1/RAMS64E_C/I (clocked by clk_out1_cpuclk). Large setup violations at the end of those stages might be difficult to fix during the post-placement implementation flow and could be the result of non-optimal XDC constraints or non-optimal design architecture
Related violations: <none>

TIMING-16#355 Warning
Large setup violation  
There is a large setup violation of -2.515 ns between Core_cpu/U_ifetch/pc_module/pc_reg[15]/C (clocked by clk_out1_cpuclk) and Core_cpu/U_idecode/rf_module/regts_reg_r2_0_31_0_5/RAMB_D1/I (clocked by clk_out1_cpuclk). Large setup violations at the end of those stages might be difficult to fix during the post-placement implementation flow and could be the result of non-optimal XDC constraints or non-optimal design architecture
Related violations: <none>

TIMING-16#356 Warning
Large setup violation  
There is a large setup violation of -2.521 ns between Core_cpu/U_ifetch/pc_module/pc_reg[15]/C (clocked by clk_out1_cpuclk) and Mem_DRAM/U0/synth_options.dist_mem_inst/gen_sp_ram.spram_inst/ram_reg_0_255_29_29/RAMS64E_B/I (clocked by clk_out1_cpuclk). Large setup violations at the end of those stages might be difficult to fix during the post-placement implementation flow and could be the result of non-optimal XDC constraints or non-optimal design architecture
Related violations: <none>

TIMING-16#357 Warning
Large setup violation  
There is a large setup violation of -2.522 ns between Core_cpu/U_ifetch/pc_module/pc_reg[15]/C (clocked by clk_out1_cpuclk) and Mem_DRAM/U0/synth_options.dist_mem_inst/gen_sp_ram.spram_inst/ram_reg_0_255_29_29/RAMS64E_C/I (clocked by clk_out1_cpuclk). Large setup violations at the end of those stages might be difficult to fix during the post-placement implementation flow and could be the result of non-optimal XDC constraints or non-optimal design architecture
Related violations: <none>

TIMING-16#358 Warning
Large setup violation  
There is a large setup violation of -2.522 ns between Core_cpu/U_ifetch/pc_module/pc_reg[15]/C (clocked by clk_out1_cpuclk) and Mem_DRAM/U0/synth_options.dist_mem_inst/gen_sp_ram.spram_inst/ram_reg_10752_11007_4_4/RAMS64E_A/I (clocked by clk_out1_cpuclk). Large setup violations at the end of those stages might be difficult to fix during the post-placement implementation flow and could be the result of non-optimal XDC constraints or non-optimal design architecture
Related violations: <none>

TIMING-16#359 Warning
Large setup violation  
There is a large setup violation of -2.523 ns between Core_cpu/U_ifetch/pc_module/pc_reg[15]/C (clocked by clk_out1_cpuclk) and Mem_DRAM/U0/synth_options.dist_mem_inst/gen_sp_ram.spram_inst/ram_reg_10496_10751_19_19/RAMS64E_D/I (clocked by clk_out1_cpuclk). Large setup violations at the end of those stages might be difficult to fix during the post-placement implementation flow and could be the result of non-optimal XDC constraints or non-optimal design architecture
Related violations: <none>

TIMING-16#360 Warning
Large setup violation  
There is a large setup violation of -2.537 ns between Core_cpu/U_ifetch/pc_module/pc_reg[15]/C (clocked by clk_out1_cpuclk) and Mem_DRAM/U0/synth_options.dist_mem_inst/gen_sp_ram.spram_inst/ram_reg_10496_10751_3_3/RAMS64E_B/I (clocked by clk_out1_cpuclk). Large setup violations at the end of those stages might be difficult to fix during the post-placement implementation flow and could be the result of non-optimal XDC constraints or non-optimal design architecture
Related violations: <none>

TIMING-16#361 Warning
Large setup violation  
There is a large setup violation of -2.538 ns between Core_cpu/U_ifetch/pc_module/pc_reg[15]/C (clocked by clk_out1_cpuclk) and Mem_DRAM/U0/synth_options.dist_mem_inst/gen_sp_ram.spram_inst/ram_reg_10496_10751_3_3/RAMS64E_C/I (clocked by clk_out1_cpuclk). Large setup violations at the end of those stages might be difficult to fix during the post-placement implementation flow and could be the result of non-optimal XDC constraints or non-optimal design architecture
Related violations: <none>

TIMING-16#362 Warning
Large setup violation  
There is a large setup violation of -2.566 ns between Core_cpu/U_ifetch/pc_module/pc_reg[15]/C (clocked by clk_out1_cpuclk) and Mem_DRAM/U0/synth_options.dist_mem_inst/gen_sp_ram.spram_inst/ram_reg_11008_11263_3_3/RAMS64E_B/I (clocked by clk_out1_cpuclk). Large setup violations at the end of those stages might be difficult to fix during the post-placement implementation flow and could be the result of non-optimal XDC constraints or non-optimal design architecture
Related violations: <none>

TIMING-16#363 Warning
Large setup violation  
There is a large setup violation of -2.567 ns between Core_cpu/U_ifetch/pc_module/pc_reg[15]/C (clocked by clk_out1_cpuclk) and Mem_DRAM/U0/synth_options.dist_mem_inst/gen_sp_ram.spram_inst/ram_reg_11008_11263_3_3/RAMS64E_C/I (clocked by clk_out1_cpuclk). Large setup violations at the end of those stages might be difficult to fix during the post-placement implementation flow and could be the result of non-optimal XDC constraints or non-optimal design architecture
Related violations: <none>

TIMING-16#364 Warning
Large setup violation  
There is a large setup violation of -2.569 ns between Core_cpu/U_ifetch/pc_module/pc_reg[15]/C (clocked by clk_out1_cpuclk) and Mem_DRAM/U0/synth_options.dist_mem_inst/gen_sp_ram.spram_inst/ram_reg_10240_10495_8_8/RAMS64E_D/I (clocked by clk_out1_cpuclk). Large setup violations at the end of those stages might be difficult to fix during the post-placement implementation flow and could be the result of non-optimal XDC constraints or non-optimal design architecture
Related violations: <none>

TIMING-16#365 Warning
Large setup violation  
There is a large setup violation of -2.591 ns between Core_cpu/U_ifetch/pc_module/pc_reg[15]/C (clocked by clk_out1_cpuclk) and Mem_DRAM/U0/synth_options.dist_mem_inst/gen_sp_ram.spram_inst/ram_reg_0_255_1_1/RAMS64E_A/I (clocked by clk_out1_cpuclk). Large setup violations at the end of those stages might be difficult to fix during the post-placement implementation flow and could be the result of non-optimal XDC constraints or non-optimal design architecture
Related violations: <none>

TIMING-16#366 Warning
Large setup violation  
There is a large setup violation of -2.602 ns between Core_cpu/U_ifetch/pc_module/pc_reg[15]/C (clocked by clk_out1_cpuclk) and Mem_DRAM/U0/synth_options.dist_mem_inst/gen_sp_ram.spram_inst/ram_reg_1024_1279_7_7/RAMS64E_B/I (clocked by clk_out1_cpuclk). Large setup violations at the end of those stages might be difficult to fix during the post-placement implementation flow and could be the result of non-optimal XDC constraints or non-optimal design architecture
Related violations: <none>

TIMING-16#367 Warning
Large setup violation  
There is a large setup violation of -2.603 ns between Core_cpu/U_ifetch/pc_module/pc_reg[15]/C (clocked by clk_out1_cpuclk) and Mem_DRAM/U0/synth_options.dist_mem_inst/gen_sp_ram.spram_inst/ram_reg_1024_1279_7_7/RAMS64E_C/I (clocked by clk_out1_cpuclk). Large setup violations at the end of those stages might be difficult to fix during the post-placement implementation flow and could be the result of non-optimal XDC constraints or non-optimal design architecture
Related violations: <none>

TIMING-16#368 Warning
Large setup violation  
There is a large setup violation of -2.625 ns between Core_cpu/U_ifetch/pc_module/pc_reg[15]/C (clocked by clk_out1_cpuclk) and Mem_DRAM/U0/synth_options.dist_mem_inst/gen_sp_ram.spram_inst/ram_reg_11520_11775_12_12/RAMS64E_B/I (clocked by clk_out1_cpuclk). Large setup violations at the end of those stages might be difficult to fix during the post-placement implementation flow and could be the result of non-optimal XDC constraints or non-optimal design architecture
Related violations: <none>

TIMING-16#369 Warning
Large setup violation  
There is a large setup violation of -2.626 ns between Core_cpu/U_ifetch/pc_module/pc_reg[15]/C (clocked by clk_out1_cpuclk) and Mem_DRAM/U0/synth_options.dist_mem_inst/gen_sp_ram.spram_inst/ram_reg_11520_11775_12_12/RAMS64E_C/I (clocked by clk_out1_cpuclk). Large setup violations at the end of those stages might be difficult to fix during the post-placement implementation flow and could be the result of non-optimal XDC constraints or non-optimal design architecture
Related violations: <none>

TIMING-16#370 Warning
Large setup violation  
There is a large setup violation of -2.627 ns between Core_cpu/U_ifetch/pc_module/pc_reg[15]/C (clocked by clk_out1_cpuclk) and Mem_DRAM/U0/synth_options.dist_mem_inst/gen_sp_ram.spram_inst/ram_reg_10240_10495_4_4/RAMS64E_D/I (clocked by clk_out1_cpuclk). Large setup violations at the end of those stages might be difficult to fix during the post-placement implementation flow and could be the result of non-optimal XDC constraints or non-optimal design architecture
Related violations: <none>

TIMING-16#371 Warning
Large setup violation  
There is a large setup violation of -2.628 ns between Core_cpu/U_ifetch/pc_module/pc_reg[15]/C (clocked by clk_out1_cpuclk) and Mem_DRAM/U0/synth_options.dist_mem_inst/gen_sp_ram.spram_inst/ram_reg_1024_1279_8_8/RAMS64E_A/I (clocked by clk_out1_cpuclk). Large setup violations at the end of those stages might be difficult to fix during the post-placement implementation flow and could be the result of non-optimal XDC constraints or non-optimal design architecture
Related violations: <none>

TIMING-16#372 Warning
Large setup violation  
There is a large setup violation of -2.631 ns between Core_cpu/U_ifetch/pc_module/pc_reg[15]/C (clocked by clk_out1_cpuclk) and Mem_DRAM/U0/synth_options.dist_mem_inst/gen_sp_ram.spram_inst/ram_reg_0_255_22_22/RAMS64E_D/I (clocked by clk_out1_cpuclk). Large setup violations at the end of those stages might be difficult to fix during the post-placement implementation flow and could be the result of non-optimal XDC constraints or non-optimal design architecture
Related violations: <none>

TIMING-16#373 Warning
Large setup violation  
There is a large setup violation of -2.639 ns between Core_cpu/U_ifetch/pc_module/pc_reg[15]/C (clocked by clk_out1_cpuclk) and Mem_DRAM/U0/synth_options.dist_mem_inst/gen_sp_ram.spram_inst/ram_reg_0_255_0_0/RAMS64E_D/I (clocked by clk_out1_cpuclk). Large setup violations at the end of those stages might be difficult to fix during the post-placement implementation flow and could be the result of non-optimal XDC constraints or non-optimal design architecture
Related violations: <none>

TIMING-16#374 Warning
Large setup violation  
There is a large setup violation of -2.647 ns between Core_cpu/U_ifetch/pc_module/pc_reg[15]/C (clocked by clk_out1_cpuclk) and Mem_DRAM/U0/synth_options.dist_mem_inst/gen_sp_ram.spram_inst/ram_reg_10496_10751_4_4/RAMS64E_A/I (clocked by clk_out1_cpuclk). Large setup violations at the end of those stages might be difficult to fix during the post-placement implementation flow and could be the result of non-optimal XDC constraints or non-optimal design architecture
Related violations: <none>

TIMING-16#375 Warning
Large setup violation  
There is a large setup violation of -2.647 ns between Core_cpu/U_ifetch/pc_module/pc_reg[15]/C (clocked by clk_out1_cpuclk) and Mem_DRAM/U0/synth_options.dist_mem_inst/gen_sp_ram.spram_inst/ram_reg_11008_11263_4_4/RAMS64E_A/I (clocked by clk_out1_cpuclk). Large setup violations at the end of those stages might be difficult to fix during the post-placement implementation flow and could be the result of non-optimal XDC constraints or non-optimal design architecture
Related violations: <none>

TIMING-16#376 Warning
Large setup violation  
There is a large setup violation of -2.661 ns between Core_cpu/U_ifetch/pc_module/pc_reg[15]/C (clocked by clk_out1_cpuclk) and Mem_DRAM/U0/synth_options.dist_mem_inst/gen_sp_ram.spram_inst/ram_reg_1024_1279_18_18/RAMS64E_B/I (clocked by clk_out1_cpuclk). Large setup violations at the end of those stages might be difficult to fix during the post-placement implementation flow and could be the result of non-optimal XDC constraints or non-optimal design architecture
Related violations: <none>

TIMING-16#377 Warning
Large setup violation  
There is a large setup violation of -2.662 ns between Core_cpu/U_ifetch/pc_module/pc_reg[15]/C (clocked by clk_out1_cpuclk) and Mem_DRAM/U0/synth_options.dist_mem_inst/gen_sp_ram.spram_inst/ram_reg_0_255_7_7/RAMS64E_D/I (clocked by clk_out1_cpuclk). Large setup violations at the end of those stages might be difficult to fix during the post-placement implementation flow and could be the result of non-optimal XDC constraints or non-optimal design architecture
Related violations: <none>

TIMING-16#378 Warning
Large setup violation  
There is a large setup violation of -2.662 ns between Core_cpu/U_ifetch/pc_module/pc_reg[15]/C (clocked by clk_out1_cpuclk) and Mem_DRAM/U0/synth_options.dist_mem_inst/gen_sp_ram.spram_inst/ram_reg_1024_1279_18_18/RAMS64E_C/I (clocked by clk_out1_cpuclk). Large setup violations at the end of those stages might be difficult to fix during the post-placement implementation flow and could be the result of non-optimal XDC constraints or non-optimal design architecture
Related violations: <none>

TIMING-16#379 Warning
Large setup violation  
There is a large setup violation of -2.672 ns between Core_cpu/U_ifetch/pc_module/pc_reg[15]/C (clocked by clk_out1_cpuclk) and Mem_DRAM/U0/synth_options.dist_mem_inst/gen_sp_ram.spram_inst/ram_reg_10240_10495_29_29/RAMS64E_D/I (clocked by clk_out1_cpuclk). Large setup violations at the end of those stages might be difficult to fix during the post-placement implementation flow and could be the result of non-optimal XDC constraints or non-optimal design architecture
Related violations: <none>

TIMING-16#380 Warning
Large setup violation  
There is a large setup violation of -2.673 ns between Core_cpu/U_ifetch/pc_module/pc_reg[15]/C (clocked by clk_out1_cpuclk) and Mem_DRAM/U0/synth_options.dist_mem_inst/gen_sp_ram.spram_inst/ram_reg_10240_10495_19_19/RAMS64E_D/I (clocked by clk_out1_cpuclk). Large setup violations at the end of those stages might be difficult to fix during the post-placement implementation flow and could be the result of non-optimal XDC constraints or non-optimal design architecture
Related violations: <none>

TIMING-16#381 Warning
Large setup violation  
There is a large setup violation of -2.682 ns between Core_cpu/U_ifetch/pc_module/pc_reg[15]/C (clocked by clk_out1_cpuclk) and Mem_DRAM/U0/synth_options.dist_mem_inst/gen_sp_ram.spram_inst/ram_reg_10496_10751_10_10/RAMS64E_A/I (clocked by clk_out1_cpuclk). Large setup violations at the end of those stages might be difficult to fix during the post-placement implementation flow and could be the result of non-optimal XDC constraints or non-optimal design architecture
Related violations: <none>

TIMING-16#382 Warning
Large setup violation  
There is a large setup violation of -2.693 ns between Core_cpu/U_ifetch/pc_module/pc_reg[15]/C (clocked by clk_out1_cpuclk) and Mem_DRAM/U0/synth_options.dist_mem_inst/gen_sp_ram.spram_inst/ram_reg_11008_11263_24_24/RAMS64E_B/I (clocked by clk_out1_cpuclk). Large setup violations at the end of those stages might be difficult to fix during the post-placement implementation flow and could be the result of non-optimal XDC constraints or non-optimal design architecture
Related violations: <none>

TIMING-16#383 Warning
Large setup violation  
There is a large setup violation of -2.694 ns between Core_cpu/U_ifetch/pc_module/pc_reg[15]/C (clocked by clk_out1_cpuclk) and Mem_DRAM/U0/synth_options.dist_mem_inst/gen_sp_ram.spram_inst/ram_reg_11008_11263_24_24/RAMS64E_C/I (clocked by clk_out1_cpuclk). Large setup violations at the end of those stages might be difficult to fix during the post-placement implementation flow and could be the result of non-optimal XDC constraints or non-optimal design architecture
Related violations: <none>

TIMING-16#384 Warning
Large setup violation  
There is a large setup violation of -2.696 ns between Core_cpu/U_ifetch/pc_module/pc_reg[15]/C (clocked by clk_out1_cpuclk) and Mem_DRAM/U0/synth_options.dist_mem_inst/gen_sp_ram.spram_inst/ram_reg_11264_11519_4_4/RAMS64E_D/I (clocked by clk_out1_cpuclk). Large setup violations at the end of those stages might be difficult to fix during the post-placement implementation flow and could be the result of non-optimal XDC constraints or non-optimal design architecture
Related violations: <none>

TIMING-16#385 Warning
Large setup violation  
There is a large setup violation of -2.711 ns between Core_cpu/U_ifetch/pc_module/pc_reg[15]/C (clocked by clk_out1_cpuclk) and Mem_DRAM/U0/synth_options.dist_mem_inst/gen_sp_ram.spram_inst/ram_reg_11264_11519_8_8/RAMS64E_D/I (clocked by clk_out1_cpuclk). Large setup violations at the end of those stages might be difficult to fix during the post-placement implementation flow and could be the result of non-optimal XDC constraints or non-optimal design architecture
Related violations: <none>

TIMING-16#386 Warning
Large setup violation  
There is a large setup violation of -2.714 ns between Core_cpu/U_ifetch/pc_module/pc_reg[15]/C (clocked by clk_out1_cpuclk) and Mem_DRAM/U0/synth_options.dist_mem_inst/gen_sp_ram.spram_inst/ram_reg_0_255_28_28/RAMS64E_B/I (clocked by clk_out1_cpuclk). Large setup violations at the end of those stages might be difficult to fix during the post-placement implementation flow and could be the result of non-optimal XDC constraints or non-optimal design architecture
Related violations: <none>

TIMING-16#387 Warning
Large setup violation  
There is a large setup violation of -2.715 ns between Core_cpu/U_ifetch/pc_module/pc_reg[15]/C (clocked by clk_out1_cpuclk) and Mem_DRAM/U0/synth_options.dist_mem_inst/gen_sp_ram.spram_inst/ram_reg_0_255_28_28/RAMS64E_C/I (clocked by clk_out1_cpuclk). Large setup violations at the end of those stages might be difficult to fix during the post-placement implementation flow and could be the result of non-optimal XDC constraints or non-optimal design architecture
Related violations: <none>

TIMING-16#388 Warning
Large setup violation  
There is a large setup violation of -2.735 ns between Core_cpu/U_ifetch/pc_module/pc_reg[15]/C (clocked by clk_out1_cpuclk) and Mem_DRAM/U0/synth_options.dist_mem_inst/gen_sp_ram.spram_inst/ram_reg_11520_11775_1_1/RAMS64E_D/I (clocked by clk_out1_cpuclk). Large setup violations at the end of those stages might be difficult to fix during the post-placement implementation flow and could be the result of non-optimal XDC constraints or non-optimal design architecture
Related violations: <none>

TIMING-16#389 Warning
Large setup violation  
There is a large setup violation of -2.739 ns between Core_cpu/U_ifetch/pc_module/pc_reg[15]/C (clocked by clk_out1_cpuclk) and Mem_DRAM/U0/synth_options.dist_mem_inst/gen_sp_ram.spram_inst/ram_reg_0_255_4_4/RAMS64E_B/I (clocked by clk_out1_cpuclk). Large setup violations at the end of those stages might be difficult to fix during the post-placement implementation flow and could be the result of non-optimal XDC constraints or non-optimal design architecture
Related violations: <none>

TIMING-16#390 Warning
Large setup violation  
There is a large setup violation of -2.740 ns between Core_cpu/U_ifetch/pc_module/pc_reg[15]/C (clocked by clk_out1_cpuclk) and Mem_DRAM/U0/synth_options.dist_mem_inst/gen_sp_ram.spram_inst/ram_reg_0_255_4_4/RAMS64E_C/I (clocked by clk_out1_cpuclk). Large setup violations at the end of those stages might be difficult to fix during the post-placement implementation flow and could be the result of non-optimal XDC constraints or non-optimal design architecture
Related violations: <none>

TIMING-16#391 Warning
Large setup violation  
There is a large setup violation of -2.743 ns between Core_cpu/U_ifetch/pc_module/pc_reg[15]/C (clocked by clk_out1_cpuclk) and Mem_DRAM/U0/synth_options.dist_mem_inst/gen_sp_ram.spram_inst/ram_reg_1024_1279_0_0/RAMS64E_B/I (clocked by clk_out1_cpuclk). Large setup violations at the end of those stages might be difficult to fix during the post-placement implementation flow and could be the result of non-optimal XDC constraints or non-optimal design architecture
Related violations: <none>

TIMING-16#392 Warning
Large setup violation  
There is a large setup violation of -2.744 ns between Core_cpu/U_ifetch/pc_module/pc_reg[15]/C (clocked by clk_out1_cpuclk) and Mem_DRAM/U0/synth_options.dist_mem_inst/gen_sp_ram.spram_inst/ram_reg_1024_1279_0_0/RAMS64E_C/I (clocked by clk_out1_cpuclk). Large setup violations at the end of those stages might be difficult to fix during the post-placement implementation flow and could be the result of non-optimal XDC constraints or non-optimal design architecture
Related violations: <none>

TIMING-16#393 Warning
Large setup violation  
There is a large setup violation of -2.744 ns between Core_cpu/U_ifetch/pc_module/pc_reg[15]/C (clocked by clk_out1_cpuclk) and Mem_DRAM/U0/synth_options.dist_mem_inst/gen_sp_ram.spram_inst/ram_reg_1024_1279_1_1/RAMS64E_B/I (clocked by clk_out1_cpuclk). Large setup violations at the end of those stages might be difficult to fix during the post-placement implementation flow and could be the result of non-optimal XDC constraints or non-optimal design architecture
Related violations: <none>

TIMING-16#394 Warning
Large setup violation  
There is a large setup violation of -2.745 ns between Core_cpu/U_ifetch/pc_module/pc_reg[15]/C (clocked by clk_out1_cpuclk) and Mem_DRAM/U0/synth_options.dist_mem_inst/gen_sp_ram.spram_inst/ram_reg_1024_1279_1_1/RAMS64E_C/I (clocked by clk_out1_cpuclk). Large setup violations at the end of those stages might be difficult to fix during the post-placement implementation flow and could be the result of non-optimal XDC constraints or non-optimal design architecture
Related violations: <none>

TIMING-16#395 Warning
Large setup violation  
There is a large setup violation of -2.748 ns between Core_cpu/U_ifetch/pc_module/pc_reg[15]/C (clocked by clk_out1_cpuclk) and Mem_DRAM/U0/synth_options.dist_mem_inst/gen_sp_ram.spram_inst/ram_reg_11264_11519_12_12/RAMS64E_A/I (clocked by clk_out1_cpuclk). Large setup violations at the end of those stages might be difficult to fix during the post-placement implementation flow and could be the result of non-optimal XDC constraints or non-optimal design architecture
Related violations: <none>

TIMING-16#396 Warning
Large setup violation  
There is a large setup violation of -2.761 ns between Core_cpu/U_ifetch/pc_module/pc_reg[15]/C (clocked by clk_out1_cpuclk) and Mem_DRAM/U0/synth_options.dist_mem_inst/gen_sp_ram.spram_inst/ram_reg_10496_10751_13_13/RAMS64E_D/I (clocked by clk_out1_cpuclk). Large setup violations at the end of those stages might be difficult to fix during the post-placement implementation flow and could be the result of non-optimal XDC constraints or non-optimal design architecture
Related violations: <none>

TIMING-16#397 Warning
Large setup violation  
There is a large setup violation of -2.776 ns between Core_cpu/U_ifetch/pc_module/pc_reg[15]/C (clocked by clk_out1_cpuclk) and Mem_DRAM/U0/synth_options.dist_mem_inst/gen_sp_ram.spram_inst/ram_reg_10496_10751_19_19/RAMS64E_B/I (clocked by clk_out1_cpuclk). Large setup violations at the end of those stages might be difficult to fix during the post-placement implementation flow and could be the result of non-optimal XDC constraints or non-optimal design architecture
Related violations: <none>

TIMING-16#398 Warning
Large setup violation  
There is a large setup violation of -2.777 ns between Core_cpu/U_ifetch/pc_module/pc_reg[15]/C (clocked by clk_out1_cpuclk) and Mem_DRAM/U0/synth_options.dist_mem_inst/gen_sp_ram.spram_inst/ram_reg_10496_10751_19_19/RAMS64E_C/I (clocked by clk_out1_cpuclk). Large setup violations at the end of those stages might be difficult to fix during the post-placement implementation flow and could be the result of non-optimal XDC constraints or non-optimal design architecture
Related violations: <none>

TIMING-16#399 Warning
Large setup violation  
There is a large setup violation of -2.798 ns between Core_cpu/U_ifetch/pc_module/pc_reg[15]/C (clocked by clk_out1_cpuclk) and Mem_DRAM/U0/synth_options.dist_mem_inst/gen_sp_ram.spram_inst/ram_reg_10240_10495_1_1/RAMS64E_A/I (clocked by clk_out1_cpuclk). Large setup violations at the end of those stages might be difficult to fix during the post-placement implementation flow and could be the result of non-optimal XDC constraints or non-optimal design architecture
Related violations: <none>

TIMING-16#400 Warning
Large setup violation  
There is a large setup violation of -2.809 ns between Core_cpu/U_ifetch/pc_module/pc_reg[15]/C (clocked by clk_out1_cpuclk) and Mem_DRAM/U0/synth_options.dist_mem_inst/gen_sp_ram.spram_inst/ram_reg_0_255_29_29/RAMS64E_A/I (clocked by clk_out1_cpuclk). Large setup violations at the end of those stages might be difficult to fix during the post-placement implementation flow and could be the result of non-optimal XDC constraints or non-optimal design architecture
Related violations: <none>

TIMING-16#401 Warning
Large setup violation  
There is a large setup violation of -2.812 ns between Core_cpu/U_ifetch/pc_module/pc_reg[15]/C (clocked by clk_out1_cpuclk) and Core_cpu/U_idecode/rf_module/regts_reg_r1_0_31_0_5/RAMB_D1/I (clocked by clk_out1_cpuclk). Large setup violations at the end of those stages might be difficult to fix during the post-placement implementation flow and could be the result of non-optimal XDC constraints or non-optimal design architecture
Related violations: <none>

TIMING-16#402 Warning
Large setup violation  
There is a large setup violation of -2.812 ns between Core_cpu/U_ifetch/pc_module/pc_reg[15]/C (clocked by clk_out1_cpuclk) and Mem_DRAM/U0/synth_options.dist_mem_inst/gen_sp_ram.spram_inst/ram_reg_11008_11263_19_19/RAMS64E_D/I (clocked by clk_out1_cpuclk). Large setup violations at the end of those stages might be difficult to fix during the post-placement implementation flow and could be the result of non-optimal XDC constraints or non-optimal design architecture
Related violations: <none>

TIMING-16#403 Warning
Large setup violation  
There is a large setup violation of -2.822 ns between Core_cpu/U_ifetch/pc_module/pc_reg[15]/C (clocked by clk_out1_cpuclk) and Mem_DRAM/U0/synth_options.dist_mem_inst/gen_sp_ram.spram_inst/ram_reg_10240_10495_8_8/RAMS64E_B/I (clocked by clk_out1_cpuclk). Large setup violations at the end of those stages might be difficult to fix during the post-placement implementation flow and could be the result of non-optimal XDC constraints or non-optimal design architecture
Related violations: <none>

TIMING-16#404 Warning
Large setup violation  
There is a large setup violation of -2.823 ns between Core_cpu/U_ifetch/pc_module/pc_reg[15]/C (clocked by clk_out1_cpuclk) and Mem_DRAM/U0/synth_options.dist_mem_inst/gen_sp_ram.spram_inst/ram_reg_10240_10495_8_8/RAMS64E_C/I (clocked by clk_out1_cpuclk). Large setup violations at the end of those stages might be difficult to fix during the post-placement implementation flow and could be the result of non-optimal XDC constraints or non-optimal design architecture
Related violations: <none>

TIMING-16#405 Warning
Large setup violation  
There is a large setup violation of -2.824 ns between Core_cpu/U_ifetch/pc_module/pc_reg[15]/C (clocked by clk_out1_cpuclk) and Mem_DRAM/U0/synth_options.dist_mem_inst/gen_sp_ram.spram_inst/ram_reg_11008_11263_29_29/RAMS64E_D/I (clocked by clk_out1_cpuclk). Large setup violations at the end of those stages might be difficult to fix during the post-placement implementation flow and could be the result of non-optimal XDC constraints or non-optimal design architecture
Related violations: <none>

TIMING-16#406 Warning
Large setup violation  
There is a large setup violation of -2.825 ns between Core_cpu/U_ifetch/pc_module/pc_reg[15]/C (clocked by clk_out1_cpuclk) and Mem_DRAM/U0/synth_options.dist_mem_inst/gen_sp_ram.spram_inst/ram_reg_10496_10751_3_3/RAMS64E_A/I (clocked by clk_out1_cpuclk). Large setup violations at the end of those stages might be difficult to fix during the post-placement implementation flow and could be the result of non-optimal XDC constraints or non-optimal design architecture
Related violations: <none>

TIMING-16#407 Warning
Large setup violation  
There is a large setup violation of -2.831 ns between Core_cpu/U_ifetch/pc_module/pc_reg[15]/C (clocked by clk_out1_cpuclk) and Mem_DRAM/U0/synth_options.dist_mem_inst/gen_sp_ram.spram_inst/ram_reg_11264_11519_29_29/RAMS64E_D/I (clocked by clk_out1_cpuclk). Large setup violations at the end of those stages might be difficult to fix during the post-placement implementation flow and could be the result of non-optimal XDC constraints or non-optimal design architecture
Related violations: <none>

TIMING-16#408 Warning
Large setup violation  
There is a large setup violation of -2.834 ns between Core_cpu/U_ifetch/pc_module/pc_reg[15]/C (clocked by clk_out1_cpuclk) and Core_cpu/U_idecode/rf_module/regts_reg_r2_0_31_12_17/RAMB_D1/I (clocked by clk_out1_cpuclk). Large setup violations at the end of those stages might be difficult to fix during the post-placement implementation flow and could be the result of non-optimal XDC constraints or non-optimal design architecture
Related violations: <none>

TIMING-16#409 Warning
Large setup violation  
There is a large setup violation of -2.854 ns between Core_cpu/U_ifetch/pc_module/pc_reg[15]/C (clocked by clk_out1_cpuclk) and Mem_DRAM/U0/synth_options.dist_mem_inst/gen_sp_ram.spram_inst/ram_reg_11008_11263_3_3/RAMS64E_A/I (clocked by clk_out1_cpuclk). Large setup violations at the end of those stages might be difficult to fix during the post-placement implementation flow and could be the result of non-optimal XDC constraints or non-optimal design architecture
Related violations: <none>

TIMING-16#410 Warning
Large setup violation  
There is a large setup violation of -2.880 ns between Core_cpu/U_ifetch/pc_module/pc_reg[15]/C (clocked by clk_out1_cpuclk) and Mem_DRAM/U0/synth_options.dist_mem_inst/gen_sp_ram.spram_inst/ram_reg_10240_10495_4_4/RAMS64E_B/I (clocked by clk_out1_cpuclk). Large setup violations at the end of those stages might be difficult to fix during the post-placement implementation flow and could be the result of non-optimal XDC constraints or non-optimal design architecture
Related violations: <none>

TIMING-16#411 Warning
Large setup violation  
There is a large setup violation of -2.881 ns between Core_cpu/U_ifetch/pc_module/pc_reg[15]/C (clocked by clk_out1_cpuclk) and Mem_DRAM/U0/synth_options.dist_mem_inst/gen_sp_ram.spram_inst/ram_reg_10240_10495_4_4/RAMS64E_C/I (clocked by clk_out1_cpuclk). Large setup violations at the end of those stages might be difficult to fix during the post-placement implementation flow and could be the result of non-optimal XDC constraints or non-optimal design architecture
Related violations: <none>

TIMING-16#412 Warning
Large setup violation  
There is a large setup violation of -2.884 ns between Core_cpu/U_ifetch/pc_module/pc_reg[15]/C (clocked by clk_out1_cpuclk) and Mem_DRAM/U0/synth_options.dist_mem_inst/gen_sp_ram.spram_inst/ram_reg_0_255_22_22/RAMS64E_B/I (clocked by clk_out1_cpuclk). Large setup violations at the end of those stages might be difficult to fix during the post-placement implementation flow and could be the result of non-optimal XDC constraints or non-optimal design architecture
Related violations: <none>

TIMING-16#413 Warning
Large setup violation  
There is a large setup violation of -2.885 ns between Core_cpu/U_ifetch/pc_module/pc_reg[15]/C (clocked by clk_out1_cpuclk) and Mem_DRAM/U0/synth_options.dist_mem_inst/gen_sp_ram.spram_inst/ram_reg_0_255_22_22/RAMS64E_C/I (clocked by clk_out1_cpuclk). Large setup violations at the end of those stages might be difficult to fix during the post-placement implementation flow and could be the result of non-optimal XDC constraints or non-optimal design architecture
Related violations: <none>

TIMING-16#414 Warning
Large setup violation  
There is a large setup violation of -2.890 ns between Core_cpu/U_ifetch/pc_module/pc_reg[15]/C (clocked by clk_out1_cpuclk) and Mem_DRAM/U0/synth_options.dist_mem_inst/gen_sp_ram.spram_inst/ram_reg_1024_1279_7_7/RAMS64E_A/I (clocked by clk_out1_cpuclk). Large setup violations at the end of those stages might be difficult to fix during the post-placement implementation flow and could be the result of non-optimal XDC constraints or non-optimal design architecture
Related violations: <none>

TIMING-16#415 Warning
Large setup violation  
There is a large setup violation of -2.892 ns between Core_cpu/U_ifetch/pc_module/pc_reg[15]/C (clocked by clk_out1_cpuclk) and Mem_DRAM/U0/synth_options.dist_mem_inst/gen_sp_ram.spram_inst/ram_reg_0_255_0_0/RAMS64E_B/I (clocked by clk_out1_cpuclk). Large setup violations at the end of those stages might be difficult to fix during the post-placement implementation flow and could be the result of non-optimal XDC constraints or non-optimal design architecture
Related violations: <none>

TIMING-16#416 Warning
Large setup violation  
There is a large setup violation of -2.893 ns between Core_cpu/U_ifetch/pc_module/pc_reg[15]/C (clocked by clk_out1_cpuclk) and Mem_DRAM/U0/synth_options.dist_mem_inst/gen_sp_ram.spram_inst/ram_reg_0_255_0_0/RAMS64E_C/I (clocked by clk_out1_cpuclk). Large setup violations at the end of those stages might be difficult to fix during the post-placement implementation flow and could be the result of non-optimal XDC constraints or non-optimal design architecture
Related violations: <none>

TIMING-16#417 Warning
Large setup violation  
There is a large setup violation of -2.913 ns between Core_cpu/U_ifetch/pc_module/pc_reg[15]/C (clocked by clk_out1_cpuclk) and Mem_DRAM/U0/synth_options.dist_mem_inst/gen_sp_ram.spram_inst/ram_reg_11520_11775_12_12/RAMS64E_A/I (clocked by clk_out1_cpuclk). Large setup violations at the end of those stages might be difficult to fix during the post-placement implementation flow and could be the result of non-optimal XDC constraints or non-optimal design architecture
Related violations: <none>

TIMING-16#418 Warning
Large setup violation  
There is a large setup violation of -2.914 ns between Core_cpu/U_ifetch/pc_module/pc_reg[15]/C (clocked by clk_out1_cpuclk) and Mem_DRAM/U0/synth_options.dist_mem_inst/gen_sp_ram.spram_inst/ram_reg_11264_11519_13_13/RAMS64E_D/I (clocked by clk_out1_cpuclk). Large setup violations at the end of those stages might be difficult to fix during the post-placement implementation flow and could be the result of non-optimal XDC constraints or non-optimal design architecture
Related violations: <none>

TIMING-16#419 Warning
Large setup violation  
There is a large setup violation of -2.915 ns between Core_cpu/U_ifetch/pc_module/pc_reg[15]/C (clocked by clk_out1_cpuclk) and Mem_DRAM/U0/synth_options.dist_mem_inst/gen_sp_ram.spram_inst/ram_reg_0_255_7_7/RAMS64E_B/I (clocked by clk_out1_cpuclk). Large setup violations at the end of those stages might be difficult to fix during the post-placement implementation flow and could be the result of non-optimal XDC constraints or non-optimal design architecture
Related violations: <none>

TIMING-16#420 Warning
Large setup violation  
There is a large setup violation of -2.916 ns between Core_cpu/U_ifetch/pc_module/pc_reg[15]/C (clocked by clk_out1_cpuclk) and Mem_DRAM/U0/synth_options.dist_mem_inst/gen_sp_ram.spram_inst/ram_reg_0_255_7_7/RAMS64E_C/I (clocked by clk_out1_cpuclk). Large setup violations at the end of those stages might be difficult to fix during the post-placement implementation flow and could be the result of non-optimal XDC constraints or non-optimal design architecture
Related violations: <none>

TIMING-16#421 Warning
Large setup violation  
There is a large setup violation of -2.925 ns between Core_cpu/U_ifetch/pc_module/pc_reg[15]/C (clocked by clk_out1_cpuclk) and Mem_DRAM/U0/synth_options.dist_mem_inst/gen_sp_ram.spram_inst/ram_reg_10240_10495_29_29/RAMS64E_B/I (clocked by clk_out1_cpuclk). Large setup violations at the end of those stages might be difficult to fix during the post-placement implementation flow and could be the result of non-optimal XDC constraints or non-optimal design architecture
Related violations: <none>

TIMING-16#422 Warning
Large setup violation  
There is a large setup violation of -2.926 ns between Core_cpu/U_ifetch/pc_module/pc_reg[15]/C (clocked by clk_out1_cpuclk) and Mem_DRAM/U0/synth_options.dist_mem_inst/gen_sp_ram.spram_inst/ram_reg_10240_10495_19_19/RAMS64E_B/I (clocked by clk_out1_cpuclk). Large setup violations at the end of those stages might be difficult to fix during the post-placement implementation flow and could be the result of non-optimal XDC constraints or non-optimal design architecture
Related violations: <none>

TIMING-16#423 Warning
Large setup violation  
There is a large setup violation of -2.926 ns between Core_cpu/U_ifetch/pc_module/pc_reg[15]/C (clocked by clk_out1_cpuclk) and Mem_DRAM/U0/synth_options.dist_mem_inst/gen_sp_ram.spram_inst/ram_reg_10240_10495_29_29/RAMS64E_C/I (clocked by clk_out1_cpuclk). Large setup violations at the end of those stages might be difficult to fix during the post-placement implementation flow and could be the result of non-optimal XDC constraints or non-optimal design architecture
Related violations: <none>

TIMING-16#424 Warning
Large setup violation  
There is a large setup violation of -2.927 ns between Core_cpu/U_ifetch/pc_module/pc_reg[15]/C (clocked by clk_out1_cpuclk) and Mem_DRAM/U0/synth_options.dist_mem_inst/gen_sp_ram.spram_inst/ram_reg_10240_10495_19_19/RAMS64E_C/I (clocked by clk_out1_cpuclk). Large setup violations at the end of those stages might be difficult to fix during the post-placement implementation flow and could be the result of non-optimal XDC constraints or non-optimal design architecture
Related violations: <none>

TIMING-16#425 Warning
Large setup violation  
There is a large setup violation of -2.933 ns between Core_cpu/U_ifetch/pc_module/pc_reg[15]/C (clocked by clk_out1_cpuclk) and Mem_DRAM/U0/synth_options.dist_mem_inst/gen_sp_ram.spram_inst/ram_reg_10496_10751_27_27/RAMS64E_D/I (clocked by clk_out1_cpuclk). Large setup violations at the end of those stages might be difficult to fix during the post-placement implementation flow and could be the result of non-optimal XDC constraints or non-optimal design architecture
Related violations: <none>

TIMING-16#426 Warning
Large setup violation  
There is a large setup violation of -2.937 ns between Core_cpu/U_ifetch/pc_module/pc_reg[15]/C (clocked by clk_out1_cpuclk) and Mem_DRAM/U0/synth_options.dist_mem_inst/gen_sp_ram.spram_inst/ram_reg_10752_11007_27_27/RAMS64E_D/I (clocked by clk_out1_cpuclk). Large setup violations at the end of those stages might be difficult to fix during the post-placement implementation flow and could be the result of non-optimal XDC constraints or non-optimal design architecture
Related violations: <none>

TIMING-16#427 Warning
Large setup violation  
There is a large setup violation of -2.945 ns between Core_cpu/U_ifetch/pc_module/pc_reg[15]/C (clocked by clk_out1_cpuclk) and Core_cpu/U_idecode/rf_module/regts_reg_r1_0_31_6_11/RAMA_D1/I (clocked by clk_out1_cpuclk). Large setup violations at the end of those stages might be difficult to fix during the post-placement implementation flow and could be the result of non-optimal XDC constraints or non-optimal design architecture
Related violations: <none>

TIMING-16#428 Warning
Large setup violation  
There is a large setup violation of -2.945 ns between Core_cpu/U_ifetch/pc_module/pc_reg[15]/C (clocked by clk_out1_cpuclk) and Mem_DRAM/U0/synth_options.dist_mem_inst/gen_sp_ram.spram_inst/ram_reg_11520_11775_19_19/RAMS64E_D/I (clocked by clk_out1_cpuclk). Large setup violations at the end of those stages might be difficult to fix during the post-placement implementation flow and could be the result of non-optimal XDC constraints or non-optimal design architecture
Related violations: <none>

TIMING-16#429 Warning
Large setup violation  
There is a large setup violation of -2.949 ns between Core_cpu/U_ifetch/pc_module/pc_reg[15]/C (clocked by clk_out1_cpuclk) and Mem_DRAM/U0/synth_options.dist_mem_inst/gen_sp_ram.spram_inst/ram_reg_1024_1279_18_18/RAMS64E_A/I (clocked by clk_out1_cpuclk). Large setup violations at the end of those stages might be difficult to fix during the post-placement implementation flow and could be the result of non-optimal XDC constraints or non-optimal design architecture
Related violations: <none>

TIMING-16#430 Warning
Large setup violation  
There is a large setup violation of -2.949 ns between Core_cpu/U_ifetch/pc_module/pc_reg[15]/C (clocked by clk_out1_cpuclk) and Mem_DRAM/U0/synth_options.dist_mem_inst/gen_sp_ram.spram_inst/ram_reg_11264_11519_4_4/RAMS64E_B/I (clocked by clk_out1_cpuclk). Large setup violations at the end of those stages might be difficult to fix during the post-placement implementation flow and could be the result of non-optimal XDC constraints or non-optimal design architecture
Related violations: <none>

TIMING-16#431 Warning
Large setup violation  
There is a large setup violation of -2.950 ns between Core_cpu/U_ifetch/pc_module/pc_reg[15]/C (clocked by clk_out1_cpuclk) and Mem_DRAM/U0/synth_options.dist_mem_inst/gen_sp_ram.spram_inst/ram_reg_11264_11519_4_4/RAMS64E_C/I (clocked by clk_out1_cpuclk). Large setup violations at the end of those stages might be difficult to fix during the post-placement implementation flow and could be the result of non-optimal XDC constraints or non-optimal design architecture
Related violations: <none>

TIMING-16#432 Warning
Large setup violation  
There is a large setup violation of -2.956 ns between Core_cpu/U_ifetch/pc_module/pc_reg[15]/C (clocked by clk_out1_cpuclk) and Mem_DRAM/U0/synth_options.dist_mem_inst/gen_sp_ram.spram_inst/ram_reg_11776_12031_24_24/RAMS64E_D/I (clocked by clk_out1_cpuclk). Large setup violations at the end of those stages might be difficult to fix during the post-placement implementation flow and could be the result of non-optimal XDC constraints or non-optimal design architecture
Related violations: <none>

TIMING-16#433 Warning
Large setup violation  
There is a large setup violation of -2.964 ns between Core_cpu/U_ifetch/pc_module/pc_reg[15]/C (clocked by clk_out1_cpuclk) and Mem_DRAM/U0/synth_options.dist_mem_inst/gen_sp_ram.spram_inst/ram_reg_11264_11519_8_8/RAMS64E_B/I (clocked by clk_out1_cpuclk). Large setup violations at the end of those stages might be difficult to fix during the post-placement implementation flow and could be the result of non-optimal XDC constraints or non-optimal design architecture
Related violations: <none>

TIMING-16#434 Warning
Large setup violation  
There is a large setup violation of -2.965 ns between Core_cpu/U_ifetch/pc_module/pc_reg[15]/C (clocked by clk_out1_cpuclk) and Mem_DRAM/U0/synth_options.dist_mem_inst/gen_sp_ram.spram_inst/ram_reg_11264_11519_8_8/RAMS64E_C/I (clocked by clk_out1_cpuclk). Large setup violations at the end of those stages might be difficult to fix during the post-placement implementation flow and could be the result of non-optimal XDC constraints or non-optimal design architecture
Related violations: <none>

TIMING-16#435 Warning
Large setup violation  
There is a large setup violation of -2.973 ns between Core_cpu/U_ifetch/pc_module/pc_reg[15]/C (clocked by clk_out1_cpuclk) and Mem_DRAM/U0/synth_options.dist_mem_inst/gen_sp_ram.spram_inst/ram_reg_11776_12031_29_29/RAMS64E_D/I (clocked by clk_out1_cpuclk). Large setup violations at the end of those stages might be difficult to fix during the post-placement implementation flow and could be the result of non-optimal XDC constraints or non-optimal design architecture
Related violations: <none>

TIMING-16#436 Warning
Large setup violation  
There is a large setup violation of -2.981 ns between Core_cpu/U_ifetch/pc_module/pc_reg[15]/C (clocked by clk_out1_cpuclk) and Mem_DRAM/U0/synth_options.dist_mem_inst/gen_sp_ram.spram_inst/ram_reg_11008_11263_24_24/RAMS64E_A/I (clocked by clk_out1_cpuclk). Large setup violations at the end of those stages might be difficult to fix during the post-placement implementation flow and could be the result of non-optimal XDC constraints or non-optimal design architecture
Related violations: <none>

TIMING-16#437 Warning
Large setup violation  
There is a large setup violation of -2.983 ns between Core_cpu/U_ifetch/pc_module/pc_reg[15]/C (clocked by clk_out1_cpuclk) and Mem_DRAM/U0/synth_options.dist_mem_inst/gen_sp_ram.spram_inst/ram_reg_10752_11007_15_15/RAMS64E_D/I (clocked by clk_out1_cpuclk). Large setup violations at the end of those stages might be difficult to fix during the post-placement implementation flow and could be the result of non-optimal XDC constraints or non-optimal design architecture
Related violations: <none>

TIMING-16#438 Warning
Large setup violation  
There is a large setup violation of -2.988 ns between Core_cpu/U_ifetch/pc_module/pc_reg[15]/C (clocked by clk_out1_cpuclk) and Mem_DRAM/U0/synth_options.dist_mem_inst/gen_sp_ram.spram_inst/ram_reg_10496_10751_29_29/RAMS64E_D/I (clocked by clk_out1_cpuclk). Large setup violations at the end of those stages might be difficult to fix during the post-placement implementation flow and could be the result of non-optimal XDC constraints or non-optimal design architecture
Related violations: <none>

TIMING-16#439 Warning
Large setup violation  
There is a large setup violation of -2.988 ns between Core_cpu/U_ifetch/pc_module/pc_reg[15]/C (clocked by clk_out1_cpuclk) and Mem_DRAM/U0/synth_options.dist_mem_inst/gen_sp_ram.spram_inst/ram_reg_11520_11775_1_1/RAMS64E_B/I (clocked by clk_out1_cpuclk). Large setup violations at the end of those stages might be difficult to fix during the post-placement implementation flow and could be the result of non-optimal XDC constraints or non-optimal design architecture
Related violations: <none>

TIMING-16#440 Warning
Large setup violation  
There is a large setup violation of -2.989 ns between Core_cpu/U_ifetch/pc_module/pc_reg[15]/C (clocked by clk_out1_cpuclk) and Mem_DRAM/U0/synth_options.dist_mem_inst/gen_sp_ram.spram_inst/ram_reg_11520_11775_1_1/RAMS64E_C/I (clocked by clk_out1_cpuclk). Large setup violations at the end of those stages might be difficult to fix during the post-placement implementation flow and could be the result of non-optimal XDC constraints or non-optimal design architecture
Related violations: <none>

TIMING-16#441 Warning
Large setup violation  
There is a large setup violation of -3.002 ns between Core_cpu/U_ifetch/pc_module/pc_reg[15]/C (clocked by clk_out1_cpuclk) and Mem_DRAM/U0/synth_options.dist_mem_inst/gen_sp_ram.spram_inst/ram_reg_0_255_28_28/RAMS64E_A/I (clocked by clk_out1_cpuclk). Large setup violations at the end of those stages might be difficult to fix during the post-placement implementation flow and could be the result of non-optimal XDC constraints or non-optimal design architecture
Related violations: <none>

TIMING-16#442 Warning
Large setup violation  
There is a large setup violation of -3.012 ns between Core_cpu/U_ifetch/pc_module/pc_reg[15]/C (clocked by clk_out1_cpuclk) and Core_cpu/U_idecode/rf_module/regts_reg_r1_0_31_12_17/RAMB_D1/I (clocked by clk_out1_cpuclk). Large setup violations at the end of those stages might be difficult to fix during the post-placement implementation flow and could be the result of non-optimal XDC constraints or non-optimal design architecture
Related violations: <none>

TIMING-16#443 Warning
Large setup violation  
There is a large setup violation of -3.014 ns between Core_cpu/U_ifetch/pc_module/pc_reg[15]/C (clocked by clk_out1_cpuclk) and Mem_DRAM/U0/synth_options.dist_mem_inst/gen_sp_ram.spram_inst/ram_reg_10496_10751_13_13/RAMS64E_B/I (clocked by clk_out1_cpuclk). Large setup violations at the end of those stages might be difficult to fix during the post-placement implementation flow and could be the result of non-optimal XDC constraints or non-optimal design architecture
Related violations: <none>

TIMING-16#444 Warning
Large setup violation  
There is a large setup violation of -3.015 ns between Core_cpu/U_ifetch/pc_module/pc_reg[15]/C (clocked by clk_out1_cpuclk) and Mem_DRAM/U0/synth_options.dist_mem_inst/gen_sp_ram.spram_inst/ram_reg_10496_10751_13_13/RAMS64E_C/I (clocked by clk_out1_cpuclk). Large setup violations at the end of those stages might be difficult to fix during the post-placement implementation flow and could be the result of non-optimal XDC constraints or non-optimal design architecture
Related violations: <none>

TIMING-16#445 Warning
Large setup violation  
There is a large setup violation of -3.021 ns between Core_cpu/U_ifetch/pc_module/pc_reg[15]/C (clocked by clk_out1_cpuclk) and Mem_DRAM/U0/synth_options.dist_mem_inst/gen_sp_ram.spram_inst/ram_reg_11520_11775_8_8/RAMS64E_D/I (clocked by clk_out1_cpuclk). Large setup violations at the end of those stages might be difficult to fix during the post-placement implementation flow and could be the result of non-optimal XDC constraints or non-optimal design architecture
Related violations: <none>

TIMING-16#446 Warning
Large setup violation  
There is a large setup violation of -3.027 ns between Core_cpu/U_ifetch/pc_module/pc_reg[15]/C (clocked by clk_out1_cpuclk) and Mem_DRAM/U0/synth_options.dist_mem_inst/gen_sp_ram.spram_inst/ram_reg_0_255_4_4/RAMS64E_A/I (clocked by clk_out1_cpuclk). Large setup violations at the end of those stages might be difficult to fix during the post-placement implementation flow and could be the result of non-optimal XDC constraints or non-optimal design architecture
Related violations: <none>

TIMING-16#447 Warning
Large setup violation  
There is a large setup violation of -3.031 ns between Core_cpu/U_ifetch/pc_module/pc_reg[15]/C (clocked by clk_out1_cpuclk) and Mem_DRAM/U0/synth_options.dist_mem_inst/gen_sp_ram.spram_inst/ram_reg_1024_1279_0_0/RAMS64E_A/I (clocked by clk_out1_cpuclk). Large setup violations at the end of those stages might be difficult to fix during the post-placement implementation flow and could be the result of non-optimal XDC constraints or non-optimal design architecture
Related violations: <none>

TIMING-16#448 Warning
Large setup violation  
There is a large setup violation of -3.032 ns between Core_cpu/U_ifetch/pc_module/pc_reg[15]/C (clocked by clk_out1_cpuclk) and Mem_DRAM/U0/synth_options.dist_mem_inst/gen_sp_ram.spram_inst/ram_reg_1024_1279_1_1/RAMS64E_A/I (clocked by clk_out1_cpuclk). Large setup violations at the end of those stages might be difficult to fix during the post-placement implementation flow and could be the result of non-optimal XDC constraints or non-optimal design architecture
Related violations: <none>

TIMING-16#449 Warning
Large setup violation  
There is a large setup violation of -3.053 ns between Core_cpu/U_ifetch/pc_module/pc_reg[15]/C (clocked by clk_out1_cpuclk) and Mem_DRAM/U0/synth_options.dist_mem_inst/gen_sp_ram.spram_inst/ram_reg_10240_10495_3_3/RAMS64E_D/I (clocked by clk_out1_cpuclk). Large setup violations at the end of those stages might be difficult to fix during the post-placement implementation flow and could be the result of non-optimal XDC constraints or non-optimal design architecture
Related violations: <none>

TIMING-16#450 Warning
Large setup violation  
There is a large setup violation of -3.064 ns between Core_cpu/U_ifetch/pc_module/pc_reg[15]/C (clocked by clk_out1_cpuclk) and Mem_DRAM/U0/synth_options.dist_mem_inst/gen_sp_ram.spram_inst/ram_reg_10496_10751_19_19/RAMS64E_A/I (clocked by clk_out1_cpuclk). Large setup violations at the end of those stages might be difficult to fix during the post-placement implementation flow and could be the result of non-optimal XDC constraints or non-optimal design architecture
Related violations: <none>

TIMING-16#451 Warning
Large setup violation  
There is a large setup violation of -3.065 ns between Core_cpu/U_ifetch/pc_module/pc_reg[15]/C (clocked by clk_out1_cpuclk) and Mem_DRAM/U0/synth_options.dist_mem_inst/gen_sp_ram.spram_inst/ram_reg_11008_11263_19_19/RAMS64E_B/I (clocked by clk_out1_cpuclk). Large setup violations at the end of those stages might be difficult to fix during the post-placement implementation flow and could be the result of non-optimal XDC constraints or non-optimal design architecture
Related violations: <none>

TIMING-16#452 Warning
Large setup violation  
There is a large setup violation of -3.066 ns between Core_cpu/U_ifetch/pc_module/pc_reg[15]/C (clocked by clk_out1_cpuclk) and Mem_DRAM/U0/synth_options.dist_mem_inst/gen_sp_ram.spram_inst/ram_reg_11008_11263_19_19/RAMS64E_C/I (clocked by clk_out1_cpuclk). Large setup violations at the end of those stages might be difficult to fix during the post-placement implementation flow and could be the result of non-optimal XDC constraints or non-optimal design architecture
Related violations: <none>

TIMING-16#453 Warning
Large setup violation  
There is a large setup violation of -3.077 ns between Core_cpu/U_ifetch/pc_module/pc_reg[15]/C (clocked by clk_out1_cpuclk) and Mem_DRAM/U0/synth_options.dist_mem_inst/gen_sp_ram.spram_inst/ram_reg_11008_11263_29_29/RAMS64E_B/I (clocked by clk_out1_cpuclk). Large setup violations at the end of those stages might be difficult to fix during the post-placement implementation flow and could be the result of non-optimal XDC constraints or non-optimal design architecture
Related violations: <none>

TIMING-16#454 Warning
Large setup violation  
There is a large setup violation of -3.078 ns between Core_cpu/U_ifetch/pc_module/pc_reg[15]/C (clocked by clk_out1_cpuclk) and Mem_DRAM/U0/synth_options.dist_mem_inst/gen_sp_ram.spram_inst/ram_reg_11008_11263_29_29/RAMS64E_C/I (clocked by clk_out1_cpuclk). Large setup violations at the end of those stages might be difficult to fix during the post-placement implementation flow and could be the result of non-optimal XDC constraints or non-optimal design architecture
Related violations: <none>

TIMING-16#455 Warning
Large setup violation  
There is a large setup violation of -3.084 ns between Core_cpu/U_ifetch/pc_module/pc_reg[15]/C (clocked by clk_out1_cpuclk) and Mem_DRAM/U0/synth_options.dist_mem_inst/gen_sp_ram.spram_inst/ram_reg_11264_11519_29_29/RAMS64E_B/I (clocked by clk_out1_cpuclk). Large setup violations at the end of those stages might be difficult to fix during the post-placement implementation flow and could be the result of non-optimal XDC constraints or non-optimal design architecture
Related violations: <none>

TIMING-16#456 Warning
Large setup violation  
There is a large setup violation of -3.085 ns between Core_cpu/U_ifetch/pc_module/pc_reg[15]/C (clocked by clk_out1_cpuclk) and Mem_DRAM/U0/synth_options.dist_mem_inst/gen_sp_ram.spram_inst/ram_reg_11264_11519_29_29/RAMS64E_C/I (clocked by clk_out1_cpuclk). Large setup violations at the end of those stages might be difficult to fix during the post-placement implementation flow and could be the result of non-optimal XDC constraints or non-optimal design architecture
Related violations: <none>

TIMING-16#457 Warning
Large setup violation  
There is a large setup violation of -3.086 ns between Core_cpu/U_ifetch/pc_module/pc_reg[15]/C (clocked by clk_out1_cpuclk) and Core_cpu/U_idecode/rf_module/regts_reg_r2_0_31_0_5/RAMB/I (clocked by clk_out1_cpuclk). Large setup violations at the end of those stages might be difficult to fix during the post-placement implementation flow and could be the result of non-optimal XDC constraints or non-optimal design architecture
Related violations: <none>

TIMING-16#458 Warning
Large setup violation  
There is a large setup violation of -3.110 ns between Core_cpu/U_ifetch/pc_module/pc_reg[15]/C (clocked by clk_out1_cpuclk) and Mem_DRAM/U0/synth_options.dist_mem_inst/gen_sp_ram.spram_inst/ram_reg_10240_10495_8_8/RAMS64E_A/I (clocked by clk_out1_cpuclk). Large setup violations at the end of those stages might be difficult to fix during the post-placement implementation flow and could be the result of non-optimal XDC constraints or non-optimal design architecture
Related violations: <none>

TIMING-16#459 Warning
Large setup violation  
There is a large setup violation of -3.124 ns between Core_cpu/U_ifetch/pc_module/pc_reg[15]/C (clocked by clk_out1_cpuclk) and Core_cpu/U_idecode/rf_module/regts_reg_r2_0_31_6_11/RAMA_D1/I (clocked by clk_out1_cpuclk). Large setup violations at the end of those stages might be difficult to fix during the post-placement implementation flow and could be the result of non-optimal XDC constraints or non-optimal design architecture
Related violations: <none>

TIMING-16#460 Warning
Large setup violation  
There is a large setup violation of -3.156 ns between Core_cpu/U_ifetch/pc_module/pc_reg[15]/C (clocked by clk_out1_cpuclk) and Mem_DRAM/U0/synth_options.dist_mem_inst/gen_sp_ram.spram_inst/ram_reg_12032_12287_15_15/RAMS64E_D/I (clocked by clk_out1_cpuclk). Large setup violations at the end of those stages might be difficult to fix during the post-placement implementation flow and could be the result of non-optimal XDC constraints or non-optimal design architecture
Related violations: <none>

TIMING-16#461 Warning
Large setup violation  
There is a large setup violation of -3.163 ns between Core_cpu/U_ifetch/pc_module/pc_reg[15]/C (clocked by clk_out1_cpuclk) and Mem_DRAM/U0/synth_options.dist_mem_inst/gen_sp_ram.spram_inst/ram_reg_11008_11263_8_8/RAMS64E_D/I (clocked by clk_out1_cpuclk). Large setup violations at the end of those stages might be difficult to fix during the post-placement implementation flow and could be the result of non-optimal XDC constraints or non-optimal design architecture
Related violations: <none>

TIMING-16#462 Warning
Large setup violation  
There is a large setup violation of -3.167 ns between Core_cpu/U_ifetch/pc_module/pc_reg[15]/C (clocked by clk_out1_cpuclk) and Mem_DRAM/U0/synth_options.dist_mem_inst/gen_sp_ram.spram_inst/ram_reg_11264_11519_13_13/RAMS64E_B/I (clocked by clk_out1_cpuclk). Large setup violations at the end of those stages might be difficult to fix during the post-placement implementation flow and could be the result of non-optimal XDC constraints or non-optimal design architecture
Related violations: <none>

TIMING-16#463 Warning
Large setup violation  
There is a large setup violation of -3.168 ns between Core_cpu/U_ifetch/pc_module/pc_reg[15]/C (clocked by clk_out1_cpuclk) and Mem_DRAM/U0/synth_options.dist_mem_inst/gen_sp_ram.spram_inst/ram_reg_10240_10495_4_4/RAMS64E_A/I (clocked by clk_out1_cpuclk). Large setup violations at the end of those stages might be difficult to fix during the post-placement implementation flow and could be the result of non-optimal XDC constraints or non-optimal design architecture
Related violations: <none>

TIMING-16#464 Warning
Large setup violation  
There is a large setup violation of -3.168 ns between Core_cpu/U_ifetch/pc_module/pc_reg[15]/C (clocked by clk_out1_cpuclk) and Mem_DRAM/U0/synth_options.dist_mem_inst/gen_sp_ram.spram_inst/ram_reg_11264_11519_13_13/RAMS64E_C/I (clocked by clk_out1_cpuclk). Large setup violations at the end of those stages might be difficult to fix during the post-placement implementation flow and could be the result of non-optimal XDC constraints or non-optimal design architecture
Related violations: <none>

TIMING-16#465 Warning
Large setup violation  
There is a large setup violation of -3.172 ns between Core_cpu/U_ifetch/pc_module/pc_reg[15]/C (clocked by clk_out1_cpuclk) and Mem_DRAM/U0/synth_options.dist_mem_inst/gen_sp_ram.spram_inst/ram_reg_0_255_22_22/RAMS64E_A/I (clocked by clk_out1_cpuclk). Large setup violations at the end of those stages might be difficult to fix during the post-placement implementation flow and could be the result of non-optimal XDC constraints or non-optimal design architecture
Related violations: <none>

TIMING-16#466 Warning
Large setup violation  
There is a large setup violation of -3.180 ns between Core_cpu/U_ifetch/pc_module/pc_reg[15]/C (clocked by clk_out1_cpuclk) and Mem_DRAM/U0/synth_options.dist_mem_inst/gen_sp_ram.spram_inst/ram_reg_0_255_0_0/RAMS64E_A/I (clocked by clk_out1_cpuclk). Large setup violations at the end of those stages might be difficult to fix during the post-placement implementation flow and could be the result of non-optimal XDC constraints or non-optimal design architecture
Related violations: <none>

TIMING-16#467 Warning
Large setup violation  
There is a large setup violation of -3.186 ns between Core_cpu/U_ifetch/pc_module/pc_reg[15]/C (clocked by clk_out1_cpuclk) and Mem_DRAM/U0/synth_options.dist_mem_inst/gen_sp_ram.spram_inst/ram_reg_10496_10751_27_27/RAMS64E_B/I (clocked by clk_out1_cpuclk). Large setup violations at the end of those stages might be difficult to fix during the post-placement implementation flow and could be the result of non-optimal XDC constraints or non-optimal design architecture
Related violations: <none>

TIMING-16#468 Warning
Large setup violation  
There is a large setup violation of -3.187 ns between Core_cpu/U_ifetch/pc_module/pc_reg[15]/C (clocked by clk_out1_cpuclk) and Mem_DRAM/U0/synth_options.dist_mem_inst/gen_sp_ram.spram_inst/ram_reg_10496_10751_27_27/RAMS64E_C/I (clocked by clk_out1_cpuclk). Large setup violations at the end of those stages might be difficult to fix during the post-placement implementation flow and could be the result of non-optimal XDC constraints or non-optimal design architecture
Related violations: <none>

TIMING-16#469 Warning
Large setup violation  
There is a large setup violation of -3.190 ns between Core_cpu/U_ifetch/pc_module/pc_reg[15]/C (clocked by clk_out1_cpuclk) and Mem_DRAM/U0/synth_options.dist_mem_inst/gen_sp_ram.spram_inst/ram_reg_10752_11007_27_27/RAMS64E_B/I (clocked by clk_out1_cpuclk). Large setup violations at the end of those stages might be difficult to fix during the post-placement implementation flow and could be the result of non-optimal XDC constraints or non-optimal design architecture
Related violations: <none>

TIMING-16#470 Warning
Large setup violation  
There is a large setup violation of -3.191 ns between Core_cpu/U_ifetch/pc_module/pc_reg[15]/C (clocked by clk_out1_cpuclk) and Mem_DRAM/U0/synth_options.dist_mem_inst/gen_sp_ram.spram_inst/ram_reg_10752_11007_27_27/RAMS64E_C/I (clocked by clk_out1_cpuclk). Large setup violations at the end of those stages might be difficult to fix during the post-placement implementation flow and could be the result of non-optimal XDC constraints or non-optimal design architecture
Related violations: <none>

TIMING-16#471 Warning
Large setup violation  
There is a large setup violation of -3.198 ns between Core_cpu/U_ifetch/pc_module/pc_reg[15]/C (clocked by clk_out1_cpuclk) and Mem_DRAM/U0/synth_options.dist_mem_inst/gen_sp_ram.spram_inst/ram_reg_11520_11775_19_19/RAMS64E_B/I (clocked by clk_out1_cpuclk). Large setup violations at the end of those stages might be difficult to fix during the post-placement implementation flow and could be the result of non-optimal XDC constraints or non-optimal design architecture
Related violations: <none>

TIMING-16#472 Warning
Large setup violation  
There is a large setup violation of -3.199 ns between Core_cpu/U_ifetch/pc_module/pc_reg[15]/C (clocked by clk_out1_cpuclk) and Mem_DRAM/U0/synth_options.dist_mem_inst/gen_sp_ram.spram_inst/ram_reg_11520_11775_19_19/RAMS64E_C/I (clocked by clk_out1_cpuclk). Large setup violations at the end of those stages might be difficult to fix during the post-placement implementation flow and could be the result of non-optimal XDC constraints or non-optimal design architecture
Related violations: <none>

TIMING-16#473 Warning
Large setup violation  
There is a large setup violation of -3.202 ns between Core_cpu/U_ifetch/pc_module/pc_reg[15]/C (clocked by clk_out1_cpuclk) and Core_cpu/U_idecode/rf_module/regts_reg_r1_0_31_24_29/RAMA_D1/I (clocked by clk_out1_cpuclk). Large setup violations at the end of those stages might be difficult to fix during the post-placement implementation flow and could be the result of non-optimal XDC constraints or non-optimal design architecture
Related violations: <none>

TIMING-16#474 Warning
Large setup violation  
There is a large setup violation of -3.203 ns between Core_cpu/U_ifetch/pc_module/pc_reg[15]/C (clocked by clk_out1_cpuclk) and Mem_DRAM/U0/synth_options.dist_mem_inst/gen_sp_ram.spram_inst/ram_reg_0_255_7_7/RAMS64E_A/I (clocked by clk_out1_cpuclk). Large setup violations at the end of those stages might be difficult to fix during the post-placement implementation flow and could be the result of non-optimal XDC constraints or non-optimal design architecture
Related violations: <none>

TIMING-16#475 Warning
Large setup violation  
There is a large setup violation of -3.209 ns between Core_cpu/U_ifetch/pc_module/pc_reg[15]/C (clocked by clk_out1_cpuclk) and Mem_DRAM/U0/synth_options.dist_mem_inst/gen_sp_ram.spram_inst/ram_reg_11776_12031_24_24/RAMS64E_B/I (clocked by clk_out1_cpuclk). Large setup violations at the end of those stages might be difficult to fix during the post-placement implementation flow and could be the result of non-optimal XDC constraints or non-optimal design architecture
Related violations: <none>

TIMING-16#476 Warning
Large setup violation  
There is a large setup violation of -3.210 ns between Core_cpu/U_ifetch/pc_module/pc_reg[15]/C (clocked by clk_out1_cpuclk) and Mem_DRAM/U0/synth_options.dist_mem_inst/gen_sp_ram.spram_inst/ram_reg_11776_12031_24_24/RAMS64E_C/I (clocked by clk_out1_cpuclk). Large setup violations at the end of those stages might be difficult to fix during the post-placement implementation flow and could be the result of non-optimal XDC constraints or non-optimal design architecture
Related violations: <none>

TIMING-16#477 Warning
Large setup violation  
There is a large setup violation of -3.213 ns between Core_cpu/U_ifetch/pc_module/pc_reg[15]/C (clocked by clk_out1_cpuclk) and Mem_DRAM/U0/synth_options.dist_mem_inst/gen_sp_ram.spram_inst/ram_reg_10240_10495_29_29/RAMS64E_A/I (clocked by clk_out1_cpuclk). Large setup violations at the end of those stages might be difficult to fix during the post-placement implementation flow and could be the result of non-optimal XDC constraints or non-optimal design architecture
Related violations: <none>

TIMING-16#478 Warning
Large setup violation  
There is a large setup violation of -3.214 ns between Core_cpu/U_ifetch/pc_module/pc_reg[15]/C (clocked by clk_out1_cpuclk) and Mem_DRAM/U0/synth_options.dist_mem_inst/gen_sp_ram.spram_inst/ram_reg_10240_10495_19_19/RAMS64E_A/I (clocked by clk_out1_cpuclk). Large setup violations at the end of those stages might be difficult to fix during the post-placement implementation flow and could be the result of non-optimal XDC constraints or non-optimal design architecture
Related violations: <none>

TIMING-16#479 Warning
Large setup violation  
There is a large setup violation of -3.225 ns between Core_cpu/U_ifetch/pc_module/pc_reg[15]/C (clocked by clk_out1_cpuclk) and Mem_DRAM/U0/synth_options.dist_mem_inst/gen_sp_ram.spram_inst/ram_reg_11264_11519_27_27/RAMS64E_D/I (clocked by clk_out1_cpuclk). Large setup violations at the end of those stages might be difficult to fix during the post-placement implementation flow and could be the result of non-optimal XDC constraints or non-optimal design architecture
Related violations: <none>

TIMING-16#480 Warning
Large setup violation  
There is a large setup violation of -3.226 ns between Core_cpu/U_ifetch/pc_module/pc_reg[15]/C (clocked by clk_out1_cpuclk) and Mem_DRAM/U0/synth_options.dist_mem_inst/gen_sp_ram.spram_inst/ram_reg_11776_12031_29_29/RAMS64E_B/I (clocked by clk_out1_cpuclk). Large setup violations at the end of those stages might be difficult to fix during the post-placement implementation flow and could be the result of non-optimal XDC constraints or non-optimal design architecture
Related violations: <none>

TIMING-16#481 Warning
Large setup violation  
There is a large setup violation of -3.227 ns between Core_cpu/U_ifetch/pc_module/pc_reg[15]/C (clocked by clk_out1_cpuclk) and Mem_DRAM/U0/synth_options.dist_mem_inst/gen_sp_ram.spram_inst/ram_reg_11776_12031_29_29/RAMS64E_C/I (clocked by clk_out1_cpuclk). Large setup violations at the end of those stages might be difficult to fix during the post-placement implementation flow and could be the result of non-optimal XDC constraints or non-optimal design architecture
Related violations: <none>

TIMING-16#482 Warning
Large setup violation  
There is a large setup violation of -3.231 ns between Core_cpu/U_ifetch/pc_module/pc_reg[15]/C (clocked by clk_out1_cpuclk) and Mem_DRAM/U0/synth_options.dist_mem_inst/gen_sp_ram.spram_inst/ram_reg_11776_12031_0_0/RAMS64E_D/I (clocked by clk_out1_cpuclk). Large setup violations at the end of those stages might be difficult to fix during the post-placement implementation flow and could be the result of non-optimal XDC constraints or non-optimal design architecture
Related violations: <none>

TIMING-16#483 Warning
Large setup violation  
There is a large setup violation of -3.236 ns between Core_cpu/U_ifetch/pc_module/pc_reg[15]/C (clocked by clk_out1_cpuclk) and Mem_DRAM/U0/synth_options.dist_mem_inst/gen_sp_ram.spram_inst/ram_reg_10752_11007_15_15/RAMS64E_B/I (clocked by clk_out1_cpuclk). Large setup violations at the end of those stages might be difficult to fix during the post-placement implementation flow and could be the result of non-optimal XDC constraints or non-optimal design architecture
Related violations: <none>

TIMING-16#484 Warning
Large setup violation  
There is a large setup violation of -3.237 ns between Core_cpu/U_ifetch/pc_module/pc_reg[15]/C (clocked by clk_out1_cpuclk) and Mem_DRAM/U0/synth_options.dist_mem_inst/gen_sp_ram.spram_inst/ram_reg_10752_11007_15_15/RAMS64E_C/I (clocked by clk_out1_cpuclk). Large setup violations at the end of those stages might be difficult to fix during the post-placement implementation flow and could be the result of non-optimal XDC constraints or non-optimal design architecture
Related violations: <none>

TIMING-16#485 Warning
Large setup violation  
There is a large setup violation of -3.237 ns between Core_cpu/U_ifetch/pc_module/pc_reg[15]/C (clocked by clk_out1_cpuclk) and Mem_DRAM/U0/synth_options.dist_mem_inst/gen_sp_ram.spram_inst/ram_reg_11264_11519_4_4/RAMS64E_A/I (clocked by clk_out1_cpuclk). Large setup violations at the end of those stages might be difficult to fix during the post-placement implementation flow and could be the result of non-optimal XDC constraints or non-optimal design architecture
Related violations: <none>

TIMING-16#486 Warning
Large setup violation  
There is a large setup violation of -3.241 ns between Core_cpu/U_ifetch/pc_module/pc_reg[15]/C (clocked by clk_out1_cpuclk) and Mem_DRAM/U0/synth_options.dist_mem_inst/gen_sp_ram.spram_inst/ram_reg_10496_10751_29_29/RAMS64E_B/I (clocked by clk_out1_cpuclk). Large setup violations at the end of those stages might be difficult to fix during the post-placement implementation flow and could be the result of non-optimal XDC constraints or non-optimal design architecture
Related violations: <none>

TIMING-16#487 Warning
Large setup violation  
There is a large setup violation of -3.242 ns between Core_cpu/U_ifetch/pc_module/pc_reg[15]/C (clocked by clk_out1_cpuclk) and Mem_DRAM/U0/synth_options.dist_mem_inst/gen_sp_ram.spram_inst/ram_reg_10496_10751_29_29/RAMS64E_C/I (clocked by clk_out1_cpuclk). Large setup violations at the end of those stages might be difficult to fix during the post-placement implementation flow and could be the result of non-optimal XDC constraints or non-optimal design architecture
Related violations: <none>

TIMING-16#488 Warning
Large setup violation  
There is a large setup violation of -3.252 ns between Core_cpu/U_ifetch/pc_module/pc_reg[15]/C (clocked by clk_out1_cpuclk) and Mem_DRAM/U0/synth_options.dist_mem_inst/gen_sp_ram.spram_inst/ram_reg_11264_11519_8_8/RAMS64E_A/I (clocked by clk_out1_cpuclk). Large setup violations at the end of those stages might be difficult to fix during the post-placement implementation flow and could be the result of non-optimal XDC constraints or non-optimal design architecture
Related violations: <none>

TIMING-16#489 Warning
Large setup violation  
There is a large setup violation of -3.264 ns between Core_cpu/U_ifetch/pc_module/pc_reg[15]/C (clocked by clk_out1_cpuclk) and Mem_DRAM/U0/synth_options.dist_mem_inst/gen_sp_ram.spram_inst/ram_reg_10240_10495_15_15/RAMS64E_D/I (clocked by clk_out1_cpuclk). Large setup violations at the end of those stages might be difficult to fix during the post-placement implementation flow and could be the result of non-optimal XDC constraints or non-optimal design architecture
Related violations: <none>

TIMING-16#490 Warning
Large setup violation  
There is a large setup violation of -3.269 ns between Core_cpu/U_ifetch/pc_module/pc_reg[15]/C (clocked by clk_out1_cpuclk) and Mem_DRAM/U0/synth_options.dist_mem_inst/gen_sp_ram.spram_inst/ram_reg_11264_11519_24_24/RAMS64E_D/I (clocked by clk_out1_cpuclk). Large setup violations at the end of those stages might be difficult to fix during the post-placement implementation flow and could be the result of non-optimal XDC constraints or non-optimal design architecture
Related violations: <none>

TIMING-16#491 Warning
Large setup violation  
There is a large setup violation of -3.274 ns between Core_cpu/U_ifetch/pc_module/pc_reg[15]/C (clocked by clk_out1_cpuclk) and Mem_DRAM/U0/synth_options.dist_mem_inst/gen_sp_ram.spram_inst/ram_reg_11520_11775_8_8/RAMS64E_B/I (clocked by clk_out1_cpuclk). Large setup violations at the end of those stages might be difficult to fix during the post-placement implementation flow and could be the result of non-optimal XDC constraints or non-optimal design architecture
Related violations: <none>

TIMING-16#492 Warning
Large setup violation  
There is a large setup violation of -3.275 ns between Core_cpu/U_ifetch/pc_module/pc_reg[15]/C (clocked by clk_out1_cpuclk) and Mem_DRAM/U0/synth_options.dist_mem_inst/gen_sp_ram.spram_inst/ram_reg_11520_11775_8_8/RAMS64E_C/I (clocked by clk_out1_cpuclk). Large setup violations at the end of those stages might be difficult to fix during the post-placement implementation flow and could be the result of non-optimal XDC constraints or non-optimal design architecture
Related violations: <none>

TIMING-16#493 Warning
Large setup violation  
There is a large setup violation of -3.276 ns between Core_cpu/U_ifetch/pc_module/pc_reg[15]/C (clocked by clk_out1_cpuclk) and Mem_DRAM/U0/synth_options.dist_mem_inst/gen_sp_ram.spram_inst/ram_reg_10240_10495_27_27/RAMS64E_D/I (clocked by clk_out1_cpuclk). Large setup violations at the end of those stages might be difficult to fix during the post-placement implementation flow and could be the result of non-optimal XDC constraints or non-optimal design architecture
Related violations: <none>

TIMING-16#494 Warning
Large setup violation  
There is a large setup violation of -3.276 ns between Core_cpu/U_ifetch/pc_module/pc_reg[15]/C (clocked by clk_out1_cpuclk) and Mem_DRAM/U0/synth_options.dist_mem_inst/gen_sp_ram.spram_inst/ram_reg_11520_11775_1_1/RAMS64E_A/I (clocked by clk_out1_cpuclk). Large setup violations at the end of those stages might be difficult to fix during the post-placement implementation flow and could be the result of non-optimal XDC constraints or non-optimal design architecture
Related violations: <none>

TIMING-16#495 Warning
Large setup violation  
There is a large setup violation of -3.281 ns between Core_cpu/U_ifetch/pc_module/pc_reg[15]/C (clocked by clk_out1_cpuclk) and Core_cpu/U_idecode/rf_module/regts_reg_r2_0_31_24_29/RAMB_D1/I (clocked by clk_out1_cpuclk). Large setup violations at the end of those stages might be difficult to fix during the post-placement implementation flow and could be the result of non-optimal XDC constraints or non-optimal design architecture
Related violations: <none>

TIMING-16#496 Warning
Large setup violation  
There is a large setup violation of -3.293 ns between Core_cpu/U_ifetch/pc_module/pc_reg[15]/C (clocked by clk_out1_cpuclk) and Core_cpu/U_idecode/rf_module/regts_reg_r1_0_31_18_23/RAMA/I (clocked by clk_out1_cpuclk). Large setup violations at the end of those stages might be difficult to fix during the post-placement implementation flow and could be the result of non-optimal XDC constraints or non-optimal design architecture
Related violations: <none>

TIMING-16#497 Warning
Large setup violation  
There is a large setup violation of -3.299 ns between Core_cpu/U_ifetch/pc_module/pc_reg[15]/C (clocked by clk_out1_cpuclk) and Core_cpu/U_idecode/rf_module/regts_reg_r2_0_31_24_29/RAMA_D1/I (clocked by clk_out1_cpuclk). Large setup violations at the end of those stages might be difficult to fix during the post-placement implementation flow and could be the result of non-optimal XDC constraints or non-optimal design architecture
Related violations: <none>

TIMING-16#498 Warning
Large setup violation  
There is a large setup violation of -3.302 ns between Core_cpu/U_ifetch/pc_module/pc_reg[15]/C (clocked by clk_out1_cpuclk) and Mem_DRAM/U0/synth_options.dist_mem_inst/gen_sp_ram.spram_inst/ram_reg_10496_10751_13_13/RAMS64E_A/I (clocked by clk_out1_cpuclk). Large setup violations at the end of those stages might be difficult to fix during the post-placement implementation flow and could be the result of non-optimal XDC constraints or non-optimal design architecture
Related violations: <none>

TIMING-16#499 Warning
Large setup violation  
There is a large setup violation of -3.305 ns between Core_cpu/U_ifetch/pc_module/pc_reg[15]/C (clocked by clk_out1_cpuclk) and Core_cpu/U_idecode/rf_module/regts_reg_r2_0_31_24_29/RAMA/I (clocked by clk_out1_cpuclk). Large setup violations at the end of those stages might be difficult to fix during the post-placement implementation flow and could be the result of non-optimal XDC constraints or non-optimal design architecture
Related violations: <none>

TIMING-16#500 Warning
Large setup violation  
There is a large setup violation of -3.306 ns between Core_cpu/U_ifetch/pc_module/pc_reg[15]/C (clocked by clk_out1_cpuclk) and Mem_DRAM/U0/synth_options.dist_mem_inst/gen_sp_ram.spram_inst/ram_reg_10240_10495_3_3/RAMS64E_B/I (clocked by clk_out1_cpuclk). Large setup violations at the end of those stages might be difficult to fix during the post-placement implementation flow and could be the result of non-optimal XDC constraints or non-optimal design architecture
Related violations: <none>

TIMING-16#501 Warning
Large setup violation  
There is a large setup violation of -3.307 ns between Core_cpu/U_ifetch/pc_module/pc_reg[15]/C (clocked by clk_out1_cpuclk) and Mem_DRAM/U0/synth_options.dist_mem_inst/gen_sp_ram.spram_inst/ram_reg_10240_10495_3_3/RAMS64E_C/I (clocked by clk_out1_cpuclk). Large setup violations at the end of those stages might be difficult to fix during the post-placement implementation flow and could be the result of non-optimal XDC constraints or non-optimal design architecture
Related violations: <none>

TIMING-16#502 Warning
Large setup violation  
There is a large setup violation of -3.308 ns between Core_cpu/U_ifetch/pc_module/pc_reg[15]/C (clocked by clk_out1_cpuclk) and Core_cpu/U_idecode/rf_module/regts_reg_r2_0_31_18_23/RAMC_D1/I (clocked by clk_out1_cpuclk). Large setup violations at the end of those stages might be difficult to fix during the post-placement implementation flow and could be the result of non-optimal XDC constraints or non-optimal design architecture
Related violations: <none>

TIMING-16#503 Warning
Large setup violation  
There is a large setup violation of -3.317 ns between Core_cpu/U_ifetch/pc_module/pc_reg[15]/C (clocked by clk_out1_cpuclk) and Mem_DRAM/U0/synth_options.dist_mem_inst/gen_sp_ram.spram_inst/ram_reg_11264_11519_15_15/RAMS64E_D/I (clocked by clk_out1_cpuclk). Large setup violations at the end of those stages might be difficult to fix during the post-placement implementation flow and could be the result of non-optimal XDC constraints or non-optimal design architecture
Related violations: <none>

TIMING-16#504 Warning
Large setup violation  
There is a large setup violation of -3.345 ns between Core_cpu/U_ifetch/pc_module/pc_reg[15]/C (clocked by clk_out1_cpuclk) and Core_cpu/U_idecode/rf_module/regts_reg_r1_0_31_18_23/RAMA_D1/I (clocked by clk_out1_cpuclk). Large setup violations at the end of those stages might be difficult to fix during the post-placement implementation flow and could be the result of non-optimal XDC constraints or non-optimal design architecture
Related violations: <none>

TIMING-16#505 Warning
Large setup violation  
There is a large setup violation of -3.352 ns between Core_cpu/U_ifetch/pc_module/pc_reg[15]/C (clocked by clk_out1_cpuclk) and Core_cpu/U_idecode/rf_module/regts_reg_r2_0_31_30_31/RAMA/I (clocked by clk_out1_cpuclk). Large setup violations at the end of those stages might be difficult to fix during the post-placement implementation flow and could be the result of non-optimal XDC constraints or non-optimal design architecture
Related violations: <none>

TIMING-16#506 Warning
Large setup violation  
There is a large setup violation of -3.353 ns between Core_cpu/U_ifetch/pc_module/pc_reg[15]/C (clocked by clk_out1_cpuclk) and Mem_DRAM/U0/synth_options.dist_mem_inst/gen_sp_ram.spram_inst/ram_reg_11008_11263_19_19/RAMS64E_A/I (clocked by clk_out1_cpuclk). Large setup violations at the end of those stages might be difficult to fix during the post-placement implementation flow and could be the result of non-optimal XDC constraints or non-optimal design architecture
Related violations: <none>

TIMING-16#507 Warning
Large setup violation  
There is a large setup violation of -3.359 ns between Core_cpu/U_ifetch/pc_module/pc_reg[15]/C (clocked by clk_out1_cpuclk) and Mem_DRAM/U0/synth_options.dist_mem_inst/gen_sp_ram.spram_inst/ram_reg_11520_11775_7_7/RAMS64E_D/I (clocked by clk_out1_cpuclk). Large setup violations at the end of those stages might be difficult to fix during the post-placement implementation flow and could be the result of non-optimal XDC constraints or non-optimal design architecture
Related violations: <none>

TIMING-16#508 Warning
Large setup violation  
There is a large setup violation of -3.360 ns between Core_cpu/U_ifetch/pc_module/pc_reg[15]/C (clocked by clk_out1_cpuclk) and Core_cpu/U_idecode/rf_module/regts_reg_r2_0_31_18_23/RAMB_D1/I (clocked by clk_out1_cpuclk). Large setup violations at the end of those stages might be difficult to fix during the post-placement implementation flow and could be the result of non-optimal XDC constraints or non-optimal design architecture
Related violations: <none>

TIMING-16#509 Warning
Large setup violation  
There is a large setup violation of -3.365 ns between Core_cpu/U_ifetch/pc_module/pc_reg[15]/C (clocked by clk_out1_cpuclk) and Mem_DRAM/U0/synth_options.dist_mem_inst/gen_sp_ram.spram_inst/ram_reg_11008_11263_29_29/RAMS64E_A/I (clocked by clk_out1_cpuclk). Large setup violations at the end of those stages might be difficult to fix during the post-placement implementation flow and could be the result of non-optimal XDC constraints or non-optimal design architecture
Related violations: <none>

TIMING-16#510 Warning
Large setup violation  
There is a large setup violation of -3.372 ns between Core_cpu/U_ifetch/pc_module/pc_reg[15]/C (clocked by clk_out1_cpuclk) and Mem_DRAM/U0/synth_options.dist_mem_inst/gen_sp_ram.spram_inst/ram_reg_11264_11519_29_29/RAMS64E_A/I (clocked by clk_out1_cpuclk). Large setup violations at the end of those stages might be difficult to fix during the post-placement implementation flow and could be the result of non-optimal XDC constraints or non-optimal design architecture
Related violations: <none>

TIMING-16#511 Warning
Large setup violation  
There is a large setup violation of -3.374 ns between Core_cpu/U_ifetch/pc_module/pc_reg[15]/C (clocked by clk_out1_cpuclk) and Core_cpu/U_idecode/rf_module/regts_reg_r2_0_31_12_17/RAMA_D1/I (clocked by clk_out1_cpuclk). Large setup violations at the end of those stages might be difficult to fix during the post-placement implementation flow and could be the result of non-optimal XDC constraints or non-optimal design architecture
Related violations: <none>

TIMING-16#512 Warning
Large setup violation  
There is a large setup violation of -3.379 ns between Core_cpu/U_ifetch/pc_module/pc_reg[15]/C (clocked by clk_out1_cpuclk) and Mem_DRAM/U0/synth_options.dist_mem_inst/gen_sp_ram.spram_inst/ram_reg_11264_11519_19_19/RAMS64E_D/I (clocked by clk_out1_cpuclk). Large setup violations at the end of those stages might be difficult to fix during the post-placement implementation flow and could be the result of non-optimal XDC constraints or non-optimal design architecture
Related violations: <none>

TIMING-16#513 Warning
Large setup violation  
There is a large setup violation of -3.380 ns between Core_cpu/U_ifetch/pc_module/pc_reg[15]/C (clocked by clk_out1_cpuclk) and Core_cpu/U_idecode/rf_module/regts_reg_r1_0_31_0_5/RAMB/I (clocked by clk_out1_cpuclk). Large setup violations at the end of those stages might be difficult to fix during the post-placement implementation flow and could be the result of non-optimal XDC constraints or non-optimal design architecture
Related violations: <none>

TIMING-16#514 Warning
Large setup violation  
There is a large setup violation of -3.380 ns between Core_cpu/U_ifetch/pc_module/pc_reg[15]/C (clocked by clk_out1_cpuclk) and Core_cpu/U_idecode/rf_module/regts_reg_r2_0_31_18_23/RAMA/I (clocked by clk_out1_cpuclk). Large setup violations at the end of those stages might be difficult to fix during the post-placement implementation flow and could be the result of non-optimal XDC constraints or non-optimal design architecture
Related violations: <none>

TIMING-16#515 Warning
Large setup violation  
There is a large setup violation of -3.395 ns between Core_cpu/U_ifetch/pc_module/pc_reg[15]/C (clocked by clk_out1_cpuclk) and Mem_DRAM/U0/synth_options.dist_mem_inst/gen_sp_ram.spram_inst/ram_reg_11520_11775_24_24/RAMS64E_D/I (clocked by clk_out1_cpuclk). Large setup violations at the end of those stages might be difficult to fix during the post-placement implementation flow and could be the result of non-optimal XDC constraints or non-optimal design architecture
Related violations: <none>

TIMING-16#516 Warning
Large setup violation  
There is a large setup violation of -3.409 ns between Core_cpu/U_ifetch/pc_module/pc_reg[15]/C (clocked by clk_out1_cpuclk) and Mem_DRAM/U0/synth_options.dist_mem_inst/gen_sp_ram.spram_inst/ram_reg_12032_12287_15_15/RAMS64E_B/I (clocked by clk_out1_cpuclk). Large setup violations at the end of those stages might be difficult to fix during the post-placement implementation flow and could be the result of non-optimal XDC constraints or non-optimal design architecture
Related violations: <none>

TIMING-16#517 Warning
Large setup violation  
There is a large setup violation of -3.410 ns between Core_cpu/U_ifetch/pc_module/pc_reg[15]/C (clocked by clk_out1_cpuclk) and Mem_DRAM/U0/synth_options.dist_mem_inst/gen_sp_ram.spram_inst/ram_reg_12032_12287_15_15/RAMS64E_C/I (clocked by clk_out1_cpuclk). Large setup violations at the end of those stages might be difficult to fix during the post-placement implementation flow and could be the result of non-optimal XDC constraints or non-optimal design architecture
Related violations: <none>

TIMING-16#518 Warning
Large setup violation  
There is a large setup violation of -3.416 ns between Core_cpu/U_ifetch/pc_module/pc_reg[15]/C (clocked by clk_out1_cpuclk) and Mem_DRAM/U0/synth_options.dist_mem_inst/gen_sp_ram.spram_inst/ram_reg_11008_11263_8_8/RAMS64E_B/I (clocked by clk_out1_cpuclk). Large setup violations at the end of those stages might be difficult to fix during the post-placement implementation flow and could be the result of non-optimal XDC constraints or non-optimal design architecture
Related violations: <none>

TIMING-16#519 Warning
Large setup violation  
There is a large setup violation of -3.417 ns between Core_cpu/U_ifetch/pc_module/pc_reg[15]/C (clocked by clk_out1_cpuclk) and Mem_DRAM/U0/synth_options.dist_mem_inst/gen_sp_ram.spram_inst/ram_reg_11008_11263_8_8/RAMS64E_C/I (clocked by clk_out1_cpuclk). Large setup violations at the end of those stages might be difficult to fix during the post-placement implementation flow and could be the result of non-optimal XDC constraints or non-optimal design architecture
Related violations: <none>

TIMING-16#520 Warning
Large setup violation  
There is a large setup violation of -3.419 ns between Core_cpu/U_ifetch/pc_module/pc_reg[15]/C (clocked by clk_out1_cpuclk) and Mem_DRAM/U0/synth_options.dist_mem_inst/gen_sp_ram.spram_inst/ram_reg_10240_10495_24_24/RAMS64E_D/I (clocked by clk_out1_cpuclk). Large setup violations at the end of those stages might be difficult to fix during the post-placement implementation flow and could be the result of non-optimal XDC constraints or non-optimal design architecture
Related violations: <none>

TIMING-16#521 Warning
Large setup violation  
There is a large setup violation of -3.427 ns between Core_cpu/U_ifetch/pc_module/pc_reg[15]/C (clocked by clk_out1_cpuclk) and Core_cpu/U_idecode/rf_module/regts_reg_r1_0_31_24_29/RAMB_D1/I (clocked by clk_out1_cpuclk). Large setup violations at the end of those stages might be difficult to fix during the post-placement implementation flow and could be the result of non-optimal XDC constraints or non-optimal design architecture
Related violations: <none>

TIMING-16#522 Warning
Large setup violation  
There is a large setup violation of -3.442 ns between Core_cpu/U_ifetch/pc_module/pc_reg[15]/C (clocked by clk_out1_cpuclk) and Mem_DRAM/U0/synth_options.dist_mem_inst/gen_sp_ram.spram_inst/ram_reg_11008_11263_13_13/RAMS64E_D/I (clocked by clk_out1_cpuclk). Large setup violations at the end of those stages might be difficult to fix during the post-placement implementation flow and could be the result of non-optimal XDC constraints or non-optimal design architecture
Related violations: <none>

TIMING-16#523 Warning
Large setup violation  
There is a large setup violation of -3.455 ns between Core_cpu/U_ifetch/pc_module/pc_reg[15]/C (clocked by clk_out1_cpuclk) and Mem_DRAM/U0/synth_options.dist_mem_inst/gen_sp_ram.spram_inst/ram_reg_11264_11519_13_13/RAMS64E_A/I (clocked by clk_out1_cpuclk). Large setup violations at the end of those stages might be difficult to fix during the post-placement implementation flow and could be the result of non-optimal XDC constraints or non-optimal design architecture
Related violations: <none>

TIMING-16#524 Warning
Large setup violation  
There is a large setup violation of -3.463 ns between Core_cpu/U_ifetch/pc_module/pc_reg[15]/C (clocked by clk_out1_cpuclk) and Core_cpu/U_idecode/rf_module/regts_reg_r2_0_31_18_23/RAMC/I (clocked by clk_out1_cpuclk). Large setup violations at the end of those stages might be difficult to fix during the post-placement implementation flow and could be the result of non-optimal XDC constraints or non-optimal design architecture
Related violations: <none>

TIMING-16#525 Warning
Large setup violation  
There is a large setup violation of -3.470 ns between Core_cpu/U_ifetch/pc_module/pc_reg[15]/C (clocked by clk_out1_cpuclk) and Mem_DRAM/U0/synth_options.dist_mem_inst/gen_sp_ram.spram_inst/ram_reg_11776_12031_15_15/RAMS64E_D/I (clocked by clk_out1_cpuclk). Large setup violations at the end of those stages might be difficult to fix during the post-placement implementation flow and could be the result of non-optimal XDC constraints or non-optimal design architecture
Related violations: <none>

TIMING-16#526 Warning
Large setup violation  
There is a large setup violation of -3.471 ns between Core_cpu/U_ifetch/pc_module/pc_reg[15]/C (clocked by clk_out1_cpuclk) and Mem_DRAM/U0/synth_options.dist_mem_inst/gen_sp_ram.spram_inst/ram_reg_10240_10495_18_18/RAMS64E_D/I (clocked by clk_out1_cpuclk). Large setup violations at the end of those stages might be difficult to fix during the post-placement implementation flow and could be the result of non-optimal XDC constraints or non-optimal design architecture
Related violations: <none>

TIMING-16#527 Warning
Large setup violation  
There is a large setup violation of -3.474 ns between Core_cpu/U_ifetch/pc_module/pc_reg[15]/C (clocked by clk_out1_cpuclk) and Mem_DRAM/U0/synth_options.dist_mem_inst/gen_sp_ram.spram_inst/ram_reg_10496_10751_27_27/RAMS64E_A/I (clocked by clk_out1_cpuclk). Large setup violations at the end of those stages might be difficult to fix during the post-placement implementation flow and could be the result of non-optimal XDC constraints or non-optimal design architecture
Related violations: <none>

TIMING-16#528 Warning
Large setup violation  
There is a large setup violation of -3.478 ns between Core_cpu/U_ifetch/pc_module/pc_reg[15]/C (clocked by clk_out1_cpuclk) and Mem_DRAM/U0/synth_options.dist_mem_inst/gen_sp_ram.spram_inst/ram_reg_10752_11007_27_27/RAMS64E_A/I (clocked by clk_out1_cpuclk). Large setup violations at the end of those stages might be difficult to fix during the post-placement implementation flow and could be the result of non-optimal XDC constraints or non-optimal design architecture
Related violations: <none>

TIMING-16#529 Warning
Large setup violation  
There is a large setup violation of -3.478 ns between Core_cpu/U_ifetch/pc_module/pc_reg[15]/C (clocked by clk_out1_cpuclk) and Mem_DRAM/U0/synth_options.dist_mem_inst/gen_sp_ram.spram_inst/ram_reg_11264_11519_27_27/RAMS64E_B/I (clocked by clk_out1_cpuclk). Large setup violations at the end of those stages might be difficult to fix during the post-placement implementation flow and could be the result of non-optimal XDC constraints or non-optimal design architecture
Related violations: <none>

TIMING-16#530 Warning
Large setup violation  
There is a large setup violation of -3.479 ns between Core_cpu/U_ifetch/pc_module/pc_reg[15]/C (clocked by clk_out1_cpuclk) and Mem_DRAM/U0/synth_options.dist_mem_inst/gen_sp_ram.spram_inst/ram_reg_11264_11519_27_27/RAMS64E_C/I (clocked by clk_out1_cpuclk). Large setup violations at the end of those stages might be difficult to fix during the post-placement implementation flow and could be the result of non-optimal XDC constraints or non-optimal design architecture
Related violations: <none>

TIMING-16#531 Warning
Large setup violation  
There is a large setup violation of -3.484 ns between Core_cpu/U_ifetch/pc_module/pc_reg[15]/C (clocked by clk_out1_cpuclk) and Mem_DRAM/U0/synth_options.dist_mem_inst/gen_sp_ram.spram_inst/ram_reg_11776_12031_0_0/RAMS64E_B/I (clocked by clk_out1_cpuclk). Large setup violations at the end of those stages might be difficult to fix during the post-placement implementation flow and could be the result of non-optimal XDC constraints or non-optimal design architecture
Related violations: <none>

TIMING-16#532 Warning
Large setup violation  
There is a large setup violation of -3.485 ns between Core_cpu/U_ifetch/pc_module/pc_reg[15]/C (clocked by clk_out1_cpuclk) and Mem_DRAM/U0/synth_options.dist_mem_inst/gen_sp_ram.spram_inst/ram_reg_11776_12031_0_0/RAMS64E_C/I (clocked by clk_out1_cpuclk). Large setup violations at the end of those stages might be difficult to fix during the post-placement implementation flow and could be the result of non-optimal XDC constraints or non-optimal design architecture
Related violations: <none>

TIMING-16#533 Warning
Large setup violation  
There is a large setup violation of -3.486 ns between Core_cpu/U_ifetch/pc_module/pc_reg[15]/C (clocked by clk_out1_cpuclk) and Mem_DRAM/U0/synth_options.dist_mem_inst/gen_sp_ram.spram_inst/ram_reg_11520_11775_19_19/RAMS64E_A/I (clocked by clk_out1_cpuclk). Large setup violations at the end of those stages might be difficult to fix during the post-placement implementation flow and could be the result of non-optimal XDC constraints or non-optimal design architecture
Related violations: <none>

TIMING-16#534 Warning
Large setup violation  
There is a large setup violation of -3.493 ns between Core_cpu/U_ifetch/pc_module/pc_reg[15]/C (clocked by clk_out1_cpuclk) and Core_cpu/U_idecode/rf_module/regts_reg_r2_0_31_6_11/RAMC_D1/I (clocked by clk_out1_cpuclk). Large setup violations at the end of those stages might be difficult to fix during the post-placement implementation flow and could be the result of non-optimal XDC constraints or non-optimal design architecture
Related violations: <none>

TIMING-16#535 Warning
Large setup violation  
There is a large setup violation of -3.494 ns between Core_cpu/U_ifetch/pc_module/pc_reg[15]/C (clocked by clk_out1_cpuclk) and Core_cpu/U_idecode/rf_module/regts_reg_r1_0_31_30_31/RAMA/I (clocked by clk_out1_cpuclk). Large setup violations at the end of those stages might be difficult to fix during the post-placement implementation flow and could be the result of non-optimal XDC constraints or non-optimal design architecture
Related violations: <none>

TIMING-16#536 Warning
Large setup violation  
There is a large setup violation of -3.497 ns between Core_cpu/U_ifetch/pc_module/pc_reg[15]/C (clocked by clk_out1_cpuclk) and Mem_DRAM/U0/synth_options.dist_mem_inst/gen_sp_ram.spram_inst/ram_reg_11776_12031_24_24/RAMS64E_A/I (clocked by clk_out1_cpuclk). Large setup violations at the end of those stages might be difficult to fix during the post-placement implementation flow and could be the result of non-optimal XDC constraints or non-optimal design architecture
Related violations: <none>

TIMING-16#537 Warning
Large setup violation  
There is a large setup violation of -3.504 ns between Core_cpu/U_ifetch/pc_module/pc_reg[15]/C (clocked by clk_out1_cpuclk) and Core_cpu/U_idecode/rf_module/regts_reg_r2_0_31_6_11/RAMB/I (clocked by clk_out1_cpuclk). Large setup violations at the end of those stages might be difficult to fix during the post-placement implementation flow and could be the result of non-optimal XDC constraints or non-optimal design architecture
Related violations: <none>

TIMING-16#538 Warning
Large setup violation  
There is a large setup violation of -3.506 ns between Core_cpu/U_ifetch/pc_module/pc_reg[15]/C (clocked by clk_out1_cpuclk) and Core_cpu/U_idecode/rf_module/regts_reg_r1_0_31_18_23/RAMB_D1/I (clocked by clk_out1_cpuclk). Large setup violations at the end of those stages might be difficult to fix during the post-placement implementation flow and could be the result of non-optimal XDC constraints or non-optimal design architecture
Related violations: <none>

TIMING-16#539 Warning
Large setup violation  
There is a large setup violation of -3.509 ns between Core_cpu/U_ifetch/pc_module/pc_reg[15]/C (clocked by clk_out1_cpuclk) and Core_cpu/U_idecode/rf_module/regts_reg_r2_0_31_24_29/RAMC/I (clocked by clk_out1_cpuclk). Large setup violations at the end of those stages might be difficult to fix during the post-placement implementation flow and could be the result of non-optimal XDC constraints or non-optimal design architecture
Related violations: <none>

TIMING-16#540 Warning
Large setup violation  
There is a large setup violation of -3.514 ns between Core_cpu/U_ifetch/pc_module/pc_reg[15]/C (clocked by clk_out1_cpuclk) and Mem_DRAM/U0/synth_options.dist_mem_inst/gen_sp_ram.spram_inst/ram_reg_11776_12031_29_29/RAMS64E_A/I (clocked by clk_out1_cpuclk). Large setup violations at the end of those stages might be difficult to fix during the post-placement implementation flow and could be the result of non-optimal XDC constraints or non-optimal design architecture
Related violations: <none>

TIMING-16#541 Warning
Large setup violation  
There is a large setup violation of -3.517 ns between Core_cpu/U_ifetch/pc_module/pc_reg[15]/C (clocked by clk_out1_cpuclk) and Mem_DRAM/U0/synth_options.dist_mem_inst/gen_sp_ram.spram_inst/ram_reg_10240_10495_15_15/RAMS64E_B/I (clocked by clk_out1_cpuclk). Large setup violations at the end of those stages might be difficult to fix during the post-placement implementation flow and could be the result of non-optimal XDC constraints or non-optimal design architecture
Related violations: <none>

TIMING-16#542 Warning
Large setup violation  
There is a large setup violation of -3.518 ns between Core_cpu/U_ifetch/pc_module/pc_reg[15]/C (clocked by clk_out1_cpuclk) and Mem_DRAM/U0/synth_options.dist_mem_inst/gen_sp_ram.spram_inst/ram_reg_10240_10495_15_15/RAMS64E_C/I (clocked by clk_out1_cpuclk). Large setup violations at the end of those stages might be difficult to fix during the post-placement implementation flow and could be the result of non-optimal XDC constraints or non-optimal design architecture
Related violations: <none>

TIMING-16#543 Warning
Large setup violation  
There is a large setup violation of -3.519 ns between Core_cpu/U_ifetch/pc_module/pc_reg[15]/C (clocked by clk_out1_cpuclk) and Core_cpu/U_idecode/rf_module/regts_reg_r2_0_31_12_17/RAMB/I (clocked by clk_out1_cpuclk). Large setup violations at the end of those stages might be difficult to fix during the post-placement implementation flow and could be the result of non-optimal XDC constraints or non-optimal design architecture
Related violations: <none>

TIMING-16#544 Warning
Large setup violation  
There is a large setup violation of -3.522 ns between Core_cpu/U_ifetch/pc_module/pc_reg[15]/C (clocked by clk_out1_cpuclk) and Mem_DRAM/U0/synth_options.dist_mem_inst/gen_sp_ram.spram_inst/ram_reg_11264_11519_24_24/RAMS64E_B/I (clocked by clk_out1_cpuclk). Large setup violations at the end of those stages might be difficult to fix during the post-placement implementation flow and could be the result of non-optimal XDC constraints or non-optimal design architecture
Related violations: <none>

TIMING-16#545 Warning
Large setup violation  
There is a large setup violation of -3.523 ns between Core_cpu/U_ifetch/pc_module/pc_reg[15]/C (clocked by clk_out1_cpuclk) and Mem_DRAM/U0/synth_options.dist_mem_inst/gen_sp_ram.spram_inst/ram_reg_10752_11007_22_22/RAMS64E_D/I (clocked by clk_out1_cpuclk). Large setup violations at the end of those stages might be difficult to fix during the post-placement implementation flow and could be the result of non-optimal XDC constraints or non-optimal design architecture
Related violations: <none>

TIMING-16#546 Warning
Large setup violation  
There is a large setup violation of -3.523 ns between Core_cpu/U_ifetch/pc_module/pc_reg[15]/C (clocked by clk_out1_cpuclk) and Mem_DRAM/U0/synth_options.dist_mem_inst/gen_sp_ram.spram_inst/ram_reg_11264_11519_24_24/RAMS64E_C/I (clocked by clk_out1_cpuclk). Large setup violations at the end of those stages might be difficult to fix during the post-placement implementation flow and could be the result of non-optimal XDC constraints or non-optimal design architecture
Related violations: <none>

TIMING-16#547 Warning
Large setup violation  
There is a large setup violation of -3.524 ns between Core_cpu/U_ifetch/pc_module/pc_reg[15]/C (clocked by clk_out1_cpuclk) and Core_cpu/U_idecode/rf_module/regts_reg_r1_0_31_18_23/RAMC_D1/I (clocked by clk_out1_cpuclk). Large setup violations at the end of those stages might be difficult to fix during the post-placement implementation flow and could be the result of non-optimal XDC constraints or non-optimal design architecture
Related violations: <none>

TIMING-16#548 Warning
Large setup violation  
There is a large setup violation of -3.524 ns between Core_cpu/U_ifetch/pc_module/pc_reg[15]/C (clocked by clk_out1_cpuclk) and Mem_DRAM/U0/synth_options.dist_mem_inst/gen_sp_ram.spram_inst/ram_reg_10752_11007_15_15/RAMS64E_A/I (clocked by clk_out1_cpuclk). Large setup violations at the end of those stages might be difficult to fix during the post-placement implementation flow and could be the result of non-optimal XDC constraints or non-optimal design architecture
Related violations: <none>

TIMING-16#549 Warning
Large setup violation  
There is a large setup violation of -3.525 ns between Core_cpu/U_ifetch/pc_module/pc_reg[15]/C (clocked by clk_out1_cpuclk) and Core_cpu/U_idecode/rf_module/regts_reg_r1_0_31_6_11/RAMB/I (clocked by clk_out1_cpuclk). Large setup violations at the end of those stages might be difficult to fix during the post-placement implementation flow and could be the result of non-optimal XDC constraints or non-optimal design architecture
Related violations: <none>

TIMING-16#550 Warning
Large setup violation  
There is a large setup violation of -3.529 ns between Core_cpu/U_ifetch/pc_module/pc_reg[15]/C (clocked by clk_out1_cpuclk) and Mem_DRAM/U0/synth_options.dist_mem_inst/gen_sp_ram.spram_inst/ram_reg_10240_10495_27_27/RAMS64E_B/I (clocked by clk_out1_cpuclk). Large setup violations at the end of those stages might be difficult to fix during the post-placement implementation flow and could be the result of non-optimal XDC constraints or non-optimal design architecture
Related violations: <none>

TIMING-16#551 Warning
Large setup violation  
There is a large setup violation of -3.529 ns between Core_cpu/U_ifetch/pc_module/pc_reg[15]/C (clocked by clk_out1_cpuclk) and Mem_DRAM/U0/synth_options.dist_mem_inst/gen_sp_ram.spram_inst/ram_reg_10496_10751_29_29/RAMS64E_A/I (clocked by clk_out1_cpuclk). Large setup violations at the end of those stages might be difficult to fix during the post-placement implementation flow and could be the result of non-optimal XDC constraints or non-optimal design architecture
Related violations: <none>

TIMING-16#552 Warning
Large setup violation  
There is a large setup violation of -3.530 ns between Core_cpu/U_ifetch/pc_module/pc_reg[15]/C (clocked by clk_out1_cpuclk) and Mem_DRAM/U0/synth_options.dist_mem_inst/gen_sp_ram.spram_inst/ram_reg_10240_10495_27_27/RAMS64E_C/I (clocked by clk_out1_cpuclk). Large setup violations at the end of those stages might be difficult to fix during the post-placement implementation flow and could be the result of non-optimal XDC constraints or non-optimal design architecture
Related violations: <none>

TIMING-16#553 Warning
Large setup violation  
There is a large setup violation of -3.534 ns between Core_cpu/U_ifetch/pc_module/pc_reg[15]/C (clocked by clk_out1_cpuclk) and Mem_DRAM/U0/synth_options.dist_mem_inst/gen_sp_ram.spram_inst/ram_reg_11008_11263_27_27/RAMS64E_D/I (clocked by clk_out1_cpuclk). Large setup violations at the end of those stages might be difficult to fix during the post-placement implementation flow and could be the result of non-optimal XDC constraints or non-optimal design architecture
Related violations: <none>

TIMING-16#554 Warning
Large setup violation  
There is a large setup violation of -3.547 ns between Core_cpu/U_ifetch/pc_module/pc_reg[15]/C (clocked by clk_out1_cpuclk) and Core_cpu/U_idecode/rf_module/regts_reg_r2_0_31_18_23/RAMA_D1/I (clocked by clk_out1_cpuclk). Large setup violations at the end of those stages might be difficult to fix during the post-placement implementation flow and could be the result of non-optimal XDC constraints or non-optimal design architecture
Related violations: <none>

TIMING-16#555 Warning
Large setup violation  
There is a large setup violation of -3.553 ns between Core_cpu/U_ifetch/pc_module/pc_reg[15]/C (clocked by clk_out1_cpuclk) and Core_cpu/U_idecode/rf_module/regts_reg_r1_0_31_12_17/RAMA_D1/I (clocked by clk_out1_cpuclk). Large setup violations at the end of those stages might be difficult to fix during the post-placement implementation flow and could be the result of non-optimal XDC constraints or non-optimal design architecture
Related violations: <none>

TIMING-16#556 Warning
Large setup violation  
There is a large setup violation of -3.555 ns between Core_cpu/U_ifetch/pc_module/pc_reg[15]/C (clocked by clk_out1_cpuclk) and Mem_DRAM/U0/synth_options.dist_mem_inst/gen_sp_ram.spram_inst/ram_reg_10240_10495_7_7/RAMS64E_D/I (clocked by clk_out1_cpuclk). Large setup violations at the end of those stages might be difficult to fix during the post-placement implementation flow and could be the result of non-optimal XDC constraints or non-optimal design architecture
Related violations: <none>

TIMING-16#557 Warning
Large setup violation  
There is a large setup violation of -3.556 ns between Core_cpu/U_ifetch/pc_module/pc_reg[15]/C (clocked by clk_out1_cpuclk) and Mem_DRAM/U0/synth_options.dist_mem_inst/gen_sp_ram.spram_inst/ram_reg_1024_1279_15_15/RAMS64E_D/I (clocked by clk_out1_cpuclk). Large setup violations at the end of those stages might be difficult to fix during the post-placement implementation flow and could be the result of non-optimal XDC constraints or non-optimal design architecture
Related violations: <none>

TIMING-16#558 Warning
Large setup violation  
There is a large setup violation of -3.562 ns between Core_cpu/U_ifetch/pc_module/pc_reg[15]/C (clocked by clk_out1_cpuclk) and Mem_DRAM/U0/synth_options.dist_mem_inst/gen_sp_ram.spram_inst/ram_reg_11520_11775_8_8/RAMS64E_A/I (clocked by clk_out1_cpuclk). Large setup violations at the end of those stages might be difficult to fix during the post-placement implementation flow and could be the result of non-optimal XDC constraints or non-optimal design architecture
Related violations: <none>

TIMING-16#559 Warning
Large setup violation  
There is a large setup violation of -3.569 ns between Core_cpu/U_ifetch/pc_module/pc_reg[15]/C (clocked by clk_out1_cpuclk) and Mem_DRAM/U0/synth_options.dist_mem_inst/gen_sp_ram.spram_inst/ram_reg_10496_10751_24_24/RAMS64E_D/I (clocked by clk_out1_cpuclk). Large setup violations at the end of those stages might be difficult to fix during the post-placement implementation flow and could be the result of non-optimal XDC constraints or non-optimal design architecture
Related violations: <none>

TIMING-16#560 Warning
Large setup violation  
There is a large setup violation of -3.570 ns between Core_cpu/U_ifetch/pc_module/pc_reg[15]/C (clocked by clk_out1_cpuclk) and Mem_DRAM/U0/synth_options.dist_mem_inst/gen_sp_ram.spram_inst/ram_reg_11008_11263_15_15/RAMS64E_D/I (clocked by clk_out1_cpuclk). Large setup violations at the end of those stages might be difficult to fix during the post-placement implementation flow and could be the result of non-optimal XDC constraints or non-optimal design architecture
Related violations: <none>

TIMING-16#561 Warning
Large setup violation  
There is a large setup violation of -3.570 ns between Core_cpu/U_ifetch/pc_module/pc_reg[15]/C (clocked by clk_out1_cpuclk) and Mem_DRAM/U0/synth_options.dist_mem_inst/gen_sp_ram.spram_inst/ram_reg_11264_11519_15_15/RAMS64E_B/I (clocked by clk_out1_cpuclk). Large setup violations at the end of those stages might be difficult to fix during the post-placement implementation flow and could be the result of non-optimal XDC constraints or non-optimal design architecture
Related violations: <none>

TIMING-16#562 Warning
Large setup violation  
There is a large setup violation of -3.571 ns between Core_cpu/U_ifetch/pc_module/pc_reg[15]/C (clocked by clk_out1_cpuclk) and Mem_DRAM/U0/synth_options.dist_mem_inst/gen_sp_ram.spram_inst/ram_reg_11264_11519_15_15/RAMS64E_C/I (clocked by clk_out1_cpuclk). Large setup violations at the end of those stages might be difficult to fix during the post-placement implementation flow and could be the result of non-optimal XDC constraints or non-optimal design architecture
Related violations: <none>

TIMING-16#563 Warning
Large setup violation  
There is a large setup violation of -3.584 ns between Core_cpu/U_ifetch/pc_module/pc_reg[15]/C (clocked by clk_out1_cpuclk) and Mem_DRAM/U0/synth_options.dist_mem_inst/gen_sp_ram.spram_inst/ram_reg_11520_11775_18_18/RAMS64E_D/I (clocked by clk_out1_cpuclk). Large setup violations at the end of those stages might be difficult to fix during the post-placement implementation flow and could be the result of non-optimal XDC constraints or non-optimal design architecture
Related violations: <none>

TIMING-16#564 Warning
Large setup violation  
There is a large setup violation of -3.594 ns between Core_cpu/U_ifetch/pc_module/pc_reg[15]/C (clocked by clk_out1_cpuclk) and Mem_DRAM/U0/synth_options.dist_mem_inst/gen_sp_ram.spram_inst/ram_reg_10240_10495_3_3/RAMS64E_A/I (clocked by clk_out1_cpuclk). Large setup violations at the end of those stages might be difficult to fix during the post-placement implementation flow and could be the result of non-optimal XDC constraints or non-optimal design architecture
Related violations: <none>

TIMING-16#565 Warning
Large setup violation  
There is a large setup violation of -3.599 ns between Core_cpu/U_ifetch/pc_module/pc_reg[15]/C (clocked by clk_out1_cpuclk) and Mem_DRAM/U0/synth_options.dist_mem_inst/gen_sp_ram.spram_inst/ram_reg_11520_11775_27_27/RAMS64E_D/I (clocked by clk_out1_cpuclk). Large setup violations at the end of those stages might be difficult to fix during the post-placement implementation flow and could be the result of non-optimal XDC constraints or non-optimal design architecture
Related violations: <none>

TIMING-16#566 Warning
Large setup violation  
There is a large setup violation of -3.606 ns between Core_cpu/U_ifetch/pc_module/pc_reg[15]/C (clocked by clk_out1_cpuclk) and Core_cpu/U_idecode/rf_module/regts_reg_r1_0_31_18_23/RAMC/I (clocked by clk_out1_cpuclk). Large setup violations at the end of those stages might be difficult to fix during the post-placement implementation flow and could be the result of non-optimal XDC constraints or non-optimal design architecture
Related violations: <none>

TIMING-16#567 Warning
Large setup violation  
There is a large setup violation of -3.612 ns between Core_cpu/U_ifetch/pc_module/pc_reg[15]/C (clocked by clk_out1_cpuclk) and Mem_DRAM/U0/synth_options.dist_mem_inst/gen_sp_ram.spram_inst/ram_reg_11520_11775_7_7/RAMS64E_B/I (clocked by clk_out1_cpuclk). Large setup violations at the end of those stages might be difficult to fix during the post-placement implementation flow and could be the result of non-optimal XDC constraints or non-optimal design architecture
Related violations: <none>

TIMING-16#568 Warning
Large setup violation  
There is a large setup violation of -3.613 ns between Core_cpu/U_ifetch/pc_module/pc_reg[15]/C (clocked by clk_out1_cpuclk) and Mem_DRAM/U0/synth_options.dist_mem_inst/gen_sp_ram.spram_inst/ram_reg_11520_11775_7_7/RAMS64E_C/I (clocked by clk_out1_cpuclk). Large setup violations at the end of those stages might be difficult to fix during the post-placement implementation flow and could be the result of non-optimal XDC constraints or non-optimal design architecture
Related violations: <none>

TIMING-16#569 Warning
Large setup violation  
There is a large setup violation of -3.617 ns between Core_cpu/U_ifetch/pc_module/pc_reg[15]/C (clocked by clk_out1_cpuclk) and Mem_DRAM/U0/synth_options.dist_mem_inst/gen_sp_ram.spram_inst/ram_reg_11520_11775_15_15/RAMS64E_D/I (clocked by clk_out1_cpuclk). Large setup violations at the end of those stages might be difficult to fix during the post-placement implementation flow and could be the result of non-optimal XDC constraints or non-optimal design architecture
Related violations: <none>

TIMING-16#570 Warning
Large setup violation  
There is a large setup violation of -3.619 ns between Core_cpu/U_ifetch/pc_module/pc_reg[15]/C (clocked by clk_out1_cpuclk) and Core_cpu/U_idecode/rf_module/regts_reg_r2_0_31_24_29/RAMB/I (clocked by clk_out1_cpuclk). Large setup violations at the end of those stages might be difficult to fix during the post-placement implementation flow and could be the result of non-optimal XDC constraints or non-optimal design architecture
Related violations: <none>

TIMING-16#571 Warning
Large setup violation  
There is a large setup violation of -3.628 ns between Core_cpu/U_ifetch/pc_module/pc_reg[15]/C (clocked by clk_out1_cpuclk) and Mem_DRAM/U0/synth_options.dist_mem_inst/gen_sp_ram.spram_inst/ram_reg_11008_11263_18_18/RAMS64E_D/I (clocked by clk_out1_cpuclk). Large setup violations at the end of those stages might be difficult to fix during the post-placement implementation flow and could be the result of non-optimal XDC constraints or non-optimal design architecture
Related violations: <none>

TIMING-16#572 Warning
Large setup violation  
There is a large setup violation of -3.632 ns between Core_cpu/U_ifetch/pc_module/pc_reg[15]/C (clocked by clk_out1_cpuclk) and Mem_DRAM/U0/synth_options.dist_mem_inst/gen_sp_ram.spram_inst/ram_reg_11264_11519_19_19/RAMS64E_B/I (clocked by clk_out1_cpuclk). Large setup violations at the end of those stages might be difficult to fix during the post-placement implementation flow and could be the result of non-optimal XDC constraints or non-optimal design architecture
Related violations: <none>

TIMING-16#573 Warning
Large setup violation  
There is a large setup violation of -3.633 ns between Core_cpu/U_ifetch/pc_module/pc_reg[15]/C (clocked by clk_out1_cpuclk) and Mem_DRAM/U0/synth_options.dist_mem_inst/gen_sp_ram.spram_inst/ram_reg_11264_11519_19_19/RAMS64E_C/I (clocked by clk_out1_cpuclk). Large setup violations at the end of those stages might be difficult to fix during the post-placement implementation flow and could be the result of non-optimal XDC constraints or non-optimal design architecture
Related violations: <none>

TIMING-16#574 Warning
Large setup violation  
There is a large setup violation of -3.636 ns between Core_cpu/U_ifetch/pc_module/pc_reg[15]/C (clocked by clk_out1_cpuclk) and Core_cpu/U_idecode/rf_module/regts_reg_r1_0_31_24_29/RAMA/I (clocked by clk_out1_cpuclk). Large setup violations at the end of those stages might be difficult to fix during the post-placement implementation flow and could be the result of non-optimal XDC constraints or non-optimal design architecture
Related violations: <none>

TIMING-16#575 Warning
Large setup violation  
There is a large setup violation of -3.640 ns between Core_cpu/U_ifetch/pc_module/pc_reg[15]/C (clocked by clk_out1_cpuclk) and Mem_DRAM/U0/synth_options.dist_mem_inst/gen_sp_ram.spram_inst/ram_reg_11776_12031_25_25/RAMS64E_D/I (clocked by clk_out1_cpuclk). Large setup violations at the end of those stages might be difficult to fix during the post-placement implementation flow and could be the result of non-optimal XDC constraints or non-optimal design architecture
Related violations: <none>

TIMING-16#576 Warning
Large setup violation  
There is a large setup violation of -3.641 ns between Core_cpu/U_ifetch/pc_module/pc_reg[15]/C (clocked by clk_out1_cpuclk) and Core_cpu/U_idecode/rf_module/regts_reg_r1_0_31_6_11/RAMC_D1/I (clocked by clk_out1_cpuclk). Large setup violations at the end of those stages might be difficult to fix during the post-placement implementation flow and could be the result of non-optimal XDC constraints or non-optimal design architecture
Related violations: <none>

TIMING-16#577 Warning
Large setup violation  
There is a large setup violation of -3.648 ns between Core_cpu/U_ifetch/pc_module/pc_reg[15]/C (clocked by clk_out1_cpuclk) and Mem_DRAM/U0/synth_options.dist_mem_inst/gen_sp_ram.spram_inst/ram_reg_11520_11775_24_24/RAMS64E_B/I (clocked by clk_out1_cpuclk). Large setup violations at the end of those stages might be difficult to fix during the post-placement implementation flow and could be the result of non-optimal XDC constraints or non-optimal design architecture
Related violations: <none>

TIMING-16#578 Warning
Large setup violation  
There is a large setup violation of -3.649 ns between Core_cpu/U_ifetch/pc_module/pc_reg[15]/C (clocked by clk_out1_cpuclk) and Mem_DRAM/U0/synth_options.dist_mem_inst/gen_sp_ram.spram_inst/ram_reg_11520_11775_24_24/RAMS64E_C/I (clocked by clk_out1_cpuclk). Large setup violations at the end of those stages might be difficult to fix during the post-placement implementation flow and could be the result of non-optimal XDC constraints or non-optimal design architecture
Related violations: <none>

TIMING-16#579 Warning
Large setup violation  
There is a large setup violation of -3.651 ns between Core_cpu/U_ifetch/pc_module/pc_reg[15]/C (clocked by clk_out1_cpuclk) and Core_cpu/U_idecode/rf_module/regts_reg_r1_0_31_0_5/RAMA_D1/I (clocked by clk_out1_cpuclk). Large setup violations at the end of those stages might be difficult to fix during the post-placement implementation flow and could be the result of non-optimal XDC constraints or non-optimal design architecture
Related violations: <none>

TIMING-16#580 Warning
Large setup violation  
There is a large setup violation of -3.652 ns between Core_cpu/U_ifetch/pc_module/pc_reg[15]/C (clocked by clk_out1_cpuclk) and Core_cpu/U_idecode/rf_module/regts_reg_r1_0_31_24_29/RAMC/I (clocked by clk_out1_cpuclk). Large setup violations at the end of those stages might be difficult to fix during the post-placement implementation flow and could be the result of non-optimal XDC constraints or non-optimal design architecture
Related violations: <none>

TIMING-16#581 Warning
Large setup violation  
There is a large setup violation of -3.659 ns between Core_cpu/U_ifetch/pc_module/pc_reg[15]/C (clocked by clk_out1_cpuclk) and Mem_DRAM/U0/synth_options.dist_mem_inst/gen_sp_ram.spram_inst/ram_reg_10752_11007_8_8/RAMS64E_D/I (clocked by clk_out1_cpuclk). Large setup violations at the end of those stages might be difficult to fix during the post-placement implementation flow and could be the result of non-optimal XDC constraints or non-optimal design architecture
Related violations: <none>

TIMING-16#582 Warning
Large setup violation  
There is a large setup violation of -3.672 ns between Core_cpu/U_ifetch/pc_module/pc_reg[15]/C (clocked by clk_out1_cpuclk) and Mem_DRAM/U0/synth_options.dist_mem_inst/gen_sp_ram.spram_inst/ram_reg_10240_10495_24_24/RAMS64E_B/I (clocked by clk_out1_cpuclk). Large setup violations at the end of those stages might be difficult to fix during the post-placement implementation flow and could be the result of non-optimal XDC constraints or non-optimal design architecture
Related violations: <none>

TIMING-16#583 Warning
Large setup violation  
There is a large setup violation of -3.672 ns between Core_cpu/U_ifetch/pc_module/pc_reg[15]/C (clocked by clk_out1_cpuclk) and Mem_DRAM/U0/synth_options.dist_mem_inst/gen_sp_ram.spram_inst/ram_reg_10752_11007_29_29/RAMS64E_D/I (clocked by clk_out1_cpuclk). Large setup violations at the end of those stages might be difficult to fix during the post-placement implementation flow and could be the result of non-optimal XDC constraints or non-optimal design architecture
Related violations: <none>

TIMING-16#584 Warning
Large setup violation  
There is a large setup violation of -3.673 ns between Core_cpu/U_ifetch/pc_module/pc_reg[15]/C (clocked by clk_out1_cpuclk) and Core_cpu/U_idecode/rf_module/regts_reg_r1_0_31_30_31/RAMA_D1/I (clocked by clk_out1_cpuclk). Large setup violations at the end of those stages might be difficult to fix during the post-placement implementation flow and could be the result of non-optimal XDC constraints or non-optimal design architecture
Related violations: <none>

TIMING-16#585 Warning
Large setup violation  
There is a large setup violation of -3.673 ns between Core_cpu/U_ifetch/pc_module/pc_reg[15]/C (clocked by clk_out1_cpuclk) and Mem_DRAM/U0/synth_options.dist_mem_inst/gen_sp_ram.spram_inst/ram_reg_10240_10495_24_24/RAMS64E_C/I (clocked by clk_out1_cpuclk). Large setup violations at the end of those stages might be difficult to fix during the post-placement implementation flow and could be the result of non-optimal XDC constraints or non-optimal design architecture
Related violations: <none>

TIMING-16#586 Warning
Large setup violation  
There is a large setup violation of -3.695 ns between Core_cpu/U_ifetch/pc_module/pc_reg[15]/C (clocked by clk_out1_cpuclk) and Mem_DRAM/U0/synth_options.dist_mem_inst/gen_sp_ram.spram_inst/ram_reg_11008_11263_13_13/RAMS64E_B/I (clocked by clk_out1_cpuclk). Large setup violations at the end of those stages might be difficult to fix during the post-placement implementation flow and could be the result of non-optimal XDC constraints or non-optimal design architecture
Related violations: <none>

TIMING-16#587 Warning
Large setup violation  
There is a large setup violation of -3.696 ns between Core_cpu/U_ifetch/pc_module/pc_reg[15]/C (clocked by clk_out1_cpuclk) and Mem_DRAM/U0/synth_options.dist_mem_inst/gen_sp_ram.spram_inst/ram_reg_0_255_15_15/RAMS64E_D/I (clocked by clk_out1_cpuclk). Large setup violations at the end of those stages might be difficult to fix during the post-placement implementation flow and could be the result of non-optimal XDC constraints or non-optimal design architecture
Related violations: <none>

TIMING-16#588 Warning
Large setup violation  
There is a large setup violation of -3.696 ns between Core_cpu/U_ifetch/pc_module/pc_reg[15]/C (clocked by clk_out1_cpuclk) and Mem_DRAM/U0/synth_options.dist_mem_inst/gen_sp_ram.spram_inst/ram_reg_11008_11263_13_13/RAMS64E_C/I (clocked by clk_out1_cpuclk). Large setup violations at the end of those stages might be difficult to fix during the post-placement implementation flow and could be the result of non-optimal XDC constraints or non-optimal design architecture
Related violations: <none>

TIMING-16#589 Warning
Large setup violation  
There is a large setup violation of -3.697 ns between Core_cpu/U_ifetch/pc_module/pc_reg[15]/C (clocked by clk_out1_cpuclk) and Mem_DRAM/U0/synth_options.dist_mem_inst/gen_sp_ram.spram_inst/ram_reg_12032_12287_15_15/RAMS64E_A/I (clocked by clk_out1_cpuclk). Large setup violations at the end of those stages might be difficult to fix during the post-placement implementation flow and could be the result of non-optimal XDC constraints or non-optimal design architecture
Related violations: <none>

TIMING-16#590 Warning
Large setup violation  
There is a large setup violation of -3.704 ns between Core_cpu/U_ifetch/pc_module/pc_reg[15]/C (clocked by clk_out1_cpuclk) and Mem_DRAM/U0/synth_options.dist_mem_inst/gen_sp_ram.spram_inst/ram_reg_11008_11263_8_8/RAMS64E_A/I (clocked by clk_out1_cpuclk). Large setup violations at the end of those stages might be difficult to fix during the post-placement implementation flow and could be the result of non-optimal XDC constraints or non-optimal design architecture
Related violations: <none>

TIMING-16#591 Warning
Large setup violation  
There is a large setup violation of -3.705 ns between Core_cpu/U_ifetch/pc_module/pc_reg[15]/C (clocked by clk_out1_cpuclk) and Mem_DRAM/U0/synth_options.dist_mem_inst/gen_sp_ram.spram_inst/ram_reg_11776_12031_7_7/RAMS64E_D/I (clocked by clk_out1_cpuclk). Large setup violations at the end of those stages might be difficult to fix during the post-placement implementation flow and could be the result of non-optimal XDC constraints or non-optimal design architecture
Related violations: <none>

TIMING-16#592 Warning
Large setup violation  
There is a large setup violation of -3.706 ns between Core_cpu/U_ifetch/pc_module/pc_reg[15]/C (clocked by clk_out1_cpuclk) and Mem_DRAM/U0/synth_options.dist_mem_inst/gen_sp_ram.spram_inst/ram_reg_11264_11519_18_18/RAMS64E_D/I (clocked by clk_out1_cpuclk). Large setup violations at the end of those stages might be difficult to fix during the post-placement implementation flow and could be the result of non-optimal XDC constraints or non-optimal design architecture
Related violations: <none>

TIMING-16#593 Warning
Large setup violation  
There is a large setup violation of -3.707 ns between Core_cpu/U_ifetch/pc_module/pc_reg[15]/C (clocked by clk_out1_cpuclk) and Mem_DRAM/U0/synth_options.dist_mem_inst/gen_sp_ram.spram_inst/ram_reg_10752_11007_24_24/RAMS64E_D/I (clocked by clk_out1_cpuclk). Large setup violations at the end of those stages might be difficult to fix during the post-placement implementation flow and could be the result of non-optimal XDC constraints or non-optimal design architecture
Related violations: <none>

TIMING-16#594 Warning
Large setup violation  
There is a large setup violation of -3.708 ns between Core_cpu/U_ifetch/pc_module/pc_reg[15]/C (clocked by clk_out1_cpuclk) and Mem_DRAM/U0/synth_options.dist_mem_inst/gen_sp_ram.spram_inst/ram_reg_11520_11775_22_22/RAMS64E_D/I (clocked by clk_out1_cpuclk). Large setup violations at the end of those stages might be difficult to fix during the post-placement implementation flow and could be the result of non-optimal XDC constraints or non-optimal design architecture
Related violations: <none>

TIMING-16#595 Warning
Large setup violation  
There is a large setup violation of -3.720 ns between Core_cpu/U_ifetch/pc_module/pc_reg[15]/C (clocked by clk_out1_cpuclk) and Core_cpu/U_idecode/rf_module/regts_reg_r2_0_31_18_23/RAMB/I (clocked by clk_out1_cpuclk). Large setup violations at the end of those stages might be difficult to fix during the post-placement implementation flow and could be the result of non-optimal XDC constraints or non-optimal design architecture
Related violations: <none>

TIMING-16#596 Warning
Large setup violation  
There is a large setup violation of -3.723 ns between Core_cpu/U_ifetch/pc_module/pc_reg[15]/C (clocked by clk_out1_cpuclk) and Mem_DRAM/U0/synth_options.dist_mem_inst/gen_sp_ram.spram_inst/ram_reg_11776_12031_15_15/RAMS64E_B/I (clocked by clk_out1_cpuclk). Large setup violations at the end of those stages might be difficult to fix during the post-placement implementation flow and could be the result of non-optimal XDC constraints or non-optimal design architecture
Related violations: <none>

TIMING-16#597 Warning
Large setup violation  
There is a large setup violation of -3.724 ns between Core_cpu/U_ifetch/pc_module/pc_reg[15]/C (clocked by clk_out1_cpuclk) and Mem_DRAM/U0/synth_options.dist_mem_inst/gen_sp_ram.spram_inst/ram_reg_10240_10495_18_18/RAMS64E_B/I (clocked by clk_out1_cpuclk). Large setup violations at the end of those stages might be difficult to fix during the post-placement implementation flow and could be the result of non-optimal XDC constraints or non-optimal design architecture
Related violations: <none>

TIMING-16#598 Warning
Large setup violation  
There is a large setup violation of -3.724 ns between Core_cpu/U_ifetch/pc_module/pc_reg[15]/C (clocked by clk_out1_cpuclk) and Mem_DRAM/U0/synth_options.dist_mem_inst/gen_sp_ram.spram_inst/ram_reg_11776_12031_15_15/RAMS64E_C/I (clocked by clk_out1_cpuclk). Large setup violations at the end of those stages might be difficult to fix during the post-placement implementation flow and could be the result of non-optimal XDC constraints or non-optimal design architecture
Related violations: <none>

TIMING-16#599 Warning
Large setup violation  
There is a large setup violation of -3.725 ns between Core_cpu/U_ifetch/pc_module/pc_reg[15]/C (clocked by clk_out1_cpuclk) and Mem_DRAM/U0/synth_options.dist_mem_inst/gen_sp_ram.spram_inst/ram_reg_10240_10495_18_18/RAMS64E_C/I (clocked by clk_out1_cpuclk). Large setup violations at the end of those stages might be difficult to fix during the post-placement implementation flow and could be the result of non-optimal XDC constraints or non-optimal design architecture
Related violations: <none>

TIMING-16#600 Warning
Large setup violation  
There is a large setup violation of -3.733 ns between Core_cpu/U_ifetch/pc_module/pc_reg[15]/C (clocked by clk_out1_cpuclk) and Core_cpu/U_idecode/rf_module/regts_reg_r2_0_31_12_17/RAMC/I (clocked by clk_out1_cpuclk). Large setup violations at the end of those stages might be difficult to fix during the post-placement implementation flow and could be the result of non-optimal XDC constraints or non-optimal design architecture
Related violations: <none>

TIMING-16#601 Warning
Large setup violation  
There is a large setup violation of -3.733 ns between Core_cpu/U_ifetch/pc_module/pc_reg[15]/C (clocked by clk_out1_cpuclk) and Mem_DRAM/U0/synth_options.dist_mem_inst/gen_sp_ram.spram_inst/ram_reg_0_255_6_6/RAMS64E_D/I (clocked by clk_out1_cpuclk). Large setup violations at the end of those stages might be difficult to fix during the post-placement implementation flow and could be the result of non-optimal XDC constraints or non-optimal design architecture
Related violations: <none>

TIMING-16#602 Warning
Large setup violation  
There is a large setup violation of -3.740 ns between Core_cpu/U_ifetch/pc_module/pc_reg[15]/C (clocked by clk_out1_cpuclk) and Mem_DRAM/U0/synth_options.dist_mem_inst/gen_sp_ram.spram_inst/ram_reg_10496_10751_18_18/RAMS64E_D/I (clocked by clk_out1_cpuclk). Large setup violations at the end of those stages might be difficult to fix during the post-placement implementation flow and could be the result of non-optimal XDC constraints or non-optimal design architecture
Related violations: <none>

TIMING-16#603 Warning
Large setup violation  
There is a large setup violation of -3.742 ns between Core_cpu/U_ifetch/pc_module/pc_reg[15]/C (clocked by clk_out1_cpuclk) and Core_cpu/U_idecode/rf_module/regts_reg_r2_0_31_12_17/RAMA/I (clocked by clk_out1_cpuclk). Large setup violations at the end of those stages might be difficult to fix during the post-placement implementation flow and could be the result of non-optimal XDC constraints or non-optimal design architecture
Related violations: <none>

TIMING-16#604 Warning
Large setup violation  
There is a large setup violation of -3.754 ns between Core_cpu/U_ifetch/pc_module/pc_reg[15]/C (clocked by clk_out1_cpuclk) and Core_cpu/U_idecode/rf_module/regts_reg_r1_0_31_12_17/RAMB/I (clocked by clk_out1_cpuclk). Large setup violations at the end of those stages might be difficult to fix during the post-placement implementation flow and could be the result of non-optimal XDC constraints or non-optimal design architecture
Related violations: <none>

TIMING-16#605 Warning
Large setup violation  
There is a large setup violation of -3.760 ns between Core_cpu/U_ifetch/pc_module/pc_reg[15]/C (clocked by clk_out1_cpuclk) and Core_cpu/U_idecode/rf_module/regts_reg_r2_0_31_30_31/RAMA_D1/I (clocked by clk_out1_cpuclk). Large setup violations at the end of those stages might be difficult to fix during the post-placement implementation flow and could be the result of non-optimal XDC constraints or non-optimal design architecture
Related violations: <none>

TIMING-16#606 Warning
Large setup violation  
There is a large setup violation of -3.765 ns between Core_cpu/U_ifetch/pc_module/pc_reg[15]/C (clocked by clk_out1_cpuclk) and Core_cpu/U_idecode/rf_module/regts_reg_r1_0_31_24_29/RAMB/I (clocked by clk_out1_cpuclk). Large setup violations at the end of those stages might be difficult to fix during the post-placement implementation flow and could be the result of non-optimal XDC constraints or non-optimal design architecture
Related violations: <none>

TIMING-16#607 Warning
Large setup violation  
There is a large setup violation of -3.766 ns between Core_cpu/U_ifetch/pc_module/pc_reg[15]/C (clocked by clk_out1_cpuclk) and Mem_DRAM/U0/synth_options.dist_mem_inst/gen_sp_ram.spram_inst/ram_reg_11264_11519_27_27/RAMS64E_A/I (clocked by clk_out1_cpuclk). Large setup violations at the end of those stages might be difficult to fix during the post-placement implementation flow and could be the result of non-optimal XDC constraints or non-optimal design architecture
Related violations: <none>

TIMING-16#608 Warning
Large setup violation  
There is a large setup violation of -3.767 ns between Core_cpu/U_ifetch/pc_module/pc_reg[15]/C (clocked by clk_out1_cpuclk) and Mem_DRAM/U0/synth_options.dist_mem_inst/gen_sp_ram.spram_inst/ram_reg_11776_12031_18_18/RAMS64E_D/I (clocked by clk_out1_cpuclk). Large setup violations at the end of those stages might be difficult to fix during the post-placement implementation flow and could be the result of non-optimal XDC constraints or non-optimal design architecture
Related violations: <none>

TIMING-16#609 Warning
Large setup violation  
There is a large setup violation of -3.768 ns between Core_cpu/U_ifetch/pc_module/pc_reg[15]/C (clocked by clk_out1_cpuclk) and Mem_DRAM/U0/synth_options.dist_mem_inst/gen_sp_ram.spram_inst/ram_reg_10752_11007_13_13/RAMS64E_D/I (clocked by clk_out1_cpuclk). Large setup violations at the end of those stages might be difficult to fix during the post-placement implementation flow and could be the result of non-optimal XDC constraints or non-optimal design architecture
Related violations: <none>

TIMING-16#610 Warning
Large setup violation  
There is a large setup violation of -3.772 ns between Core_cpu/U_ifetch/pc_module/pc_reg[15]/C (clocked by clk_out1_cpuclk) and Mem_DRAM/U0/synth_options.dist_mem_inst/gen_sp_ram.spram_inst/ram_reg_11776_12031_0_0/RAMS64E_A/I (clocked by clk_out1_cpuclk). Large setup violations at the end of those stages might be difficult to fix during the post-placement implementation flow and could be the result of non-optimal XDC constraints or non-optimal design architecture
Related violations: <none>

TIMING-16#611 Warning
Large setup violation  
There is a large setup violation of -3.775 ns between Core_cpu/U_ifetch/pc_module/pc_reg[15]/C (clocked by clk_out1_cpuclk) and Core_cpu/U_idecode/rf_module/regts_reg_r2_0_31_24_29/RAMC_D1/I (clocked by clk_out1_cpuclk). Large setup violations at the end of those stages might be difficult to fix during the post-placement implementation flow and could be the result of non-optimal XDC constraints or non-optimal design architecture
Related violations: <none>

TIMING-16#612 Warning
Large setup violation  
There is a large setup violation of -3.776 ns between Core_cpu/U_ifetch/pc_module/pc_reg[15]/C (clocked by clk_out1_cpuclk) and Mem_DRAM/U0/synth_options.dist_mem_inst/gen_sp_ram.spram_inst/ram_reg_10752_11007_22_22/RAMS64E_B/I (clocked by clk_out1_cpuclk). Large setup violations at the end of those stages might be difficult to fix during the post-placement implementation flow and could be the result of non-optimal XDC constraints or non-optimal design architecture
Related violations: <none>

TIMING-16#613 Warning
Large setup violation  
There is a large setup violation of -3.777 ns between Core_cpu/U_ifetch/pc_module/pc_reg[15]/C (clocked by clk_out1_cpuclk) and Mem_DRAM/U0/synth_options.dist_mem_inst/gen_sp_ram.spram_inst/ram_reg_10752_11007_22_22/RAMS64E_C/I (clocked by clk_out1_cpuclk). Large setup violations at the end of those stages might be difficult to fix during the post-placement implementation flow and could be the result of non-optimal XDC constraints or non-optimal design architecture
Related violations: <none>

TIMING-16#614 Warning
Large setup violation  
There is a large setup violation of -3.787 ns between Core_cpu/U_ifetch/pc_module/pc_reg[15]/C (clocked by clk_out1_cpuclk) and Mem_DRAM/U0/synth_options.dist_mem_inst/gen_sp_ram.spram_inst/ram_reg_11008_11263_27_27/RAMS64E_B/I (clocked by clk_out1_cpuclk). Large setup violations at the end of those stages might be difficult to fix during the post-placement implementation flow and could be the result of non-optimal XDC constraints or non-optimal design architecture
Related violations: <none>

TIMING-16#615 Warning
Large setup violation  
There is a large setup violation of -3.788 ns between Core_cpu/U_ifetch/pc_module/pc_reg[15]/C (clocked by clk_out1_cpuclk) and Mem_DRAM/U0/synth_options.dist_mem_inst/gen_sp_ram.spram_inst/ram_reg_11008_11263_27_27/RAMS64E_C/I (clocked by clk_out1_cpuclk). Large setup violations at the end of those stages might be difficult to fix during the post-placement implementation flow and could be the result of non-optimal XDC constraints or non-optimal design architecture
Related violations: <none>

TIMING-16#616 Warning
Large setup violation  
There is a large setup violation of -3.805 ns between Core_cpu/U_ifetch/pc_module/pc_reg[15]/C (clocked by clk_out1_cpuclk) and Mem_DRAM/U0/synth_options.dist_mem_inst/gen_sp_ram.spram_inst/ram_reg_10240_10495_15_15/RAMS64E_A/I (clocked by clk_out1_cpuclk). Large setup violations at the end of those stages might be difficult to fix during the post-placement implementation flow and could be the result of non-optimal XDC constraints or non-optimal design architecture
Related violations: <none>

TIMING-16#617 Warning
Large setup violation  
There is a large setup violation of -3.808 ns between Core_cpu/U_ifetch/pc_module/pc_reg[15]/C (clocked by clk_out1_cpuclk) and Mem_DRAM/U0/synth_options.dist_mem_inst/gen_sp_ram.spram_inst/ram_reg_10240_10495_7_7/RAMS64E_B/I (clocked by clk_out1_cpuclk). Large setup violations at the end of those stages might be difficult to fix during the post-placement implementation flow and could be the result of non-optimal XDC constraints or non-optimal design architecture
Related violations: <none>

TIMING-16#618 Warning
Large setup violation  
There is a large setup violation of -3.809 ns between Core_cpu/U_ifetch/pc_module/pc_reg[15]/C (clocked by clk_out1_cpuclk) and Mem_DRAM/U0/synth_options.dist_mem_inst/gen_sp_ram.spram_inst/ram_reg_10240_10495_7_7/RAMS64E_C/I (clocked by clk_out1_cpuclk). Large setup violations at the end of those stages might be difficult to fix during the post-placement implementation flow and could be the result of non-optimal XDC constraints or non-optimal design architecture
Related violations: <none>

TIMING-16#619 Warning
Large setup violation  
There is a large setup violation of -3.809 ns between Core_cpu/U_ifetch/pc_module/pc_reg[15]/C (clocked by clk_out1_cpuclk) and Mem_DRAM/U0/synth_options.dist_mem_inst/gen_sp_ram.spram_inst/ram_reg_1024_1279_15_15/RAMS64E_B/I (clocked by clk_out1_cpuclk). Large setup violations at the end of those stages might be difficult to fix during the post-placement implementation flow and could be the result of non-optimal XDC constraints or non-optimal design architecture
Related violations: <none>

TIMING-16#620 Warning
Large setup violation  
There is a large setup violation of -3.810 ns between Core_cpu/U_ifetch/pc_module/pc_reg[15]/C (clocked by clk_out1_cpuclk) and Mem_DRAM/U0/synth_options.dist_mem_inst/gen_sp_ram.spram_inst/ram_reg_1024_1279_15_15/RAMS64E_C/I (clocked by clk_out1_cpuclk). Large setup violations at the end of those stages might be difficult to fix during the post-placement implementation flow and could be the result of non-optimal XDC constraints or non-optimal design architecture
Related violations: <none>

TIMING-16#621 Warning
Large setup violation  
There is a large setup violation of -3.810 ns between Core_cpu/U_ifetch/pc_module/pc_reg[15]/C (clocked by clk_out1_cpuclk) and Mem_DRAM/U0/synth_options.dist_mem_inst/gen_sp_ram.spram_inst/ram_reg_11264_11519_24_24/RAMS64E_A/I (clocked by clk_out1_cpuclk). Large setup violations at the end of those stages might be difficult to fix during the post-placement implementation flow and could be the result of non-optimal XDC constraints or non-optimal design architecture
Related violations: <none>

TIMING-16#622 Warning
Large setup violation  
There is a large setup violation of -3.817 ns between Core_cpu/U_ifetch/pc_module/pc_reg[15]/C (clocked by clk_out1_cpuclk) and Mem_DRAM/U0/synth_options.dist_mem_inst/gen_sp_ram.spram_inst/ram_reg_10240_10495_27_27/RAMS64E_A/I (clocked by clk_out1_cpuclk). Large setup violations at the end of those stages might be difficult to fix during the post-placement implementation flow and could be the result of non-optimal XDC constraints or non-optimal design architecture
Related violations: <none>

TIMING-16#623 Warning
Large setup violation  
There is a large setup violation of -3.819 ns between Core_cpu/U_ifetch/pc_module/pc_reg[15]/C (clocked by clk_out1_cpuclk) and Mem_DRAM/U0/synth_options.dist_mem_inst/gen_sp_ram.spram_inst/ram_reg_11264_11519_25_25/RAMS64E_D/I (clocked by clk_out1_cpuclk). Large setup violations at the end of those stages might be difficult to fix during the post-placement implementation flow and could be the result of non-optimal XDC constraints or non-optimal design architecture
Related violations: <none>

TIMING-16#624 Warning
Large setup violation  
There is a large setup violation of -3.822 ns between Core_cpu/U_ifetch/pc_module/pc_reg[15]/C (clocked by clk_out1_cpuclk) and Core_cpu/U_idecode/rf_module/regts_reg_r2_0_31_0_5/RAMA_D1/I (clocked by clk_out1_cpuclk). Large setup violations at the end of those stages might be difficult to fix during the post-placement implementation flow and could be the result of non-optimal XDC constraints or non-optimal design architecture
Related violations: <none>

TIMING-16#625 Warning
Large setup violation  
There is a large setup violation of -3.822 ns between Core_cpu/U_ifetch/pc_module/pc_reg[15]/C (clocked by clk_out1_cpuclk) and Mem_DRAM/U0/synth_options.dist_mem_inst/gen_sp_ram.spram_inst/ram_reg_10496_10751_24_24/RAMS64E_B/I (clocked by clk_out1_cpuclk). Large setup violations at the end of those stages might be difficult to fix during the post-placement implementation flow and could be the result of non-optimal XDC constraints or non-optimal design architecture
Related violations: <none>

TIMING-16#626 Warning
Large setup violation  
There is a large setup violation of -3.823 ns between Core_cpu/U_ifetch/pc_module/pc_reg[15]/C (clocked by clk_out1_cpuclk) and Mem_DRAM/U0/synth_options.dist_mem_inst/gen_sp_ram.spram_inst/ram_reg_10496_10751_24_24/RAMS64E_C/I (clocked by clk_out1_cpuclk). Large setup violations at the end of those stages might be difficult to fix during the post-placement implementation flow and could be the result of non-optimal XDC constraints or non-optimal design architecture
Related violations: <none>

TIMING-16#627 Warning
Large setup violation  
There is a large setup violation of -3.823 ns between Core_cpu/U_ifetch/pc_module/pc_reg[15]/C (clocked by clk_out1_cpuclk) and Mem_DRAM/U0/synth_options.dist_mem_inst/gen_sp_ram.spram_inst/ram_reg_11008_11263_15_15/RAMS64E_B/I (clocked by clk_out1_cpuclk). Large setup violations at the end of those stages might be difficult to fix during the post-placement implementation flow and could be the result of non-optimal XDC constraints or non-optimal design architecture
Related violations: <none>

TIMING-16#628 Warning
Large setup violation  
There is a large setup violation of -3.824 ns between Core_cpu/U_ifetch/pc_module/pc_reg[15]/C (clocked by clk_out1_cpuclk) and Mem_DRAM/U0/synth_options.dist_mem_inst/gen_sp_ram.spram_inst/ram_reg_11008_11263_15_15/RAMS64E_C/I (clocked by clk_out1_cpuclk). Large setup violations at the end of those stages might be difficult to fix during the post-placement implementation flow and could be the result of non-optimal XDC constraints or non-optimal design architecture
Related violations: <none>

TIMING-16#629 Warning
Large setup violation  
There is a large setup violation of -3.833 ns between Core_cpu/U_ifetch/pc_module/pc_reg[15]/C (clocked by clk_out1_cpuclk) and Core_cpu/U_idecode/rf_module/regts_reg_r1_0_31_24_29/RAMC_D1/I (clocked by clk_out1_cpuclk). Large setup violations at the end of those stages might be difficult to fix during the post-placement implementation flow and could be the result of non-optimal XDC constraints or non-optimal design architecture
Related violations: <none>

TIMING-16#630 Warning
Large setup violation  
There is a large setup violation of -3.837 ns between Core_cpu/U_ifetch/pc_module/pc_reg[15]/C (clocked by clk_out1_cpuclk) and Mem_DRAM/U0/synth_options.dist_mem_inst/gen_sp_ram.spram_inst/ram_reg_11520_11775_18_18/RAMS64E_B/I (clocked by clk_out1_cpuclk). Large setup violations at the end of those stages might be difficult to fix during the post-placement implementation flow and could be the result of non-optimal XDC constraints or non-optimal design architecture
Related violations: <none>

TIMING-16#631 Warning
Large setup violation  
There is a large setup violation of -3.838 ns between Core_cpu/U_ifetch/pc_module/pc_reg[15]/C (clocked by clk_out1_cpuclk) and Mem_DRAM/U0/synth_options.dist_mem_inst/gen_sp_ram.spram_inst/ram_reg_11520_11775_18_18/RAMS64E_C/I (clocked by clk_out1_cpuclk). Large setup violations at the end of those stages might be difficult to fix during the post-placement implementation flow and could be the result of non-optimal XDC constraints or non-optimal design architecture
Related violations: <none>

TIMING-16#632 Warning
Large setup violation  
There is a large setup violation of -3.845 ns between Core_cpu/U_ifetch/pc_module/pc_reg[15]/C (clocked by clk_out1_cpuclk) and Core_cpu/U_idecode/rf_module/regts_reg_r1_0_31_12_17/RAMC_D1/I (clocked by clk_out1_cpuclk). Large setup violations at the end of those stages might be difficult to fix during the post-placement implementation flow and could be the result of non-optimal XDC constraints or non-optimal design architecture
Related violations: <none>

TIMING-16#633 Warning
Large setup violation  
There is a large setup violation of -3.847 ns between Core_cpu/U_ifetch/pc_module/pc_reg[15]/C (clocked by clk_out1_cpuclk) and Mem_DRAM/U0/synth_options.dist_mem_inst/gen_sp_ram.spram_inst/ram_reg_11776_12031_22_22/RAMS64E_D/I (clocked by clk_out1_cpuclk). Large setup violations at the end of those stages might be difficult to fix during the post-placement implementation flow and could be the result of non-optimal XDC constraints or non-optimal design architecture
Related violations: <none>

TIMING-16#634 Warning
Large setup violation  
There is a large setup violation of -3.852 ns between Core_cpu/U_ifetch/pc_module/pc_reg[15]/C (clocked by clk_out1_cpuclk) and Mem_DRAM/U0/synth_options.dist_mem_inst/gen_sp_ram.spram_inst/ram_reg_11520_11775_27_27/RAMS64E_B/I (clocked by clk_out1_cpuclk). Large setup violations at the end of those stages might be difficult to fix during the post-placement implementation flow and could be the result of non-optimal XDC constraints or non-optimal design architecture
Related violations: <none>

TIMING-16#635 Warning
Large setup violation  
There is a large setup violation of -3.852 ns between Core_cpu/U_ifetch/pc_module/pc_reg[15]/C (clocked by clk_out1_cpuclk) and Mem_DRAM/U0/synth_options.dist_mem_inst/gen_sp_ram.spram_inst/ram_reg_11520_11775_29_29/RAMS64E_D/I (clocked by clk_out1_cpuclk). Large setup violations at the end of those stages might be difficult to fix during the post-placement implementation flow and could be the result of non-optimal XDC constraints or non-optimal design architecture
Related violations: <none>

TIMING-16#636 Warning
Large setup violation  
There is a large setup violation of -3.853 ns between Core_cpu/U_ifetch/pc_module/pc_reg[15]/C (clocked by clk_out1_cpuclk) and Mem_DRAM/U0/synth_options.dist_mem_inst/gen_sp_ram.spram_inst/ram_reg_11520_11775_27_27/RAMS64E_C/I (clocked by clk_out1_cpuclk). Large setup violations at the end of those stages might be difficult to fix during the post-placement implementation flow and could be the result of non-optimal XDC constraints or non-optimal design architecture
Related violations: <none>

TIMING-16#637 Warning
Large setup violation  
There is a large setup violation of -3.857 ns between Core_cpu/U_ifetch/pc_module/pc_reg[15]/C (clocked by clk_out1_cpuclk) and Mem_DRAM/U0/synth_options.dist_mem_inst/gen_sp_ram.spram_inst/ram_reg_10496_10751_15_15/RAMS64E_D/I (clocked by clk_out1_cpuclk). Large setup violations at the end of those stages might be difficult to fix during the post-placement implementation flow and could be the result of non-optimal XDC constraints or non-optimal design architecture
Related violations: <none>

TIMING-16#638 Warning
Large setup violation  
There is a large setup violation of -3.858 ns between Core_cpu/U_ifetch/pc_module/pc_reg[15]/C (clocked by clk_out1_cpuclk) and Mem_DRAM/U0/synth_options.dist_mem_inst/gen_sp_ram.spram_inst/ram_reg_11264_11519_15_15/RAMS64E_A/I (clocked by clk_out1_cpuclk). Large setup violations at the end of those stages might be difficult to fix during the post-placement implementation flow and could be the result of non-optimal XDC constraints or non-optimal design architecture
Related violations: <none>

TIMING-16#639 Warning
Large setup violation  
There is a large setup violation of -3.870 ns between Core_cpu/U_ifetch/pc_module/pc_reg[15]/C (clocked by clk_out1_cpuclk) and Core_cpu/U_idecode/rf_module/regts_reg_r1_0_31_12_17/RAMC/I (clocked by clk_out1_cpuclk). Large setup violations at the end of those stages might be difficult to fix during the post-placement implementation flow and could be the result of non-optimal XDC constraints or non-optimal design architecture
Related violations: <none>

TIMING-16#640 Warning
Large setup violation  
There is a large setup violation of -3.870 ns between Core_cpu/U_ifetch/pc_module/pc_reg[15]/C (clocked by clk_out1_cpuclk) and Mem_DRAM/U0/synth_options.dist_mem_inst/gen_sp_ram.spram_inst/ram_reg_11520_11775_15_15/RAMS64E_B/I (clocked by clk_out1_cpuclk). Large setup violations at the end of those stages might be difficult to fix during the post-placement implementation flow and could be the result of non-optimal XDC constraints or non-optimal design architecture
Related violations: <none>

TIMING-16#641 Warning
Large setup violation  
There is a large setup violation of -3.871 ns between Core_cpu/U_ifetch/pc_module/pc_reg[15]/C (clocked by clk_out1_cpuclk) and Mem_DRAM/U0/synth_options.dist_mem_inst/gen_sp_ram.spram_inst/ram_reg_11520_11775_15_15/RAMS64E_C/I (clocked by clk_out1_cpuclk). Large setup violations at the end of those stages might be difficult to fix during the post-placement implementation flow and could be the result of non-optimal XDC constraints or non-optimal design architecture
Related violations: <none>

TIMING-16#642 Warning
Large setup violation  
There is a large setup violation of -3.881 ns between Core_cpu/U_ifetch/pc_module/pc_reg[15]/C (clocked by clk_out1_cpuclk) and Mem_DRAM/U0/synth_options.dist_mem_inst/gen_sp_ram.spram_inst/ram_reg_11008_11263_18_18/RAMS64E_B/I (clocked by clk_out1_cpuclk). Large setup violations at the end of those stages might be difficult to fix during the post-placement implementation flow and could be the result of non-optimal XDC constraints or non-optimal design architecture
Related violations: <none>

TIMING-16#643 Warning
Large setup violation  
There is a large setup violation of -3.882 ns between Core_cpu/U_ifetch/pc_module/pc_reg[15]/C (clocked by clk_out1_cpuclk) and Mem_DRAM/U0/synth_options.dist_mem_inst/gen_sp_ram.spram_inst/ram_reg_11008_11263_18_18/RAMS64E_C/I (clocked by clk_out1_cpuclk). Large setup violations at the end of those stages might be difficult to fix during the post-placement implementation flow and could be the result of non-optimal XDC constraints or non-optimal design architecture
Related violations: <none>

TIMING-16#644 Warning
Large setup violation  
There is a large setup violation of -3.888 ns between Core_cpu/U_ifetch/pc_module/pc_reg[15]/C (clocked by clk_out1_cpuclk) and Mem_DRAM/U0/synth_options.dist_mem_inst/gen_sp_ram.spram_inst/ram_reg_0_255_18_18/RAMS64E_D/I (clocked by clk_out1_cpuclk). Large setup violations at the end of those stages might be difficult to fix during the post-placement implementation flow and could be the result of non-optimal XDC constraints or non-optimal design architecture
Related violations: <none>

TIMING-16#645 Warning
Large setup violation  
There is a large setup violation of -3.893 ns between Core_cpu/U_ifetch/pc_module/pc_reg[15]/C (clocked by clk_out1_cpuclk) and Mem_DRAM/U0/synth_options.dist_mem_inst/gen_sp_ram.spram_inst/ram_reg_11776_12031_25_25/RAMS64E_B/I (clocked by clk_out1_cpuclk). Large setup violations at the end of those stages might be difficult to fix during the post-placement implementation flow and could be the result of non-optimal XDC constraints or non-optimal design architecture
Related violations: <none>

TIMING-16#646 Warning
Large setup violation  
There is a large setup violation of -3.894 ns between Core_cpu/U_ifetch/pc_module/pc_reg[15]/C (clocked by clk_out1_cpuclk) and Mem_DRAM/U0/synth_options.dist_mem_inst/gen_sp_ram.spram_inst/ram_reg_11776_12031_25_25/RAMS64E_C/I (clocked by clk_out1_cpuclk). Large setup violations at the end of those stages might be difficult to fix during the post-placement implementation flow and could be the result of non-optimal XDC constraints or non-optimal design architecture
Related violations: <none>

TIMING-16#647 Warning
Large setup violation  
There is a large setup violation of -3.898 ns between Core_cpu/U_ifetch/pc_module/pc_reg[15]/C (clocked by clk_out1_cpuclk) and Core_cpu/U_idecode/rf_module/regts_reg_r1_0_31_18_23/RAMB/I (clocked by clk_out1_cpuclk). Large setup violations at the end of those stages might be difficult to fix during the post-placement implementation flow and could be the result of non-optimal XDC constraints or non-optimal design architecture
Related violations: <none>

TIMING-16#648 Warning
Large setup violation  
There is a large setup violation of -3.900 ns between Core_cpu/U_ifetch/pc_module/pc_reg[15]/C (clocked by clk_out1_cpuclk) and Mem_DRAM/U0/synth_options.dist_mem_inst/gen_sp_ram.spram_inst/ram_reg_11520_11775_7_7/RAMS64E_A/I (clocked by clk_out1_cpuclk). Large setup violations at the end of those stages might be difficult to fix during the post-placement implementation flow and could be the result of non-optimal XDC constraints or non-optimal design architecture
Related violations: <none>

TIMING-16#649 Warning
Large setup violation  
There is a large setup violation of -3.912 ns between Core_cpu/U_ifetch/pc_module/pc_reg[15]/C (clocked by clk_out1_cpuclk) and Mem_DRAM/U0/synth_options.dist_mem_inst/gen_sp_ram.spram_inst/ram_reg_10752_11007_8_8/RAMS64E_B/I (clocked by clk_out1_cpuclk). Large setup violations at the end of those stages might be difficult to fix during the post-placement implementation flow and could be the result of non-optimal XDC constraints or non-optimal design architecture
Related violations: <none>

TIMING-16#650 Warning
Large setup violation  
There is a large setup violation of -3.913 ns between Core_cpu/U_ifetch/pc_module/pc_reg[15]/C (clocked by clk_out1_cpuclk) and Mem_DRAM/U0/synth_options.dist_mem_inst/gen_sp_ram.spram_inst/ram_reg_10752_11007_8_8/RAMS64E_C/I (clocked by clk_out1_cpuclk). Large setup violations at the end of those stages might be difficult to fix during the post-placement implementation flow and could be the result of non-optimal XDC constraints or non-optimal design architecture
Related violations: <none>

TIMING-16#651 Warning
Large setup violation  
There is a large setup violation of -3.920 ns between Core_cpu/U_ifetch/pc_module/pc_reg[15]/C (clocked by clk_out1_cpuclk) and Mem_DRAM/U0/synth_options.dist_mem_inst/gen_sp_ram.spram_inst/ram_reg_11264_11519_19_19/RAMS64E_A/I (clocked by clk_out1_cpuclk). Large setup violations at the end of those stages might be difficult to fix during the post-placement implementation flow and could be the result of non-optimal XDC constraints or non-optimal design architecture
Related violations: <none>

TIMING-16#652 Warning
Large setup violation  
There is a large setup violation of -3.920 ns between Core_cpu/U_ifetch/pc_module/pc_reg[15]/C (clocked by clk_out1_cpuclk) and Mem_DRAM/U0/synth_options.dist_mem_inst/gen_sp_ram.spram_inst/ram_reg_11776_12031_13_13/RAMS64E_D/I (clocked by clk_out1_cpuclk). Large setup violations at the end of those stages might be difficult to fix during the post-placement implementation flow and could be the result of non-optimal XDC constraints or non-optimal design architecture
Related violations: <none>

TIMING-16#653 Warning
Large setup violation  
There is a large setup violation of -3.922 ns between Core_cpu/U_ifetch/pc_module/pc_reg[15]/C (clocked by clk_out1_cpuclk) and Core_cpu/U_idecode/rf_module/regts_reg_r1_0_31_12_17/RAMA/I (clocked by clk_out1_cpuclk). Large setup violations at the end of those stages might be difficult to fix during the post-placement implementation flow and could be the result of non-optimal XDC constraints or non-optimal design architecture
Related violations: <none>

TIMING-16#654 Warning
Large setup violation  
There is a large setup violation of -3.925 ns between Core_cpu/U_ifetch/pc_module/pc_reg[15]/C (clocked by clk_out1_cpuclk) and Mem_DRAM/U0/synth_options.dist_mem_inst/gen_sp_ram.spram_inst/ram_reg_10752_11007_29_29/RAMS64E_B/I (clocked by clk_out1_cpuclk). Large setup violations at the end of those stages might be difficult to fix during the post-placement implementation flow and could be the result of non-optimal XDC constraints or non-optimal design architecture
Related violations: <none>

TIMING-16#655 Warning
Large setup violation  
There is a large setup violation of -3.926 ns between Core_cpu/U_ifetch/pc_module/pc_reg[15]/C (clocked by clk_out1_cpuclk) and Mem_DRAM/U0/synth_options.dist_mem_inst/gen_sp_ram.spram_inst/ram_reg_10752_11007_29_29/RAMS64E_C/I (clocked by clk_out1_cpuclk). Large setup violations at the end of those stages might be difficult to fix during the post-placement implementation flow and could be the result of non-optimal XDC constraints or non-optimal design architecture
Related violations: <none>

TIMING-16#656 Warning
Large setup violation  
There is a large setup violation of -3.936 ns between Core_cpu/U_ifetch/pc_module/pc_reg[15]/C (clocked by clk_out1_cpuclk) and Mem_DRAM/U0/synth_options.dist_mem_inst/gen_sp_ram.spram_inst/ram_reg_11520_11775_24_24/RAMS64E_A/I (clocked by clk_out1_cpuclk). Large setup violations at the end of those stages might be difficult to fix during the post-placement implementation flow and could be the result of non-optimal XDC constraints or non-optimal design architecture
Related violations: <none>

TIMING-16#657 Warning
Large setup violation  
There is a large setup violation of -3.938 ns between Core_cpu/U_ifetch/pc_module/pc_reg[15]/C (clocked by clk_out1_cpuclk) and Mem_DRAM/U0/synth_options.dist_mem_inst/gen_sp_ram.spram_inst/ram_reg_11520_11775_13_13/RAMS64E_D/I (clocked by clk_out1_cpuclk). Large setup violations at the end of those stages might be difficult to fix during the post-placement implementation flow and could be the result of non-optimal XDC constraints or non-optimal design architecture
Related violations: <none>

TIMING-16#658 Warning
Large setup violation  
There is a large setup violation of -3.942 ns between Core_cpu/U_ifetch/pc_module/pc_reg[15]/C (clocked by clk_out1_cpuclk) and Mem_DRAM/U0/synth_options.dist_mem_inst/gen_sp_ram.spram_inst/ram_reg_12032_12287_13_13/RAMS64E_D/I (clocked by clk_out1_cpuclk). Large setup violations at the end of those stages might be difficult to fix during the post-placement implementation flow and could be the result of non-optimal XDC constraints or non-optimal design architecture
Related violations: <none>

TIMING-16#659 Warning
Large setup violation  
There is a large setup violation of -3.949 ns between Core_cpu/U_ifetch/pc_module/pc_reg[15]/C (clocked by clk_out1_cpuclk) and Mem_DRAM/U0/synth_options.dist_mem_inst/gen_sp_ram.spram_inst/ram_reg_0_255_15_15/RAMS64E_B/I (clocked by clk_out1_cpuclk). Large setup violations at the end of those stages might be difficult to fix during the post-placement implementation flow and could be the result of non-optimal XDC constraints or non-optimal design architecture
Related violations: <none>

TIMING-16#660 Warning
Large setup violation  
There is a large setup violation of -3.950 ns between Core_cpu/U_ifetch/pc_module/pc_reg[15]/C (clocked by clk_out1_cpuclk) and Mem_DRAM/U0/synth_options.dist_mem_inst/gen_sp_ram.spram_inst/ram_reg_0_255_15_15/RAMS64E_C/I (clocked by clk_out1_cpuclk). Large setup violations at the end of those stages might be difficult to fix during the post-placement implementation flow and could be the result of non-optimal XDC constraints or non-optimal design architecture
Related violations: <none>

TIMING-16#661 Warning
Large setup violation  
There is a large setup violation of -3.953 ns between Core_cpu/U_ifetch/pc_module/pc_reg[15]/C (clocked by clk_out1_cpuclk) and Core_cpu/U_idecode/rf_module/regts_reg_r2_0_31_12_17/RAMC_D1/I (clocked by clk_out1_cpuclk). Large setup violations at the end of those stages might be difficult to fix during the post-placement implementation flow and could be the result of non-optimal XDC constraints or non-optimal design architecture
Related violations: <none>

TIMING-16#662 Warning
Large setup violation  
There is a large setup violation of -3.958 ns between Core_cpu/U_ifetch/pc_module/pc_reg[15]/C (clocked by clk_out1_cpuclk) and Mem_DRAM/U0/synth_options.dist_mem_inst/gen_sp_ram.spram_inst/ram_reg_11776_12031_7_7/RAMS64E_B/I (clocked by clk_out1_cpuclk). Large setup violations at the end of those stages might be difficult to fix during the post-placement implementation flow and could be the result of non-optimal XDC constraints or non-optimal design architecture
Related violations: <none>

TIMING-16#663 Warning
Large setup violation  
There is a large setup violation of -3.959 ns between Core_cpu/U_ifetch/pc_module/pc_reg[15]/C (clocked by clk_out1_cpuclk) and Mem_DRAM/U0/synth_options.dist_mem_inst/gen_sp_ram.spram_inst/ram_reg_11264_11519_18_18/RAMS64E_B/I (clocked by clk_out1_cpuclk). Large setup violations at the end of those stages might be difficult to fix during the post-placement implementation flow and could be the result of non-optimal XDC constraints or non-optimal design architecture
Related violations: <none>

TIMING-16#664 Warning
Large setup violation  
There is a large setup violation of -3.959 ns between Core_cpu/U_ifetch/pc_module/pc_reg[15]/C (clocked by clk_out1_cpuclk) and Mem_DRAM/U0/synth_options.dist_mem_inst/gen_sp_ram.spram_inst/ram_reg_11776_12031_7_7/RAMS64E_C/I (clocked by clk_out1_cpuclk). Large setup violations at the end of those stages might be difficult to fix during the post-placement implementation flow and could be the result of non-optimal XDC constraints or non-optimal design architecture
Related violations: <none>

TIMING-16#665 Warning
Large setup violation  
There is a large setup violation of -3.960 ns between Core_cpu/U_ifetch/pc_module/pc_reg[15]/C (clocked by clk_out1_cpuclk) and Mem_DRAM/U0/synth_options.dist_mem_inst/gen_sp_ram.spram_inst/ram_reg_10240_10495_24_24/RAMS64E_A/I (clocked by clk_out1_cpuclk). Large setup violations at the end of those stages might be difficult to fix during the post-placement implementation flow and could be the result of non-optimal XDC constraints or non-optimal design architecture
Related violations: <none>

TIMING-16#666 Warning
Large setup violation  
There is a large setup violation of -3.960 ns between Core_cpu/U_ifetch/pc_module/pc_reg[15]/C (clocked by clk_out1_cpuclk) and Mem_DRAM/U0/synth_options.dist_mem_inst/gen_sp_ram.spram_inst/ram_reg_10752_11007_24_24/RAMS64E_B/I (clocked by clk_out1_cpuclk). Large setup violations at the end of those stages might be difficult to fix during the post-placement implementation flow and could be the result of non-optimal XDC constraints or non-optimal design architecture
Related violations: <none>

TIMING-16#667 Warning
Large setup violation  
There is a large setup violation of -3.960 ns between Core_cpu/U_ifetch/pc_module/pc_reg[15]/C (clocked by clk_out1_cpuclk) and Mem_DRAM/U0/synth_options.dist_mem_inst/gen_sp_ram.spram_inst/ram_reg_11264_11519_18_18/RAMS64E_C/I (clocked by clk_out1_cpuclk). Large setup violations at the end of those stages might be difficult to fix during the post-placement implementation flow and could be the result of non-optimal XDC constraints or non-optimal design architecture
Related violations: <none>

TIMING-16#668 Warning
Large setup violation  
There is a large setup violation of -3.961 ns between Core_cpu/U_ifetch/pc_module/pc_reg[15]/C (clocked by clk_out1_cpuclk) and Mem_DRAM/U0/synth_options.dist_mem_inst/gen_sp_ram.spram_inst/ram_reg_10752_11007_24_24/RAMS64E_C/I (clocked by clk_out1_cpuclk). Large setup violations at the end of those stages might be difficult to fix during the post-placement implementation flow and could be the result of non-optimal XDC constraints or non-optimal design architecture
Related violations: <none>

TIMING-16#669 Warning
Large setup violation  
There is a large setup violation of -3.961 ns between Core_cpu/U_ifetch/pc_module/pc_reg[15]/C (clocked by clk_out1_cpuclk) and Mem_DRAM/U0/synth_options.dist_mem_inst/gen_sp_ram.spram_inst/ram_reg_11520_11775_22_22/RAMS64E_B/I (clocked by clk_out1_cpuclk). Large setup violations at the end of those stages might be difficult to fix during the post-placement implementation flow and could be the result of non-optimal XDC constraints or non-optimal design architecture
Related violations: <none>

TIMING-16#670 Warning
Large setup violation  
There is a large setup violation of -3.962 ns between Core_cpu/U_ifetch/pc_module/pc_reg[15]/C (clocked by clk_out1_cpuclk) and Mem_DRAM/U0/synth_options.dist_mem_inst/gen_sp_ram.spram_inst/ram_reg_11520_11775_22_22/RAMS64E_C/I (clocked by clk_out1_cpuclk). Large setup violations at the end of those stages might be difficult to fix during the post-placement implementation flow and could be the result of non-optimal XDC constraints or non-optimal design architecture
Related violations: <none>

TIMING-16#671 Warning
Large setup violation  
There is a large setup violation of -3.983 ns between Core_cpu/U_ifetch/pc_module/pc_reg[15]/C (clocked by clk_out1_cpuclk) and Mem_DRAM/U0/synth_options.dist_mem_inst/gen_sp_ram.spram_inst/ram_reg_11008_11263_13_13/RAMS64E_A/I (clocked by clk_out1_cpuclk). Large setup violations at the end of those stages might be difficult to fix during the post-placement implementation flow and could be the result of non-optimal XDC constraints or non-optimal design architecture
Related violations: <none>

TIMING-16#672 Warning
Large setup violation  
There is a large setup violation of -3.986 ns between Core_cpu/U_ifetch/pc_module/pc_reg[15]/C (clocked by clk_out1_cpuclk) and Mem_DRAM/U0/synth_options.dist_mem_inst/gen_sp_ram.spram_inst/ram_reg_0_255_6_6/RAMS64E_B/I (clocked by clk_out1_cpuclk). Large setup violations at the end of those stages might be difficult to fix during the post-placement implementation flow and could be the result of non-optimal XDC constraints or non-optimal design architecture
Related violations: <none>

TIMING-16#673 Warning
Large setup violation  
There is a large setup violation of -3.987 ns between Core_cpu/U_ifetch/pc_module/pc_reg[15]/C (clocked by clk_out1_cpuclk) and Mem_DRAM/U0/synth_options.dist_mem_inst/gen_sp_ram.spram_inst/ram_reg_0_255_6_6/RAMS64E_C/I (clocked by clk_out1_cpuclk). Large setup violations at the end of those stages might be difficult to fix during the post-placement implementation flow and could be the result of non-optimal XDC constraints or non-optimal design architecture
Related violations: <none>

TIMING-16#674 Warning
Large setup violation  
There is a large setup violation of -3.993 ns between Core_cpu/U_ifetch/pc_module/pc_reg[15]/C (clocked by clk_out1_cpuclk) and Mem_DRAM/U0/synth_options.dist_mem_inst/gen_sp_ram.spram_inst/ram_reg_10496_10751_18_18/RAMS64E_B/I (clocked by clk_out1_cpuclk). Large setup violations at the end of those stages might be difficult to fix during the post-placement implementation flow and could be the result of non-optimal XDC constraints or non-optimal design architecture
Related violations: <none>

TIMING-16#675 Warning
Large setup violation  
There is a large setup violation of -3.994 ns between Core_cpu/U_ifetch/pc_module/pc_reg[15]/C (clocked by clk_out1_cpuclk) and Mem_DRAM/U0/synth_options.dist_mem_inst/gen_sp_ram.spram_inst/ram_reg_10496_10751_18_18/RAMS64E_C/I (clocked by clk_out1_cpuclk). Large setup violations at the end of those stages might be difficult to fix during the post-placement implementation flow and could be the result of non-optimal XDC constraints or non-optimal design architecture
Related violations: <none>

TIMING-16#676 Warning
Large setup violation  
There is a large setup violation of -4.003 ns between Core_cpu/U_ifetch/pc_module/pc_reg[15]/C (clocked by clk_out1_cpuclk) and Mem_DRAM/U0/synth_options.dist_mem_inst/gen_sp_ram.spram_inst/ram_reg_1024_1279_29_29/RAMS64E_D/I (clocked by clk_out1_cpuclk). Large setup violations at the end of those stages might be difficult to fix during the post-placement implementation flow and could be the result of non-optimal XDC constraints or non-optimal design architecture
Related violations: <none>

TIMING-16#677 Warning
Large setup violation  
There is a large setup violation of -4.011 ns between Core_cpu/U_ifetch/pc_module/pc_reg[15]/C (clocked by clk_out1_cpuclk) and Mem_DRAM/U0/synth_options.dist_mem_inst/gen_sp_ram.spram_inst/ram_reg_11776_12031_15_15/RAMS64E_A/I (clocked by clk_out1_cpuclk). Large setup violations at the end of those stages might be difficult to fix during the post-placement implementation flow and could be the result of non-optimal XDC constraints or non-optimal design architecture
Related violations: <none>

TIMING-16#678 Warning
Large setup violation  
There is a large setup violation of -4.012 ns between Core_cpu/U_ifetch/pc_module/pc_reg[15]/C (clocked by clk_out1_cpuclk) and Mem_DRAM/U0/synth_options.dist_mem_inst/gen_sp_ram.spram_inst/ram_reg_10240_10495_18_18/RAMS64E_A/I (clocked by clk_out1_cpuclk). Large setup violations at the end of those stages might be difficult to fix during the post-placement implementation flow and could be the result of non-optimal XDC constraints or non-optimal design architecture
Related violations: <none>

TIMING-16#679 Warning
Large setup violation  
There is a large setup violation of -4.015 ns between Core_cpu/U_ifetch/pc_module/pc_reg[15]/C (clocked by clk_out1_cpuclk) and Core_cpu/U_idecode/rf_module/regts_reg_r1_0_31_6_11/RAMC/I (clocked by clk_out1_cpuclk). Large setup violations at the end of those stages might be difficult to fix during the post-placement implementation flow and could be the result of non-optimal XDC constraints or non-optimal design architecture
Related violations: <none>

TIMING-16#680 Warning
Large setup violation  
There is a large setup violation of -4.019 ns between Core_cpu/U_ifetch/pc_module/pc_reg[15]/C (clocked by clk_out1_cpuclk) and Mem_DRAM/U0/synth_options.dist_mem_inst/gen_sp_ram.spram_inst/ram_reg_1024_1279_6_6/RAMS64E_D/I (clocked by clk_out1_cpuclk). Large setup violations at the end of those stages might be difficult to fix during the post-placement implementation flow and could be the result of non-optimal XDC constraints or non-optimal design architecture
Related violations: <none>

TIMING-16#681 Warning
Large setup violation  
There is a large setup violation of -4.020 ns between Core_cpu/U_ifetch/pc_module/pc_reg[15]/C (clocked by clk_out1_cpuclk) and Mem_DRAM/U0/synth_options.dist_mem_inst/gen_sp_ram.spram_inst/ram_reg_11776_12031_18_18/RAMS64E_B/I (clocked by clk_out1_cpuclk). Large setup violations at the end of those stages might be difficult to fix during the post-placement implementation flow and could be the result of non-optimal XDC constraints or non-optimal design architecture
Related violations: <none>

TIMING-16#682 Warning
Large setup violation  
There is a large setup violation of -4.021 ns between Core_cpu/U_ifetch/pc_module/pc_reg[15]/C (clocked by clk_out1_cpuclk) and Mem_DRAM/U0/synth_options.dist_mem_inst/gen_sp_ram.spram_inst/ram_reg_10752_11007_13_13/RAMS64E_B/I (clocked by clk_out1_cpuclk). Large setup violations at the end of those stages might be difficult to fix during the post-placement implementation flow and could be the result of non-optimal XDC constraints or non-optimal design architecture
Related violations: <none>

TIMING-16#683 Warning
Large setup violation  
There is a large setup violation of -4.021 ns between Core_cpu/U_ifetch/pc_module/pc_reg[15]/C (clocked by clk_out1_cpuclk) and Mem_DRAM/U0/synth_options.dist_mem_inst/gen_sp_ram.spram_inst/ram_reg_11776_12031_18_18/RAMS64E_C/I (clocked by clk_out1_cpuclk). Large setup violations at the end of those stages might be difficult to fix during the post-placement implementation flow and could be the result of non-optimal XDC constraints or non-optimal design architecture
Related violations: <none>

TIMING-16#684 Warning
Large setup violation  
There is a large setup violation of -4.022 ns between Core_cpu/U_ifetch/pc_module/pc_reg[15]/C (clocked by clk_out1_cpuclk) and Mem_DRAM/U0/synth_options.dist_mem_inst/gen_sp_ram.spram_inst/ram_reg_10752_11007_13_13/RAMS64E_C/I (clocked by clk_out1_cpuclk). Large setup violations at the end of those stages might be difficult to fix during the post-placement implementation flow and could be the result of non-optimal XDC constraints or non-optimal design architecture
Related violations: <none>

TIMING-16#685 Warning
Large setup violation  
There is a large setup violation of -4.028 ns between Core_cpu/U_ifetch/pc_module/pc_reg[15]/C (clocked by clk_out1_cpuclk) and Mem_DRAM/U0/synth_options.dist_mem_inst/gen_sp_ram.spram_inst/ram_reg_0_255_26_26/RAMS64E_D/I (clocked by clk_out1_cpuclk). Large setup violations at the end of those stages might be difficult to fix during the post-placement implementation flow and could be the result of non-optimal XDC constraints or non-optimal design architecture
Related violations: <none>

TIMING-16#686 Warning
Large setup violation  
There is a large setup violation of -4.043 ns between Core_cpu/U_ifetch/pc_module/pc_reg[15]/C (clocked by clk_out1_cpuclk) and Mem_DRAM/U0/synth_options.dist_mem_inst/gen_sp_ram.spram_inst/ram_reg_10240_10495_13_13/RAMS64E_D/I (clocked by clk_out1_cpuclk). Large setup violations at the end of those stages might be difficult to fix during the post-placement implementation flow and could be the result of non-optimal XDC constraints or non-optimal design architecture
Related violations: <none>

TIMING-16#687 Warning
Large setup violation  
There is a large setup violation of -4.064 ns between Core_cpu/U_ifetch/pc_module/pc_reg[15]/C (clocked by clk_out1_cpuclk) and Mem_DRAM/U0/synth_options.dist_mem_inst/gen_sp_ram.spram_inst/ram_reg_10752_11007_22_22/RAMS64E_A/I (clocked by clk_out1_cpuclk). Large setup violations at the end of those stages might be difficult to fix during the post-placement implementation flow and could be the result of non-optimal XDC constraints or non-optimal design architecture
Related violations: <none>

TIMING-16#688 Warning
Large setup violation  
There is a large setup violation of -4.072 ns between Core_cpu/U_ifetch/pc_module/pc_reg[15]/C (clocked by clk_out1_cpuclk) and Mem_DRAM/U0/synth_options.dist_mem_inst/gen_sp_ram.spram_inst/ram_reg_11264_11519_25_25/RAMS64E_B/I (clocked by clk_out1_cpuclk). Large setup violations at the end of those stages might be difficult to fix during the post-placement implementation flow and could be the result of non-optimal XDC constraints or non-optimal design architecture
Related violations: <none>

TIMING-16#689 Warning
Large setup violation  
There is a large setup violation of -4.073 ns between Core_cpu/U_ifetch/pc_module/pc_reg[15]/C (clocked by clk_out1_cpuclk) and Mem_DRAM/U0/synth_options.dist_mem_inst/gen_sp_ram.spram_inst/ram_reg_11264_11519_25_25/RAMS64E_C/I (clocked by clk_out1_cpuclk). Large setup violations at the end of those stages might be difficult to fix during the post-placement implementation flow and could be the result of non-optimal XDC constraints or non-optimal design architecture
Related violations: <none>

TIMING-16#690 Warning
Large setup violation  
There is a large setup violation of -4.075 ns between Core_cpu/U_ifetch/pc_module/pc_reg[15]/C (clocked by clk_out1_cpuclk) and Mem_DRAM/U0/synth_options.dist_mem_inst/gen_sp_ram.spram_inst/ram_reg_11008_11263_27_27/RAMS64E_A/I (clocked by clk_out1_cpuclk). Large setup violations at the end of those stages might be difficult to fix during the post-placement implementation flow and could be the result of non-optimal XDC constraints or non-optimal design architecture
Related violations: <none>

TIMING-16#691 Warning
Large setup violation  
There is a large setup violation of -4.080 ns between Core_cpu/U_ifetch/pc_module/pc_reg[15]/C (clocked by clk_out1_cpuclk) and Mem_DRAM/U0/synth_options.dist_mem_inst/gen_sp_ram.spram_inst/ram_reg_11520_11775_6_6/RAMS64E_D/I (clocked by clk_out1_cpuclk). Large setup violations at the end of those stages might be difficult to fix during the post-placement implementation flow and could be the result of non-optimal XDC constraints or non-optimal design architecture
Related violations: <none>

TIMING-16#692 Warning
Large setup violation  
There is a large setup violation of -4.096 ns between Core_cpu/U_ifetch/pc_module/pc_reg[15]/C (clocked by clk_out1_cpuclk) and Mem_DRAM/U0/synth_options.dist_mem_inst/gen_sp_ram.spram_inst/ram_reg_10240_10495_7_7/RAMS64E_A/I (clocked by clk_out1_cpuclk). Large setup violations at the end of those stages might be difficult to fix during the post-placement implementation flow and could be the result of non-optimal XDC constraints or non-optimal design architecture
Related violations: <none>

TIMING-16#693 Warning
Large setup violation  
There is a large setup violation of -4.097 ns between Core_cpu/U_ifetch/pc_module/pc_reg[15]/C (clocked by clk_out1_cpuclk) and Mem_DRAM/U0/synth_options.dist_mem_inst/gen_sp_ram.spram_inst/ram_reg_1024_1279_15_15/RAMS64E_A/I (clocked by clk_out1_cpuclk). Large setup violations at the end of those stages might be difficult to fix during the post-placement implementation flow and could be the result of non-optimal XDC constraints or non-optimal design architecture
Related violations: <none>

TIMING-16#694 Warning
Large setup violation  
There is a large setup violation of -4.100 ns between Core_cpu/U_ifetch/pc_module/pc_reg[15]/C (clocked by clk_out1_cpuclk) and Mem_DRAM/U0/synth_options.dist_mem_inst/gen_sp_ram.spram_inst/ram_reg_11776_12031_22_22/RAMS64E_B/I (clocked by clk_out1_cpuclk). Large setup violations at the end of those stages might be difficult to fix during the post-placement implementation flow and could be the result of non-optimal XDC constraints or non-optimal design architecture
Related violations: <none>

TIMING-16#695 Warning
Large setup violation  
There is a large setup violation of -4.101 ns between Core_cpu/U_ifetch/pc_module/pc_reg[15]/C (clocked by clk_out1_cpuclk) and Mem_DRAM/U0/synth_options.dist_mem_inst/gen_sp_ram.spram_inst/ram_reg_11776_12031_22_22/RAMS64E_C/I (clocked by clk_out1_cpuclk). Large setup violations at the end of those stages might be difficult to fix during the post-placement implementation flow and could be the result of non-optimal XDC constraints or non-optimal design architecture
Related violations: <none>

TIMING-16#696 Warning
Large setup violation  
There is a large setup violation of -4.105 ns between Core_cpu/U_ifetch/pc_module/pc_reg[15]/C (clocked by clk_out1_cpuclk) and Mem_DRAM/U0/synth_options.dist_mem_inst/gen_sp_ram.spram_inst/ram_reg_11520_11775_29_29/RAMS64E_B/I (clocked by clk_out1_cpuclk). Large setup violations at the end of those stages might be difficult to fix during the post-placement implementation flow and could be the result of non-optimal XDC constraints or non-optimal design architecture
Related violations: <none>

TIMING-16#697 Warning
Large setup violation  
There is a large setup violation of -4.106 ns between Core_cpu/U_ifetch/pc_module/pc_reg[15]/C (clocked by clk_out1_cpuclk) and Mem_DRAM/U0/synth_options.dist_mem_inst/gen_sp_ram.spram_inst/ram_reg_11520_11775_29_29/RAMS64E_C/I (clocked by clk_out1_cpuclk). Large setup violations at the end of those stages might be difficult to fix during the post-placement implementation flow and could be the result of non-optimal XDC constraints or non-optimal design architecture
Related violations: <none>

TIMING-16#698 Warning
Large setup violation  
There is a large setup violation of -4.110 ns between Core_cpu/U_ifetch/pc_module/pc_reg[15]/C (clocked by clk_out1_cpuclk) and Mem_DRAM/U0/synth_options.dist_mem_inst/gen_sp_ram.spram_inst/ram_reg_10496_10751_15_15/RAMS64E_B/I (clocked by clk_out1_cpuclk). Large setup violations at the end of those stages might be difficult to fix during the post-placement implementation flow and could be the result of non-optimal XDC constraints or non-optimal design architecture
Related violations: <none>

TIMING-16#699 Warning
Large setup violation  
There is a large setup violation of -4.110 ns between Core_cpu/U_ifetch/pc_module/pc_reg[15]/C (clocked by clk_out1_cpuclk) and Mem_DRAM/U0/synth_options.dist_mem_inst/gen_sp_ram.spram_inst/ram_reg_10496_10751_24_24/RAMS64E_A/I (clocked by clk_out1_cpuclk). Large setup violations at the end of those stages might be difficult to fix during the post-placement implementation flow and could be the result of non-optimal XDC constraints or non-optimal design architecture
Related violations: <none>

TIMING-16#700 Warning
Large setup violation  
There is a large setup violation of -4.111 ns between Core_cpu/U_ifetch/pc_module/pc_reg[15]/C (clocked by clk_out1_cpuclk) and Mem_DRAM/U0/synth_options.dist_mem_inst/gen_sp_ram.spram_inst/ram_reg_10496_10751_15_15/RAMS64E_C/I (clocked by clk_out1_cpuclk). Large setup violations at the end of those stages might be difficult to fix during the post-placement implementation flow and could be the result of non-optimal XDC constraints or non-optimal design architecture
Related violations: <none>

TIMING-16#701 Warning
Large setup violation  
There is a large setup violation of -4.111 ns between Core_cpu/U_ifetch/pc_module/pc_reg[15]/C (clocked by clk_out1_cpuclk) and Mem_DRAM/U0/synth_options.dist_mem_inst/gen_sp_ram.spram_inst/ram_reg_11008_11263_15_15/RAMS64E_A/I (clocked by clk_out1_cpuclk). Large setup violations at the end of those stages might be difficult to fix during the post-placement implementation flow and could be the result of non-optimal XDC constraints or non-optimal design architecture
Related violations: <none>

TIMING-16#702 Warning
Large setup violation  
There is a large setup violation of -4.118 ns between Core_cpu/U_ifetch/pc_module/pc_reg[15]/C (clocked by clk_out1_cpuclk) and Mem_DRAM/U0/synth_options.dist_mem_inst/gen_sp_ram.spram_inst/ram_reg_11776_12031_8_8/RAMS64E_D/I (clocked by clk_out1_cpuclk). Large setup violations at the end of those stages might be difficult to fix during the post-placement implementation flow and could be the result of non-optimal XDC constraints or non-optimal design architecture
Related violations: <none>

TIMING-16#703 Warning
Large setup violation  
There is a large setup violation of -4.125 ns between Core_cpu/U_ifetch/pc_module/pc_reg[15]/C (clocked by clk_out1_cpuclk) and Mem_DRAM/U0/synth_options.dist_mem_inst/gen_sp_ram.spram_inst/ram_reg_11520_11775_18_18/RAMS64E_A/I (clocked by clk_out1_cpuclk). Large setup violations at the end of those stages might be difficult to fix during the post-placement implementation flow and could be the result of non-optimal XDC constraints or non-optimal design architecture
Related violations: <none>

TIMING-16#704 Warning
Large setup violation  
There is a large setup violation of -4.136 ns between Core_cpu/U_ifetch/pc_module/pc_reg[15]/C (clocked by clk_out1_cpuclk) and Core_cpu/U_idecode/rf_module/regts_reg_r2_0_31_6_11/RAMC/I (clocked by clk_out1_cpuclk). Large setup violations at the end of those stages might be difficult to fix during the post-placement implementation flow and could be the result of non-optimal XDC constraints or non-optimal design architecture
Related violations: <none>

TIMING-16#705 Warning
Large setup violation  
There is a large setup violation of -4.140 ns between Core_cpu/U_ifetch/pc_module/pc_reg[15]/C (clocked by clk_out1_cpuclk) and Mem_DRAM/U0/synth_options.dist_mem_inst/gen_sp_ram.spram_inst/ram_reg_11520_11775_27_27/RAMS64E_A/I (clocked by clk_out1_cpuclk). Large setup violations at the end of those stages might be difficult to fix during the post-placement implementation flow and could be the result of non-optimal XDC constraints or non-optimal design architecture
Related violations: <none>

TIMING-16#706 Warning
Large setup violation  
There is a large setup violation of -4.141 ns between Core_cpu/U_ifetch/pc_module/pc_reg[15]/C (clocked by clk_out1_cpuclk) and Mem_DRAM/U0/synth_options.dist_mem_inst/gen_sp_ram.spram_inst/ram_reg_0_255_18_18/RAMS64E_B/I (clocked by clk_out1_cpuclk). Large setup violations at the end of those stages might be difficult to fix during the post-placement implementation flow and could be the result of non-optimal XDC constraints or non-optimal design architecture
Related violations: <none>

TIMING-16#707 Warning
Large setup violation  
There is a large setup violation of -4.142 ns between Core_cpu/U_ifetch/pc_module/pc_reg[15]/C (clocked by clk_out1_cpuclk) and Mem_DRAM/U0/synth_options.dist_mem_inst/gen_sp_ram.spram_inst/ram_reg_0_255_18_18/RAMS64E_C/I (clocked by clk_out1_cpuclk). Large setup violations at the end of those stages might be difficult to fix during the post-placement implementation flow and could be the result of non-optimal XDC constraints or non-optimal design architecture
Related violations: <none>

TIMING-16#708 Warning
Large setup violation  
There is a large setup violation of -4.158 ns between Core_cpu/U_ifetch/pc_module/pc_reg[15]/C (clocked by clk_out1_cpuclk) and Mem_DRAM/U0/synth_options.dist_mem_inst/gen_sp_ram.spram_inst/ram_reg_11520_11775_15_15/RAMS64E_A/I (clocked by clk_out1_cpuclk). Large setup violations at the end of those stages might be difficult to fix during the post-placement implementation flow and could be the result of non-optimal XDC constraints or non-optimal design architecture
Related violations: <none>

TIMING-16#709 Warning
Large setup violation  
There is a large setup violation of -4.169 ns between Core_cpu/U_ifetch/pc_module/pc_reg[15]/C (clocked by clk_out1_cpuclk) and Mem_DRAM/U0/synth_options.dist_mem_inst/gen_sp_ram.spram_inst/ram_reg_11008_11263_18_18/RAMS64E_A/I (clocked by clk_out1_cpuclk). Large setup violations at the end of those stages might be difficult to fix during the post-placement implementation flow and could be the result of non-optimal XDC constraints or non-optimal design architecture
Related violations: <none>

TIMING-16#710 Warning
Large setup violation  
There is a large setup violation of -4.170 ns between Core_cpu/U_ifetch/pc_module/pc_reg[15]/C (clocked by clk_out1_cpuclk) and Mem_DRAM/U0/synth_options.dist_mem_inst/gen_sp_ram.spram_inst/ram_reg_11008_11263_22_22/RAMS64E_D/I (clocked by clk_out1_cpuclk). Large setup violations at the end of those stages might be difficult to fix during the post-placement implementation flow and could be the result of non-optimal XDC constraints or non-optimal design architecture
Related violations: <none>

TIMING-16#711 Warning
Large setup violation  
There is a large setup violation of -4.173 ns between Core_cpu/U_ifetch/pc_module/pc_reg[15]/C (clocked by clk_out1_cpuclk) and Mem_DRAM/U0/synth_options.dist_mem_inst/gen_sp_ram.spram_inst/ram_reg_11776_12031_13_13/RAMS64E_B/I (clocked by clk_out1_cpuclk). Large setup violations at the end of those stages might be difficult to fix during the post-placement implementation flow and could be the result of non-optimal XDC constraints or non-optimal design architecture
Related violations: <none>

TIMING-16#712 Warning
Large setup violation  
There is a large setup violation of -4.174 ns between Core_cpu/U_ifetch/pc_module/pc_reg[15]/C (clocked by clk_out1_cpuclk) and Mem_DRAM/U0/synth_options.dist_mem_inst/gen_sp_ram.spram_inst/ram_reg_11776_12031_13_13/RAMS64E_C/I (clocked by clk_out1_cpuclk). Large setup violations at the end of those stages might be difficult to fix during the post-placement implementation flow and could be the result of non-optimal XDC constraints or non-optimal design architecture
Related violations: <none>

TIMING-16#713 Warning
Large setup violation  
There is a large setup violation of -4.181 ns between Core_cpu/U_ifetch/pc_module/pc_reg[15]/C (clocked by clk_out1_cpuclk) and Mem_DRAM/U0/synth_options.dist_mem_inst/gen_sp_ram.spram_inst/ram_reg_11776_12031_25_25/RAMS64E_A/I (clocked by clk_out1_cpuclk). Large setup violations at the end of those stages might be difficult to fix during the post-placement implementation flow and could be the result of non-optimal XDC constraints or non-optimal design architecture
Related violations: <none>

TIMING-16#714 Warning
Large setup violation  
There is a large setup violation of -4.189 ns between Core_cpu/U_ifetch/pc_module/pc_reg[15]/C (clocked by clk_out1_cpuclk) and Mem_DRAM/U0/synth_options.dist_mem_inst/gen_sp_ram.spram_inst/ram_reg_10752_11007_18_18/RAMS64E_D/I (clocked by clk_out1_cpuclk). Large setup violations at the end of those stages might be difficult to fix during the post-placement implementation flow and could be the result of non-optimal XDC constraints or non-optimal design architecture
Related violations: <none>

TIMING-16#715 Warning
Large setup violation  
There is a large setup violation of -4.191 ns between Core_cpu/U_ifetch/pc_module/pc_reg[15]/C (clocked by clk_out1_cpuclk) and Mem_DRAM/U0/synth_options.dist_mem_inst/gen_sp_ram.spram_inst/ram_reg_11520_11775_13_13/RAMS64E_B/I (clocked by clk_out1_cpuclk). Large setup violations at the end of those stages might be difficult to fix during the post-placement implementation flow and could be the result of non-optimal XDC constraints or non-optimal design architecture
Related violations: <none>

TIMING-16#716 Warning
Large setup violation  
There is a large setup violation of -4.192 ns between Core_cpu/U_ifetch/pc_module/pc_reg[15]/C (clocked by clk_out1_cpuclk) and Mem_DRAM/U0/synth_options.dist_mem_inst/gen_sp_ram.spram_inst/ram_reg_11520_11775_13_13/RAMS64E_C/I (clocked by clk_out1_cpuclk). Large setup violations at the end of those stages might be difficult to fix during the post-placement implementation flow and could be the result of non-optimal XDC constraints or non-optimal design architecture
Related violations: <none>

TIMING-16#717 Warning
Large setup violation  
There is a large setup violation of -4.195 ns between Core_cpu/U_ifetch/pc_module/pc_reg[15]/C (clocked by clk_out1_cpuclk) and Mem_DRAM/U0/synth_options.dist_mem_inst/gen_sp_ram.spram_inst/ram_reg_12032_12287_13_13/RAMS64E_B/I (clocked by clk_out1_cpuclk). Large setup violations at the end of those stages might be difficult to fix during the post-placement implementation flow and could be the result of non-optimal XDC constraints or non-optimal design architecture
Related violations: <none>

TIMING-16#718 Warning
Large setup violation  
There is a large setup violation of -4.196 ns between Core_cpu/U_ifetch/pc_module/pc_reg[15]/C (clocked by clk_out1_cpuclk) and Mem_DRAM/U0/synth_options.dist_mem_inst/gen_sp_ram.spram_inst/ram_reg_12032_12287_13_13/RAMS64E_C/I (clocked by clk_out1_cpuclk). Large setup violations at the end of those stages might be difficult to fix during the post-placement implementation flow and could be the result of non-optimal XDC constraints or non-optimal design architecture
Related violations: <none>

TIMING-16#719 Warning
Large setup violation  
There is a large setup violation of -4.200 ns between Core_cpu/U_ifetch/pc_module/pc_reg[15]/C (clocked by clk_out1_cpuclk) and Mem_DRAM/U0/synth_options.dist_mem_inst/gen_sp_ram.spram_inst/ram_reg_10752_11007_8_8/RAMS64E_A/I (clocked by clk_out1_cpuclk). Large setup violations at the end of those stages might be difficult to fix during the post-placement implementation flow and could be the result of non-optimal XDC constraints or non-optimal design architecture
Related violations: <none>

TIMING-16#720 Warning
Large setup violation  
There is a large setup violation of -4.203 ns between Core_cpu/U_ifetch/pc_module/pc_reg[15]/C (clocked by clk_out1_cpuclk) and Core_cpu/U_idecode/rf_module/regts_reg_r2_0_31_6_11/RAMB_D1/I (clocked by clk_out1_cpuclk). Large setup violations at the end of those stages might be difficult to fix during the post-placement implementation flow and could be the result of non-optimal XDC constraints or non-optimal design architecture
Related violations: <none>

TIMING-16#721 Warning
Large setup violation  
There is a large setup violation of -4.213 ns between Core_cpu/U_ifetch/pc_module/pc_reg[15]/C (clocked by clk_out1_cpuclk) and Mem_DRAM/U0/synth_options.dist_mem_inst/gen_sp_ram.spram_inst/ram_reg_10752_11007_29_29/RAMS64E_A/I (clocked by clk_out1_cpuclk). Large setup violations at the end of those stages might be difficult to fix during the post-placement implementation flow and could be the result of non-optimal XDC constraints or non-optimal design architecture
Related violations: <none>

TIMING-16#722 Warning
Large setup violation  
There is a large setup violation of -4.236 ns between Core_cpu/U_ifetch/pc_module/pc_reg[15]/C (clocked by clk_out1_cpuclk) and Mem_DRAM/U0/synth_options.dist_mem_inst/gen_sp_ram.spram_inst/ram_reg_10496_10751_0_0/RAMS64E_D/I (clocked by clk_out1_cpuclk). Large setup violations at the end of those stages might be difficult to fix during the post-placement implementation flow and could be the result of non-optimal XDC constraints or non-optimal design architecture
Related violations: <none>

TIMING-16#723 Warning
Large setup violation  
There is a large setup violation of -4.237 ns between Core_cpu/U_ifetch/pc_module/pc_reg[15]/C (clocked by clk_out1_cpuclk) and Mem_DRAM/U0/synth_options.dist_mem_inst/gen_sp_ram.spram_inst/ram_reg_0_255_15_15/RAMS64E_A/I (clocked by clk_out1_cpuclk). Large setup violations at the end of those stages might be difficult to fix during the post-placement implementation flow and could be the result of non-optimal XDC constraints or non-optimal design architecture
Related violations: <none>

TIMING-16#724 Warning
Large setup violation  
There is a large setup violation of -4.246 ns between Core_cpu/U_ifetch/pc_module/pc_reg[15]/C (clocked by clk_out1_cpuclk) and Mem_DRAM/U0/synth_options.dist_mem_inst/gen_sp_ram.spram_inst/ram_reg_11776_12031_7_7/RAMS64E_A/I (clocked by clk_out1_cpuclk). Large setup violations at the end of those stages might be difficult to fix during the post-placement implementation flow and could be the result of non-optimal XDC constraints or non-optimal design architecture
Related violations: <none>

TIMING-16#725 Warning
Large setup violation  
There is a large setup violation of -4.247 ns between Core_cpu/U_ifetch/pc_module/pc_reg[15]/C (clocked by clk_out1_cpuclk) and Mem_DRAM/U0/synth_options.dist_mem_inst/gen_sp_ram.spram_inst/ram_reg_11264_11519_18_18/RAMS64E_A/I (clocked by clk_out1_cpuclk). Large setup violations at the end of those stages might be difficult to fix during the post-placement implementation flow and could be the result of non-optimal XDC constraints or non-optimal design architecture
Related violations: <none>

TIMING-16#726 Warning
Large setup violation  
There is a large setup violation of -4.248 ns between Core_cpu/U_ifetch/pc_module/pc_reg[15]/C (clocked by clk_out1_cpuclk) and Mem_DRAM/U0/synth_options.dist_mem_inst/gen_sp_ram.spram_inst/ram_reg_10752_11007_24_24/RAMS64E_A/I (clocked by clk_out1_cpuclk). Large setup violations at the end of those stages might be difficult to fix during the post-placement implementation flow and could be the result of non-optimal XDC constraints or non-optimal design architecture
Related violations: <none>

TIMING-16#727 Warning
Large setup violation  
There is a large setup violation of -4.249 ns between Core_cpu/U_ifetch/pc_module/pc_reg[15]/C (clocked by clk_out1_cpuclk) and Mem_DRAM/U0/synth_options.dist_mem_inst/gen_sp_ram.spram_inst/ram_reg_11520_11775_22_22/RAMS64E_A/I (clocked by clk_out1_cpuclk). Large setup violations at the end of those stages might be difficult to fix during the post-placement implementation flow and could be the result of non-optimal XDC constraints or non-optimal design architecture
Related violations: <none>

TIMING-16#728 Warning
Large setup violation  
There is a large setup violation of -4.256 ns between Core_cpu/U_ifetch/pc_module/pc_reg[15]/C (clocked by clk_out1_cpuclk) and Mem_DRAM/U0/synth_options.dist_mem_inst/gen_sp_ram.spram_inst/ram_reg_1024_1279_29_29/RAMS64E_B/I (clocked by clk_out1_cpuclk). Large setup violations at the end of those stages might be difficult to fix during the post-placement implementation flow and could be the result of non-optimal XDC constraints or non-optimal design architecture
Related violations: <none>

TIMING-16#729 Warning
Large setup violation  
There is a large setup violation of -4.257 ns between Core_cpu/U_ifetch/pc_module/pc_reg[15]/C (clocked by clk_out1_cpuclk) and Mem_DRAM/U0/synth_options.dist_mem_inst/gen_sp_ram.spram_inst/ram_reg_1024_1279_29_29/RAMS64E_C/I (clocked by clk_out1_cpuclk). Large setup violations at the end of those stages might be difficult to fix during the post-placement implementation flow and could be the result of non-optimal XDC constraints or non-optimal design architecture
Related violations: <none>

TIMING-16#730 Warning
Large setup violation  
There is a large setup violation of -4.272 ns between Core_cpu/U_ifetch/pc_module/pc_reg[15]/C (clocked by clk_out1_cpuclk) and Mem_DRAM/U0/synth_options.dist_mem_inst/gen_sp_ram.spram_inst/ram_reg_1024_1279_6_6/RAMS64E_B/I (clocked by clk_out1_cpuclk). Large setup violations at the end of those stages might be difficult to fix during the post-placement implementation flow and could be the result of non-optimal XDC constraints or non-optimal design architecture
Related violations: <none>

TIMING-16#731 Warning
Large setup violation  
There is a large setup violation of -4.273 ns between Core_cpu/U_ifetch/pc_module/pc_reg[15]/C (clocked by clk_out1_cpuclk) and Mem_DRAM/U0/synth_options.dist_mem_inst/gen_sp_ram.spram_inst/ram_reg_1024_1279_6_6/RAMS64E_C/I (clocked by clk_out1_cpuclk). Large setup violations at the end of those stages might be difficult to fix during the post-placement implementation flow and could be the result of non-optimal XDC constraints or non-optimal design architecture
Related violations: <none>

TIMING-16#732 Warning
Large setup violation  
There is a large setup violation of -4.274 ns between Core_cpu/U_ifetch/pc_module/pc_reg[15]/C (clocked by clk_out1_cpuclk) and Mem_DRAM/U0/synth_options.dist_mem_inst/gen_sp_ram.spram_inst/ram_reg_0_255_6_6/RAMS64E_A/I (clocked by clk_out1_cpuclk). Large setup violations at the end of those stages might be difficult to fix during the post-placement implementation flow and could be the result of non-optimal XDC constraints or non-optimal design architecture
Related violations: <none>

TIMING-16#733 Warning
Large setup violation  
There is a large setup violation of -4.281 ns between Core_cpu/U_ifetch/pc_module/pc_reg[15]/C (clocked by clk_out1_cpuclk) and Mem_DRAM/U0/synth_options.dist_mem_inst/gen_sp_ram.spram_inst/ram_reg_0_255_26_26/RAMS64E_B/I (clocked by clk_out1_cpuclk). Large setup violations at the end of those stages might be difficult to fix during the post-placement implementation flow and could be the result of non-optimal XDC constraints or non-optimal design architecture
Related violations: <none>

TIMING-16#734 Warning
Large setup violation  
There is a large setup violation of -4.281 ns between Core_cpu/U_ifetch/pc_module/pc_reg[15]/C (clocked by clk_out1_cpuclk) and Mem_DRAM/U0/synth_options.dist_mem_inst/gen_sp_ram.spram_inst/ram_reg_10496_10751_18_18/RAMS64E_A/I (clocked by clk_out1_cpuclk). Large setup violations at the end of those stages might be difficult to fix during the post-placement implementation flow and could be the result of non-optimal XDC constraints or non-optimal design architecture
Related violations: <none>

TIMING-16#735 Warning
Large setup violation  
There is a large setup violation of -4.282 ns between Core_cpu/U_ifetch/pc_module/pc_reg[15]/C (clocked by clk_out1_cpuclk) and Mem_DRAM/U0/synth_options.dist_mem_inst/gen_sp_ram.spram_inst/ram_reg_0_255_26_26/RAMS64E_C/I (clocked by clk_out1_cpuclk). Large setup violations at the end of those stages might be difficult to fix during the post-placement implementation flow and could be the result of non-optimal XDC constraints or non-optimal design architecture
Related violations: <none>

TIMING-16#736 Warning
Large setup violation  
There is a large setup violation of -4.296 ns between Core_cpu/U_ifetch/pc_module/pc_reg[15]/C (clocked by clk_out1_cpuclk) and Mem_DRAM/U0/synth_options.dist_mem_inst/gen_sp_ram.spram_inst/ram_reg_10240_10495_13_13/RAMS64E_B/I (clocked by clk_out1_cpuclk). Large setup violations at the end of those stages might be difficult to fix during the post-placement implementation flow and could be the result of non-optimal XDC constraints or non-optimal design architecture
Related violations: <none>

TIMING-16#737 Warning
Large setup violation  
There is a large setup violation of -4.297 ns between Core_cpu/U_ifetch/pc_module/pc_reg[15]/C (clocked by clk_out1_cpuclk) and Mem_DRAM/U0/synth_options.dist_mem_inst/gen_sp_ram.spram_inst/ram_reg_10240_10495_13_13/RAMS64E_C/I (clocked by clk_out1_cpuclk). Large setup violations at the end of those stages might be difficult to fix during the post-placement implementation flow and could be the result of non-optimal XDC constraints or non-optimal design architecture
Related violations: <none>

TIMING-16#738 Warning
Large setup violation  
There is a large setup violation of -4.308 ns between Core_cpu/U_ifetch/pc_module/pc_reg[15]/C (clocked by clk_out1_cpuclk) and Mem_DRAM/U0/synth_options.dist_mem_inst/gen_sp_ram.spram_inst/ram_reg_11776_12031_18_18/RAMS64E_A/I (clocked by clk_out1_cpuclk). Large setup violations at the end of those stages might be difficult to fix during the post-placement implementation flow and could be the result of non-optimal XDC constraints or non-optimal design architecture
Related violations: <none>

TIMING-16#739 Warning
Large setup violation  
There is a large setup violation of -4.309 ns between Core_cpu/U_ifetch/pc_module/pc_reg[15]/C (clocked by clk_out1_cpuclk) and Mem_DRAM/U0/synth_options.dist_mem_inst/gen_sp_ram.spram_inst/ram_reg_10752_11007_13_13/RAMS64E_A/I (clocked by clk_out1_cpuclk). Large setup violations at the end of those stages might be difficult to fix during the post-placement implementation flow and could be the result of non-optimal XDC constraints or non-optimal design architecture
Related violations: <none>

TIMING-16#740 Warning
Large setup violation  
There is a large setup violation of -4.322 ns between Core_cpu/U_ifetch/pc_module/pc_reg[15]/C (clocked by clk_out1_cpuclk) and Mem_DRAM/U0/synth_options.dist_mem_inst/gen_sp_ram.spram_inst/ram_reg_10496_10751_22_22/RAMS64E_D/I (clocked by clk_out1_cpuclk). Large setup violations at the end of those stages might be difficult to fix during the post-placement implementation flow and could be the result of non-optimal XDC constraints or non-optimal design architecture
Related violations: <none>

TIMING-16#741 Warning
Large setup violation  
There is a large setup violation of -4.333 ns between Core_cpu/U_ifetch/pc_module/pc_reg[15]/C (clocked by clk_out1_cpuclk) and Mem_DRAM/U0/synth_options.dist_mem_inst/gen_sp_ram.spram_inst/ram_reg_11520_11775_6_6/RAMS64E_B/I (clocked by clk_out1_cpuclk). Large setup violations at the end of those stages might be difficult to fix during the post-placement implementation flow and could be the result of non-optimal XDC constraints or non-optimal design architecture
Related violations: <none>

TIMING-16#742 Warning
Large setup violation  
There is a large setup violation of -4.334 ns between Core_cpu/U_ifetch/pc_module/pc_reg[15]/C (clocked by clk_out1_cpuclk) and Mem_DRAM/U0/synth_options.dist_mem_inst/gen_sp_ram.spram_inst/ram_reg_11520_11775_6_6/RAMS64E_C/I (clocked by clk_out1_cpuclk). Large setup violations at the end of those stages might be difficult to fix during the post-placement implementation flow and could be the result of non-optimal XDC constraints or non-optimal design architecture
Related violations: <none>

TIMING-16#743 Warning
Large setup violation  
There is a large setup violation of -4.344 ns between Core_cpu/U_ifetch/pc_module/pc_reg[15]/C (clocked by clk_out1_cpuclk) and Mem_DRAM/U0/synth_options.dist_mem_inst/gen_sp_ram.spram_inst/ram_reg_0_255_21_21/RAMS64E_D/I (clocked by clk_out1_cpuclk). Large setup violations at the end of those stages might be difficult to fix during the post-placement implementation flow and could be the result of non-optimal XDC constraints or non-optimal design architecture
Related violations: <none>

TIMING-16#744 Warning
Large setup violation  
There is a large setup violation of -4.360 ns between Core_cpu/U_ifetch/pc_module/pc_reg[15]/C (clocked by clk_out1_cpuclk) and Mem_DRAM/U0/synth_options.dist_mem_inst/gen_sp_ram.spram_inst/ram_reg_11264_11519_25_25/RAMS64E_A/I (clocked by clk_out1_cpuclk). Large setup violations at the end of those stages might be difficult to fix during the post-placement implementation flow and could be the result of non-optimal XDC constraints or non-optimal design architecture
Related violations: <none>

TIMING-16#745 Warning
Large setup violation  
There is a large setup violation of -4.371 ns between Core_cpu/U_ifetch/pc_module/pc_reg[15]/C (clocked by clk_out1_cpuclk) and Mem_DRAM/U0/synth_options.dist_mem_inst/gen_sp_ram.spram_inst/ram_reg_11776_12031_8_8/RAMS64E_B/I (clocked by clk_out1_cpuclk). Large setup violations at the end of those stages might be difficult to fix during the post-placement implementation flow and could be the result of non-optimal XDC constraints or non-optimal design architecture
Related violations: <none>

TIMING-16#746 Warning
Large setup violation  
There is a large setup violation of -4.372 ns between Core_cpu/U_ifetch/pc_module/pc_reg[15]/C (clocked by clk_out1_cpuclk) and Mem_DRAM/U0/synth_options.dist_mem_inst/gen_sp_ram.spram_inst/ram_reg_11776_12031_8_8/RAMS64E_C/I (clocked by clk_out1_cpuclk). Large setup violations at the end of those stages might be difficult to fix during the post-placement implementation flow and could be the result of non-optimal XDC constraints or non-optimal design architecture
Related violations: <none>

TIMING-16#747 Warning
Large setup violation  
There is a large setup violation of -4.388 ns between Core_cpu/U_ifetch/pc_module/pc_reg[15]/C (clocked by clk_out1_cpuclk) and Mem_DRAM/U0/synth_options.dist_mem_inst/gen_sp_ram.spram_inst/ram_reg_11776_12031_22_22/RAMS64E_A/I (clocked by clk_out1_cpuclk). Large setup violations at the end of those stages might be difficult to fix during the post-placement implementation flow and could be the result of non-optimal XDC constraints or non-optimal design architecture
Related violations: <none>

TIMING-16#748 Warning
Large setup violation  
There is a large setup violation of -4.393 ns between Core_cpu/U_ifetch/pc_module/pc_reg[15]/C (clocked by clk_out1_cpuclk) and Mem_DRAM/U0/synth_options.dist_mem_inst/gen_sp_ram.spram_inst/ram_reg_11520_11775_29_29/RAMS64E_A/I (clocked by clk_out1_cpuclk). Large setup violations at the end of those stages might be difficult to fix during the post-placement implementation flow and could be the result of non-optimal XDC constraints or non-optimal design architecture
Related violations: <none>

TIMING-16#749 Warning
Large setup violation  
There is a large setup violation of -4.398 ns between Core_cpu/U_ifetch/pc_module/pc_reg[15]/C (clocked by clk_out1_cpuclk) and Mem_DRAM/U0/synth_options.dist_mem_inst/gen_sp_ram.spram_inst/ram_reg_10496_10751_15_15/RAMS64E_A/I (clocked by clk_out1_cpuclk). Large setup violations at the end of those stages might be difficult to fix during the post-placement implementation flow and could be the result of non-optimal XDC constraints or non-optimal design architecture
Related violations: <none>

TIMING-16#750 Warning
Large setup violation  
There is a large setup violation of -4.409 ns between Core_cpu/U_ifetch/pc_module/pc_reg[15]/C (clocked by clk_out1_cpuclk) and Mem_DRAM/U0/synth_options.dist_mem_inst/gen_sp_ram.spram_inst/ram_reg_11008_11263_6_6/RAMS64E_D/I (clocked by clk_out1_cpuclk). Large setup violations at the end of those stages might be difficult to fix during the post-placement implementation flow and could be the result of non-optimal XDC constraints or non-optimal design architecture
Related violations: <none>

TIMING-16#751 Warning
Large setup violation  
There is a large setup violation of -4.423 ns between Core_cpu/U_ifetch/pc_module/pc_reg[15]/C (clocked by clk_out1_cpuclk) and Mem_DRAM/U0/synth_options.dist_mem_inst/gen_sp_ram.spram_inst/ram_reg_11008_11263_22_22/RAMS64E_B/I (clocked by clk_out1_cpuclk). Large setup violations at the end of those stages might be difficult to fix during the post-placement implementation flow and could be the result of non-optimal XDC constraints or non-optimal design architecture
Related violations: <none>

TIMING-16#752 Warning
Large setup violation  
There is a large setup violation of -4.424 ns between Core_cpu/U_ifetch/pc_module/pc_reg[15]/C (clocked by clk_out1_cpuclk) and Mem_DRAM/U0/synth_options.dist_mem_inst/gen_sp_ram.spram_inst/ram_reg_11008_11263_22_22/RAMS64E_C/I (clocked by clk_out1_cpuclk). Large setup violations at the end of those stages might be difficult to fix during the post-placement implementation flow and could be the result of non-optimal XDC constraints or non-optimal design architecture
Related violations: <none>

TIMING-16#753 Warning
Large setup violation  
There is a large setup violation of -4.429 ns between Core_cpu/U_ifetch/pc_module/pc_reg[15]/C (clocked by clk_out1_cpuclk) and Mem_DRAM/U0/synth_options.dist_mem_inst/gen_sp_ram.spram_inst/ram_reg_0_255_18_18/RAMS64E_A/I (clocked by clk_out1_cpuclk). Large setup violations at the end of those stages might be difficult to fix during the post-placement implementation flow and could be the result of non-optimal XDC constraints or non-optimal design architecture
Related violations: <none>

TIMING-16#754 Warning
Large setup violation  
There is a large setup violation of -4.442 ns between Core_cpu/U_ifetch/pc_module/pc_reg[15]/C (clocked by clk_out1_cpuclk) and Mem_DRAM/U0/synth_options.dist_mem_inst/gen_sp_ram.spram_inst/ram_reg_10752_11007_18_18/RAMS64E_B/I (clocked by clk_out1_cpuclk). Large setup violations at the end of those stages might be difficult to fix during the post-placement implementation flow and could be the result of non-optimal XDC constraints or non-optimal design architecture
Related violations: <none>

TIMING-16#755 Warning
Large setup violation  
There is a large setup violation of -4.443 ns between Core_cpu/U_ifetch/pc_module/pc_reg[15]/C (clocked by clk_out1_cpuclk) and Mem_DRAM/U0/synth_options.dist_mem_inst/gen_sp_ram.spram_inst/ram_reg_10752_11007_17_17/RAMS64E_D/I (clocked by clk_out1_cpuclk). Large setup violations at the end of those stages might be difficult to fix during the post-placement implementation flow and could be the result of non-optimal XDC constraints or non-optimal design architecture
Related violations: <none>

TIMING-16#756 Warning
Large setup violation  
There is a large setup violation of -4.443 ns between Core_cpu/U_ifetch/pc_module/pc_reg[15]/C (clocked by clk_out1_cpuclk) and Mem_DRAM/U0/synth_options.dist_mem_inst/gen_sp_ram.spram_inst/ram_reg_10752_11007_18_18/RAMS64E_C/I (clocked by clk_out1_cpuclk). Large setup violations at the end of those stages might be difficult to fix during the post-placement implementation flow and could be the result of non-optimal XDC constraints or non-optimal design architecture
Related violations: <none>

TIMING-16#757 Warning
Large setup violation  
There is a large setup violation of -4.461 ns between Core_cpu/U_ifetch/pc_module/pc_reg[15]/C (clocked by clk_out1_cpuclk) and Mem_DRAM/U0/synth_options.dist_mem_inst/gen_sp_ram.spram_inst/ram_reg_11776_12031_13_13/RAMS64E_A/I (clocked by clk_out1_cpuclk). Large setup violations at the end of those stages might be difficult to fix during the post-placement implementation flow and could be the result of non-optimal XDC constraints or non-optimal design architecture
Related violations: <none>

TIMING-16#758 Warning
Large setup violation  
There is a large setup violation of -4.479 ns between Core_cpu/U_ifetch/pc_module/pc_reg[15]/C (clocked by clk_out1_cpuclk) and Mem_DRAM/U0/synth_options.dist_mem_inst/gen_sp_ram.spram_inst/ram_reg_1024_1279_26_26/RAMS64E_D/I (clocked by clk_out1_cpuclk). Large setup violations at the end of those stages might be difficult to fix during the post-placement implementation flow and could be the result of non-optimal XDC constraints or non-optimal design architecture
Related violations: <none>

TIMING-16#759 Warning
Large setup violation  
There is a large setup violation of -4.479 ns between Core_cpu/U_ifetch/pc_module/pc_reg[15]/C (clocked by clk_out1_cpuclk) and Mem_DRAM/U0/synth_options.dist_mem_inst/gen_sp_ram.spram_inst/ram_reg_11520_11775_13_13/RAMS64E_A/I (clocked by clk_out1_cpuclk). Large setup violations at the end of those stages might be difficult to fix during the post-placement implementation flow and could be the result of non-optimal XDC constraints or non-optimal design architecture
Related violations: <none>

TIMING-16#760 Warning
Large setup violation  
There is a large setup violation of -4.483 ns between Core_cpu/U_ifetch/pc_module/pc_reg[15]/C (clocked by clk_out1_cpuclk) and Mem_DRAM/U0/synth_options.dist_mem_inst/gen_sp_ram.spram_inst/ram_reg_12032_12287_13_13/RAMS64E_A/I (clocked by clk_out1_cpuclk). Large setup violations at the end of those stages might be difficult to fix during the post-placement implementation flow and could be the result of non-optimal XDC constraints or non-optimal design architecture
Related violations: <none>

TIMING-16#761 Warning
Large setup violation  
There is a large setup violation of -4.484 ns between Core_cpu/U_ifetch/pc_module/pc_reg[15]/C (clocked by clk_out1_cpuclk) and Mem_DRAM/U0/synth_options.dist_mem_inst/gen_sp_ram.spram_inst/ram_reg_0_255_27_27/RAMS64E_D/I (clocked by clk_out1_cpuclk). Large setup violations at the end of those stages might be difficult to fix during the post-placement implementation flow and could be the result of non-optimal XDC constraints or non-optimal design architecture
Related violations: <none>

TIMING-16#762 Warning
Large setup violation  
There is a large setup violation of -4.489 ns between Core_cpu/U_ifetch/pc_module/pc_reg[15]/C (clocked by clk_out1_cpuclk) and Mem_DRAM/U0/synth_options.dist_mem_inst/gen_sp_ram.spram_inst/ram_reg_10240_10495_22_22/RAMS64E_D/I (clocked by clk_out1_cpuclk). Large setup violations at the end of those stages might be difficult to fix during the post-placement implementation flow and could be the result of non-optimal XDC constraints or non-optimal design architecture
Related violations: <none>

TIMING-16#763 Warning
Large setup violation  
There is a large setup violation of -4.489 ns between Core_cpu/U_ifetch/pc_module/pc_reg[15]/C (clocked by clk_out1_cpuclk) and Mem_DRAM/U0/synth_options.dist_mem_inst/gen_sp_ram.spram_inst/ram_reg_10496_10751_0_0/RAMS64E_B/I (clocked by clk_out1_cpuclk). Large setup violations at the end of those stages might be difficult to fix during the post-placement implementation flow and could be the result of non-optimal XDC constraints or non-optimal design architecture
Related violations: <none>

TIMING-16#764 Warning
Large setup violation  
There is a large setup violation of -4.490 ns between Core_cpu/U_ifetch/pc_module/pc_reg[15]/C (clocked by clk_out1_cpuclk) and Mem_DRAM/U0/synth_options.dist_mem_inst/gen_sp_ram.spram_inst/ram_reg_10496_10751_0_0/RAMS64E_C/I (clocked by clk_out1_cpuclk). Large setup violations at the end of those stages might be difficult to fix during the post-placement implementation flow and could be the result of non-optimal XDC constraints or non-optimal design architecture
Related violations: <none>

TIMING-16#765 Warning
Large setup violation  
There is a large setup violation of -4.497 ns between Core_cpu/U_ifetch/pc_module/pc_reg[15]/C (clocked by clk_out1_cpuclk) and Mem_DRAM/U0/synth_options.dist_mem_inst/gen_sp_ram.spram_inst/ram_reg_0_255_13_13/RAMS64E_D/I (clocked by clk_out1_cpuclk). Large setup violations at the end of those stages might be difficult to fix during the post-placement implementation flow and could be the result of non-optimal XDC constraints or non-optimal design architecture
Related violations: <none>

TIMING-16#766 Warning
Large setup violation  
There is a large setup violation of -4.533 ns between Core_cpu/U_ifetch/pc_module/pc_reg[15]/C (clocked by clk_out1_cpuclk) and Core_cpu/U_idecode/rf_module/regts_reg_r1_0_31_6_11/RAMB_D1/I (clocked by clk_out1_cpuclk). Large setup violations at the end of those stages might be difficult to fix during the post-placement implementation flow and could be the result of non-optimal XDC constraints or non-optimal design architecture
Related violations: <none>

TIMING-16#767 Warning
Large setup violation  
There is a large setup violation of -4.544 ns between Core_cpu/U_ifetch/pc_module/pc_reg[15]/C (clocked by clk_out1_cpuclk) and Mem_DRAM/U0/synth_options.dist_mem_inst/gen_sp_ram.spram_inst/ram_reg_1024_1279_29_29/RAMS64E_A/I (clocked by clk_out1_cpuclk). Large setup violations at the end of those stages might be difficult to fix during the post-placement implementation flow and could be the result of non-optimal XDC constraints or non-optimal design architecture
Related violations: <none>

TIMING-16#768 Warning
Large setup violation  
There is a large setup violation of -4.560 ns between Core_cpu/U_ifetch/pc_module/pc_reg[15]/C (clocked by clk_out1_cpuclk) and Mem_DRAM/U0/synth_options.dist_mem_inst/gen_sp_ram.spram_inst/ram_reg_1024_1279_6_6/RAMS64E_A/I (clocked by clk_out1_cpuclk). Large setup violations at the end of those stages might be difficult to fix during the post-placement implementation flow and could be the result of non-optimal XDC constraints or non-optimal design architecture
Related violations: <none>

TIMING-16#769 Warning
Large setup violation  
There is a large setup violation of -4.569 ns between Core_cpu/U_ifetch/pc_module/pc_reg[15]/C (clocked by clk_out1_cpuclk) and Mem_DRAM/U0/synth_options.dist_mem_inst/gen_sp_ram.spram_inst/ram_reg_0_255_26_26/RAMS64E_A/I (clocked by clk_out1_cpuclk). Large setup violations at the end of those stages might be difficult to fix during the post-placement implementation flow and could be the result of non-optimal XDC constraints or non-optimal design architecture
Related violations: <none>

TIMING-16#770 Warning
Large setup violation  
There is a large setup violation of -4.575 ns between Core_cpu/U_ifetch/pc_module/pc_reg[15]/C (clocked by clk_out1_cpuclk) and Mem_DRAM/U0/synth_options.dist_mem_inst/gen_sp_ram.spram_inst/ram_reg_10496_10751_22_22/RAMS64E_B/I (clocked by clk_out1_cpuclk). Large setup violations at the end of those stages might be difficult to fix during the post-placement implementation flow and could be the result of non-optimal XDC constraints or non-optimal design architecture
Related violations: <none>

TIMING-16#771 Warning
Large setup violation  
There is a large setup violation of -4.576 ns between Core_cpu/U_ifetch/pc_module/pc_reg[15]/C (clocked by clk_out1_cpuclk) and Mem_DRAM/U0/synth_options.dist_mem_inst/gen_sp_ram.spram_inst/ram_reg_10496_10751_22_22/RAMS64E_C/I (clocked by clk_out1_cpuclk). Large setup violations at the end of those stages might be difficult to fix during the post-placement implementation flow and could be the result of non-optimal XDC constraints or non-optimal design architecture
Related violations: <none>

TIMING-16#772 Warning
Large setup violation  
There is a large setup violation of -4.584 ns between Core_cpu/U_ifetch/pc_module/pc_reg[15]/C (clocked by clk_out1_cpuclk) and Mem_DRAM/U0/synth_options.dist_mem_inst/gen_sp_ram.spram_inst/ram_reg_0_255_25_25/RAMS64E_D/I (clocked by clk_out1_cpuclk). Large setup violations at the end of those stages might be difficult to fix during the post-placement implementation flow and could be the result of non-optimal XDC constraints or non-optimal design architecture
Related violations: <none>

TIMING-16#773 Warning
Large setup violation  
There is a large setup violation of -4.584 ns between Core_cpu/U_ifetch/pc_module/pc_reg[15]/C (clocked by clk_out1_cpuclk) and Mem_DRAM/U0/synth_options.dist_mem_inst/gen_sp_ram.spram_inst/ram_reg_10240_10495_13_13/RAMS64E_A/I (clocked by clk_out1_cpuclk). Large setup violations at the end of those stages might be difficult to fix during the post-placement implementation flow and could be the result of non-optimal XDC constraints or non-optimal design architecture
Related violations: <none>

TIMING-16#774 Warning
Large setup violation  
There is a large setup violation of -4.597 ns between Core_cpu/U_ifetch/pc_module/pc_reg[15]/C (clocked by clk_out1_cpuclk) and Mem_DRAM/U0/synth_options.dist_mem_inst/gen_sp_ram.spram_inst/ram_reg_0_255_21_21/RAMS64E_B/I (clocked by clk_out1_cpuclk). Large setup violations at the end of those stages might be difficult to fix during the post-placement implementation flow and could be the result of non-optimal XDC constraints or non-optimal design architecture
Related violations: <none>

TIMING-16#775 Warning
Large setup violation  
There is a large setup violation of -4.598 ns between Core_cpu/U_ifetch/pc_module/pc_reg[15]/C (clocked by clk_out1_cpuclk) and Mem_DRAM/U0/synth_options.dist_mem_inst/gen_sp_ram.spram_inst/ram_reg_0_255_21_21/RAMS64E_C/I (clocked by clk_out1_cpuclk). Large setup violations at the end of those stages might be difficult to fix during the post-placement implementation flow and could be the result of non-optimal XDC constraints or non-optimal design architecture
Related violations: <none>

TIMING-16#776 Warning
Large setup violation  
There is a large setup violation of -4.618 ns between Core_cpu/U_ifetch/pc_module/pc_reg[15]/C (clocked by clk_out1_cpuclk) and Mem_DRAM/U0/synth_options.dist_mem_inst/gen_sp_ram.spram_inst/ram_reg_11264_11519_17_17/RAMS64E_D/I (clocked by clk_out1_cpuclk). Large setup violations at the end of those stages might be difficult to fix during the post-placement implementation flow and could be the result of non-optimal XDC constraints or non-optimal design architecture
Related violations: <none>

TIMING-16#777 Warning
Large setup violation  
There is a large setup violation of -4.621 ns between Core_cpu/U_ifetch/pc_module/pc_reg[15]/C (clocked by clk_out1_cpuclk) and Mem_DRAM/U0/synth_options.dist_mem_inst/gen_sp_ram.spram_inst/ram_reg_11520_11775_6_6/RAMS64E_A/I (clocked by clk_out1_cpuclk). Large setup violations at the end of those stages might be difficult to fix during the post-placement implementation flow and could be the result of non-optimal XDC constraints or non-optimal design architecture
Related violations: <none>

TIMING-16#778 Warning
Large setup violation  
There is a large setup violation of -4.624 ns between Core_cpu/U_ifetch/pc_module/pc_reg[15]/C (clocked by clk_out1_cpuclk) and Mem_DRAM/U0/synth_options.dist_mem_inst/gen_sp_ram.spram_inst/ram_reg_1024_1279_25_25/RAMS64E_D/I (clocked by clk_out1_cpuclk). Large setup violations at the end of those stages might be difficult to fix during the post-placement implementation flow and could be the result of non-optimal XDC constraints or non-optimal design architecture
Related violations: <none>

TIMING-16#779 Warning
Large setup violation  
There is a large setup violation of -4.626 ns between Core_cpu/U_ifetch/pc_module/pc_reg[15]/C (clocked by clk_out1_cpuclk) and Mem_DRAM/U0/synth_options.dist_mem_inst/gen_sp_ram.spram_inst/ram_reg_11520_11775_17_17/RAMS64E_D/I (clocked by clk_out1_cpuclk). Large setup violations at the end of those stages might be difficult to fix during the post-placement implementation flow and could be the result of non-optimal XDC constraints or non-optimal design architecture
Related violations: <none>

TIMING-16#780 Warning
Large setup violation  
There is a large setup violation of -4.659 ns between Core_cpu/U_ifetch/pc_module/pc_reg[15]/C (clocked by clk_out1_cpuclk) and Mem_DRAM/U0/synth_options.dist_mem_inst/gen_sp_ram.spram_inst/ram_reg_11776_12031_8_8/RAMS64E_A/I (clocked by clk_out1_cpuclk). Large setup violations at the end of those stages might be difficult to fix during the post-placement implementation flow and could be the result of non-optimal XDC constraints or non-optimal design architecture
Related violations: <none>

TIMING-16#781 Warning
Large setup violation  
There is a large setup violation of -4.662 ns between Core_cpu/U_ifetch/pc_module/pc_reg[15]/C (clocked by clk_out1_cpuclk) and Mem_DRAM/U0/synth_options.dist_mem_inst/gen_sp_ram.spram_inst/ram_reg_11008_11263_6_6/RAMS64E_B/I (clocked by clk_out1_cpuclk). Large setup violations at the end of those stages might be difficult to fix during the post-placement implementation flow and could be the result of non-optimal XDC constraints or non-optimal design architecture
Related violations: <none>

TIMING-16#782 Warning
Large setup violation  
There is a large setup violation of -4.663 ns between Core_cpu/U_ifetch/pc_module/pc_reg[15]/C (clocked by clk_out1_cpuclk) and Mem_DRAM/U0/synth_options.dist_mem_inst/gen_sp_ram.spram_inst/ram_reg_11008_11263_6_6/RAMS64E_C/I (clocked by clk_out1_cpuclk). Large setup violations at the end of those stages might be difficult to fix during the post-placement implementation flow and could be the result of non-optimal XDC constraints or non-optimal design architecture
Related violations: <none>

TIMING-16#783 Warning
Large setup violation  
There is a large setup violation of -4.664 ns between Core_cpu/U_ifetch/pc_module/pc_reg[15]/C (clocked by clk_out1_cpuclk) and Mem_DRAM/U0/synth_options.dist_mem_inst/gen_sp_ram.spram_inst/ram_reg_1024_1279_21_21/RAMS64E_D/I (clocked by clk_out1_cpuclk). Large setup violations at the end of those stages might be difficult to fix during the post-placement implementation flow and could be the result of non-optimal XDC constraints or non-optimal design architecture
Related violations: <none>

TIMING-16#784 Warning
Large setup violation  
There is a large setup violation of -4.696 ns between Core_cpu/U_ifetch/pc_module/pc_reg[15]/C (clocked by clk_out1_cpuclk) and Mem_DRAM/U0/synth_options.dist_mem_inst/gen_sp_ram.spram_inst/ram_reg_10752_11007_17_17/RAMS64E_B/I (clocked by clk_out1_cpuclk). Large setup violations at the end of those stages might be difficult to fix during the post-placement implementation flow and could be the result of non-optimal XDC constraints or non-optimal design architecture
Related violations: <none>

TIMING-16#785 Warning
Large setup violation  
There is a large setup violation of -4.697 ns between Core_cpu/U_ifetch/pc_module/pc_reg[15]/C (clocked by clk_out1_cpuclk) and Mem_DRAM/U0/synth_options.dist_mem_inst/gen_sp_ram.spram_inst/ram_reg_10752_11007_17_17/RAMS64E_C/I (clocked by clk_out1_cpuclk). Large setup violations at the end of those stages might be difficult to fix during the post-placement implementation flow and could be the result of non-optimal XDC constraints or non-optimal design architecture
Related violations: <none>

TIMING-16#786 Warning
Large setup violation  
There is a large setup violation of -4.711 ns between Core_cpu/U_ifetch/pc_module/pc_reg[15]/C (clocked by clk_out1_cpuclk) and Mem_DRAM/U0/synth_options.dist_mem_inst/gen_sp_ram.spram_inst/ram_reg_11008_11263_22_22/RAMS64E_A/I (clocked by clk_out1_cpuclk). Large setup violations at the end of those stages might be difficult to fix during the post-placement implementation flow and could be the result of non-optimal XDC constraints or non-optimal design architecture
Related violations: <none>

TIMING-16#787 Warning
Large setup violation  
There is a large setup violation of -4.730 ns between Core_cpu/U_ifetch/pc_module/pc_reg[15]/C (clocked by clk_out1_cpuclk) and Mem_DRAM/U0/synth_options.dist_mem_inst/gen_sp_ram.spram_inst/ram_reg_10752_11007_18_18/RAMS64E_A/I (clocked by clk_out1_cpuclk). Large setup violations at the end of those stages might be difficult to fix during the post-placement implementation flow and could be the result of non-optimal XDC constraints or non-optimal design architecture
Related violations: <none>

TIMING-16#788 Warning
Large setup violation  
There is a large setup violation of -4.732 ns between Core_cpu/U_ifetch/pc_module/pc_reg[15]/C (clocked by clk_out1_cpuclk) and Mem_DRAM/U0/synth_options.dist_mem_inst/gen_sp_ram.spram_inst/ram_reg_1024_1279_26_26/RAMS64E_B/I (clocked by clk_out1_cpuclk). Large setup violations at the end of those stages might be difficult to fix during the post-placement implementation flow and could be the result of non-optimal XDC constraints or non-optimal design architecture
Related violations: <none>

TIMING-16#789 Warning
Large setup violation  
There is a large setup violation of -4.733 ns between Core_cpu/U_ifetch/pc_module/pc_reg[15]/C (clocked by clk_out1_cpuclk) and Mem_DRAM/U0/synth_options.dist_mem_inst/gen_sp_ram.spram_inst/ram_reg_1024_1279_26_26/RAMS64E_C/I (clocked by clk_out1_cpuclk). Large setup violations at the end of those stages might be difficult to fix during the post-placement implementation flow and could be the result of non-optimal XDC constraints or non-optimal design architecture
Related violations: <none>

TIMING-16#790 Warning
Large setup violation  
There is a large setup violation of -4.737 ns between Core_cpu/U_ifetch/pc_module/pc_reg[15]/C (clocked by clk_out1_cpuclk) and Mem_DRAM/U0/synth_options.dist_mem_inst/gen_sp_ram.spram_inst/ram_reg_0_255_27_27/RAMS64E_B/I (clocked by clk_out1_cpuclk). Large setup violations at the end of those stages might be difficult to fix during the post-placement implementation flow and could be the result of non-optimal XDC constraints or non-optimal design architecture
Related violations: <none>

TIMING-16#791 Warning
Large setup violation  
There is a large setup violation of -4.738 ns between Core_cpu/U_ifetch/pc_module/pc_reg[15]/C (clocked by clk_out1_cpuclk) and Mem_DRAM/U0/synth_options.dist_mem_inst/gen_sp_ram.spram_inst/ram_reg_0_255_27_27/RAMS64E_C/I (clocked by clk_out1_cpuclk). Large setup violations at the end of those stages might be difficult to fix during the post-placement implementation flow and could be the result of non-optimal XDC constraints or non-optimal design architecture
Related violations: <none>

TIMING-16#792 Warning
Large setup violation  
There is a large setup violation of -4.742 ns between Core_cpu/U_ifetch/pc_module/pc_reg[15]/C (clocked by clk_out1_cpuclk) and Mem_DRAM/U0/synth_options.dist_mem_inst/gen_sp_ram.spram_inst/ram_reg_10240_10495_22_22/RAMS64E_B/I (clocked by clk_out1_cpuclk). Large setup violations at the end of those stages might be difficult to fix during the post-placement implementation flow and could be the result of non-optimal XDC constraints or non-optimal design architecture
Related violations: <none>

TIMING-16#793 Warning
Large setup violation  
There is a large setup violation of -4.743 ns between Core_cpu/U_ifetch/pc_module/pc_reg[15]/C (clocked by clk_out1_cpuclk) and Mem_DRAM/U0/synth_options.dist_mem_inst/gen_sp_ram.spram_inst/ram_reg_10240_10495_22_22/RAMS64E_C/I (clocked by clk_out1_cpuclk). Large setup violations at the end of those stages might be difficult to fix during the post-placement implementation flow and could be the result of non-optimal XDC constraints or non-optimal design architecture
Related violations: <none>

TIMING-16#794 Warning
Large setup violation  
There is a large setup violation of -4.750 ns between Core_cpu/U_ifetch/pc_module/pc_reg[15]/C (clocked by clk_out1_cpuclk) and Mem_DRAM/U0/synth_options.dist_mem_inst/gen_sp_ram.spram_inst/ram_reg_0_255_13_13/RAMS64E_B/I (clocked by clk_out1_cpuclk). Large setup violations at the end of those stages might be difficult to fix during the post-placement implementation flow and could be the result of non-optimal XDC constraints or non-optimal design architecture
Related violations: <none>

TIMING-16#795 Warning
Large setup violation  
There is a large setup violation of -4.751 ns between Core_cpu/U_ifetch/pc_module/pc_reg[15]/C (clocked by clk_out1_cpuclk) and Mem_DRAM/U0/synth_options.dist_mem_inst/gen_sp_ram.spram_inst/ram_reg_0_255_13_13/RAMS64E_C/I (clocked by clk_out1_cpuclk). Large setup violations at the end of those stages might be difficult to fix during the post-placement implementation flow and could be the result of non-optimal XDC constraints or non-optimal design architecture
Related violations: <none>

TIMING-16#796 Warning
Large setup violation  
There is a large setup violation of -4.777 ns between Core_cpu/U_ifetch/pc_module/pc_reg[15]/C (clocked by clk_out1_cpuclk) and Mem_DRAM/U0/synth_options.dist_mem_inst/gen_sp_ram.spram_inst/ram_reg_10496_10751_0_0/RAMS64E_A/I (clocked by clk_out1_cpuclk). Large setup violations at the end of those stages might be difficult to fix during the post-placement implementation flow and could be the result of non-optimal XDC constraints or non-optimal design architecture
Related violations: <none>

TIMING-16#797 Warning
Large setup violation  
There is a large setup violation of -4.837 ns between Core_cpu/U_ifetch/pc_module/pc_reg[15]/C (clocked by clk_out1_cpuclk) and Mem_DRAM/U0/synth_options.dist_mem_inst/gen_sp_ram.spram_inst/ram_reg_0_255_25_25/RAMS64E_B/I (clocked by clk_out1_cpuclk). Large setup violations at the end of those stages might be difficult to fix during the post-placement implementation flow and could be the result of non-optimal XDC constraints or non-optimal design architecture
Related violations: <none>

TIMING-16#798 Warning
Large setup violation  
There is a large setup violation of -4.838 ns between Core_cpu/U_ifetch/pc_module/pc_reg[15]/C (clocked by clk_out1_cpuclk) and Mem_DRAM/U0/synth_options.dist_mem_inst/gen_sp_ram.spram_inst/ram_reg_0_255_25_25/RAMS64E_C/I (clocked by clk_out1_cpuclk). Large setup violations at the end of those stages might be difficult to fix during the post-placement implementation flow and could be the result of non-optimal XDC constraints or non-optimal design architecture
Related violations: <none>

TIMING-16#799 Warning
Large setup violation  
There is a large setup violation of -4.863 ns between Core_cpu/U_ifetch/pc_module/pc_reg[15]/C (clocked by clk_out1_cpuclk) and Mem_DRAM/U0/synth_options.dist_mem_inst/gen_sp_ram.spram_inst/ram_reg_10496_10751_22_22/RAMS64E_A/I (clocked by clk_out1_cpuclk). Large setup violations at the end of those stages might be difficult to fix during the post-placement implementation flow and could be the result of non-optimal XDC constraints or non-optimal design architecture
Related violations: <none>

TIMING-16#800 Warning
Large setup violation  
There is a large setup violation of -4.871 ns between Core_cpu/U_ifetch/pc_module/pc_reg[15]/C (clocked by clk_out1_cpuclk) and Mem_DRAM/U0/synth_options.dist_mem_inst/gen_sp_ram.spram_inst/ram_reg_11264_11519_17_17/RAMS64E_B/I (clocked by clk_out1_cpuclk). Large setup violations at the end of those stages might be difficult to fix during the post-placement implementation flow and could be the result of non-optimal XDC constraints or non-optimal design architecture
Related violations: <none>

TIMING-16#801 Warning
Large setup violation  
There is a large setup violation of -4.872 ns between Core_cpu/U_ifetch/pc_module/pc_reg[15]/C (clocked by clk_out1_cpuclk) and Mem_DRAM/U0/synth_options.dist_mem_inst/gen_sp_ram.spram_inst/ram_reg_11264_11519_17_17/RAMS64E_C/I (clocked by clk_out1_cpuclk). Large setup violations at the end of those stages might be difficult to fix during the post-placement implementation flow and could be the result of non-optimal XDC constraints or non-optimal design architecture
Related violations: <none>

TIMING-16#802 Warning
Large setup violation  
There is a large setup violation of -4.877 ns between Core_cpu/U_ifetch/pc_module/pc_reg[15]/C (clocked by clk_out1_cpuclk) and Mem_DRAM/U0/synth_options.dist_mem_inst/gen_sp_ram.spram_inst/ram_reg_1024_1279_25_25/RAMS64E_B/I (clocked by clk_out1_cpuclk). Large setup violations at the end of those stages might be difficult to fix during the post-placement implementation flow and could be the result of non-optimal XDC constraints or non-optimal design architecture
Related violations: <none>

TIMING-16#803 Warning
Large setup violation  
There is a large setup violation of -4.878 ns between Core_cpu/U_ifetch/pc_module/pc_reg[15]/C (clocked by clk_out1_cpuclk) and Mem_DRAM/U0/synth_options.dist_mem_inst/gen_sp_ram.spram_inst/ram_reg_1024_1279_25_25/RAMS64E_C/I (clocked by clk_out1_cpuclk). Large setup violations at the end of those stages might be difficult to fix during the post-placement implementation flow and could be the result of non-optimal XDC constraints or non-optimal design architecture
Related violations: <none>

TIMING-16#804 Warning
Large setup violation  
There is a large setup violation of -4.879 ns between Core_cpu/U_ifetch/pc_module/pc_reg[15]/C (clocked by clk_out1_cpuclk) and Mem_DRAM/U0/synth_options.dist_mem_inst/gen_sp_ram.spram_inst/ram_reg_11520_11775_17_17/RAMS64E_B/I (clocked by clk_out1_cpuclk). Large setup violations at the end of those stages might be difficult to fix during the post-placement implementation flow and could be the result of non-optimal XDC constraints or non-optimal design architecture
Related violations: <none>

TIMING-16#805 Warning
Large setup violation  
There is a large setup violation of -4.880 ns between Core_cpu/U_ifetch/pc_module/pc_reg[15]/C (clocked by clk_out1_cpuclk) and Mem_DRAM/U0/synth_options.dist_mem_inst/gen_sp_ram.spram_inst/ram_reg_11520_11775_17_17/RAMS64E_C/I (clocked by clk_out1_cpuclk). Large setup violations at the end of those stages might be difficult to fix during the post-placement implementation flow and could be the result of non-optimal XDC constraints or non-optimal design architecture
Related violations: <none>

TIMING-16#806 Warning
Large setup violation  
There is a large setup violation of -4.885 ns between Core_cpu/U_ifetch/pc_module/pc_reg[15]/C (clocked by clk_out1_cpuclk) and Mem_DRAM/U0/synth_options.dist_mem_inst/gen_sp_ram.spram_inst/ram_reg_0_255_21_21/RAMS64E_A/I (clocked by clk_out1_cpuclk). Large setup violations at the end of those stages might be difficult to fix during the post-placement implementation flow and could be the result of non-optimal XDC constraints or non-optimal design architecture
Related violations: <none>

TIMING-16#807 Warning
Large setup violation  
There is a large setup violation of -4.917 ns between Core_cpu/U_ifetch/pc_module/pc_reg[15]/C (clocked by clk_out1_cpuclk) and Mem_DRAM/U0/synth_options.dist_mem_inst/gen_sp_ram.spram_inst/ram_reg_1024_1279_21_21/RAMS64E_B/I (clocked by clk_out1_cpuclk). Large setup violations at the end of those stages might be difficult to fix during the post-placement implementation flow and could be the result of non-optimal XDC constraints or non-optimal design architecture
Related violations: <none>

TIMING-16#808 Warning
Large setup violation  
There is a large setup violation of -4.918 ns between Core_cpu/U_ifetch/pc_module/pc_reg[15]/C (clocked by clk_out1_cpuclk) and Mem_DRAM/U0/synth_options.dist_mem_inst/gen_sp_ram.spram_inst/ram_reg_1024_1279_21_21/RAMS64E_C/I (clocked by clk_out1_cpuclk). Large setup violations at the end of those stages might be difficult to fix during the post-placement implementation flow and could be the result of non-optimal XDC constraints or non-optimal design architecture
Related violations: <none>

TIMING-16#809 Warning
Large setup violation  
There is a large setup violation of -4.950 ns between Core_cpu/U_ifetch/pc_module/pc_reg[15]/C (clocked by clk_out1_cpuclk) and Mem_DRAM/U0/synth_options.dist_mem_inst/gen_sp_ram.spram_inst/ram_reg_11008_11263_6_6/RAMS64E_A/I (clocked by clk_out1_cpuclk). Large setup violations at the end of those stages might be difficult to fix during the post-placement implementation flow and could be the result of non-optimal XDC constraints or non-optimal design architecture
Related violations: <none>

TIMING-16#810 Warning
Large setup violation  
There is a large setup violation of -4.984 ns between Core_cpu/U_ifetch/pc_module/pc_reg[15]/C (clocked by clk_out1_cpuclk) and Mem_DRAM/U0/synth_options.dist_mem_inst/gen_sp_ram.spram_inst/ram_reg_10752_11007_17_17/RAMS64E_A/I (clocked by clk_out1_cpuclk). Large setup violations at the end of those stages might be difficult to fix during the post-placement implementation flow and could be the result of non-optimal XDC constraints or non-optimal design architecture
Related violations: <none>

TIMING-16#811 Warning
Large setup violation  
There is a large setup violation of -5.000 ns between Core_cpu/U_ifetch/pc_module/pc_reg[15]/C (clocked by clk_out1_cpuclk) and Mem_DRAM/U0/synth_options.dist_mem_inst/gen_sp_ram.spram_inst/ram_reg_11008_11263_17_17/RAMS64E_D/I (clocked by clk_out1_cpuclk). Large setup violations at the end of those stages might be difficult to fix during the post-placement implementation flow and could be the result of non-optimal XDC constraints or non-optimal design architecture
Related violations: <none>

TIMING-16#812 Warning
Large setup violation  
There is a large setup violation of -5.014 ns between Core_cpu/U_ifetch/pc_module/pc_reg[15]/C (clocked by clk_out1_cpuclk) and Mem_DRAM/U0/synth_options.dist_mem_inst/gen_sp_ram.spram_inst/ram_reg_10752_11007_6_6/RAMS64E_D/I (clocked by clk_out1_cpuclk). Large setup violations at the end of those stages might be difficult to fix during the post-placement implementation flow and could be the result of non-optimal XDC constraints or non-optimal design architecture
Related violations: <none>

TIMING-16#813 Warning
Large setup violation  
There is a large setup violation of -5.020 ns between Core_cpu/U_ifetch/pc_module/pc_reg[15]/C (clocked by clk_out1_cpuclk) and Mem_DRAM/U0/synth_options.dist_mem_inst/gen_sp_ram.spram_inst/ram_reg_1024_1279_26_26/RAMS64E_A/I (clocked by clk_out1_cpuclk). Large setup violations at the end of those stages might be difficult to fix during the post-placement implementation flow and could be the result of non-optimal XDC constraints or non-optimal design architecture
Related violations: <none>

TIMING-16#814 Warning
Large setup violation  
There is a large setup violation of -5.025 ns between Core_cpu/U_ifetch/pc_module/pc_reg[15]/C (clocked by clk_out1_cpuclk) and Mem_DRAM/U0/synth_options.dist_mem_inst/gen_sp_ram.spram_inst/ram_reg_0_255_27_27/RAMS64E_A/I (clocked by clk_out1_cpuclk). Large setup violations at the end of those stages might be difficult to fix during the post-placement implementation flow and could be the result of non-optimal XDC constraints or non-optimal design architecture
Related violations: <none>

TIMING-16#815 Warning
Large setup violation  
There is a large setup violation of -5.030 ns between Core_cpu/U_ifetch/pc_module/pc_reg[15]/C (clocked by clk_out1_cpuclk) and Mem_DRAM/U0/synth_options.dist_mem_inst/gen_sp_ram.spram_inst/ram_reg_10240_10495_22_22/RAMS64E_A/I (clocked by clk_out1_cpuclk). Large setup violations at the end of those stages might be difficult to fix during the post-placement implementation flow and could be the result of non-optimal XDC constraints or non-optimal design architecture
Related violations: <none>

TIMING-16#816 Warning
Large setup violation  
There is a large setup violation of -5.038 ns between Core_cpu/U_ifetch/pc_module/pc_reg[15]/C (clocked by clk_out1_cpuclk) and Mem_DRAM/U0/synth_options.dist_mem_inst/gen_sp_ram.spram_inst/ram_reg_0_255_13_13/RAMS64E_A/I (clocked by clk_out1_cpuclk). Large setup violations at the end of those stages might be difficult to fix during the post-placement implementation flow and could be the result of non-optimal XDC constraints or non-optimal design architecture
Related violations: <none>

TIMING-16#817 Warning
Large setup violation  
There is a large setup violation of -5.053 ns between Core_cpu/U_ifetch/pc_module/pc_reg[15]/C (clocked by clk_out1_cpuclk) and Mem_DRAM/U0/synth_options.dist_mem_inst/gen_sp_ram.spram_inst/ram_reg_1024_1279_13_13/RAMS64E_D/I (clocked by clk_out1_cpuclk). Large setup violations at the end of those stages might be difficult to fix during the post-placement implementation flow and could be the result of non-optimal XDC constraints or non-optimal design architecture
Related violations: <none>

TIMING-16#818 Warning
Large setup violation  
There is a large setup violation of -5.067 ns between Core_cpu/U_ifetch/pc_module/pc_reg[15]/C (clocked by clk_out1_cpuclk) and Mem_DRAM/U0/synth_options.dist_mem_inst/gen_sp_ram.spram_inst/ram_reg_10240_10495_6_6/RAMS64E_D/I (clocked by clk_out1_cpuclk). Large setup violations at the end of those stages might be difficult to fix during the post-placement implementation flow and could be the result of non-optimal XDC constraints or non-optimal design architecture
Related violations: <none>

TIMING-16#819 Warning
Large setup violation  
There is a large setup violation of -5.125 ns between Core_cpu/U_ifetch/pc_module/pc_reg[15]/C (clocked by clk_out1_cpuclk) and Mem_DRAM/U0/synth_options.dist_mem_inst/gen_sp_ram.spram_inst/ram_reg_0_255_25_25/RAMS64E_A/I (clocked by clk_out1_cpuclk). Large setup violations at the end of those stages might be difficult to fix during the post-placement implementation flow and could be the result of non-optimal XDC constraints or non-optimal design architecture
Related violations: <none>

TIMING-16#820 Warning
Large setup violation  
There is a large setup violation of -5.141 ns between Core_cpu/U_ifetch/pc_module/pc_reg[15]/C (clocked by clk_out1_cpuclk) and Mem_DRAM/U0/synth_options.dist_mem_inst/gen_sp_ram.spram_inst/ram_reg_0_255_24_24/RAMS64E_D/I (clocked by clk_out1_cpuclk). Large setup violations at the end of those stages might be difficult to fix during the post-placement implementation flow and could be the result of non-optimal XDC constraints or non-optimal design architecture
Related violations: <none>

TIMING-16#821 Warning
Large setup violation  
There is a large setup violation of -5.148 ns between Core_cpu/U_ifetch/pc_module/pc_reg[15]/C (clocked by clk_out1_cpuclk) and Mem_DRAM/U0/synth_options.dist_mem_inst/gen_sp_ram.spram_inst/ram_reg_10240_10495_17_17/RAMS64E_D/I (clocked by clk_out1_cpuclk). Large setup violations at the end of those stages might be difficult to fix during the post-placement implementation flow and could be the result of non-optimal XDC constraints or non-optimal design architecture
Related violations: <none>

TIMING-16#822 Warning
Large setup violation  
There is a large setup violation of -5.159 ns between Core_cpu/U_ifetch/pc_module/pc_reg[15]/C (clocked by clk_out1_cpuclk) and Mem_DRAM/U0/synth_options.dist_mem_inst/gen_sp_ram.spram_inst/ram_reg_11264_11519_17_17/RAMS64E_A/I (clocked by clk_out1_cpuclk). Large setup violations at the end of those stages might be difficult to fix during the post-placement implementation flow and could be the result of non-optimal XDC constraints or non-optimal design architecture
Related violations: <none>

TIMING-16#823 Warning
Large setup violation  
There is a large setup violation of -5.165 ns between Core_cpu/U_ifetch/pc_module/pc_reg[15]/C (clocked by clk_out1_cpuclk) and Mem_DRAM/U0/synth_options.dist_mem_inst/gen_sp_ram.spram_inst/ram_reg_1024_1279_25_25/RAMS64E_A/I (clocked by clk_out1_cpuclk). Large setup violations at the end of those stages might be difficult to fix during the post-placement implementation flow and could be the result of non-optimal XDC constraints or non-optimal design architecture
Related violations: <none>

TIMING-16#824 Warning
Large setup violation  
There is a large setup violation of -5.167 ns between Core_cpu/U_ifetch/pc_module/pc_reg[15]/C (clocked by clk_out1_cpuclk) and Mem_DRAM/U0/synth_options.dist_mem_inst/gen_sp_ram.spram_inst/ram_reg_11520_11775_17_17/RAMS64E_A/I (clocked by clk_out1_cpuclk). Large setup violations at the end of those stages might be difficult to fix during the post-placement implementation flow and could be the result of non-optimal XDC constraints or non-optimal design architecture
Related violations: <none>

TIMING-16#825 Warning
Large setup violation  
There is a large setup violation of -5.205 ns between Core_cpu/U_ifetch/pc_module/pc_reg[15]/C (clocked by clk_out1_cpuclk) and Mem_DRAM/U0/synth_options.dist_mem_inst/gen_sp_ram.spram_inst/ram_reg_1024_1279_21_21/RAMS64E_A/I (clocked by clk_out1_cpuclk). Large setup violations at the end of those stages might be difficult to fix during the post-placement implementation flow and could be the result of non-optimal XDC constraints or non-optimal design architecture
Related violations: <none>

TIMING-16#826 Warning
Large setup violation  
There is a large setup violation of -5.207 ns between Core_cpu/U_ifetch/pc_module/pc_reg[15]/C (clocked by clk_out1_cpuclk) and Mem_DRAM/U0/synth_options.dist_mem_inst/gen_sp_ram.spram_inst/ram_reg_11264_11519_6_6/RAMS64E_D/I (clocked by clk_out1_cpuclk). Large setup violations at the end of those stages might be difficult to fix during the post-placement implementation flow and could be the result of non-optimal XDC constraints or non-optimal design architecture
Related violations: <none>

TIMING-16#827 Warning
Large setup violation  
There is a large setup violation of -5.215 ns between Core_cpu/U_ifetch/pc_module/pc_reg[15]/C (clocked by clk_out1_cpuclk) and Mem_DRAM/U0/synth_options.dist_mem_inst/gen_sp_ram.spram_inst/ram_reg_10496_10751_6_6/RAMS64E_D/I (clocked by clk_out1_cpuclk). Large setup violations at the end of those stages might be difficult to fix during the post-placement implementation flow and could be the result of non-optimal XDC constraints or non-optimal design architecture
Related violations: <none>

TIMING-16#828 Warning
Large setup violation  
There is a large setup violation of -5.253 ns between Core_cpu/U_ifetch/pc_module/pc_reg[15]/C (clocked by clk_out1_cpuclk) and Mem_DRAM/U0/synth_options.dist_mem_inst/gen_sp_ram.spram_inst/ram_reg_11008_11263_17_17/RAMS64E_B/I (clocked by clk_out1_cpuclk). Large setup violations at the end of those stages might be difficult to fix during the post-placement implementation flow and could be the result of non-optimal XDC constraints or non-optimal design architecture
Related violations: <none>

TIMING-16#829 Warning
Large setup violation  
There is a large setup violation of -5.254 ns between Core_cpu/U_ifetch/pc_module/pc_reg[15]/C (clocked by clk_out1_cpuclk) and Mem_DRAM/U0/synth_options.dist_mem_inst/gen_sp_ram.spram_inst/ram_reg_11008_11263_17_17/RAMS64E_C/I (clocked by clk_out1_cpuclk). Large setup violations at the end of those stages might be difficult to fix during the post-placement implementation flow and could be the result of non-optimal XDC constraints or non-optimal design architecture
Related violations: <none>

TIMING-16#830 Warning
Large setup violation  
There is a large setup violation of -5.267 ns between Core_cpu/U_ifetch/pc_module/pc_reg[15]/C (clocked by clk_out1_cpuclk) and Mem_DRAM/U0/synth_options.dist_mem_inst/gen_sp_ram.spram_inst/ram_reg_10752_11007_6_6/RAMS64E_B/I (clocked by clk_out1_cpuclk). Large setup violations at the end of those stages might be difficult to fix during the post-placement implementation flow and could be the result of non-optimal XDC constraints or non-optimal design architecture
Related violations: <none>

TIMING-16#831 Warning
Large setup violation  
There is a large setup violation of -5.268 ns between Core_cpu/U_ifetch/pc_module/pc_reg[15]/C (clocked by clk_out1_cpuclk) and Mem_DRAM/U0/synth_options.dist_mem_inst/gen_sp_ram.spram_inst/ram_reg_10752_11007_6_6/RAMS64E_C/I (clocked by clk_out1_cpuclk). Large setup violations at the end of those stages might be difficult to fix during the post-placement implementation flow and could be the result of non-optimal XDC constraints or non-optimal design architecture
Related violations: <none>

TIMING-16#832 Warning
Large setup violation  
There is a large setup violation of -5.273 ns between Core_cpu/U_ifetch/pc_module/pc_reg[15]/C (clocked by clk_out1_cpuclk) and Mem_DRAM/U0/synth_options.dist_mem_inst/gen_sp_ram.spram_inst/ram_reg_1024_1279_24_24/RAMS64E_D/I (clocked by clk_out1_cpuclk). Large setup violations at the end of those stages might be difficult to fix during the post-placement implementation flow and could be the result of non-optimal XDC constraints or non-optimal design architecture
Related violations: <none>

TIMING-16#833 Warning
Large setup violation  
There is a large setup violation of -5.273 ns between Core_cpu/U_ifetch/pc_module/pc_reg[15]/C (clocked by clk_out1_cpuclk) and Mem_DRAM/U0/synth_options.dist_mem_inst/gen_sp_ram.spram_inst/ram_reg_11264_11519_22_22/RAMS64E_D/I (clocked by clk_out1_cpuclk). Large setup violations at the end of those stages might be difficult to fix during the post-placement implementation flow and could be the result of non-optimal XDC constraints or non-optimal design architecture
Related violations: <none>

TIMING-16#834 Warning
Large setup violation  
There is a large setup violation of -5.287 ns between Core_cpu/U_ifetch/pc_module/pc_reg[15]/C (clocked by clk_out1_cpuclk) and Mem_DRAM/U0/synth_options.dist_mem_inst/gen_sp_ram.spram_inst/ram_reg_10496_10751_17_17/RAMS64E_D/I (clocked by clk_out1_cpuclk). Large setup violations at the end of those stages might be difficult to fix during the post-placement implementation flow and could be the result of non-optimal XDC constraints or non-optimal design architecture
Related violations: <none>

TIMING-16#835 Warning
Large setup violation  
There is a large setup violation of -5.300 ns between Core_cpu/U_ifetch/pc_module/pc_reg[15]/C (clocked by clk_out1_cpuclk) and Mem_DRAM/U0/synth_options.dist_mem_inst/gen_sp_ram.spram_inst/ram_reg_12032_12287_17_17/RAMS64E_A/I (clocked by clk_out1_cpuclk). Large setup violations at the end of those stages might be difficult to fix during the post-placement implementation flow and could be the result of non-optimal XDC constraints or non-optimal design architecture
Related violations: <none>

TIMING-16#836 Warning
Large setup violation  
There is a large setup violation of -5.306 ns between Core_cpu/U_ifetch/pc_module/pc_reg[15]/C (clocked by clk_out1_cpuclk) and Mem_DRAM/U0/synth_options.dist_mem_inst/gen_sp_ram.spram_inst/ram_reg_1024_1279_13_13/RAMS64E_B/I (clocked by clk_out1_cpuclk). Large setup violations at the end of those stages might be difficult to fix during the post-placement implementation flow and could be the result of non-optimal XDC constraints or non-optimal design architecture
Related violations: <none>

TIMING-16#837 Warning
Large setup violation  
There is a large setup violation of -5.307 ns between Core_cpu/U_ifetch/pc_module/pc_reg[15]/C (clocked by clk_out1_cpuclk) and Mem_DRAM/U0/synth_options.dist_mem_inst/gen_sp_ram.spram_inst/ram_reg_1024_1279_13_13/RAMS64E_C/I (clocked by clk_out1_cpuclk). Large setup violations at the end of those stages might be difficult to fix during the post-placement implementation flow and could be the result of non-optimal XDC constraints or non-optimal design architecture
Related violations: <none>

TIMING-16#838 Warning
Large setup violation  
There is a large setup violation of -5.320 ns between Core_cpu/U_ifetch/pc_module/pc_reg[15]/C (clocked by clk_out1_cpuclk) and Mem_DRAM/U0/synth_options.dist_mem_inst/gen_sp_ram.spram_inst/ram_reg_10240_10495_6_6/RAMS64E_B/I (clocked by clk_out1_cpuclk). Large setup violations at the end of those stages might be difficult to fix during the post-placement implementation flow and could be the result of non-optimal XDC constraints or non-optimal design architecture
Related violations: <none>

TIMING-16#839 Warning
Large setup violation  
There is a large setup violation of -5.321 ns between Core_cpu/U_ifetch/pc_module/pc_reg[15]/C (clocked by clk_out1_cpuclk) and Mem_DRAM/U0/synth_options.dist_mem_inst/gen_sp_ram.spram_inst/ram_reg_10240_10495_6_6/RAMS64E_C/I (clocked by clk_out1_cpuclk). Large setup violations at the end of those stages might be difficult to fix during the post-placement implementation flow and could be the result of non-optimal XDC constraints or non-optimal design architecture
Related violations: <none>

TIMING-16#840 Warning
Large setup violation  
There is a large setup violation of -5.394 ns between Core_cpu/U_ifetch/pc_module/pc_reg[15]/C (clocked by clk_out1_cpuclk) and Mem_DRAM/U0/synth_options.dist_mem_inst/gen_sp_ram.spram_inst/ram_reg_0_255_24_24/RAMS64E_B/I (clocked by clk_out1_cpuclk). Large setup violations at the end of those stages might be difficult to fix during the post-placement implementation flow and could be the result of non-optimal XDC constraints or non-optimal design architecture
Related violations: <none>

TIMING-16#841 Warning
Large setup violation  
There is a large setup violation of -5.395 ns between Core_cpu/U_ifetch/pc_module/pc_reg[15]/C (clocked by clk_out1_cpuclk) and Mem_DRAM/U0/synth_options.dist_mem_inst/gen_sp_ram.spram_inst/ram_reg_0_255_24_24/RAMS64E_C/I (clocked by clk_out1_cpuclk). Large setup violations at the end of those stages might be difficult to fix during the post-placement implementation flow and could be the result of non-optimal XDC constraints or non-optimal design architecture
Related violations: <none>

TIMING-16#842 Warning
Large setup violation  
There is a large setup violation of -5.401 ns between Core_cpu/U_ifetch/pc_module/pc_reg[15]/C (clocked by clk_out1_cpuclk) and Mem_DRAM/U0/synth_options.dist_mem_inst/gen_sp_ram.spram_inst/ram_reg_10240_10495_17_17/RAMS64E_B/I (clocked by clk_out1_cpuclk). Large setup violations at the end of those stages might be difficult to fix during the post-placement implementation flow and could be the result of non-optimal XDC constraints or non-optimal design architecture
Related violations: <none>

TIMING-16#843 Warning
Large setup violation  
There is a large setup violation of -5.402 ns between Core_cpu/U_ifetch/pc_module/pc_reg[15]/C (clocked by clk_out1_cpuclk) and Mem_DRAM/U0/synth_options.dist_mem_inst/gen_sp_ram.spram_inst/ram_reg_10240_10495_17_17/RAMS64E_C/I (clocked by clk_out1_cpuclk). Large setup violations at the end of those stages might be difficult to fix during the post-placement implementation flow and could be the result of non-optimal XDC constraints or non-optimal design architecture
Related violations: <none>

TIMING-16#844 Warning
Large setup violation  
There is a large setup violation of -5.425 ns between Core_cpu/U_ifetch/pc_module/pc_reg[15]/C (clocked by clk_out1_cpuclk) and Mem_DRAM/U0/synth_options.dist_mem_inst/gen_sp_ram.spram_inst/ram_reg_11776_12031_17_17/RAMS64E_D/I (clocked by clk_out1_cpuclk). Large setup violations at the end of those stages might be difficult to fix during the post-placement implementation flow and could be the result of non-optimal XDC constraints or non-optimal design architecture
Related violations: <none>

TIMING-16#845 Warning
Large setup violation  
There is a large setup violation of -5.460 ns between Core_cpu/U_ifetch/pc_module/pc_reg[15]/C (clocked by clk_out1_cpuclk) and Mem_DRAM/U0/synth_options.dist_mem_inst/gen_sp_ram.spram_inst/ram_reg_11264_11519_6_6/RAMS64E_B/I (clocked by clk_out1_cpuclk). Large setup violations at the end of those stages might be difficult to fix during the post-placement implementation flow and could be the result of non-optimal XDC constraints or non-optimal design architecture
Related violations: <none>

TIMING-16#846 Warning
Large setup violation  
There is a large setup violation of -5.461 ns between Core_cpu/U_ifetch/pc_module/pc_reg[15]/C (clocked by clk_out1_cpuclk) and Mem_DRAM/U0/synth_options.dist_mem_inst/gen_sp_ram.spram_inst/ram_reg_11264_11519_6_6/RAMS64E_C/I (clocked by clk_out1_cpuclk). Large setup violations at the end of those stages might be difficult to fix during the post-placement implementation flow and could be the result of non-optimal XDC constraints or non-optimal design architecture
Related violations: <none>

TIMING-16#847 Warning
Large setup violation  
There is a large setup violation of -5.468 ns between Core_cpu/U_ifetch/pc_module/pc_reg[15]/C (clocked by clk_out1_cpuclk) and Mem_DRAM/U0/synth_options.dist_mem_inst/gen_sp_ram.spram_inst/ram_reg_10496_10751_6_6/RAMS64E_B/I (clocked by clk_out1_cpuclk). Large setup violations at the end of those stages might be difficult to fix during the post-placement implementation flow and could be the result of non-optimal XDC constraints or non-optimal design architecture
Related violations: <none>

TIMING-16#848 Warning
Large setup violation  
There is a large setup violation of -5.468 ns between Core_cpu/U_ifetch/pc_module/pc_reg[15]/C (clocked by clk_out1_cpuclk) and Mem_DRAM/U0/synth_options.dist_mem_inst/gen_sp_ram.spram_inst/ram_reg_11776_12031_23_23/RAMS64E_D/I (clocked by clk_out1_cpuclk). Large setup violations at the end of those stages might be difficult to fix during the post-placement implementation flow and could be the result of non-optimal XDC constraints or non-optimal design architecture
Related violations: <none>

TIMING-16#849 Warning
Large setup violation  
There is a large setup violation of -5.469 ns between Core_cpu/U_ifetch/pc_module/pc_reg[15]/C (clocked by clk_out1_cpuclk) and Mem_DRAM/U0/synth_options.dist_mem_inst/gen_sp_ram.spram_inst/ram_reg_10496_10751_6_6/RAMS64E_C/I (clocked by clk_out1_cpuclk). Large setup violations at the end of those stages might be difficult to fix during the post-placement implementation flow and could be the result of non-optimal XDC constraints or non-optimal design architecture
Related violations: <none>

TIMING-16#850 Warning
Large setup violation  
There is a large setup violation of -5.486 ns between Core_cpu/U_ifetch/pc_module/pc_reg[15]/C (clocked by clk_out1_cpuclk) and Mem_DRAM/U0/synth_options.dist_mem_inst/gen_sp_ram.spram_inst/ram_reg_11264_11519_23_23/RAMS64E_D/I (clocked by clk_out1_cpuclk). Large setup violations at the end of those stages might be difficult to fix during the post-placement implementation flow and could be the result of non-optimal XDC constraints or non-optimal design architecture
Related violations: <none>

TIMING-16#851 Warning
Large setup violation  
There is a large setup violation of -5.526 ns between Core_cpu/U_ifetch/pc_module/pc_reg[15]/C (clocked by clk_out1_cpuclk) and Mem_DRAM/U0/synth_options.dist_mem_inst/gen_sp_ram.spram_inst/ram_reg_1024_1279_24_24/RAMS64E_B/I (clocked by clk_out1_cpuclk). Large setup violations at the end of those stages might be difficult to fix during the post-placement implementation flow and could be the result of non-optimal XDC constraints or non-optimal design architecture
Related violations: <none>

TIMING-16#852 Warning
Large setup violation  
There is a large setup violation of -5.526 ns between Core_cpu/U_ifetch/pc_module/pc_reg[15]/C (clocked by clk_out1_cpuclk) and Mem_DRAM/U0/synth_options.dist_mem_inst/gen_sp_ram.spram_inst/ram_reg_11264_11519_22_22/RAMS64E_B/I (clocked by clk_out1_cpuclk). Large setup violations at the end of those stages might be difficult to fix during the post-placement implementation flow and could be the result of non-optimal XDC constraints or non-optimal design architecture
Related violations: <none>

TIMING-16#853 Warning
Large setup violation  
There is a large setup violation of -5.527 ns between Core_cpu/U_ifetch/pc_module/pc_reg[15]/C (clocked by clk_out1_cpuclk) and Mem_DRAM/U0/synth_options.dist_mem_inst/gen_sp_ram.spram_inst/ram_reg_1024_1279_24_24/RAMS64E_C/I (clocked by clk_out1_cpuclk). Large setup violations at the end of those stages might be difficult to fix during the post-placement implementation flow and could be the result of non-optimal XDC constraints or non-optimal design architecture
Related violations: <none>

TIMING-16#854 Warning
Large setup violation  
There is a large setup violation of -5.527 ns between Core_cpu/U_ifetch/pc_module/pc_reg[15]/C (clocked by clk_out1_cpuclk) and Mem_DRAM/U0/synth_options.dist_mem_inst/gen_sp_ram.spram_inst/ram_reg_11264_11519_22_22/RAMS64E_C/I (clocked by clk_out1_cpuclk). Large setup violations at the end of those stages might be difficult to fix during the post-placement implementation flow and could be the result of non-optimal XDC constraints or non-optimal design architecture
Related violations: <none>

TIMING-16#855 Warning
Large setup violation  
There is a large setup violation of -5.540 ns between Core_cpu/U_ifetch/pc_module/pc_reg[15]/C (clocked by clk_out1_cpuclk) and Mem_DRAM/U0/synth_options.dist_mem_inst/gen_sp_ram.spram_inst/ram_reg_10496_10751_17_17/RAMS64E_B/I (clocked by clk_out1_cpuclk). Large setup violations at the end of those stages might be difficult to fix during the post-placement implementation flow and could be the result of non-optimal XDC constraints or non-optimal design architecture
Related violations: <none>

TIMING-16#856 Warning
Large setup violation  
There is a large setup violation of -5.541 ns between Core_cpu/U_ifetch/pc_module/pc_reg[15]/C (clocked by clk_out1_cpuclk) and Mem_DRAM/U0/synth_options.dist_mem_inst/gen_sp_ram.spram_inst/ram_reg_10496_10751_17_17/RAMS64E_C/I (clocked by clk_out1_cpuclk). Large setup violations at the end of those stages might be difficult to fix during the post-placement implementation flow and could be the result of non-optimal XDC constraints or non-optimal design architecture
Related violations: <none>

TIMING-16#857 Warning
Large setup violation  
There is a large setup violation of -5.541 ns between Core_cpu/U_ifetch/pc_module/pc_reg[15]/C (clocked by clk_out1_cpuclk) and Mem_DRAM/U0/synth_options.dist_mem_inst/gen_sp_ram.spram_inst/ram_reg_11008_11263_17_17/RAMS64E_A/I (clocked by clk_out1_cpuclk). Large setup violations at the end of those stages might be difficult to fix during the post-placement implementation flow and could be the result of non-optimal XDC constraints or non-optimal design architecture
Related violations: <none>

TIMING-16#858 Warning
Large setup violation  
There is a large setup violation of -5.555 ns between Core_cpu/U_ifetch/pc_module/pc_reg[15]/C (clocked by clk_out1_cpuclk) and Mem_DRAM/U0/synth_options.dist_mem_inst/gen_sp_ram.spram_inst/ram_reg_10752_11007_6_6/RAMS64E_A/I (clocked by clk_out1_cpuclk). Large setup violations at the end of those stages might be difficult to fix during the post-placement implementation flow and could be the result of non-optimal XDC constraints or non-optimal design architecture
Related violations: <none>

TIMING-16#859 Warning
Large setup violation  
There is a large setup violation of -5.594 ns between Core_cpu/U_ifetch/pc_module/pc_reg[15]/C (clocked by clk_out1_cpuclk) and Mem_DRAM/U0/synth_options.dist_mem_inst/gen_sp_ram.spram_inst/ram_reg_1024_1279_13_13/RAMS64E_A/I (clocked by clk_out1_cpuclk). Large setup violations at the end of those stages might be difficult to fix during the post-placement implementation flow and could be the result of non-optimal XDC constraints or non-optimal design architecture
Related violations: <none>

TIMING-16#860 Warning
Large setup violation  
There is a large setup violation of -5.608 ns between Core_cpu/U_ifetch/pc_module/pc_reg[15]/C (clocked by clk_out1_cpuclk) and Mem_DRAM/U0/synth_options.dist_mem_inst/gen_sp_ram.spram_inst/ram_reg_10240_10495_6_6/RAMS64E_A/I (clocked by clk_out1_cpuclk). Large setup violations at the end of those stages might be difficult to fix during the post-placement implementation flow and could be the result of non-optimal XDC constraints or non-optimal design architecture
Related violations: <none>

TIMING-16#861 Warning
Large setup violation  
There is a large setup violation of -5.627 ns between Core_cpu/U_ifetch/pc_module/pc_reg[15]/C (clocked by clk_out1_cpuclk) and Mem_DRAM/U0/synth_options.dist_mem_inst/gen_sp_ram.spram_inst/ram_reg_11776_12031_6_6/RAMS64E_D/I (clocked by clk_out1_cpuclk). Large setup violations at the end of those stages might be difficult to fix during the post-placement implementation flow and could be the result of non-optimal XDC constraints or non-optimal design architecture
Related violations: <none>

TIMING-16#862 Warning
Large setup violation  
There is a large setup violation of -5.635 ns between Core_cpu/U_ifetch/pc_module/pc_reg[15]/C (clocked by clk_out1_cpuclk) and Mem_DRAM/U0/synth_options.dist_mem_inst/gen_sp_ram.spram_inst/ram_reg_10496_10751_23_23/RAMS64E_D/I (clocked by clk_out1_cpuclk). Large setup violations at the end of those stages might be difficult to fix during the post-placement implementation flow and could be the result of non-optimal XDC constraints or non-optimal design architecture
Related violations: <none>

TIMING-16#863 Warning
Large setup violation  
There is a large setup violation of -5.642 ns between Core_cpu/U_ifetch/pc_module/pc_reg[15]/C (clocked by clk_out1_cpuclk) and Mem_DRAM/U0/synth_options.dist_mem_inst/gen_sp_ram.spram_inst/ram_reg_10752_11007_23_23/RAMS64E_D/I (clocked by clk_out1_cpuclk). Large setup violations at the end of those stages might be difficult to fix during the post-placement implementation flow and could be the result of non-optimal XDC constraints or non-optimal design architecture
Related violations: <none>

TIMING-16#864 Warning
Large setup violation  
There is a large setup violation of -5.661 ns between Core_cpu/U_ifetch/pc_module/pc_reg[15]/C (clocked by clk_out1_cpuclk) and Mem_DRAM/U0/synth_options.dist_mem_inst/gen_sp_ram.spram_inst/ram_reg_0_255_17_17/RAMS64E_D/I (clocked by clk_out1_cpuclk). Large setup violations at the end of those stages might be difficult to fix during the post-placement implementation flow and could be the result of non-optimal XDC constraints or non-optimal design architecture
Related violations: <none>

TIMING-16#865 Warning
Large setup violation  
There is a large setup violation of -5.661 ns between Core_cpu/U_ifetch/pc_module/pc_reg[15]/C (clocked by clk_out1_cpuclk) and Mem_DRAM/U0/synth_options.dist_mem_inst/gen_sp_ram.spram_inst/ram_reg_11264_11519_21_21/RAMS64E_D/I (clocked by clk_out1_cpuclk). Large setup violations at the end of those stages might be difficult to fix during the post-placement implementation flow and could be the result of non-optimal XDC constraints or non-optimal design architecture
Related violations: <none>

TIMING-16#866 Warning
Large setup violation  
There is a large setup violation of -5.678 ns between Core_cpu/U_ifetch/pc_module/pc_reg[15]/C (clocked by clk_out1_cpuclk) and Mem_DRAM/U0/synth_options.dist_mem_inst/gen_sp_ram.spram_inst/ram_reg_11776_12031_17_17/RAMS64E_B/I (clocked by clk_out1_cpuclk). Large setup violations at the end of those stages might be difficult to fix during the post-placement implementation flow and could be the result of non-optimal XDC constraints or non-optimal design architecture
Related violations: <none>

TIMING-16#867 Warning
Large setup violation  
There is a large setup violation of -5.679 ns between Core_cpu/U_ifetch/pc_module/pc_reg[15]/C (clocked by clk_out1_cpuclk) and Mem_DRAM/U0/synth_options.dist_mem_inst/gen_sp_ram.spram_inst/ram_reg_11776_12031_17_17/RAMS64E_C/I (clocked by clk_out1_cpuclk). Large setup violations at the end of those stages might be difficult to fix during the post-placement implementation flow and could be the result of non-optimal XDC constraints or non-optimal design architecture
Related violations: <none>

TIMING-16#868 Warning
Large setup violation  
There is a large setup violation of -5.682 ns between Core_cpu/U_ifetch/pc_module/pc_reg[15]/C (clocked by clk_out1_cpuclk) and Mem_DRAM/U0/synth_options.dist_mem_inst/gen_sp_ram.spram_inst/ram_reg_0_255_24_24/RAMS64E_A/I (clocked by clk_out1_cpuclk). Large setup violations at the end of those stages might be difficult to fix during the post-placement implementation flow and could be the result of non-optimal XDC constraints or non-optimal design architecture
Related violations: <none>

TIMING-16#869 Warning
Large setup violation  
There is a large setup violation of -5.689 ns between Core_cpu/U_ifetch/pc_module/pc_reg[15]/C (clocked by clk_out1_cpuclk) and Mem_DRAM/U0/synth_options.dist_mem_inst/gen_sp_ram.spram_inst/ram_reg_10240_10495_17_17/RAMS64E_A/I (clocked by clk_out1_cpuclk). Large setup violations at the end of those stages might be difficult to fix during the post-placement implementation flow and could be the result of non-optimal XDC constraints or non-optimal design architecture
Related violations: <none>

TIMING-16#870 Warning
Large setup violation  
There is a large setup violation of -5.721 ns between Core_cpu/U_ifetch/pc_module/pc_reg[15]/C (clocked by clk_out1_cpuclk) and Mem_DRAM/U0/synth_options.dist_mem_inst/gen_sp_ram.spram_inst/ram_reg_11776_12031_23_23/RAMS64E_B/I (clocked by clk_out1_cpuclk). Large setup violations at the end of those stages might be difficult to fix during the post-placement implementation flow and could be the result of non-optimal XDC constraints or non-optimal design architecture
Related violations: <none>

TIMING-16#871 Warning
Large setup violation  
There is a large setup violation of -5.722 ns between Core_cpu/U_ifetch/pc_module/pc_reg[15]/C (clocked by clk_out1_cpuclk) and Mem_DRAM/U0/synth_options.dist_mem_inst/gen_sp_ram.spram_inst/ram_reg_11776_12031_23_23/RAMS64E_C/I (clocked by clk_out1_cpuclk). Large setup violations at the end of those stages might be difficult to fix during the post-placement implementation flow and could be the result of non-optimal XDC constraints or non-optimal design architecture
Related violations: <none>

TIMING-16#872 Warning
Large setup violation  
There is a large setup violation of -5.739 ns between Core_cpu/U_ifetch/pc_module/pc_reg[15]/C (clocked by clk_out1_cpuclk) and Mem_DRAM/U0/synth_options.dist_mem_inst/gen_sp_ram.spram_inst/ram_reg_11264_11519_23_23/RAMS64E_B/I (clocked by clk_out1_cpuclk). Large setup violations at the end of those stages might be difficult to fix during the post-placement implementation flow and could be the result of non-optimal XDC constraints or non-optimal design architecture
Related violations: <none>

TIMING-16#873 Warning
Large setup violation  
There is a large setup violation of -5.740 ns between Core_cpu/U_ifetch/pc_module/pc_reg[15]/C (clocked by clk_out1_cpuclk) and Mem_DRAM/U0/synth_options.dist_mem_inst/gen_sp_ram.spram_inst/ram_reg_11264_11519_23_23/RAMS64E_C/I (clocked by clk_out1_cpuclk). Large setup violations at the end of those stages might be difficult to fix during the post-placement implementation flow and could be the result of non-optimal XDC constraints or non-optimal design architecture
Related violations: <none>

TIMING-16#874 Warning
Large setup violation  
There is a large setup violation of -5.748 ns between Core_cpu/U_ifetch/pc_module/pc_reg[15]/C (clocked by clk_out1_cpuclk) and Mem_DRAM/U0/synth_options.dist_mem_inst/gen_sp_ram.spram_inst/ram_reg_11264_11519_6_6/RAMS64E_A/I (clocked by clk_out1_cpuclk). Large setup violations at the end of those stages might be difficult to fix during the post-placement implementation flow and could be the result of non-optimal XDC constraints or non-optimal design architecture
Related violations: <none>

TIMING-16#875 Warning
Large setup violation  
There is a large setup violation of -5.756 ns between Core_cpu/U_ifetch/pc_module/pc_reg[15]/C (clocked by clk_out1_cpuclk) and Mem_DRAM/U0/synth_options.dist_mem_inst/gen_sp_ram.spram_inst/ram_reg_10496_10751_6_6/RAMS64E_A/I (clocked by clk_out1_cpuclk). Large setup violations at the end of those stages might be difficult to fix during the post-placement implementation flow and could be the result of non-optimal XDC constraints or non-optimal design architecture
Related violations: <none>

TIMING-16#876 Warning
Large setup violation  
There is a large setup violation of -5.793 ns between Core_cpu/U_ifetch/pc_module/pc_reg[15]/C (clocked by clk_out1_cpuclk) and Mem_DRAM/U0/synth_options.dist_mem_inst/gen_sp_ram.spram_inst/ram_reg_10240_10495_23_23/RAMS64E_D/I (clocked by clk_out1_cpuclk). Large setup violations at the end of those stages might be difficult to fix during the post-placement implementation flow and could be the result of non-optimal XDC constraints or non-optimal design architecture
Related violations: <none>

TIMING-16#877 Warning
Large setup violation  
There is a large setup violation of -5.795 ns between Core_cpu/U_ifetch/pc_module/pc_reg[15]/C (clocked by clk_out1_cpuclk) and Mem_DRAM/U0/synth_options.dist_mem_inst/gen_sp_ram.spram_inst/ram_reg_10752_11007_26_26/RAMS64E_D/I (clocked by clk_out1_cpuclk). Large setup violations at the end of those stages might be difficult to fix during the post-placement implementation flow and could be the result of non-optimal XDC constraints or non-optimal design architecture
Related violations: <none>

TIMING-16#878 Warning
Large setup violation  
There is a large setup violation of -5.799 ns between Core_cpu/U_ifetch/pc_module/pc_reg[15]/C (clocked by clk_out1_cpuclk) and Mem_DRAM/U0/synth_options.dist_mem_inst/gen_sp_ram.spram_inst/ram_reg_1024_1279_23_23/RAMS64E_D/I (clocked by clk_out1_cpuclk). Large setup violations at the end of those stages might be difficult to fix during the post-placement implementation flow and could be the result of non-optimal XDC constraints or non-optimal design architecture
Related violations: <none>

TIMING-16#879 Warning
Large setup violation  
There is a large setup violation of -5.814 ns between Core_cpu/U_ifetch/pc_module/pc_reg[15]/C (clocked by clk_out1_cpuclk) and Mem_DRAM/U0/synth_options.dist_mem_inst/gen_sp_ram.spram_inst/ram_reg_1024_1279_24_24/RAMS64E_A/I (clocked by clk_out1_cpuclk). Large setup violations at the end of those stages might be difficult to fix during the post-placement implementation flow and could be the result of non-optimal XDC constraints or non-optimal design architecture
Related violations: <none>

TIMING-16#880 Warning
Large setup violation  
There is a large setup violation of -5.814 ns between Core_cpu/U_ifetch/pc_module/pc_reg[15]/C (clocked by clk_out1_cpuclk) and Mem_DRAM/U0/synth_options.dist_mem_inst/gen_sp_ram.spram_inst/ram_reg_11264_11519_22_22/RAMS64E_A/I (clocked by clk_out1_cpuclk). Large setup violations at the end of those stages might be difficult to fix during the post-placement implementation flow and could be the result of non-optimal XDC constraints or non-optimal design architecture
Related violations: <none>

TIMING-16#881 Warning
Large setup violation  
There is a large setup violation of -5.822 ns between Core_cpu/U_ifetch/pc_module/pc_reg[15]/C (clocked by clk_out1_cpuclk) and Mem_DRAM/U0/synth_options.dist_mem_inst/gen_sp_ram.spram_inst/ram_reg_11776_12031_21_21/RAMS64E_D/I (clocked by clk_out1_cpuclk). Large setup violations at the end of those stages might be difficult to fix during the post-placement implementation flow and could be the result of non-optimal XDC constraints or non-optimal design architecture
Related violations: <none>

TIMING-16#882 Warning
Large setup violation  
There is a large setup violation of -5.826 ns between Core_cpu/U_ifetch/pc_module/pc_reg[15]/C (clocked by clk_out1_cpuclk) and Mem_DRAM/U0/synth_options.dist_mem_inst/gen_sp_ram.spram_inst/ram_reg_10240_10495_26_26/RAMS64E_D/I (clocked by clk_out1_cpuclk). Large setup violations at the end of those stages might be difficult to fix during the post-placement implementation flow and could be the result of non-optimal XDC constraints or non-optimal design architecture
Related violations: <none>

TIMING-16#883 Warning
Large setup violation  
There is a large setup violation of -5.828 ns between Core_cpu/U_ifetch/pc_module/pc_reg[15]/C (clocked by clk_out1_cpuclk) and Mem_DRAM/U0/synth_options.dist_mem_inst/gen_sp_ram.spram_inst/ram_reg_10496_10751_17_17/RAMS64E_A/I (clocked by clk_out1_cpuclk). Large setup violations at the end of those stages might be difficult to fix during the post-placement implementation flow and could be the result of non-optimal XDC constraints or non-optimal design architecture
Related violations: <none>

TIMING-16#884 Warning
Large setup violation  
There is a large setup violation of -5.865 ns between Core_cpu/U_ifetch/pc_module/pc_reg[15]/C (clocked by clk_out1_cpuclk) and Mem_DRAM/U0/synth_options.dist_mem_inst/gen_sp_ram.spram_inst/ram_reg_1024_1279_27_27/RAMS64E_D/I (clocked by clk_out1_cpuclk). Large setup violations at the end of those stages might be difficult to fix during the post-placement implementation flow and could be the result of non-optimal XDC constraints or non-optimal design architecture
Related violations: <none>

TIMING-16#885 Warning
Large setup violation  
There is a large setup violation of -5.880 ns between Core_cpu/U_ifetch/pc_module/pc_reg[15]/C (clocked by clk_out1_cpuclk) and Mem_DRAM/U0/synth_options.dist_mem_inst/gen_sp_ram.spram_inst/ram_reg_11776_12031_6_6/RAMS64E_B/I (clocked by clk_out1_cpuclk). Large setup violations at the end of those stages might be difficult to fix during the post-placement implementation flow and could be the result of non-optimal XDC constraints or non-optimal design architecture
Related violations: <none>

TIMING-16#886 Warning
Large setup violation  
There is a large setup violation of -5.881 ns between Core_cpu/U_ifetch/pc_module/pc_reg[15]/C (clocked by clk_out1_cpuclk) and Mem_DRAM/U0/synth_options.dist_mem_inst/gen_sp_ram.spram_inst/ram_reg_11776_12031_6_6/RAMS64E_C/I (clocked by clk_out1_cpuclk). Large setup violations at the end of those stages might be difficult to fix during the post-placement implementation flow and could be the result of non-optimal XDC constraints or non-optimal design architecture
Related violations: <none>

TIMING-16#887 Warning
Large setup violation  
There is a large setup violation of -5.888 ns between Core_cpu/U_ifetch/pc_module/pc_reg[15]/C (clocked by clk_out1_cpuclk) and Mem_DRAM/U0/synth_options.dist_mem_inst/gen_sp_ram.spram_inst/ram_reg_10496_10751_23_23/RAMS64E_B/I (clocked by clk_out1_cpuclk). Large setup violations at the end of those stages might be difficult to fix during the post-placement implementation flow and could be the result of non-optimal XDC constraints or non-optimal design architecture
Related violations: <none>

TIMING-16#888 Warning
Large setup violation  
There is a large setup violation of -5.889 ns between Core_cpu/U_ifetch/pc_module/pc_reg[15]/C (clocked by clk_out1_cpuclk) and Mem_DRAM/U0/synth_options.dist_mem_inst/gen_sp_ram.spram_inst/ram_reg_10496_10751_23_23/RAMS64E_C/I (clocked by clk_out1_cpuclk). Large setup violations at the end of those stages might be difficult to fix during the post-placement implementation flow and could be the result of non-optimal XDC constraints or non-optimal design architecture
Related violations: <none>

TIMING-16#889 Warning
Large setup violation  
There is a large setup violation of -5.895 ns between Core_cpu/U_ifetch/pc_module/pc_reg[15]/C (clocked by clk_out1_cpuclk) and Mem_DRAM/U0/synth_options.dist_mem_inst/gen_sp_ram.spram_inst/ram_reg_10752_11007_23_23/RAMS64E_B/I (clocked by clk_out1_cpuclk). Large setup violations at the end of those stages might be difficult to fix during the post-placement implementation flow and could be the result of non-optimal XDC constraints or non-optimal design architecture
Related violations: <none>

TIMING-16#890 Warning
Large setup violation  
There is a large setup violation of -5.896 ns between Core_cpu/U_ifetch/pc_module/pc_reg[15]/C (clocked by clk_out1_cpuclk) and Mem_DRAM/U0/synth_options.dist_mem_inst/gen_sp_ram.spram_inst/ram_reg_10752_11007_23_23/RAMS64E_C/I (clocked by clk_out1_cpuclk). Large setup violations at the end of those stages might be difficult to fix during the post-placement implementation flow and could be the result of non-optimal XDC constraints or non-optimal design architecture
Related violations: <none>

TIMING-16#891 Warning
Large setup violation  
There is a large setup violation of -5.914 ns between Core_cpu/U_ifetch/pc_module/pc_reg[15]/C (clocked by clk_out1_cpuclk) and Mem_DRAM/U0/synth_options.dist_mem_inst/gen_sp_ram.spram_inst/ram_reg_0_255_17_17/RAMS64E_B/I (clocked by clk_out1_cpuclk). Large setup violations at the end of those stages might be difficult to fix during the post-placement implementation flow and could be the result of non-optimal XDC constraints or non-optimal design architecture
Related violations: <none>

TIMING-16#892 Warning
Large setup violation  
There is a large setup violation of -5.914 ns between Core_cpu/U_ifetch/pc_module/pc_reg[15]/C (clocked by clk_out1_cpuclk) and Mem_DRAM/U0/synth_options.dist_mem_inst/gen_sp_ram.spram_inst/ram_reg_11264_11519_21_21/RAMS64E_B/I (clocked by clk_out1_cpuclk). Large setup violations at the end of those stages might be difficult to fix during the post-placement implementation flow and could be the result of non-optimal XDC constraints or non-optimal design architecture
Related violations: <none>

TIMING-16#893 Warning
Large setup violation  
There is a large setup violation of -5.915 ns between Core_cpu/U_ifetch/pc_module/pc_reg[15]/C (clocked by clk_out1_cpuclk) and Mem_DRAM/U0/synth_options.dist_mem_inst/gen_sp_ram.spram_inst/ram_reg_0_255_17_17/RAMS64E_C/I (clocked by clk_out1_cpuclk). Large setup violations at the end of those stages might be difficult to fix during the post-placement implementation flow and could be the result of non-optimal XDC constraints or non-optimal design architecture
Related violations: <none>

TIMING-16#894 Warning
Large setup violation  
There is a large setup violation of -5.915 ns between Core_cpu/U_ifetch/pc_module/pc_reg[15]/C (clocked by clk_out1_cpuclk) and Mem_DRAM/U0/synth_options.dist_mem_inst/gen_sp_ram.spram_inst/ram_reg_11264_11519_21_21/RAMS64E_C/I (clocked by clk_out1_cpuclk). Large setup violations at the end of those stages might be difficult to fix during the post-placement implementation flow and could be the result of non-optimal XDC constraints or non-optimal design architecture
Related violations: <none>

TIMING-16#895 Warning
Large setup violation  
There is a large setup violation of -5.926 ns between Core_cpu/U_ifetch/pc_module/pc_reg[15]/C (clocked by clk_out1_cpuclk) and Mem_DRAM/U0/synth_options.dist_mem_inst/gen_sp_ram.spram_inst/ram_reg_11520_11775_23_23/RAMS64E_D/I (clocked by clk_out1_cpuclk). Large setup violations at the end of those stages might be difficult to fix during the post-placement implementation flow and could be the result of non-optimal XDC constraints or non-optimal design architecture
Related violations: <none>

TIMING-16#896 Warning
Large setup violation  
There is a large setup violation of -5.932 ns between Core_cpu/U_ifetch/pc_module/pc_reg[15]/C (clocked by clk_out1_cpuclk) and Mem_DRAM/U0/synth_options.dist_mem_inst/gen_sp_ram.spram_inst/ram_reg_11008_11263_23_23/RAMS64E_D/I (clocked by clk_out1_cpuclk). Large setup violations at the end of those stages might be difficult to fix during the post-placement implementation flow and could be the result of non-optimal XDC constraints or non-optimal design architecture
Related violations: <none>

TIMING-16#897 Warning
Large setup violation  
There is a large setup violation of -5.948 ns between Core_cpu/U_ifetch/pc_module/pc_reg[15]/C (clocked by clk_out1_cpuclk) and Mem_DRAM/U0/synth_options.dist_mem_inst/gen_sp_ram.spram_inst/ram_reg_11520_11775_26_26/RAMS64E_D/I (clocked by clk_out1_cpuclk). Large setup violations at the end of those stages might be difficult to fix during the post-placement implementation flow and could be the result of non-optimal XDC constraints or non-optimal design architecture
Related violations: <none>

TIMING-16#898 Warning
Large setup violation  
There is a large setup violation of -5.951 ns between Core_cpu/U_ifetch/pc_module/pc_reg[15]/C (clocked by clk_out1_cpuclk) and Mem_DRAM/U0/synth_options.dist_mem_inst/gen_sp_ram.spram_inst/ram_reg_10496_10751_26_26/RAMS64E_D/I (clocked by clk_out1_cpuclk). Large setup violations at the end of those stages might be difficult to fix during the post-placement implementation flow and could be the result of non-optimal XDC constraints or non-optimal design architecture
Related violations: <none>

TIMING-16#899 Warning
Large setup violation  
There is a large setup violation of -5.954 ns between Core_cpu/U_ifetch/pc_module/pc_reg[15]/C (clocked by clk_out1_cpuclk) and Mem_DRAM/U0/synth_options.dist_mem_inst/gen_sp_ram.spram_inst/ram_reg_11008_11263_26_26/RAMS64E_D/I (clocked by clk_out1_cpuclk). Large setup violations at the end of those stages might be difficult to fix during the post-placement implementation flow and could be the result of non-optimal XDC constraints or non-optimal design architecture
Related violations: <none>

TIMING-16#900 Warning
Large setup violation  
There is a large setup violation of -5.961 ns between Core_cpu/U_ifetch/pc_module/pc_reg[15]/C (clocked by clk_out1_cpuclk) and Mem_DRAM/U0/synth_options.dist_mem_inst/gen_sp_ram.spram_inst/ram_reg_1024_1279_17_17/RAMS64E_D/I (clocked by clk_out1_cpuclk). Large setup violations at the end of those stages might be difficult to fix during the post-placement implementation flow and could be the result of non-optimal XDC constraints or non-optimal design architecture
Related violations: <none>

TIMING-16#901 Warning
Large setup violation  
There is a large setup violation of -5.962 ns between Core_cpu/U_ifetch/pc_module/pc_reg[15]/C (clocked by clk_out1_cpuclk) and Mem_DRAM/U0/synth_options.dist_mem_inst/gen_sp_ram.spram_inst/ram_reg_10752_11007_21_21/RAMS64E_D/I (clocked by clk_out1_cpuclk). Large setup violations at the end of those stages might be difficult to fix during the post-placement implementation flow and could be the result of non-optimal XDC constraints or non-optimal design architecture
Related violations: <none>

TIMING-16#902 Warning
Large setup violation  
There is a large setup violation of -5.966 ns between Core_cpu/U_ifetch/pc_module/pc_reg[15]/C (clocked by clk_out1_cpuclk) and Mem_DRAM/U0/synth_options.dist_mem_inst/gen_sp_ram.spram_inst/ram_reg_11776_12031_17_17/RAMS64E_A/I (clocked by clk_out1_cpuclk). Large setup violations at the end of those stages might be difficult to fix during the post-placement implementation flow and could be the result of non-optimal XDC constraints or non-optimal design architecture
Related violations: <none>

TIMING-16#903 Warning
Large setup violation  
There is a large setup violation of -5.982 ns between Core_cpu/U_ifetch/pc_module/pc_reg[15]/C (clocked by clk_out1_cpuclk) and Mem_DRAM/U0/synth_options.dist_mem_inst/gen_sp_ram.spram_inst/ram_reg_11008_11263_21_21/RAMS64E_D/I (clocked by clk_out1_cpuclk). Large setup violations at the end of those stages might be difficult to fix during the post-placement implementation flow and could be the result of non-optimal XDC constraints or non-optimal design architecture
Related violations: <none>

TIMING-16#904 Warning
Large setup violation  
There is a large setup violation of -5.987 ns between Core_cpu/U_ifetch/pc_module/pc_reg[15]/C (clocked by clk_out1_cpuclk) and Mem_DRAM/U0/synth_options.dist_mem_inst/gen_sp_ram.spram_inst/ram_reg_11520_11775_21_21/RAMS64E_D/I (clocked by clk_out1_cpuclk). Large setup violations at the end of those stages might be difficult to fix during the post-placement implementation flow and could be the result of non-optimal XDC constraints or non-optimal design architecture
Related violations: <none>

TIMING-16#905 Warning
Large setup violation  
There is a large setup violation of -6.009 ns between Core_cpu/U_ifetch/pc_module/pc_reg[15]/C (clocked by clk_out1_cpuclk) and Mem_DRAM/U0/synth_options.dist_mem_inst/gen_sp_ram.spram_inst/ram_reg_11776_12031_23_23/RAMS64E_A/I (clocked by clk_out1_cpuclk). Large setup violations at the end of those stages might be difficult to fix during the post-placement implementation flow and could be the result of non-optimal XDC constraints or non-optimal design architecture
Related violations: <none>

TIMING-16#906 Warning
Large setup violation  
There is a large setup violation of -6.027 ns between Core_cpu/U_ifetch/pc_module/pc_reg[15]/C (clocked by clk_out1_cpuclk) and Mem_DRAM/U0/synth_options.dist_mem_inst/gen_sp_ram.spram_inst/ram_reg_11264_11519_23_23/RAMS64E_A/I (clocked by clk_out1_cpuclk). Large setup violations at the end of those stages might be difficult to fix during the post-placement implementation flow and could be the result of non-optimal XDC constraints or non-optimal design architecture
Related violations: <none>

TIMING-16#907 Warning
Large setup violation  
There is a large setup violation of -6.046 ns between Core_cpu/U_ifetch/pc_module/pc_reg[15]/C (clocked by clk_out1_cpuclk) and Mem_DRAM/U0/synth_options.dist_mem_inst/gen_sp_ram.spram_inst/ram_reg_10240_10495_23_23/RAMS64E_B/I (clocked by clk_out1_cpuclk). Large setup violations at the end of those stages might be difficult to fix during the post-placement implementation flow and could be the result of non-optimal XDC constraints or non-optimal design architecture
Related violations: <none>

TIMING-16#908 Warning
Large setup violation  
There is a large setup violation of -6.047 ns between Core_cpu/U_ifetch/pc_module/pc_reg[15]/C (clocked by clk_out1_cpuclk) and Mem_DRAM/U0/synth_options.dist_mem_inst/gen_sp_ram.spram_inst/ram_reg_10240_10495_23_23/RAMS64E_C/I (clocked by clk_out1_cpuclk). Large setup violations at the end of those stages might be difficult to fix during the post-placement implementation flow and could be the result of non-optimal XDC constraints or non-optimal design architecture
Related violations: <none>

TIMING-16#909 Warning
Large setup violation  
There is a large setup violation of -6.048 ns between Core_cpu/U_ifetch/pc_module/pc_reg[15]/C (clocked by clk_out1_cpuclk) and Mem_DRAM/U0/synth_options.dist_mem_inst/gen_sp_ram.spram_inst/ram_reg_10752_11007_26_26/RAMS64E_B/I (clocked by clk_out1_cpuclk). Large setup violations at the end of those stages might be difficult to fix during the post-placement implementation flow and could be the result of non-optimal XDC constraints or non-optimal design architecture
Related violations: <none>

TIMING-16#910 Warning
Large setup violation  
There is a large setup violation of -6.049 ns between Core_cpu/U_ifetch/pc_module/pc_reg[15]/C (clocked by clk_out1_cpuclk) and Mem_DRAM/U0/synth_options.dist_mem_inst/gen_sp_ram.spram_inst/ram_reg_10752_11007_26_26/RAMS64E_C/I (clocked by clk_out1_cpuclk). Large setup violations at the end of those stages might be difficult to fix during the post-placement implementation flow and could be the result of non-optimal XDC constraints or non-optimal design architecture
Related violations: <none>

TIMING-16#911 Warning
Large setup violation  
There is a large setup violation of -6.052 ns between Core_cpu/U_ifetch/pc_module/pc_reg[15]/C (clocked by clk_out1_cpuclk) and Mem_DRAM/U0/synth_options.dist_mem_inst/gen_sp_ram.spram_inst/ram_reg_1024_1279_23_23/RAMS64E_B/I (clocked by clk_out1_cpuclk). Large setup violations at the end of those stages might be difficult to fix during the post-placement implementation flow and could be the result of non-optimal XDC constraints or non-optimal design architecture
Related violations: <none>

TIMING-16#912 Warning
Large setup violation  
There is a large setup violation of -6.053 ns between Core_cpu/U_ifetch/pc_module/pc_reg[15]/C (clocked by clk_out1_cpuclk) and Mem_DRAM/U0/synth_options.dist_mem_inst/gen_sp_ram.spram_inst/ram_reg_1024_1279_23_23/RAMS64E_C/I (clocked by clk_out1_cpuclk). Large setup violations at the end of those stages might be difficult to fix during the post-placement implementation flow and could be the result of non-optimal XDC constraints or non-optimal design architecture
Related violations: <none>

TIMING-16#913 Warning
Large setup violation  
There is a large setup violation of -6.075 ns between Core_cpu/U_ifetch/pc_module/pc_reg[15]/C (clocked by clk_out1_cpuclk) and Mem_DRAM/U0/synth_options.dist_mem_inst/gen_sp_ram.spram_inst/ram_reg_11776_12031_21_21/RAMS64E_B/I (clocked by clk_out1_cpuclk). Large setup violations at the end of those stages might be difficult to fix during the post-placement implementation flow and could be the result of non-optimal XDC constraints or non-optimal design architecture
Related violations: <none>

TIMING-16#914 Warning
Large setup violation  
There is a large setup violation of -6.076 ns between Core_cpu/U_ifetch/pc_module/pc_reg[15]/C (clocked by clk_out1_cpuclk) and Mem_DRAM/U0/synth_options.dist_mem_inst/gen_sp_ram.spram_inst/ram_reg_11776_12031_21_21/RAMS64E_C/I (clocked by clk_out1_cpuclk). Large setup violations at the end of those stages might be difficult to fix during the post-placement implementation flow and could be the result of non-optimal XDC constraints or non-optimal design architecture
Related violations: <none>

TIMING-16#915 Warning
Large setup violation  
There is a large setup violation of -6.079 ns between Core_cpu/U_ifetch/pc_module/pc_reg[15]/C (clocked by clk_out1_cpuclk) and Mem_DRAM/U0/synth_options.dist_mem_inst/gen_sp_ram.spram_inst/ram_reg_10240_10495_26_26/RAMS64E_B/I (clocked by clk_out1_cpuclk). Large setup violations at the end of those stages might be difficult to fix during the post-placement implementation flow and could be the result of non-optimal XDC constraints or non-optimal design architecture
Related violations: <none>

TIMING-16#916 Warning
Large setup violation  
There is a large setup violation of -6.080 ns between Core_cpu/U_ifetch/pc_module/pc_reg[15]/C (clocked by clk_out1_cpuclk) and Mem_DRAM/U0/synth_options.dist_mem_inst/gen_sp_ram.spram_inst/ram_reg_10240_10495_26_26/RAMS64E_C/I (clocked by clk_out1_cpuclk). Large setup violations at the end of those stages might be difficult to fix during the post-placement implementation flow and could be the result of non-optimal XDC constraints or non-optimal design architecture
Related violations: <none>

TIMING-16#917 Warning
Large setup violation  
There is a large setup violation of -6.101 ns between Core_cpu/U_ifetch/pc_module/pc_reg[15]/C (clocked by clk_out1_cpuclk) and Mem_DRAM/U0/synth_options.dist_mem_inst/gen_sp_ram.spram_inst/ram_reg_11776_12031_26_26/RAMS64E_D/I (clocked by clk_out1_cpuclk). Large setup violations at the end of those stages might be difficult to fix during the post-placement implementation flow and could be the result of non-optimal XDC constraints or non-optimal design architecture
Related violations: <none>

TIMING-16#918 Warning
Large setup violation  
There is a large setup violation of -6.118 ns between Core_cpu/U_ifetch/pc_module/pc_reg[15]/C (clocked by clk_out1_cpuclk) and Mem_DRAM/U0/synth_options.dist_mem_inst/gen_sp_ram.spram_inst/ram_reg_1024_1279_27_27/RAMS64E_B/I (clocked by clk_out1_cpuclk). Large setup violations at the end of those stages might be difficult to fix during the post-placement implementation flow and could be the result of non-optimal XDC constraints or non-optimal design architecture
Related violations: <none>

TIMING-16#919 Warning
Large setup violation  
There is a large setup violation of -6.118 ns between Core_cpu/U_ifetch/pc_module/pc_reg[15]/C (clocked by clk_out1_cpuclk) and Mem_DRAM/U0/synth_options.dist_mem_inst/gen_sp_ram.spram_inst/ram_reg_11520_11775_25_25/RAMS64E_D/I (clocked by clk_out1_cpuclk). Large setup violations at the end of those stages might be difficult to fix during the post-placement implementation flow and could be the result of non-optimal XDC constraints or non-optimal design architecture
Related violations: <none>

TIMING-16#920 Warning
Large setup violation  
There is a large setup violation of -6.119 ns between Core_cpu/U_ifetch/pc_module/pc_reg[15]/C (clocked by clk_out1_cpuclk) and Mem_DRAM/U0/synth_options.dist_mem_inst/gen_sp_ram.spram_inst/ram_reg_1024_1279_27_27/RAMS64E_C/I (clocked by clk_out1_cpuclk). Large setup violations at the end of those stages might be difficult to fix during the post-placement implementation flow and could be the result of non-optimal XDC constraints or non-optimal design architecture
Related violations: <none>

TIMING-16#921 Warning
Large setup violation  
There is a large setup violation of -6.133 ns between Core_cpu/U_ifetch/pc_module/pc_reg[15]/C (clocked by clk_out1_cpuclk) and Mem_DRAM/U0/synth_options.dist_mem_inst/gen_sp_ram.spram_inst/ram_reg_10240_10495_21_21/RAMS64E_D/I (clocked by clk_out1_cpuclk). Large setup violations at the end of those stages might be difficult to fix during the post-placement implementation flow and could be the result of non-optimal XDC constraints or non-optimal design architecture
Related violations: <none>

TIMING-16#922 Warning
Large setup violation  
There is a large setup violation of -6.142 ns between Core_cpu/U_ifetch/pc_module/pc_reg[15]/C (clocked by clk_out1_cpuclk) and Mem_DRAM/U0/synth_options.dist_mem_inst/gen_sp_ram.spram_inst/ram_reg_11264_11519_26_26/RAMS64E_D/I (clocked by clk_out1_cpuclk). Large setup violations at the end of those stages might be difficult to fix during the post-placement implementation flow and could be the result of non-optimal XDC constraints or non-optimal design architecture
Related violations: <none>

TIMING-16#923 Warning
Large setup violation  
There is a large setup violation of -6.168 ns between Core_cpu/U_ifetch/pc_module/pc_reg[15]/C (clocked by clk_out1_cpuclk) and Mem_DRAM/U0/synth_options.dist_mem_inst/gen_sp_ram.spram_inst/ram_reg_11776_12031_6_6/RAMS64E_A/I (clocked by clk_out1_cpuclk). Large setup violations at the end of those stages might be difficult to fix during the post-placement implementation flow and could be the result of non-optimal XDC constraints or non-optimal design architecture
Related violations: <none>

TIMING-16#924 Warning
Large setup violation  
There is a large setup violation of -6.176 ns between Core_cpu/U_ifetch/pc_module/pc_reg[15]/C (clocked by clk_out1_cpuclk) and Mem_DRAM/U0/synth_options.dist_mem_inst/gen_sp_ram.spram_inst/ram_reg_10496_10751_23_23/RAMS64E_A/I (clocked by clk_out1_cpuclk). Large setup violations at the end of those stages might be difficult to fix during the post-placement implementation flow and could be the result of non-optimal XDC constraints or non-optimal design architecture
Related violations: <none>

TIMING-16#925 Warning
Large setup violation  
There is a large setup violation of -6.179 ns between Core_cpu/U_ifetch/pc_module/pc_reg[15]/C (clocked by clk_out1_cpuclk) and Mem_DRAM/U0/synth_options.dist_mem_inst/gen_sp_ram.spram_inst/ram_reg_11520_11775_23_23/RAMS64E_B/I (clocked by clk_out1_cpuclk). Large setup violations at the end of those stages might be difficult to fix during the post-placement implementation flow and could be the result of non-optimal XDC constraints or non-optimal design architecture
Related violations: <none>

TIMING-16#926 Warning
Large setup violation  
There is a large setup violation of -6.180 ns between Core_cpu/U_ifetch/pc_module/pc_reg[15]/C (clocked by clk_out1_cpuclk) and Mem_DRAM/U0/synth_options.dist_mem_inst/gen_sp_ram.spram_inst/ram_reg_11520_11775_23_23/RAMS64E_C/I (clocked by clk_out1_cpuclk). Large setup violations at the end of those stages might be difficult to fix during the post-placement implementation flow and could be the result of non-optimal XDC constraints or non-optimal design architecture
Related violations: <none>

TIMING-16#927 Warning
Large setup violation  
There is a large setup violation of -6.183 ns between Core_cpu/U_ifetch/pc_module/pc_reg[15]/C (clocked by clk_out1_cpuclk) and Mem_DRAM/U0/synth_options.dist_mem_inst/gen_sp_ram.spram_inst/ram_reg_10752_11007_23_23/RAMS64E_A/I (clocked by clk_out1_cpuclk). Large setup violations at the end of those stages might be difficult to fix during the post-placement implementation flow and could be the result of non-optimal XDC constraints or non-optimal design architecture
Related violations: <none>

TIMING-16#928 Warning
Large setup violation  
There is a large setup violation of -6.185 ns between Core_cpu/U_ifetch/pc_module/pc_reg[15]/C (clocked by clk_out1_cpuclk) and Mem_DRAM/U0/synth_options.dist_mem_inst/gen_sp_ram.spram_inst/ram_reg_11008_11263_23_23/RAMS64E_B/I (clocked by clk_out1_cpuclk). Large setup violations at the end of those stages might be difficult to fix during the post-placement implementation flow and could be the result of non-optimal XDC constraints or non-optimal design architecture
Related violations: <none>

TIMING-16#929 Warning
Large setup violation  
There is a large setup violation of -6.186 ns between Core_cpu/U_ifetch/pc_module/pc_reg[15]/C (clocked by clk_out1_cpuclk) and Mem_DRAM/U0/synth_options.dist_mem_inst/gen_sp_ram.spram_inst/ram_reg_11008_11263_23_23/RAMS64E_C/I (clocked by clk_out1_cpuclk). Large setup violations at the end of those stages might be difficult to fix during the post-placement implementation flow and could be the result of non-optimal XDC constraints or non-optimal design architecture
Related violations: <none>

TIMING-16#930 Warning
Large setup violation  
There is a large setup violation of -6.201 ns between Core_cpu/U_ifetch/pc_module/pc_reg[15]/C (clocked by clk_out1_cpuclk) and Mem_DRAM/U0/synth_options.dist_mem_inst/gen_sp_ram.spram_inst/ram_reg_11520_11775_26_26/RAMS64E_B/I (clocked by clk_out1_cpuclk). Large setup violations at the end of those stages might be difficult to fix during the post-placement implementation flow and could be the result of non-optimal XDC constraints or non-optimal design architecture
Related violations: <none>

TIMING-16#931 Warning
Large setup violation  
There is a large setup violation of -6.202 ns between Core_cpu/U_ifetch/pc_module/pc_reg[15]/C (clocked by clk_out1_cpuclk) and Mem_DRAM/U0/synth_options.dist_mem_inst/gen_sp_ram.spram_inst/ram_reg_0_255_17_17/RAMS64E_A/I (clocked by clk_out1_cpuclk). Large setup violations at the end of those stages might be difficult to fix during the post-placement implementation flow and could be the result of non-optimal XDC constraints or non-optimal design architecture
Related violations: <none>

TIMING-16#932 Warning
Large setup violation  
There is a large setup violation of -6.202 ns between Core_cpu/U_ifetch/pc_module/pc_reg[15]/C (clocked by clk_out1_cpuclk) and Mem_DRAM/U0/synth_options.dist_mem_inst/gen_sp_ram.spram_inst/ram_reg_11264_11519_21_21/RAMS64E_A/I (clocked by clk_out1_cpuclk). Large setup violations at the end of those stages might be difficult to fix during the post-placement implementation flow and could be the result of non-optimal XDC constraints or non-optimal design architecture
Related violations: <none>

TIMING-16#933 Warning
Large setup violation  
There is a large setup violation of -6.202 ns between Core_cpu/U_ifetch/pc_module/pc_reg[15]/C (clocked by clk_out1_cpuclk) and Mem_DRAM/U0/synth_options.dist_mem_inst/gen_sp_ram.spram_inst/ram_reg_11520_11775_26_26/RAMS64E_C/I (clocked by clk_out1_cpuclk). Large setup violations at the end of those stages might be difficult to fix during the post-placement implementation flow and could be the result of non-optimal XDC constraints or non-optimal design architecture
Related violations: <none>

TIMING-16#934 Warning
Large setup violation  
There is a large setup violation of -6.204 ns between Core_cpu/U_ifetch/pc_module/pc_reg[15]/C (clocked by clk_out1_cpuclk) and Mem_DRAM/U0/synth_options.dist_mem_inst/gen_sp_ram.spram_inst/ram_reg_10496_10751_26_26/RAMS64E_B/I (clocked by clk_out1_cpuclk). Large setup violations at the end of those stages might be difficult to fix during the post-placement implementation flow and could be the result of non-optimal XDC constraints or non-optimal design architecture
Related violations: <none>

TIMING-16#935 Warning
Large setup violation  
There is a large setup violation of -6.205 ns between Core_cpu/U_ifetch/pc_module/pc_reg[15]/C (clocked by clk_out1_cpuclk) and Mem_DRAM/U0/synth_options.dist_mem_inst/gen_sp_ram.spram_inst/ram_reg_10496_10751_26_26/RAMS64E_C/I (clocked by clk_out1_cpuclk). Large setup violations at the end of those stages might be difficult to fix during the post-placement implementation flow and could be the result of non-optimal XDC constraints or non-optimal design architecture
Related violations: <none>

TIMING-16#936 Warning
Large setup violation  
There is a large setup violation of -6.207 ns between Core_cpu/U_ifetch/pc_module/pc_reg[15]/C (clocked by clk_out1_cpuclk) and Mem_DRAM/U0/synth_options.dist_mem_inst/gen_sp_ram.spram_inst/ram_reg_11008_11263_26_26/RAMS64E_B/I (clocked by clk_out1_cpuclk). Large setup violations at the end of those stages might be difficult to fix during the post-placement implementation flow and could be the result of non-optimal XDC constraints or non-optimal design architecture
Related violations: <none>

TIMING-16#937 Warning
Large setup violation  
There is a large setup violation of -6.208 ns between Core_cpu/U_ifetch/pc_module/pc_reg[15]/C (clocked by clk_out1_cpuclk) and Mem_DRAM/U0/synth_options.dist_mem_inst/gen_sp_ram.spram_inst/ram_reg_11008_11263_26_26/RAMS64E_C/I (clocked by clk_out1_cpuclk). Large setup violations at the end of those stages might be difficult to fix during the post-placement implementation flow and could be the result of non-optimal XDC constraints or non-optimal design architecture
Related violations: <none>

TIMING-16#938 Warning
Large setup violation  
There is a large setup violation of -6.214 ns between Core_cpu/U_ifetch/pc_module/pc_reg[15]/C (clocked by clk_out1_cpuclk) and Mem_DRAM/U0/synth_options.dist_mem_inst/gen_sp_ram.spram_inst/ram_reg_1024_1279_17_17/RAMS64E_B/I (clocked by clk_out1_cpuclk). Large setup violations at the end of those stages might be difficult to fix during the post-placement implementation flow and could be the result of non-optimal XDC constraints or non-optimal design architecture
Related violations: <none>

TIMING-16#939 Warning
Large setup violation  
There is a large setup violation of -6.215 ns between Core_cpu/U_ifetch/pc_module/pc_reg[15]/C (clocked by clk_out1_cpuclk) and Mem_DRAM/U0/synth_options.dist_mem_inst/gen_sp_ram.spram_inst/ram_reg_1024_1279_17_17/RAMS64E_C/I (clocked by clk_out1_cpuclk). Large setup violations at the end of those stages might be difficult to fix during the post-placement implementation flow and could be the result of non-optimal XDC constraints or non-optimal design architecture
Related violations: <none>

TIMING-16#940 Warning
Large setup violation  
There is a large setup violation of -6.215 ns between Core_cpu/U_ifetch/pc_module/pc_reg[15]/C (clocked by clk_out1_cpuclk) and Mem_DRAM/U0/synth_options.dist_mem_inst/gen_sp_ram.spram_inst/ram_reg_10752_11007_21_21/RAMS64E_B/I (clocked by clk_out1_cpuclk). Large setup violations at the end of those stages might be difficult to fix during the post-placement implementation flow and could be the result of non-optimal XDC constraints or non-optimal design architecture
Related violations: <none>

TIMING-16#941 Warning
Large setup violation  
There is a large setup violation of -6.216 ns between Core_cpu/U_ifetch/pc_module/pc_reg[15]/C (clocked by clk_out1_cpuclk) and Mem_DRAM/U0/synth_options.dist_mem_inst/gen_sp_ram.spram_inst/ram_reg_10752_11007_21_21/RAMS64E_C/I (clocked by clk_out1_cpuclk). Large setup violations at the end of those stages might be difficult to fix during the post-placement implementation flow and could be the result of non-optimal XDC constraints or non-optimal design architecture
Related violations: <none>

TIMING-16#942 Warning
Large setup violation  
There is a large setup violation of -6.235 ns between Core_cpu/U_ifetch/pc_module/pc_reg[15]/C (clocked by clk_out1_cpuclk) and Mem_DRAM/U0/synth_options.dist_mem_inst/gen_sp_ram.spram_inst/ram_reg_11008_11263_21_21/RAMS64E_B/I (clocked by clk_out1_cpuclk). Large setup violations at the end of those stages might be difficult to fix during the post-placement implementation flow and could be the result of non-optimal XDC constraints or non-optimal design architecture
Related violations: <none>

TIMING-16#943 Warning
Large setup violation  
There is a large setup violation of -6.236 ns between Core_cpu/U_ifetch/pc_module/pc_reg[15]/C (clocked by clk_out1_cpuclk) and Mem_DRAM/U0/synth_options.dist_mem_inst/gen_sp_ram.spram_inst/ram_reg_11008_11263_21_21/RAMS64E_C/I (clocked by clk_out1_cpuclk). Large setup violations at the end of those stages might be difficult to fix during the post-placement implementation flow and could be the result of non-optimal XDC constraints or non-optimal design architecture
Related violations: <none>

TIMING-16#944 Warning
Large setup violation  
There is a large setup violation of -6.240 ns between Core_cpu/U_ifetch/pc_module/pc_reg[15]/C (clocked by clk_out1_cpuclk) and Mem_DRAM/U0/synth_options.dist_mem_inst/gen_sp_ram.spram_inst/ram_reg_11520_11775_21_21/RAMS64E_B/I (clocked by clk_out1_cpuclk). Large setup violations at the end of those stages might be difficult to fix during the post-placement implementation flow and could be the result of non-optimal XDC constraints or non-optimal design architecture
Related violations: <none>

TIMING-16#945 Warning
Large setup violation  
There is a large setup violation of -6.241 ns between Core_cpu/U_ifetch/pc_module/pc_reg[15]/C (clocked by clk_out1_cpuclk) and Mem_DRAM/U0/synth_options.dist_mem_inst/gen_sp_ram.spram_inst/ram_reg_11520_11775_21_21/RAMS64E_C/I (clocked by clk_out1_cpuclk). Large setup violations at the end of those stages might be difficult to fix during the post-placement implementation flow and could be the result of non-optimal XDC constraints or non-optimal design architecture
Related violations: <none>

TIMING-16#946 Warning
Large setup violation  
There is a large setup violation of -6.246 ns between Core_cpu/U_ifetch/pc_module/pc_reg[15]/C (clocked by clk_out1_cpuclk) and Mem_DRAM/U0/synth_options.dist_mem_inst/gen_sp_ram.spram_inst/ram_reg_10496_10751_25_25/RAMS64E_D/I (clocked by clk_out1_cpuclk). Large setup violations at the end of those stages might be difficult to fix during the post-placement implementation flow and could be the result of non-optimal XDC constraints or non-optimal design architecture
Related violations: <none>

TIMING-16#947 Warning
Large setup violation  
There is a large setup violation of -6.285 ns between Core_cpu/U_ifetch/pc_module/pc_reg[15]/C (clocked by clk_out1_cpuclk) and Mem_DRAM/U0/synth_options.dist_mem_inst/gen_sp_ram.spram_inst/ram_reg_11776_12031_27_27/RAMS64E_D/I (clocked by clk_out1_cpuclk). Large setup violations at the end of those stages might be difficult to fix during the post-placement implementation flow and could be the result of non-optimal XDC constraints or non-optimal design architecture
Related violations: <none>

TIMING-16#948 Warning
Large setup violation  
There is a large setup violation of -6.334 ns between Core_cpu/U_ifetch/pc_module/pc_reg[15]/C (clocked by clk_out1_cpuclk) and Mem_DRAM/U0/synth_options.dist_mem_inst/gen_sp_ram.spram_inst/ram_reg_10240_10495_23_23/RAMS64E_A/I (clocked by clk_out1_cpuclk). Large setup violations at the end of those stages might be difficult to fix during the post-placement implementation flow and could be the result of non-optimal XDC constraints or non-optimal design architecture
Related violations: <none>

TIMING-16#949 Warning
Large setup violation  
There is a large setup violation of -6.336 ns between Core_cpu/U_ifetch/pc_module/pc_reg[15]/C (clocked by clk_out1_cpuclk) and Mem_DRAM/U0/synth_options.dist_mem_inst/gen_sp_ram.spram_inst/ram_reg_10752_11007_26_26/RAMS64E_A/I (clocked by clk_out1_cpuclk). Large setup violations at the end of those stages might be difficult to fix during the post-placement implementation flow and could be the result of non-optimal XDC constraints or non-optimal design architecture
Related violations: <none>

TIMING-16#950 Warning
Large setup violation  
There is a large setup violation of -6.340 ns between Core_cpu/U_ifetch/pc_module/pc_reg[15]/C (clocked by clk_out1_cpuclk) and Mem_DRAM/U0/synth_options.dist_mem_inst/gen_sp_ram.spram_inst/ram_reg_1024_1279_23_23/RAMS64E_A/I (clocked by clk_out1_cpuclk). Large setup violations at the end of those stages might be difficult to fix during the post-placement implementation flow and could be the result of non-optimal XDC constraints or non-optimal design architecture
Related violations: <none>

TIMING-16#951 Warning
Large setup violation  
There is a large setup violation of -6.343 ns between Core_cpu/U_ifetch/pc_module/pc_reg[15]/C (clocked by clk_out1_cpuclk) and Mem_DRAM/U0/synth_options.dist_mem_inst/gen_sp_ram.spram_inst/ram_reg_11008_11263_25_25/RAMS64E_D/I (clocked by clk_out1_cpuclk). Large setup violations at the end of those stages might be difficult to fix during the post-placement implementation flow and could be the result of non-optimal XDC constraints or non-optimal design architecture
Related violations: <none>

TIMING-16#952 Warning
Large setup violation  
There is a large setup violation of -6.354 ns between Core_cpu/U_ifetch/pc_module/pc_reg[15]/C (clocked by clk_out1_cpuclk) and Mem_DRAM/U0/synth_options.dist_mem_inst/gen_sp_ram.spram_inst/ram_reg_11776_12031_26_26/RAMS64E_B/I (clocked by clk_out1_cpuclk). Large setup violations at the end of those stages might be difficult to fix during the post-placement implementation flow and could be the result of non-optimal XDC constraints or non-optimal design architecture
Related violations: <none>

TIMING-16#953 Warning
Large setup violation  
There is a large setup violation of -6.355 ns between Core_cpu/U_ifetch/pc_module/pc_reg[15]/C (clocked by clk_out1_cpuclk) and Mem_DRAM/U0/synth_options.dist_mem_inst/gen_sp_ram.spram_inst/ram_reg_11776_12031_26_26/RAMS64E_C/I (clocked by clk_out1_cpuclk). Large setup violations at the end of those stages might be difficult to fix during the post-placement implementation flow and could be the result of non-optimal XDC constraints or non-optimal design architecture
Related violations: <none>

TIMING-16#954 Warning
Large setup violation  
There is a large setup violation of -6.363 ns between Core_cpu/U_ifetch/pc_module/pc_reg[15]/C (clocked by clk_out1_cpuclk) and Mem_DRAM/U0/synth_options.dist_mem_inst/gen_sp_ram.spram_inst/ram_reg_11776_12031_21_21/RAMS64E_A/I (clocked by clk_out1_cpuclk). Large setup violations at the end of those stages might be difficult to fix during the post-placement implementation flow and could be the result of non-optimal XDC constraints or non-optimal design architecture
Related violations: <none>

TIMING-16#955 Warning
Large setup violation  
There is a large setup violation of -6.367 ns between Core_cpu/U_ifetch/pc_module/pc_reg[15]/C (clocked by clk_out1_cpuclk) and Mem_DRAM/U0/synth_options.dist_mem_inst/gen_sp_ram.spram_inst/ram_reg_10240_10495_26_26/RAMS64E_A/I (clocked by clk_out1_cpuclk). Large setup violations at the end of those stages might be difficult to fix during the post-placement implementation flow and could be the result of non-optimal XDC constraints or non-optimal design architecture
Related violations: <none>

TIMING-16#956 Warning
Large setup violation  
There is a large setup violation of -6.371 ns between Core_cpu/U_ifetch/pc_module/pc_reg[15]/C (clocked by clk_out1_cpuclk) and Mem_DRAM/U0/synth_options.dist_mem_inst/gen_sp_ram.spram_inst/ram_reg_11520_11775_25_25/RAMS64E_B/I (clocked by clk_out1_cpuclk). Large setup violations at the end of those stages might be difficult to fix during the post-placement implementation flow and could be the result of non-optimal XDC constraints or non-optimal design architecture
Related violations: <none>

TIMING-16#957 Warning
Large setup violation  
There is a large setup violation of -6.372 ns between Core_cpu/U_ifetch/pc_module/pc_reg[15]/C (clocked by clk_out1_cpuclk) and Mem_DRAM/U0/synth_options.dist_mem_inst/gen_sp_ram.spram_inst/ram_reg_11520_11775_25_25/RAMS64E_C/I (clocked by clk_out1_cpuclk). Large setup violations at the end of those stages might be difficult to fix during the post-placement implementation flow and could be the result of non-optimal XDC constraints or non-optimal design architecture
Related violations: <none>

TIMING-16#958 Warning
Large setup violation  
There is a large setup violation of -6.386 ns between Core_cpu/U_ifetch/pc_module/pc_reg[15]/C (clocked by clk_out1_cpuclk) and Mem_DRAM/U0/synth_options.dist_mem_inst/gen_sp_ram.spram_inst/ram_reg_10240_10495_21_21/RAMS64E_B/I (clocked by clk_out1_cpuclk). Large setup violations at the end of those stages might be difficult to fix during the post-placement implementation flow and could be the result of non-optimal XDC constraints or non-optimal design architecture
Related violations: <none>

TIMING-16#959 Warning
Large setup violation  
There is a large setup violation of -6.387 ns between Core_cpu/U_ifetch/pc_module/pc_reg[15]/C (clocked by clk_out1_cpuclk) and Mem_DRAM/U0/synth_options.dist_mem_inst/gen_sp_ram.spram_inst/ram_reg_10240_10495_21_21/RAMS64E_C/I (clocked by clk_out1_cpuclk). Large setup violations at the end of those stages might be difficult to fix during the post-placement implementation flow and could be the result of non-optimal XDC constraints or non-optimal design architecture
Related violations: <none>

TIMING-16#960 Warning
Large setup violation  
There is a large setup violation of -6.395 ns between Core_cpu/U_ifetch/pc_module/pc_reg[15]/C (clocked by clk_out1_cpuclk) and Mem_DRAM/U0/synth_options.dist_mem_inst/gen_sp_ram.spram_inst/ram_reg_11264_11519_26_26/RAMS64E_B/I (clocked by clk_out1_cpuclk). Large setup violations at the end of those stages might be difficult to fix during the post-placement implementation flow and could be the result of non-optimal XDC constraints or non-optimal design architecture
Related violations: <none>

TIMING-16#961 Warning
Large setup violation  
There is a large setup violation of -6.396 ns between Core_cpu/U_ifetch/pc_module/pc_reg[15]/C (clocked by clk_out1_cpuclk) and Mem_DRAM/U0/synth_options.dist_mem_inst/gen_sp_ram.spram_inst/ram_reg_11264_11519_26_26/RAMS64E_C/I (clocked by clk_out1_cpuclk). Large setup violations at the end of those stages might be difficult to fix during the post-placement implementation flow and could be the result of non-optimal XDC constraints or non-optimal design architecture
Related violations: <none>

TIMING-16#962 Warning
Large setup violation  
There is a large setup violation of -6.397 ns between Core_cpu/U_ifetch/pc_module/pc_reg[15]/C (clocked by clk_out1_cpuclk) and Mem_DRAM/U0/synth_options.dist_mem_inst/gen_sp_ram.spram_inst/ram_reg_10496_10751_21_21/RAMS64E_D/I (clocked by clk_out1_cpuclk). Large setup violations at the end of those stages might be difficult to fix during the post-placement implementation flow and could be the result of non-optimal XDC constraints or non-optimal design architecture
Related violations: <none>

TIMING-16#963 Warning
Large setup violation  
There is a large setup violation of -6.406 ns between Core_cpu/U_ifetch/pc_module/pc_reg[15]/C (clocked by clk_out1_cpuclk) and Mem_DRAM/U0/synth_options.dist_mem_inst/gen_sp_ram.spram_inst/ram_reg_1024_1279_27_27/RAMS64E_A/I (clocked by clk_out1_cpuclk). Large setup violations at the end of those stages might be difficult to fix during the post-placement implementation flow and could be the result of non-optimal XDC constraints or non-optimal design architecture
Related violations: <none>

TIMING-16#964 Warning
Large setup violation  
There is a large setup violation of -6.467 ns between Core_cpu/U_ifetch/pc_module/pc_reg[15]/C (clocked by clk_out1_cpuclk) and Mem_DRAM/U0/synth_options.dist_mem_inst/gen_sp_ram.spram_inst/ram_reg_11520_11775_23_23/RAMS64E_A/I (clocked by clk_out1_cpuclk). Large setup violations at the end of those stages might be difficult to fix during the post-placement implementation flow and could be the result of non-optimal XDC constraints or non-optimal design architecture
Related violations: <none>

TIMING-16#965 Warning
Large setup violation  
There is a large setup violation of -6.473 ns between Core_cpu/U_ifetch/pc_module/pc_reg[15]/C (clocked by clk_out1_cpuclk) and Mem_DRAM/U0/synth_options.dist_mem_inst/gen_sp_ram.spram_inst/ram_reg_11008_11263_23_23/RAMS64E_A/I (clocked by clk_out1_cpuclk). Large setup violations at the end of those stages might be difficult to fix during the post-placement implementation flow and could be the result of non-optimal XDC constraints or non-optimal design architecture
Related violations: <none>

TIMING-16#966 Warning
Large setup violation  
There is a large setup violation of -6.489 ns between Core_cpu/U_ifetch/pc_module/pc_reg[15]/C (clocked by clk_out1_cpuclk) and Mem_DRAM/U0/synth_options.dist_mem_inst/gen_sp_ram.spram_inst/ram_reg_11520_11775_26_26/RAMS64E_A/I (clocked by clk_out1_cpuclk). Large setup violations at the end of those stages might be difficult to fix during the post-placement implementation flow and could be the result of non-optimal XDC constraints or non-optimal design architecture
Related violations: <none>

TIMING-16#967 Warning
Large setup violation  
There is a large setup violation of -6.492 ns between Core_cpu/U_ifetch/pc_module/pc_reg[15]/C (clocked by clk_out1_cpuclk) and Mem_DRAM/U0/synth_options.dist_mem_inst/gen_sp_ram.spram_inst/ram_reg_10496_10751_26_26/RAMS64E_A/I (clocked by clk_out1_cpuclk). Large setup violations at the end of those stages might be difficult to fix during the post-placement implementation flow and could be the result of non-optimal XDC constraints or non-optimal design architecture
Related violations: <none>

TIMING-16#968 Warning
Large setup violation  
There is a large setup violation of -6.495 ns between Core_cpu/U_ifetch/pc_module/pc_reg[15]/C (clocked by clk_out1_cpuclk) and Mem_DRAM/U0/synth_options.dist_mem_inst/gen_sp_ram.spram_inst/ram_reg_11008_11263_26_26/RAMS64E_A/I (clocked by clk_out1_cpuclk). Large setup violations at the end of those stages might be difficult to fix during the post-placement implementation flow and could be the result of non-optimal XDC constraints or non-optimal design architecture
Related violations: <none>

TIMING-16#969 Warning
Large setup violation  
There is a large setup violation of -6.499 ns between Core_cpu/U_ifetch/pc_module/pc_reg[15]/C (clocked by clk_out1_cpuclk) and Mem_DRAM/U0/synth_options.dist_mem_inst/gen_sp_ram.spram_inst/ram_reg_10496_10751_25_25/RAMS64E_B/I (clocked by clk_out1_cpuclk). Large setup violations at the end of those stages might be difficult to fix during the post-placement implementation flow and could be the result of non-optimal XDC constraints or non-optimal design architecture
Related violations: <none>

TIMING-16#970 Warning
Large setup violation  
There is a large setup violation of -6.500 ns between Core_cpu/U_ifetch/pc_module/pc_reg[15]/C (clocked by clk_out1_cpuclk) and Mem_DRAM/U0/synth_options.dist_mem_inst/gen_sp_ram.spram_inst/ram_reg_10496_10751_25_25/RAMS64E_C/I (clocked by clk_out1_cpuclk). Large setup violations at the end of those stages might be difficult to fix during the post-placement implementation flow and could be the result of non-optimal XDC constraints or non-optimal design architecture
Related violations: <none>

TIMING-16#971 Warning
Large setup violation  
There is a large setup violation of -6.502 ns between Core_cpu/U_ifetch/pc_module/pc_reg[15]/C (clocked by clk_out1_cpuclk) and Mem_DRAM/U0/synth_options.dist_mem_inst/gen_sp_ram.spram_inst/ram_reg_1024_1279_17_17/RAMS64E_A/I (clocked by clk_out1_cpuclk). Large setup violations at the end of those stages might be difficult to fix during the post-placement implementation flow and could be the result of non-optimal XDC constraints or non-optimal design architecture
Related violations: <none>

TIMING-16#972 Warning
Large setup violation  
There is a large setup violation of -6.503 ns between Core_cpu/U_ifetch/pc_module/pc_reg[15]/C (clocked by clk_out1_cpuclk) and Mem_DRAM/U0/synth_options.dist_mem_inst/gen_sp_ram.spram_inst/ram_reg_10752_11007_21_21/RAMS64E_A/I (clocked by clk_out1_cpuclk). Large setup violations at the end of those stages might be difficult to fix during the post-placement implementation flow and could be the result of non-optimal XDC constraints or non-optimal design architecture
Related violations: <none>

TIMING-16#973 Warning
Large setup violation  
There is a large setup violation of -6.513 ns between Core_cpu/U_ifetch/pc_module/pc_reg[15]/C (clocked by clk_out1_cpuclk) and Mem_DRAM/U0/synth_options.dist_mem_inst/gen_sp_ram.spram_inst/ram_reg_10752_11007_25_25/RAMS64E_D/I (clocked by clk_out1_cpuclk). Large setup violations at the end of those stages might be difficult to fix during the post-placement implementation flow and could be the result of non-optimal XDC constraints or non-optimal design architecture
Related violations: <none>

TIMING-16#974 Warning
Large setup violation  
There is a large setup violation of -6.523 ns between Core_cpu/U_ifetch/pc_module/pc_reg[15]/C (clocked by clk_out1_cpuclk) and Mem_DRAM/U0/synth_options.dist_mem_inst/gen_sp_ram.spram_inst/ram_reg_11008_11263_21_21/RAMS64E_A/I (clocked by clk_out1_cpuclk). Large setup violations at the end of those stages might be difficult to fix during the post-placement implementation flow and could be the result of non-optimal XDC constraints or non-optimal design architecture
Related violations: <none>

TIMING-16#975 Warning
Large setup violation  
There is a large setup violation of -6.528 ns between Core_cpu/U_ifetch/pc_module/pc_reg[15]/C (clocked by clk_out1_cpuclk) and Mem_DRAM/U0/synth_options.dist_mem_inst/gen_sp_ram.spram_inst/ram_reg_11520_11775_21_21/RAMS64E_A/I (clocked by clk_out1_cpuclk). Large setup violations at the end of those stages might be difficult to fix during the post-placement implementation flow and could be the result of non-optimal XDC constraints or non-optimal design architecture
Related violations: <none>

TIMING-16#976 Warning
Large setup violation  
There is a large setup violation of -6.538 ns between Core_cpu/U_ifetch/pc_module/pc_reg[15]/C (clocked by clk_out1_cpuclk) and Mem_DRAM/U0/synth_options.dist_mem_inst/gen_sp_ram.spram_inst/ram_reg_11776_12031_27_27/RAMS64E_B/I (clocked by clk_out1_cpuclk). Large setup violations at the end of those stages might be difficult to fix during the post-placement implementation flow and could be the result of non-optimal XDC constraints or non-optimal design architecture
Related violations: <none>

TIMING-16#977 Warning
Large setup violation  
There is a large setup violation of -6.539 ns between Core_cpu/U_ifetch/pc_module/pc_reg[15]/C (clocked by clk_out1_cpuclk) and Mem_DRAM/U0/synth_options.dist_mem_inst/gen_sp_ram.spram_inst/ram_reg_11776_12031_27_27/RAMS64E_C/I (clocked by clk_out1_cpuclk). Large setup violations at the end of those stages might be difficult to fix during the post-placement implementation flow and could be the result of non-optimal XDC constraints or non-optimal design architecture
Related violations: <none>

TIMING-16#978 Warning
Large setup violation  
There is a large setup violation of -6.596 ns between Core_cpu/U_ifetch/pc_module/pc_reg[15]/C (clocked by clk_out1_cpuclk) and Mem_DRAM/U0/synth_options.dist_mem_inst/gen_sp_ram.spram_inst/ram_reg_11008_11263_25_25/RAMS64E_B/I (clocked by clk_out1_cpuclk). Large setup violations at the end of those stages might be difficult to fix during the post-placement implementation flow and could be the result of non-optimal XDC constraints or non-optimal design architecture
Related violations: <none>

TIMING-16#979 Warning
Large setup violation  
There is a large setup violation of -6.597 ns between Core_cpu/U_ifetch/pc_module/pc_reg[15]/C (clocked by clk_out1_cpuclk) and Mem_DRAM/U0/synth_options.dist_mem_inst/gen_sp_ram.spram_inst/ram_reg_11008_11263_25_25/RAMS64E_C/I (clocked by clk_out1_cpuclk). Large setup violations at the end of those stages might be difficult to fix during the post-placement implementation flow and could be the result of non-optimal XDC constraints or non-optimal design architecture
Related violations: <none>

TIMING-16#980 Warning
Large setup violation  
There is a large setup violation of -6.632 ns between Core_cpu/U_ifetch/pc_module/pc_reg[15]/C (clocked by clk_out1_cpuclk) and Mem_DRAM/U0/synth_options.dist_mem_inst/gen_sp_ram.spram_inst/ram_reg_0_255_23_23/RAMS64E_D/I (clocked by clk_out1_cpuclk). Large setup violations at the end of those stages might be difficult to fix during the post-placement implementation flow and could be the result of non-optimal XDC constraints or non-optimal design architecture
Related violations: <none>

TIMING-16#981 Warning
Large setup violation  
There is a large setup violation of -6.642 ns between Core_cpu/U_ifetch/pc_module/pc_reg[15]/C (clocked by clk_out1_cpuclk) and Mem_DRAM/U0/synth_options.dist_mem_inst/gen_sp_ram.spram_inst/ram_reg_11776_12031_26_26/RAMS64E_A/I (clocked by clk_out1_cpuclk). Large setup violations at the end of those stages might be difficult to fix during the post-placement implementation flow and could be the result of non-optimal XDC constraints or non-optimal design architecture
Related violations: <none>

TIMING-16#982 Warning
Large setup violation  
There is a large setup violation of -6.650 ns between Core_cpu/U_ifetch/pc_module/pc_reg[15]/C (clocked by clk_out1_cpuclk) and Mem_DRAM/U0/synth_options.dist_mem_inst/gen_sp_ram.spram_inst/ram_reg_10496_10751_21_21/RAMS64E_B/I (clocked by clk_out1_cpuclk). Large setup violations at the end of those stages might be difficult to fix during the post-placement implementation flow and could be the result of non-optimal XDC constraints or non-optimal design architecture
Related violations: <none>

TIMING-16#983 Warning
Large setup violation  
There is a large setup violation of -6.651 ns between Core_cpu/U_ifetch/pc_module/pc_reg[15]/C (clocked by clk_out1_cpuclk) and Mem_DRAM/U0/synth_options.dist_mem_inst/gen_sp_ram.spram_inst/ram_reg_10496_10751_21_21/RAMS64E_C/I (clocked by clk_out1_cpuclk). Large setup violations at the end of those stages might be difficult to fix during the post-placement implementation flow and could be the result of non-optimal XDC constraints or non-optimal design architecture
Related violations: <none>

TIMING-16#984 Warning
Large setup violation  
There is a large setup violation of -6.659 ns between Core_cpu/U_ifetch/pc_module/pc_reg[15]/C (clocked by clk_out1_cpuclk) and Mem_DRAM/U0/synth_options.dist_mem_inst/gen_sp_ram.spram_inst/ram_reg_10240_10495_25_25/RAMS64E_D/I (clocked by clk_out1_cpuclk). Large setup violations at the end of those stages might be difficult to fix during the post-placement implementation flow and could be the result of non-optimal XDC constraints or non-optimal design architecture
Related violations: <none>

TIMING-16#985 Warning
Large setup violation  
There is a large setup violation of -6.659 ns between Core_cpu/U_ifetch/pc_module/pc_reg[15]/C (clocked by clk_out1_cpuclk) and Mem_DRAM/U0/synth_options.dist_mem_inst/gen_sp_ram.spram_inst/ram_reg_11520_11775_25_25/RAMS64E_A/I (clocked by clk_out1_cpuclk). Large setup violations at the end of those stages might be difficult to fix during the post-placement implementation flow and could be the result of non-optimal XDC constraints or non-optimal design architecture
Related violations: <none>

TIMING-16#986 Warning
Large setup violation  
There is a large setup violation of -6.674 ns between Core_cpu/U_ifetch/pc_module/pc_reg[15]/C (clocked by clk_out1_cpuclk) and Mem_DRAM/U0/synth_options.dist_mem_inst/gen_sp_ram.spram_inst/ram_reg_10240_10495_21_21/RAMS64E_A/I (clocked by clk_out1_cpuclk). Large setup violations at the end of those stages might be difficult to fix during the post-placement implementation flow and could be the result of non-optimal XDC constraints or non-optimal design architecture
Related violations: <none>

TIMING-16#987 Warning
Large setup violation  
There is a large setup violation of -6.683 ns between Core_cpu/U_ifetch/pc_module/pc_reg[15]/C (clocked by clk_out1_cpuclk) and Mem_DRAM/U0/synth_options.dist_mem_inst/gen_sp_ram.spram_inst/ram_reg_11264_11519_26_26/RAMS64E_A/I (clocked by clk_out1_cpuclk). Large setup violations at the end of those stages might be difficult to fix during the post-placement implementation flow and could be the result of non-optimal XDC constraints or non-optimal design architecture
Related violations: <none>

TIMING-16#988 Warning
Large setup violation  
There is a large setup violation of -6.766 ns between Core_cpu/U_ifetch/pc_module/pc_reg[15]/C (clocked by clk_out1_cpuclk) and Mem_DRAM/U0/synth_options.dist_mem_inst/gen_sp_ram.spram_inst/ram_reg_10752_11007_25_25/RAMS64E_B/I (clocked by clk_out1_cpuclk). Large setup violations at the end of those stages might be difficult to fix during the post-placement implementation flow and could be the result of non-optimal XDC constraints or non-optimal design architecture
Related violations: <none>

TIMING-16#989 Warning
Large setup violation  
There is a large setup violation of -6.767 ns between Core_cpu/U_ifetch/pc_module/pc_reg[15]/C (clocked by clk_out1_cpuclk) and Mem_DRAM/U0/synth_options.dist_mem_inst/gen_sp_ram.spram_inst/ram_reg_10752_11007_25_25/RAMS64E_C/I (clocked by clk_out1_cpuclk). Large setup violations at the end of those stages might be difficult to fix during the post-placement implementation flow and could be the result of non-optimal XDC constraints or non-optimal design architecture
Related violations: <none>

TIMING-16#990 Warning
Large setup violation  
There is a large setup violation of -6.787 ns between Core_cpu/U_ifetch/pc_module/pc_reg[15]/C (clocked by clk_out1_cpuclk) and Mem_DRAM/U0/synth_options.dist_mem_inst/gen_sp_ram.spram_inst/ram_reg_10496_10751_25_25/RAMS64E_A/I (clocked by clk_out1_cpuclk). Large setup violations at the end of those stages might be difficult to fix during the post-placement implementation flow and could be the result of non-optimal XDC constraints or non-optimal design architecture
Related violations: <none>

TIMING-16#991 Warning
Large setup violation  
There is a large setup violation of -6.826 ns between Core_cpu/U_ifetch/pc_module/pc_reg[15]/C (clocked by clk_out1_cpuclk) and Mem_DRAM/U0/synth_options.dist_mem_inst/gen_sp_ram.spram_inst/ram_reg_11776_12031_27_27/RAMS64E_A/I (clocked by clk_out1_cpuclk). Large setup violations at the end of those stages might be difficult to fix during the post-placement implementation flow and could be the result of non-optimal XDC constraints or non-optimal design architecture
Related violations: <none>

TIMING-16#992 Warning
Large setup violation  
There is a large setup violation of -6.884 ns between Core_cpu/U_ifetch/pc_module/pc_reg[15]/C (clocked by clk_out1_cpuclk) and Mem_DRAM/U0/synth_options.dist_mem_inst/gen_sp_ram.spram_inst/ram_reg_11008_11263_25_25/RAMS64E_A/I (clocked by clk_out1_cpuclk). Large setup violations at the end of those stages might be difficult to fix during the post-placement implementation flow and could be the result of non-optimal XDC constraints or non-optimal design architecture
Related violations: <none>

TIMING-16#993 Warning
Large setup violation  
There is a large setup violation of -6.885 ns between Core_cpu/U_ifetch/pc_module/pc_reg[15]/C (clocked by clk_out1_cpuclk) and Mem_DRAM/U0/synth_options.dist_mem_inst/gen_sp_ram.spram_inst/ram_reg_0_255_23_23/RAMS64E_B/I (clocked by clk_out1_cpuclk). Large setup violations at the end of those stages might be difficult to fix during the post-placement implementation flow and could be the result of non-optimal XDC constraints or non-optimal design architecture
Related violations: <none>

TIMING-16#994 Warning
Large setup violation  
There is a large setup violation of -6.886 ns between Core_cpu/U_ifetch/pc_module/pc_reg[15]/C (clocked by clk_out1_cpuclk) and Mem_DRAM/U0/synth_options.dist_mem_inst/gen_sp_ram.spram_inst/ram_reg_0_255_23_23/RAMS64E_C/I (clocked by clk_out1_cpuclk). Large setup violations at the end of those stages might be difficult to fix during the post-placement implementation flow and could be the result of non-optimal XDC constraints or non-optimal design architecture
Related violations: <none>

TIMING-16#995 Warning
Large setup violation  
There is a large setup violation of -6.912 ns between Core_cpu/U_ifetch/pc_module/pc_reg[15]/C (clocked by clk_out1_cpuclk) and Mem_DRAM/U0/synth_options.dist_mem_inst/gen_sp_ram.spram_inst/ram_reg_10240_10495_25_25/RAMS64E_B/I (clocked by clk_out1_cpuclk). Large setup violations at the end of those stages might be difficult to fix during the post-placement implementation flow and could be the result of non-optimal XDC constraints or non-optimal design architecture
Related violations: <none>

TIMING-16#996 Warning
Large setup violation  
There is a large setup violation of -6.913 ns between Core_cpu/U_ifetch/pc_module/pc_reg[15]/C (clocked by clk_out1_cpuclk) and Mem_DRAM/U0/synth_options.dist_mem_inst/gen_sp_ram.spram_inst/ram_reg_10240_10495_25_25/RAMS64E_C/I (clocked by clk_out1_cpuclk). Large setup violations at the end of those stages might be difficult to fix during the post-placement implementation flow and could be the result of non-optimal XDC constraints or non-optimal design architecture
Related violations: <none>

TIMING-16#997 Warning
Large setup violation  
There is a large setup violation of -6.938 ns between Core_cpu/U_ifetch/pc_module/pc_reg[15]/C (clocked by clk_out1_cpuclk) and Mem_DRAM/U0/synth_options.dist_mem_inst/gen_sp_ram.spram_inst/ram_reg_10496_10751_21_21/RAMS64E_A/I (clocked by clk_out1_cpuclk). Large setup violations at the end of those stages might be difficult to fix during the post-placement implementation flow and could be the result of non-optimal XDC constraints or non-optimal design architecture
Related violations: <none>

TIMING-16#998 Warning
Large setup violation  
There is a large setup violation of -7.054 ns between Core_cpu/U_ifetch/pc_module/pc_reg[15]/C (clocked by clk_out1_cpuclk) and Mem_DRAM/U0/synth_options.dist_mem_inst/gen_sp_ram.spram_inst/ram_reg_10752_11007_25_25/RAMS64E_A/I (clocked by clk_out1_cpuclk). Large setup violations at the end of those stages might be difficult to fix during the post-placement implementation flow and could be the result of non-optimal XDC constraints or non-optimal design architecture
Related violations: <none>

TIMING-16#999 Warning
Large setup violation  
There is a large setup violation of -7.173 ns between Core_cpu/U_ifetch/pc_module/pc_reg[15]/C (clocked by clk_out1_cpuclk) and Mem_DRAM/U0/synth_options.dist_mem_inst/gen_sp_ram.spram_inst/ram_reg_0_255_23_23/RAMS64E_A/I (clocked by clk_out1_cpuclk). Large setup violations at the end of those stages might be difficult to fix during the post-placement implementation flow and could be the result of non-optimal XDC constraints or non-optimal design architecture
Related violations: <none>

TIMING-16#1000 Warning
Large setup violation  
There is a large setup violation of -7.200 ns between Core_cpu/U_ifetch/pc_module/pc_reg[15]/C (clocked by clk_out1_cpuclk) and Mem_DRAM/U0/synth_options.dist_mem_inst/gen_sp_ram.spram_inst/ram_reg_10240_10495_25_25/RAMS64E_A/I (clocked by clk_out1_cpuclk). Large setup violations at the end of those stages might be difficult to fix during the post-placement implementation flow and could be the result of non-optimal XDC constraints or non-optimal design architecture
Related violations: <none>

XDCC-1#1 Warning
Scoped Clock constraint overwritten with the same name  
A new clock constraint create_clock overrides a previous scoped clock constraint with the same name. It is not recommended to override a scoped (typically an IP) clock constraint and could result in unexpected behaviors.
New: create_clock -period 10.000 -name fpga_clk [get_ports fpga_clk] (Source: D:/personal_archive/2025summer/Computer_Design_and_Practice/my_cpu/my_single_cpu/proj_single_cycle/proj_single_cycle.srcs/constrs_1/new/miniRV_clock.xdc (Line: 2))
Previous: create_clock -period 10.000 [get_ports fpga_clk] (Source: d:/personal_archive/2025summer/Computer_Design_and_Practice/my_cpu/my_single_cpu/proj_single_cycle/proj_single_cycle.srcs/sources_1/ip/cpuclk/cpuclk.xdc (Line: 56))
Related violations: <none>

XDCC-7#1 Warning
Scoped Clock constraint overwritten on the same source  
A new clock constraint create_clock overrides a previous scoped clock constraint defined on the same source. It is not recommended to override a scoped (typically an IP) clock constraint and could result in unexpected behaviors.
New: create_clock -period 10.000 -name fpga_clk [get_ports fpga_clk] (Source: D:/personal_archive/2025summer/Computer_Design_and_Practice/my_cpu/my_single_cpu/proj_single_cycle/proj_single_cycle.srcs/constrs_1/new/miniRV_clock.xdc (Line: 2))
Previous: create_clock -period 10.000 [get_ports fpga_clk] (Source: d:/personal_archive/2025summer/Computer_Design_and_Practice/my_cpu/my_single_cpu/proj_single_cycle/proj_single_cycle.srcs/sources_1/ip/cpuclk/cpuclk.xdc (Line: 56))
Related violations: <none>


