Copyright 1986-2018 Xilinx, Inc. All Rights Reserved.
-----------------------------------------------------------------------------------------------------------------------------------------------------------------------------------------------------
| Tool Version : Vivado v.2018.3 (win64) Build 2405991 Thu Dec  6 23:38:27 MST 2018
| Date         : Thu Jul 31 18:51:32 2025
| Host         : DESKTOP-91GG7PK running 64-bit major release  (build 9200)
| Command      : report_timing_summary -max_paths 10 -file miniRV_SoC_timing_summary_routed.rpt -pb miniRV_SoC_timing_summary_routed.pb -rpx miniRV_SoC_timing_summary_routed.rpx -warn_on_violation
| Design       : miniRV_SoC
| Device       : 7a100t-fgg484
| Speed File   : -1  PRODUCTION 1.23 2018-06-13
-----------------------------------------------------------------------------------------------------------------------------------------------------------------------------------------------------

Timing Summary Report

------------------------------------------------------------------------------------------------
| Timer Settings
| --------------
------------------------------------------------------------------------------------------------

  Enable Multi Corner Analysis               :  Yes
  Enable Pessimism Removal                   :  Yes
  Pessimism Removal Resolution               :  Nearest Common Node
  Enable Input Delay Default Clock           :  No
  Enable Preset / Clear Arcs                 :  No
  Disable Flight Delays                      :  No
  Ignore I/O Paths                           :  No
  Timing Early Launch at Borrowing Latches   :  false

  Corner  Analyze    Analyze    
  Name    Max Paths  Min Paths  
  ------  ---------  ---------  
  Slow    Yes        Yes        
  Fast    Yes        Yes        



check_timing report

Table of Contents
-----------------
1. checking no_clock
2. checking constant_clock
3. checking pulse_width_clock
4. checking unconstrained_internal_endpoints
5. checking no_input_delay
6. checking no_output_delay
7. checking multiple_clock
8. checking generated_clocks
9. checking loops
10. checking partial_input_delay
11. checking partial_output_delay
12. checking latch_loops

1. checking no_clock
--------------------
 There are 0 register/latch pins with no clock.


2. checking constant_clock
--------------------------
 There are 0 register/latch pins with constant_clock.


3. checking pulse_width_clock
-----------------------------
 There are 0 register/latch pins which need pulse_width check


4. checking unconstrained_internal_endpoints
--------------------------------------------
 There are 0 pins that are not constrained for maximum delay.

 There are 0 pins that are not constrained for maximum delay due to constant clock.


5. checking no_input_delay
--------------------------
 There are 30 input ports with no input delay specified. (HIGH)

 There are 0 input ports with no input delay but user has a false path constraint.


6. checking no_output_delay
---------------------------
 There are 39 ports with no output delay specified. (HIGH)

 There are 0 ports with no output delay but user has a false path constraint

 There are 0 ports with no output delay but with a timing clock defined on it or propagating through it


7. checking multiple_clock
--------------------------
 There are 0 register/latch pins with multiple clocks.


8. checking generated_clocks
----------------------------
 There are 0 generated clocks that are not connected to a clock source.


9. checking loops
-----------------
 There are 0 combinational loops in the design.


10. checking partial_input_delay
--------------------------------
 There are 0 input ports with partial input delay specified.


11. checking partial_output_delay
---------------------------------
 There are 0 ports with partial output delay specified.


12. checking latch_loops
------------------------
 There are 0 combinational latch loops in the design through latch input



------------------------------------------------------------------------------------------------
| Design Timing Summary
| ---------------------
------------------------------------------------------------------------------------------------

    WNS(ns)      TNS(ns)  TNS Failing Endpoints  TNS Total Endpoints      WHS(ns)      THS(ns)  THS Failing Endpoints  THS Total Endpoints     WPWS(ns)     TPWS(ns)  TPWS Failing Endpoints  TPWS Total Endpoints  
    -------      -------  ---------------------  -------------------      -------      -------  ---------------------  -------------------     --------     --------  ----------------------  --------------------  
    -48.781   -27167.191                   7760                82946        0.153        0.000                      0                82946        3.000        0.000                       0                  8513  


Timing constraints are not met.


------------------------------------------------------------------------------------------------
| Clock Summary
| -------------
------------------------------------------------------------------------------------------------

Clock              Waveform(ns)       Period(ns)      Frequency(MHz)
-----              ------------       ----------      --------------
fpga_clk           {0.000 5.000}      10.000          100.000         
  clk_out1_cpuclk  {0.000 20.000}     40.000          25.000          
  clkfbout_cpuclk  {0.000 20.000}     40.000          25.000          


------------------------------------------------------------------------------------------------
| Intra Clock Table
| -----------------
------------------------------------------------------------------------------------------------

Clock                  WNS(ns)      TNS(ns)  TNS Failing Endpoints  TNS Total Endpoints      WHS(ns)      THS(ns)  THS Failing Endpoints  THS Total Endpoints     WPWS(ns)     TPWS(ns)  TPWS Failing Endpoints  TPWS Total Endpoints  
-----                  -------      -------  ---------------------  -------------------      -------      -------  ---------------------  -------------------     --------     --------  ----------------------  --------------------  
fpga_clk                                                                                                                                                             3.000        0.000                       0                     1  
  clk_out1_cpuclk      -48.781   -27167.191                   7760                82946        0.153        0.000                      0                82946       18.750        0.000                       0                  8509  
  clkfbout_cpuclk                                                                                                                                                   12.633        0.000                       0                     3  


------------------------------------------------------------------------------------------------
| Inter Clock Table
| -----------------
------------------------------------------------------------------------------------------------

From Clock    To Clock          WNS(ns)      TNS(ns)  TNS Failing Endpoints  TNS Total Endpoints      WHS(ns)      THS(ns)  THS Failing Endpoints  THS Total Endpoints  
----------    --------          -------      -------  ---------------------  -------------------      -------      -------  ---------------------  -------------------  


------------------------------------------------------------------------------------------------
| Other Path Groups Table
| -----------------------
------------------------------------------------------------------------------------------------

Path Group    From Clock    To Clock          WNS(ns)      TNS(ns)  TNS Failing Endpoints  TNS Total Endpoints      WHS(ns)      THS(ns)  THS Failing Endpoints  THS Total Endpoints  
----------    ----------    --------          -------      -------  ---------------------  -------------------      -------      -------  ---------------------  -------------------  


------------------------------------------------------------------------------------------------
| Timing Details
| --------------
------------------------------------------------------------------------------------------------


---------------------------------------------------------------------------------------------------
From Clock:  fpga_clk
  To Clock:  fpga_clk

Setup :           NA  Failing Endpoints,  Worst Slack           NA  ,  Total Violation           NA
Hold  :           NA  Failing Endpoints,  Worst Slack           NA  ,  Total Violation           NA
PW    :            0  Failing Endpoints,  Worst Slack        3.000ns,  Total Violation        0.000ns
---------------------------------------------------------------------------------------------------


Pulse Width Checks
--------------------------------------------------------------------------------------
Clock Name:         fpga_clk
Waveform(ns):       { 0.000 5.000 }
Period(ns):         10.000
Sources:            { fpga_clk }

Check Type        Corner  Lib Pin           Reference Pin  Required(ns)  Actual(ns)  Slack(ns)  Location        Pin
Min Period        n/a     PLLE2_ADV/CLKIN1  n/a            1.249         10.000      8.751      PLLE2_ADV_X0Y1  Clkgen/inst/plle2_adv_inst/CLKIN1
Max Period        n/a     PLLE2_ADV/CLKIN1  n/a            52.633        10.000      42.633     PLLE2_ADV_X0Y1  Clkgen/inst/plle2_adv_inst/CLKIN1
Low Pulse Width   Slow    PLLE2_ADV/CLKIN1  n/a            2.000         5.000       3.000      PLLE2_ADV_X0Y1  Clkgen/inst/plle2_adv_inst/CLKIN1
Low Pulse Width   Fast    PLLE2_ADV/CLKIN1  n/a            2.000         5.000       3.000      PLLE2_ADV_X0Y1  Clkgen/inst/plle2_adv_inst/CLKIN1
High Pulse Width  Slow    PLLE2_ADV/CLKIN1  n/a            2.000         5.000       3.000      PLLE2_ADV_X0Y1  Clkgen/inst/plle2_adv_inst/CLKIN1
High Pulse Width  Fast    PLLE2_ADV/CLKIN1  n/a            2.000         5.000       3.000      PLLE2_ADV_X0Y1  Clkgen/inst/plle2_adv_inst/CLKIN1



---------------------------------------------------------------------------------------------------
From Clock:  clk_out1_cpuclk
  To Clock:  clk_out1_cpuclk

Setup :         7760  Failing Endpoints,  Worst Slack      -48.781ns,  Total Violation   -27167.191ns
Hold  :            0  Failing Endpoints,  Worst Slack        0.153ns,  Total Violation        0.000ns
PW    :            0  Failing Endpoints,  Worst Slack       18.750ns,  Total Violation        0.000ns
---------------------------------------------------------------------------------------------------


Max Delay Paths
--------------------------------------------------------------------------------------
Slack (VIOLATED) :        -48.781ns  (required time - arrival time)
  Source:                 U_timer/freq_div_reg[1]/C
                            (rising edge-triggered cell FDCE clocked by clk_out1_cpuclk  {rise@0.000ns fall@20.000ns period=40.000ns})
  Destination:            U_timer/cnt_reg[29]/D
                            (rising edge-triggered cell FDCE clocked by clk_out1_cpuclk  {rise@0.000ns fall@20.000ns period=40.000ns})
  Path Group:             clk_out1_cpuclk
  Path Type:              Setup (Max at Slow Process Corner)
  Requirement:            40.000ns  (clk_out1_cpuclk rise@40.000ns - clk_out1_cpuclk rise@0.000ns)
  Data Path Delay:        88.564ns  (logic 58.425ns (65.969%)  route 30.139ns (34.031%))
  Logic Levels:           310  (CARRY4=280 LUT1=1 LUT2=27 LUT3=1 LUT4=1)
  Clock Path Skew:        -0.099ns (DCD - SCD + CPR)
    Destination Clock Delay (DCD):    0.625ns = ( 40.625 - 40.000 ) 
    Source Clock Delay      (SCD):    0.530ns
    Clock Pessimism Removal (CPR):    -0.195ns
  Clock Uncertainty:      0.180ns  ((TSJ^2 + DJ^2)^1/2) / 2 + PE
    Total System Jitter     (TSJ):    0.071ns
    Discrete Jitter          (DJ):    0.352ns
    Phase Error              (PE):    0.000ns

    Location             Delay type                Incr(ns)  Path(ns)    Netlist Resource(s)
  -------------------------------------------------------------------    -------------------
                         (clock clk_out1_cpuclk rise edge)
                                                      0.000     0.000 r  
    Y18                                               0.000     0.000 r  fpga_clk (IN)
                         net (fo=0)                   0.000     0.000    Clkgen/inst/clk_in1
    Y18                  IBUF (Prop_ibuf_I_O)         1.545     1.545 r  Clkgen/inst/clkin1_ibufg/O
                         net (fo=1, routed)           1.253     2.798    Clkgen/inst/clk_in1_cpuclk
    PLLE2_ADV_X0Y1       PLLE2_ADV (Prop_plle2_adv_CLKIN1_CLKOUT0)
                                                     -8.590    -5.792 r  Clkgen/inst/plle2_adv_inst/CLKOUT0
                         net (fo=1, routed)           1.704    -4.087    Clkgen/inst/clk_out1_cpuclk
    BUFGCTRL_X0Y2        BUFG (Prop_bufg_I_O)         0.096    -3.991 r  Clkgen/inst/clkout1_buf/O
                         net (fo=1, routed)           2.115    -1.876    pll_clk
    SLICE_X52Y96         LUT2 (Prop_lut2_I0_O)        0.124    -1.752 r  cpu_clk_BUFG_inst_i_1/O
                         net (fo=1, routed)           0.567    -1.185    cpu_clk
    BUFGCTRL_X0Y0        BUFG (Prop_bufg_I_O)         0.096    -1.089 r  cpu_clk_BUFG_inst/O
                         net (fo=8506, routed)        1.618     0.530    U_timer/cpu_clk_BUFG
    SLICE_X55Y63         FDCE                                         r  U_timer/freq_div_reg[1]/C
  -------------------------------------------------------------------    -------------------
    SLICE_X55Y63         FDCE (Prop_fdce_C_Q)         0.456     0.986 f  U_timer/freq_div_reg[1]/Q
                         net (fo=32, routed)          0.449     1.435    U_timer/freq_div_reg_n_0_[1]
    SLICE_X53Y63         LUT1 (Prop_lut1_I0_O)        0.124     1.559 r  U_timer/timer_cnt[31]_i_1177/O
                         net (fo=1, routed)           0.000     1.559    U_timer/timer_cnt[31]_i_1177_n_0
    SLICE_X53Y63         CARRY4 (Prop_carry4_S[1]_CO[3])
                                                      0.550     2.109 r  U_timer/timer_cnt_reg[31]_i_1017/CO[3]
                         net (fo=1, routed)           0.000     2.109    U_timer/timer_cnt_reg[31]_i_1017_n_0
    SLICE_X53Y64         CARRY4 (Prop_carry4_CI_CO[3])
                                                      0.114     2.223 r  U_timer/timer_cnt_reg[31]_i_863/CO[3]
                         net (fo=1, routed)           0.000     2.223    U_timer/timer_cnt_reg[31]_i_863_n_0
    SLICE_X53Y65         CARRY4 (Prop_carry4_CI_CO[3])
                                                      0.114     2.337 r  U_timer/timer_cnt_reg[31]_i_709/CO[3]
                         net (fo=1, routed)           0.000     2.337    U_timer/timer_cnt_reg[31]_i_709_n_0
    SLICE_X53Y66         CARRY4 (Prop_carry4_CI_CO[3])
                                                      0.114     2.451 r  U_timer/timer_cnt_reg[31]_i_555/CO[3]
                         net (fo=1, routed)           0.000     2.451    U_timer/timer_cnt_reg[31]_i_555_n_0
    SLICE_X53Y67         CARRY4 (Prop_carry4_CI_CO[3])
                                                      0.114     2.565 r  U_timer/timer_cnt_reg[31]_i_389/CO[3]
                         net (fo=1, routed)           0.000     2.565    U_timer/timer_cnt_reg[31]_i_389_n_0
    SLICE_X53Y68         CARRY4 (Prop_carry4_CI_CO[3])
                                                      0.114     2.679 r  U_timer/timer_cnt_reg[31]_i_216/CO[3]
                         net (fo=1, routed)           0.000     2.679    U_timer/timer_cnt_reg[31]_i_216_n_0
    SLICE_X53Y69         CARRY4 (Prop_carry4_CI_CO[3])
                                                      0.114     2.793 r  U_timer/timer_cnt_reg[31]_i_95/CO[3]
                         net (fo=1, routed)           0.000     2.793    U_timer/timer_cnt_reg[31]_i_95_n_0
    SLICE_X53Y70         CARRY4 (Prop_carry4_CI_CO[3])
                                                      0.114     2.907 r  U_timer/timer_cnt_reg[31]_i_82/CO[3]
                         net (fo=1, routed)           0.000     2.907    U_timer/timer_cnt_reg[31]_i_82_n_0
    SLICE_X53Y71         CARRY4 (Prop_carry4_CI_CO[0])
                                                      0.271     3.178 r  U_timer/timer_cnt_reg[31]_i_35/CO[0]
                         net (fo=36, routed)          0.951     4.129    U_timer/CO[0]
    SLICE_X54Y67         CARRY4 (Prop_carry4_CYINIT_CO[3])
                                                      0.844     4.973 r  U_timer/timer_cnt_reg[31]_i_1012/CO[3]
                         net (fo=1, routed)           0.000     4.973    U_timer/timer_cnt_reg[31]_i_1012_n_0
    SLICE_X54Y68         CARRY4 (Prop_carry4_CI_CO[3])
                                                      0.117     5.090 r  U_timer/timer_cnt_reg[31]_i_858/CO[3]
                         net (fo=1, routed)           0.000     5.090    U_timer/timer_cnt_reg[31]_i_858_n_0
    SLICE_X54Y69         CARRY4 (Prop_carry4_CI_CO[3])
                                                      0.117     5.207 r  U_timer/timer_cnt_reg[31]_i_704/CO[3]
                         net (fo=1, routed)           0.000     5.207    U_timer/timer_cnt_reg[31]_i_704_n_0
    SLICE_X54Y70         CARRY4 (Prop_carry4_CI_CO[3])
                                                      0.117     5.324 r  U_timer/timer_cnt_reg[31]_i_550/CO[3]
                         net (fo=1, routed)           0.000     5.324    U_timer/timer_cnt_reg[31]_i_550_n_0
    SLICE_X54Y71         CARRY4 (Prop_carry4_CI_CO[3])
                                                      0.117     5.441 r  U_timer/timer_cnt_reg[31]_i_384/CO[3]
                         net (fo=1, routed)           0.000     5.441    U_timer/timer_cnt_reg[31]_i_384_n_0
    SLICE_X54Y72         CARRY4 (Prop_carry4_CI_CO[3])
                                                      0.117     5.558 r  U_timer/timer_cnt_reg[31]_i_211/CO[3]
                         net (fo=1, routed)           0.000     5.558    U_timer/timer_cnt_reg[31]_i_211_n_0
    SLICE_X54Y73         CARRY4 (Prop_carry4_CI_CO[3])
                                                      0.117     5.675 r  U_timer/timer_cnt_reg[31]_i_90/CO[3]
                         net (fo=1, routed)           0.000     5.675    U_timer/timer_cnt_reg[31]_i_90_n_0
    SLICE_X54Y74         CARRY4 (Prop_carry4_CI_CO[3])
                                                      0.117     5.792 r  U_timer/timer_cnt_reg[31]_i_41/CO[3]
                         net (fo=1, routed)           0.009     5.801    U_timer/timer_cnt_reg[31]_i_41_n_0
    SLICE_X54Y75         CARRY4 (Prop_carry4_CI_CO[1])
                                                      0.157     5.958 r  U_timer/timer_cnt_reg[31]_i_34/CO[1]
                         net (fo=36, routed)          1.178     7.136    U_timer/freq_div_reg[31]_0[0]
    SLICE_X55Y68         LUT3 (Prop_lut3_I0_O)        0.332     7.468 r  U_timer/timer_cnt[31]_i_1015/O
                         net (fo=1, routed)           0.000     7.468    U_timer/timer_cnt[31]_i_1015_n_0
    SLICE_X55Y68         CARRY4 (Prop_carry4_S[1]_CO[3])
                                                      0.550     8.018 r  U_timer/timer_cnt_reg[31]_i_857/CO[3]
                         net (fo=1, routed)           0.000     8.018    U_timer/timer_cnt_reg[31]_i_857_n_0
    SLICE_X55Y69         CARRY4 (Prop_carry4_CI_CO[3])
                                                      0.114     8.132 r  U_timer/timer_cnt_reg[31]_i_703/CO[3]
                         net (fo=1, routed)           0.000     8.132    U_timer/timer_cnt_reg[31]_i_703_n_0
    SLICE_X55Y70         CARRY4 (Prop_carry4_CI_CO[3])
                                                      0.114     8.246 r  U_timer/timer_cnt_reg[31]_i_549/CO[3]
                         net (fo=1, routed)           0.000     8.246    U_timer/timer_cnt_reg[31]_i_549_n_0
    SLICE_X55Y71         CARRY4 (Prop_carry4_CI_CO[3])
                                                      0.114     8.360 r  U_timer/timer_cnt_reg[31]_i_383/CO[3]
                         net (fo=1, routed)           0.000     8.360    U_timer/timer_cnt_reg[31]_i_383_n_0
    SLICE_X55Y72         CARRY4 (Prop_carry4_CI_CO[3])
                                                      0.114     8.474 r  U_timer/timer_cnt_reg[31]_i_210/CO[3]
                         net (fo=1, routed)           0.000     8.474    U_timer/timer_cnt_reg[31]_i_210_n_0
    SLICE_X55Y73         CARRY4 (Prop_carry4_CI_CO[3])
                                                      0.114     8.588 r  U_timer/timer_cnt_reg[31]_i_89/CO[3]
                         net (fo=1, routed)           0.000     8.588    U_timer/timer_cnt_reg[31]_i_89_n_0
    SLICE_X55Y74         CARRY4 (Prop_carry4_CI_CO[3])
                                                      0.114     8.702 r  U_timer/timer_cnt_reg[31]_i_40/CO[3]
                         net (fo=1, routed)           0.009     8.711    U_timer/timer_cnt_reg[31]_i_40_n_0
    SLICE_X55Y75         CARRY4 (Prop_carry4_CI_CO[1])
                                                      0.157     8.868 r  U_timer/timer_cnt_reg[31]_i_19/CO[1]
                         net (fo=37, routed)          0.953     9.821    U_timer/freq_div_reg[31]_2[0]
    SLICE_X52Y66         LUT2 (Prop_lut2_I1_O)        0.329    10.150 r  U_timer/timer_cnt[31]_i_1187/O
                         net (fo=1, routed)           0.000    10.150    U_timer/timer_cnt[31]_i_1187_n_0
    SLICE_X52Y66         CARRY4 (Prop_carry4_S[1]_CO[3])
                                                      0.550    10.700 r  U_timer/timer_cnt_reg[31]_i_1036/CO[3]
                         net (fo=1, routed)           0.000    10.700    U_timer/timer_cnt_reg[31]_i_1036_n_0
    SLICE_X52Y67         CARRY4 (Prop_carry4_CI_CO[3])
                                                      0.114    10.814 r  U_timer/timer_cnt_reg[31]_i_882/CO[3]
                         net (fo=1, routed)           0.000    10.814    U_timer/timer_cnt_reg[31]_i_882_n_0
    SLICE_X52Y68         CARRY4 (Prop_carry4_CI_CO[3])
                                                      0.114    10.928 r  U_timer/timer_cnt_reg[31]_i_728/CO[3]
                         net (fo=1, routed)           0.000    10.928    U_timer/timer_cnt_reg[31]_i_728_n_0
    SLICE_X52Y69         CARRY4 (Prop_carry4_CI_CO[3])
                                                      0.114    11.042 r  U_timer/timer_cnt_reg[31]_i_574/CO[3]
                         net (fo=1, routed)           0.000    11.042    U_timer/timer_cnt_reg[31]_i_574_n_0
    SLICE_X52Y70         CARRY4 (Prop_carry4_CI_CO[3])
                                                      0.114    11.156 r  U_timer/timer_cnt_reg[31]_i_408/CO[3]
                         net (fo=1, routed)           0.000    11.156    U_timer/timer_cnt_reg[31]_i_408_n_0
    SLICE_X52Y71         CARRY4 (Prop_carry4_CI_CO[3])
                                                      0.114    11.270 r  U_timer/timer_cnt_reg[31]_i_239/CO[3]
                         net (fo=1, routed)           0.000    11.270    U_timer/timer_cnt_reg[31]_i_239_n_0
    SLICE_X52Y72         CARRY4 (Prop_carry4_CI_CO[3])
                                                      0.114    11.384 r  U_timer/timer_cnt_reg[31]_i_111/CO[3]
                         net (fo=1, routed)           0.000    11.384    U_timer/timer_cnt_reg[31]_i_111_n_0
    SLICE_X52Y73         CARRY4 (Prop_carry4_CI_CO[3])
                                                      0.114    11.498 r  U_timer/timer_cnt_reg[31]_i_100/CO[3]
                         net (fo=1, routed)           0.000    11.498    U_timer/timer_cnt_reg[31]_i_100_n_0
    SLICE_X52Y74         CARRY4 (Prop_carry4_CI_CO[1])
                                                      0.157    11.655 r  U_timer/timer_cnt_reg[31]_i_45/CO[1]
                         net (fo=36, routed)          1.050    12.705    U_timer/freq_div_reg[31]_4[0]
    SLICE_X48Y65         LUT2 (Prop_lut2_I1_O)        0.329    13.034 r  U_timer/timer_cnt[31]_i_1183/O
                         net (fo=1, routed)           0.000    13.034    U_timer/timer_cnt[31]_i_1183_n_0
    SLICE_X48Y65         CARRY4 (Prop_carry4_S[1]_CO[3])
                                                      0.550    13.584 r  U_timer/timer_cnt_reg[31]_i_1031/CO[3]
                         net (fo=1, routed)           0.000    13.584    U_timer/timer_cnt_reg[31]_i_1031_n_0
    SLICE_X48Y66         CARRY4 (Prop_carry4_CI_CO[3])
                                                      0.114    13.698 r  U_timer/timer_cnt_reg[31]_i_877/CO[3]
                         net (fo=1, routed)           0.000    13.698    U_timer/timer_cnt_reg[31]_i_877_n_0
    SLICE_X48Y67         CARRY4 (Prop_carry4_CI_CO[3])
                                                      0.114    13.812 r  U_timer/timer_cnt_reg[31]_i_723/CO[3]
                         net (fo=1, routed)           0.000    13.812    U_timer/timer_cnt_reg[31]_i_723_n_0
    SLICE_X48Y68         CARRY4 (Prop_carry4_CI_CO[3])
                                                      0.114    13.926 r  U_timer/timer_cnt_reg[31]_i_569/CO[3]
                         net (fo=1, routed)           0.000    13.926    U_timer/timer_cnt_reg[31]_i_569_n_0
    SLICE_X48Y69         CARRY4 (Prop_carry4_CI_CO[3])
                                                      0.114    14.040 r  U_timer/timer_cnt_reg[31]_i_403/CO[3]
                         net (fo=1, routed)           0.000    14.040    U_timer/timer_cnt_reg[31]_i_403_n_0
    SLICE_X48Y70         CARRY4 (Prop_carry4_CI_CO[3])
                                                      0.114    14.154 r  U_timer/timer_cnt_reg[31]_i_234/CO[3]
                         net (fo=1, routed)           0.000    14.154    U_timer/timer_cnt_reg[31]_i_234_n_0
    SLICE_X48Y71         CARRY4 (Prop_carry4_CI_CO[3])
                                                      0.114    14.268 r  U_timer/timer_cnt_reg[31]_i_106/CO[3]
                         net (fo=1, routed)           0.000    14.268    U_timer/timer_cnt_reg[31]_i_106_n_0
    SLICE_X48Y72         CARRY4 (Prop_carry4_CI_CO[3])
                                                      0.114    14.382 r  U_timer/timer_cnt_reg[31]_i_47/CO[3]
                         net (fo=1, routed)           0.000    14.382    U_timer/timer_cnt_reg[31]_i_47_n_0
    SLICE_X48Y73         CARRY4 (Prop_carry4_CI_CO[1])
                                                      0.157    14.539 r  U_timer/timer_cnt_reg[31]_i_44/CO[1]
                         net (fo=36, routed)          0.901    15.440    U_timer/freq_div_reg[31]_6[0]
    SLICE_X49Y64         LUT2 (Prop_lut2_I1_O)        0.329    15.769 r  U_timer/timer_cnt[31]_i_1180/O
                         net (fo=1, routed)           0.000    15.769    U_timer/timer_cnt[31]_i_1180_n_0
    SLICE_X49Y64         CARRY4 (Prop_carry4_S[1]_CO[3])
                                                      0.550    16.319 r  U_timer/timer_cnt_reg[31]_i_1030/CO[3]
                         net (fo=1, routed)           0.000    16.319    U_timer/timer_cnt_reg[31]_i_1030_n_0
    SLICE_X49Y65         CARRY4 (Prop_carry4_CI_CO[3])
                                                      0.114    16.433 r  U_timer/timer_cnt_reg[31]_i_876/CO[3]
                         net (fo=1, routed)           0.000    16.433    U_timer/timer_cnt_reg[31]_i_876_n_0
    SLICE_X49Y66         CARRY4 (Prop_carry4_CI_CO[3])
                                                      0.114    16.547 r  U_timer/timer_cnt_reg[31]_i_722/CO[3]
                         net (fo=1, routed)           0.000    16.547    U_timer/timer_cnt_reg[31]_i_722_n_0
    SLICE_X49Y67         CARRY4 (Prop_carry4_CI_CO[3])
                                                      0.114    16.661 r  U_timer/timer_cnt_reg[31]_i_568/CO[3]
                         net (fo=1, routed)           0.000    16.661    U_timer/timer_cnt_reg[31]_i_568_n_0
    SLICE_X49Y68         CARRY4 (Prop_carry4_CI_CO[3])
                                                      0.114    16.775 r  U_timer/timer_cnt_reg[31]_i_402/CO[3]
                         net (fo=1, routed)           0.000    16.775    U_timer/timer_cnt_reg[31]_i_402_n_0
    SLICE_X49Y69         CARRY4 (Prop_carry4_CI_CO[3])
                                                      0.114    16.889 r  U_timer/timer_cnt_reg[31]_i_233/CO[3]
                         net (fo=1, routed)           0.000    16.889    U_timer/timer_cnt_reg[31]_i_233_n_0
    SLICE_X49Y70         CARRY4 (Prop_carry4_CI_CO[3])
                                                      0.114    17.003 r  U_timer/timer_cnt_reg[31]_i_105/CO[3]
                         net (fo=1, routed)           0.000    17.003    U_timer/timer_cnt_reg[31]_i_105_n_0
    SLICE_X49Y71         CARRY4 (Prop_carry4_CI_CO[3])
                                                      0.114    17.117 r  U_timer/timer_cnt_reg[31]_i_46/CO[3]
                         net (fo=1, routed)           0.000    17.117    U_timer/timer_cnt_reg[31]_i_46_n_0
    SLICE_X49Y72         CARRY4 (Prop_carry4_CI_CO[1])
                                                      0.157    17.274 r  U_timer/timer_cnt_reg[31]_i_21/CO[1]
                         net (fo=36, routed)          0.887    18.161    U_timer/freq_div_reg[31]_8[0]
    SLICE_X47Y64         LUT2 (Prop_lut2_I1_O)        0.329    18.490 r  U_timer/timer_cnt[31]_i_1258/O
                         net (fo=1, routed)           0.000    18.490    U_timer/timer_cnt[31]_i_1258_n_0
    SLICE_X47Y64         CARRY4 (Prop_carry4_S[1]_CO[3])
                                                      0.550    19.040 r  U_timer/timer_cnt_reg[31]_i_1111/CO[3]
                         net (fo=1, routed)           0.000    19.040    U_timer/timer_cnt_reg[31]_i_1111_n_0
    SLICE_X47Y65         CARRY4 (Prop_carry4_CI_CO[3])
                                                      0.114    19.154 r  U_timer/timer_cnt_reg[31]_i_957/CO[3]
                         net (fo=1, routed)           0.000    19.154    U_timer/timer_cnt_reg[31]_i_957_n_0
    SLICE_X47Y66         CARRY4 (Prop_carry4_CI_CO[3])
                                                      0.114    19.268 r  U_timer/timer_cnt_reg[31]_i_803/CO[3]
                         net (fo=1, routed)           0.000    19.268    U_timer/timer_cnt_reg[31]_i_803_n_0
    SLICE_X47Y67         CARRY4 (Prop_carry4_CI_CO[3])
                                                      0.114    19.382 r  U_timer/timer_cnt_reg[31]_i_649/CO[3]
                         net (fo=1, routed)           0.000    19.382    U_timer/timer_cnt_reg[31]_i_649_n_0
    SLICE_X47Y68         CARRY4 (Prop_carry4_CI_CO[3])
                                                      0.114    19.496 r  U_timer/timer_cnt_reg[31]_i_495/CO[3]
                         net (fo=1, routed)           0.000    19.496    U_timer/timer_cnt_reg[31]_i_495_n_0
    SLICE_X47Y69         CARRY4 (Prop_carry4_CI_CO[3])
                                                      0.114    19.610 r  U_timer/timer_cnt_reg[31]_i_317/CO[3]
                         net (fo=1, routed)           0.000    19.610    U_timer/timer_cnt_reg[31]_i_317_n_0
    SLICE_X47Y70         CARRY4 (Prop_carry4_CI_CO[3])
                                                      0.114    19.724 r  U_timer/timer_cnt_reg[31]_i_149/CO[3]
                         net (fo=1, routed)           0.000    19.724    U_timer/timer_cnt_reg[31]_i_149_n_0
    SLICE_X47Y71         CARRY4 (Prop_carry4_CI_CO[3])
                                                      0.114    19.838 r  U_timer/timer_cnt_reg[31]_i_138/CO[3]
                         net (fo=1, routed)           0.000    19.838    U_timer/timer_cnt_reg[31]_i_138_n_0
    SLICE_X47Y72         CARRY4 (Prop_carry4_CI_CO[1])
                                                      0.157    19.995 r  U_timer/timer_cnt_reg[31]_i_59/CO[1]
                         net (fo=37, routed)          1.015    21.011    U_timer/freq_div_reg[31]_10[0]
    SLICE_X46Y67         LUT2 (Prop_lut2_I1_O)        0.329    21.340 r  U_timer/timer_cnt[31]_i_1255/O
                         net (fo=1, routed)           0.000    21.340    U_timer/timer_cnt[31]_i_1255_n_0
    SLICE_X46Y67         CARRY4 (Prop_carry4_S[1]_CO[3])
                                                      0.533    21.873 r  U_timer/timer_cnt_reg[31]_i_1106/CO[3]
                         net (fo=1, routed)           0.000    21.873    U_timer/timer_cnt_reg[31]_i_1106_n_0
    SLICE_X46Y68         CARRY4 (Prop_carry4_CI_CO[3])
                                                      0.117    21.990 r  U_timer/timer_cnt_reg[31]_i_952/CO[3]
                         net (fo=1, routed)           0.000    21.990    U_timer/timer_cnt_reg[31]_i_952_n_0
    SLICE_X46Y69         CARRY4 (Prop_carry4_CI_CO[3])
                                                      0.117    22.107 r  U_timer/timer_cnt_reg[31]_i_798/CO[3]
                         net (fo=1, routed)           0.000    22.107    U_timer/timer_cnt_reg[31]_i_798_n_0
    SLICE_X46Y70         CARRY4 (Prop_carry4_CI_CO[3])
                                                      0.117    22.224 r  U_timer/timer_cnt_reg[31]_i_644/CO[3]
                         net (fo=1, routed)           0.000    22.224    U_timer/timer_cnt_reg[31]_i_644_n_0
    SLICE_X46Y71         CARRY4 (Prop_carry4_CI_CO[3])
                                                      0.117    22.341 r  U_timer/timer_cnt_reg[31]_i_490/CO[3]
                         net (fo=1, routed)           0.000    22.341    U_timer/timer_cnt_reg[31]_i_490_n_0
    SLICE_X46Y72         CARRY4 (Prop_carry4_CI_CO[3])
                                                      0.117    22.458 r  U_timer/timer_cnt_reg[31]_i_312/CO[3]
                         net (fo=1, routed)           0.000    22.458    U_timer/timer_cnt_reg[31]_i_312_n_0
    SLICE_X46Y73         CARRY4 (Prop_carry4_CI_CO[3])
                                                      0.117    22.575 r  U_timer/timer_cnt_reg[31]_i_144/CO[3]
                         net (fo=1, routed)           0.000    22.575    U_timer/timer_cnt_reg[31]_i_144_n_0
    SLICE_X46Y74         CARRY4 (Prop_carry4_CI_CO[3])
                                                      0.117    22.692 r  U_timer/timer_cnt_reg[31]_i_61/CO[3]
                         net (fo=1, routed)           0.009    22.701    U_timer/timer_cnt_reg[31]_i_61_n_0
    SLICE_X46Y75         CARRY4 (Prop_carry4_CI_CO[1])
                                                      0.157    22.858 r  U_timer/timer_cnt_reg[31]_i_58/CO[1]
                         net (fo=37, routed)          0.999    23.856    U_timer/freq_div_reg[31]_12[0]
    SLICE_X50Y72         LUT2 (Prop_lut2_I1_O)        0.332    24.188 r  U_timer/timer_cnt[31]_i_1251/O
                         net (fo=1, routed)           0.000    24.188    U_timer/timer_cnt[31]_i_1251_n_0
    SLICE_X50Y72         CARRY4 (Prop_carry4_S[1]_CO[3])
                                                      0.533    24.721 r  U_timer/timer_cnt_reg[31]_i_1105/CO[3]
                         net (fo=1, routed)           0.000    24.721    U_timer/timer_cnt_reg[31]_i_1105_n_0
    SLICE_X50Y73         CARRY4 (Prop_carry4_CI_CO[3])
                                                      0.117    24.838 r  U_timer/timer_cnt_reg[31]_i_951/CO[3]
                         net (fo=1, routed)           0.000    24.838    U_timer/timer_cnt_reg[31]_i_951_n_0
    SLICE_X50Y74         CARRY4 (Prop_carry4_CI_CO[3])
                                                      0.117    24.955 r  U_timer/timer_cnt_reg[31]_i_797/CO[3]
                         net (fo=1, routed)           0.009    24.964    U_timer/timer_cnt_reg[31]_i_797_n_0
    SLICE_X50Y75         CARRY4 (Prop_carry4_CI_CO[3])
                                                      0.117    25.081 r  U_timer/timer_cnt_reg[31]_i_643/CO[3]
                         net (fo=1, routed)           0.000    25.081    U_timer/timer_cnt_reg[31]_i_643_n_0
    SLICE_X50Y76         CARRY4 (Prop_carry4_CI_CO[3])
                                                      0.117    25.198 r  U_timer/timer_cnt_reg[31]_i_489/CO[3]
                         net (fo=1, routed)           0.000    25.198    U_timer/timer_cnt_reg[31]_i_489_n_0
    SLICE_X50Y77         CARRY4 (Prop_carry4_CI_CO[3])
                                                      0.117    25.315 r  U_timer/timer_cnt_reg[31]_i_311/CO[3]
                         net (fo=1, routed)           0.000    25.315    U_timer/timer_cnt_reg[31]_i_311_n_0
    SLICE_X50Y78         CARRY4 (Prop_carry4_CI_CO[3])
                                                      0.117    25.432 r  U_timer/timer_cnt_reg[31]_i_143/CO[3]
                         net (fo=1, routed)           0.000    25.432    U_timer/timer_cnt_reg[31]_i_143_n_0
    SLICE_X50Y79         CARRY4 (Prop_carry4_CI_CO[3])
                                                      0.117    25.549 r  U_timer/timer_cnt_reg[31]_i_60/CO[3]
                         net (fo=1, routed)           0.000    25.549    U_timer/timer_cnt_reg[31]_i_60_n_0
    SLICE_X50Y80         CARRY4 (Prop_carry4_CI_CO[1])
                                                      0.157    25.706 r  U_timer/timer_cnt_reg[31]_i_27/CO[1]
                         net (fo=36, routed)          0.921    26.628    U_timer/freq_div_reg[31]_14[0]
    SLICE_X47Y73         LUT2 (Prop_lut2_I1_O)        0.332    26.960 r  U_timer/timer_cnt[31]_i_1268/O
                         net (fo=1, routed)           0.000    26.960    U_timer/timer_cnt[31]_i_1268_n_0
    SLICE_X47Y73         CARRY4 (Prop_carry4_S[1]_CO[3])
                                                      0.550    27.510 r  U_timer/timer_cnt_reg[31]_i_1126/CO[3]
                         net (fo=1, routed)           0.000    27.510    U_timer/timer_cnt_reg[31]_i_1126_n_0
    SLICE_X47Y74         CARRY4 (Prop_carry4_CI_CO[3])
                                                      0.114    27.624 r  U_timer/timer_cnt_reg[31]_i_972/CO[3]
                         net (fo=1, routed)           0.009    27.633    U_timer/timer_cnt_reg[31]_i_972_n_0
    SLICE_X47Y75         CARRY4 (Prop_carry4_CI_CO[3])
                                                      0.114    27.747 r  U_timer/timer_cnt_reg[31]_i_818/CO[3]
                         net (fo=1, routed)           0.000    27.747    U_timer/timer_cnt_reg[31]_i_818_n_0
    SLICE_X47Y76         CARRY4 (Prop_carry4_CI_CO[3])
                                                      0.114    27.861 r  U_timer/timer_cnt_reg[31]_i_664/CO[3]
                         net (fo=1, routed)           0.000    27.861    U_timer/timer_cnt_reg[31]_i_664_n_0
    SLICE_X47Y77         CARRY4 (Prop_carry4_CI_CO[3])
                                                      0.114    27.975 r  U_timer/timer_cnt_reg[31]_i_510/CO[3]
                         net (fo=1, routed)           0.000    27.975    U_timer/timer_cnt_reg[31]_i_510_n_0
    SLICE_X47Y78         CARRY4 (Prop_carry4_CI_CO[3])
                                                      0.114    28.089 r  U_timer/timer_cnt_reg[31]_i_336/CO[3]
                         net (fo=1, routed)           0.000    28.089    U_timer/timer_cnt_reg[31]_i_336_n_0
    SLICE_X47Y79         CARRY4 (Prop_carry4_CI_CO[3])
                                                      0.114    28.203 r  U_timer/timer_cnt_reg[31]_i_165/CO[3]
                         net (fo=1, routed)           0.000    28.203    U_timer/timer_cnt_reg[31]_i_165_n_0
    SLICE_X47Y80         CARRY4 (Prop_carry4_CI_CO[3])
                                                      0.114    28.317 r  U_timer/timer_cnt_reg[31]_i_154/CO[3]
                         net (fo=1, routed)           0.000    28.317    U_timer/timer_cnt_reg[31]_i_154_n_0
    SLICE_X47Y81         CARRY4 (Prop_carry4_CI_CO[1])
                                                      0.157    28.474 r  U_timer/timer_cnt_reg[31]_i_65/CO[1]
                         net (fo=36, routed)          0.855    29.328    U_timer/freq_div_reg[31]_16[0]
    SLICE_X51Y75         LUT2 (Prop_lut2_I1_O)        0.329    29.657 r  U_timer/timer_cnt[31]_i_1265/O
                         net (fo=1, routed)           0.000    29.657    U_timer/timer_cnt[31]_i_1265_n_0
    SLICE_X51Y75         CARRY4 (Prop_carry4_S[1]_CO[3])
                                                      0.550    30.207 r  U_timer/timer_cnt_reg[31]_i_1121/CO[3]
                         net (fo=1, routed)           0.000    30.207    U_timer/timer_cnt_reg[31]_i_1121_n_0
    SLICE_X51Y76         CARRY4 (Prop_carry4_CI_CO[3])
                                                      0.114    30.321 r  U_timer/timer_cnt_reg[31]_i_967/CO[3]
                         net (fo=1, routed)           0.000    30.321    U_timer/timer_cnt_reg[31]_i_967_n_0
    SLICE_X51Y77         CARRY4 (Prop_carry4_CI_CO[3])
                                                      0.114    30.435 r  U_timer/timer_cnt_reg[31]_i_813/CO[3]
                         net (fo=1, routed)           0.000    30.435    U_timer/timer_cnt_reg[31]_i_813_n_0
    SLICE_X51Y78         CARRY4 (Prop_carry4_CI_CO[3])
                                                      0.114    30.549 r  U_timer/timer_cnt_reg[31]_i_659/CO[3]
                         net (fo=1, routed)           0.000    30.549    U_timer/timer_cnt_reg[31]_i_659_n_0
    SLICE_X51Y79         CARRY4 (Prop_carry4_CI_CO[3])
                                                      0.114    30.663 r  U_timer/timer_cnt_reg[31]_i_505/CO[3]
                         net (fo=1, routed)           0.000    30.663    U_timer/timer_cnt_reg[31]_i_505_n_0
    SLICE_X51Y80         CARRY4 (Prop_carry4_CI_CO[3])
                                                      0.114    30.777 r  U_timer/timer_cnt_reg[31]_i_331/CO[3]
                         net (fo=1, routed)           0.000    30.777    U_timer/timer_cnt_reg[31]_i_331_n_0
    SLICE_X51Y81         CARRY4 (Prop_carry4_CI_CO[3])
                                                      0.114    30.891 r  U_timer/timer_cnt_reg[31]_i_160/CO[3]
                         net (fo=1, routed)           0.000    30.891    U_timer/timer_cnt_reg[31]_i_160_n_0
    SLICE_X51Y82         CARRY4 (Prop_carry4_CI_CO[3])
                                                      0.114    31.005 r  U_timer/timer_cnt_reg[31]_i_67/CO[3]
                         net (fo=1, routed)           0.000    31.005    U_timer/timer_cnt_reg[31]_i_67_n_0
    SLICE_X51Y83         CARRY4 (Prop_carry4_CI_CO[1])
                                                      0.157    31.162 r  U_timer/timer_cnt_reg[31]_i_64/CO[1]
                         net (fo=37, routed)          1.062    32.225    U_timer/freq_div_reg[31]_18[0]
    SLICE_X45Y76         LUT2 (Prop_lut2_I1_O)        0.329    32.554 r  U_timer/timer_cnt[31]_i_1262/O
                         net (fo=1, routed)           0.000    32.554    U_timer/timer_cnt[31]_i_1262_n_0
    SLICE_X45Y76         CARRY4 (Prop_carry4_S[1]_CO[3])
                                                      0.550    33.104 r  U_timer/timer_cnt_reg[31]_i_1120/CO[3]
                         net (fo=1, routed)           0.000    33.104    U_timer/timer_cnt_reg[31]_i_1120_n_0
    SLICE_X45Y77         CARRY4 (Prop_carry4_CI_CO[3])
                                                      0.114    33.218 r  U_timer/timer_cnt_reg[31]_i_966/CO[3]
                         net (fo=1, routed)           0.000    33.218    U_timer/timer_cnt_reg[31]_i_966_n_0
    SLICE_X45Y78         CARRY4 (Prop_carry4_CI_CO[3])
                                                      0.114    33.332 r  U_timer/timer_cnt_reg[31]_i_812/CO[3]
                         net (fo=1, routed)           0.000    33.332    U_timer/timer_cnt_reg[31]_i_812_n_0
    SLICE_X45Y79         CARRY4 (Prop_carry4_CI_CO[3])
                                                      0.114    33.446 r  U_timer/timer_cnt_reg[31]_i_658/CO[3]
                         net (fo=1, routed)           0.000    33.446    U_timer/timer_cnt_reg[31]_i_658_n_0
    SLICE_X45Y80         CARRY4 (Prop_carry4_CI_CO[3])
                                                      0.114    33.560 r  U_timer/timer_cnt_reg[31]_i_504/CO[3]
                         net (fo=1, routed)           0.000    33.560    U_timer/timer_cnt_reg[31]_i_504_n_0
    SLICE_X45Y81         CARRY4 (Prop_carry4_CI_CO[3])
                                                      0.114    33.674 r  U_timer/timer_cnt_reg[31]_i_330/CO[3]
                         net (fo=1, routed)           0.000    33.674    U_timer/timer_cnt_reg[31]_i_330_n_0
    SLICE_X45Y82         CARRY4 (Prop_carry4_CI_CO[3])
                                                      0.114    33.788 r  U_timer/timer_cnt_reg[31]_i_159/CO[3]
                         net (fo=1, routed)           0.000    33.788    U_timer/timer_cnt_reg[31]_i_159_n_0
    SLICE_X45Y83         CARRY4 (Prop_carry4_CI_CO[3])
                                                      0.114    33.902 r  U_timer/timer_cnt_reg[31]_i_66/CO[3]
                         net (fo=1, routed)           0.000    33.902    U_timer/timer_cnt_reg[31]_i_66_n_0
    SLICE_X45Y84         CARRY4 (Prop_carry4_CI_CO[1])
                                                      0.157    34.059 r  U_timer/timer_cnt_reg[31]_i_29/CO[1]
                         net (fo=36, routed)          0.916    34.975    U_timer/freq_div_reg[31]_20[0]
    SLICE_X46Y76         LUT2 (Prop_lut2_I1_O)        0.329    35.304 r  U_timer/timer_cnt[31]_i_1278/O
                         net (fo=1, routed)           0.000    35.304    U_timer/timer_cnt[31]_i_1278_n_0
    SLICE_X46Y76         CARRY4 (Prop_carry4_S[1]_CO[3])
                                                      0.533    35.837 r  U_timer/timer_cnt_reg[31]_i_1141/CO[3]
                         net (fo=1, routed)           0.000    35.837    U_timer/timer_cnt_reg[31]_i_1141_n_0
    SLICE_X46Y77         CARRY4 (Prop_carry4_CI_CO[3])
                                                      0.117    35.954 r  U_timer/timer_cnt_reg[31]_i_987/CO[3]
                         net (fo=1, routed)           0.000    35.954    U_timer/timer_cnt_reg[31]_i_987_n_0
    SLICE_X46Y78         CARRY4 (Prop_carry4_CI_CO[3])
                                                      0.117    36.071 r  U_timer/timer_cnt_reg[31]_i_833/CO[3]
                         net (fo=1, routed)           0.000    36.071    U_timer/timer_cnt_reg[31]_i_833_n_0
    SLICE_X46Y79         CARRY4 (Prop_carry4_CI_CO[3])
                                                      0.117    36.188 r  U_timer/timer_cnt_reg[31]_i_679/CO[3]
                         net (fo=1, routed)           0.000    36.188    U_timer/timer_cnt_reg[31]_i_679_n_0
    SLICE_X46Y80         CARRY4 (Prop_carry4_CI_CO[3])
                                                      0.117    36.305 r  U_timer/timer_cnt_reg[31]_i_525/CO[3]
                         net (fo=1, routed)           0.000    36.305    U_timer/timer_cnt_reg[31]_i_525_n_0
    SLICE_X46Y81         CARRY4 (Prop_carry4_CI_CO[3])
                                                      0.117    36.422 r  U_timer/timer_cnt_reg[31]_i_355/CO[3]
                         net (fo=1, routed)           0.000    36.422    U_timer/timer_cnt_reg[31]_i_355_n_0
    SLICE_X46Y82         CARRY4 (Prop_carry4_CI_CO[3])
                                                      0.117    36.539 r  U_timer/timer_cnt_reg[31]_i_181/CO[3]
                         net (fo=1, routed)           0.000    36.539    U_timer/timer_cnt_reg[31]_i_181_n_0
    SLICE_X46Y83         CARRY4 (Prop_carry4_CI_CO[3])
                                                      0.117    36.656 r  U_timer/timer_cnt_reg[31]_i_170/CO[3]
                         net (fo=1, routed)           0.000    36.656    U_timer/timer_cnt_reg[31]_i_170_n_0
    SLICE_X46Y84         CARRY4 (Prop_carry4_CI_CO[1])
                                                      0.157    36.813 r  U_timer/timer_cnt_reg[31]_i_71/CO[1]
                         net (fo=37, routed)          0.860    37.673    U_timer/freq_div_reg[31]_22[0]
    SLICE_X49Y78         LUT2 (Prop_lut2_I1_O)        0.332    38.005 r  U_timer/timer_cnt[31]_i_1275/O
                         net (fo=1, routed)           0.000    38.005    U_timer/timer_cnt[31]_i_1275_n_0
    SLICE_X49Y78         CARRY4 (Prop_carry4_S[1]_CO[3])
                                                      0.550    38.555 r  U_timer/timer_cnt_reg[31]_i_1136/CO[3]
                         net (fo=1, routed)           0.000    38.555    U_timer/timer_cnt_reg[31]_i_1136_n_0
    SLICE_X49Y79         CARRY4 (Prop_carry4_CI_CO[3])
                                                      0.114    38.669 r  U_timer/timer_cnt_reg[31]_i_982/CO[3]
                         net (fo=1, routed)           0.000    38.669    U_timer/timer_cnt_reg[31]_i_982_n_0
    SLICE_X49Y80         CARRY4 (Prop_carry4_CI_CO[3])
                                                      0.114    38.783 r  U_timer/timer_cnt_reg[31]_i_828/CO[3]
                         net (fo=1, routed)           0.000    38.783    U_timer/timer_cnt_reg[31]_i_828_n_0
    SLICE_X49Y81         CARRY4 (Prop_carry4_CI_CO[3])
                                                      0.114    38.897 r  U_timer/timer_cnt_reg[31]_i_674/CO[3]
                         net (fo=1, routed)           0.000    38.897    U_timer/timer_cnt_reg[31]_i_674_n_0
    SLICE_X49Y82         CARRY4 (Prop_carry4_CI_CO[3])
                                                      0.114    39.011 r  U_timer/timer_cnt_reg[31]_i_520/CO[3]
                         net (fo=1, routed)           0.000    39.011    U_timer/timer_cnt_reg[31]_i_520_n_0
    SLICE_X49Y83         CARRY4 (Prop_carry4_CI_CO[3])
                                                      0.114    39.125 r  U_timer/timer_cnt_reg[31]_i_350/CO[3]
                         net (fo=1, routed)           0.000    39.125    U_timer/timer_cnt_reg[31]_i_350_n_0
    SLICE_X49Y84         CARRY4 (Prop_carry4_CI_CO[3])
                                                      0.114    39.239 r  U_timer/timer_cnt_reg[31]_i_176/CO[3]
                         net (fo=1, routed)           0.000    39.239    U_timer/timer_cnt_reg[31]_i_176_n_0
    SLICE_X49Y85         CARRY4 (Prop_carry4_CI_CO[3])
                                                      0.114    39.353 r  U_timer/timer_cnt_reg[31]_i_73/CO[3]
                         net (fo=1, routed)           0.000    39.353    U_timer/timer_cnt_reg[31]_i_73_n_0
    SLICE_X49Y86         CARRY4 (Prop_carry4_CI_CO[1])
                                                      0.157    39.510 r  U_timer/timer_cnt_reg[31]_i_70/CO[1]
                         net (fo=36, routed)          0.895    40.405    U_timer/freq_div_reg[31]_24[0]
    SLICE_X53Y77         LUT2 (Prop_lut2_I1_O)        0.329    40.734 r  U_timer/timer_cnt[31]_i_1271/O
                         net (fo=1, routed)           0.000    40.734    U_timer/timer_cnt[31]_i_1271_n_0
    SLICE_X53Y77         CARRY4 (Prop_carry4_S[1]_CO[3])
                                                      0.550    41.284 r  U_timer/timer_cnt_reg[31]_i_1135/CO[3]
                         net (fo=1, routed)           0.000    41.284    U_timer/timer_cnt_reg[31]_i_1135_n_0
    SLICE_X53Y78         CARRY4 (Prop_carry4_CI_CO[3])
                                                      0.114    41.398 r  U_timer/timer_cnt_reg[31]_i_981/CO[3]
                         net (fo=1, routed)           0.000    41.398    U_timer/timer_cnt_reg[31]_i_981_n_0
    SLICE_X53Y79         CARRY4 (Prop_carry4_CI_CO[3])
                                                      0.114    41.512 r  U_timer/timer_cnt_reg[31]_i_827/CO[3]
                         net (fo=1, routed)           0.000    41.512    U_timer/timer_cnt_reg[31]_i_827_n_0
    SLICE_X53Y80         CARRY4 (Prop_carry4_CI_CO[3])
                                                      0.114    41.626 r  U_timer/timer_cnt_reg[31]_i_673/CO[3]
                         net (fo=1, routed)           0.000    41.626    U_timer/timer_cnt_reg[31]_i_673_n_0
    SLICE_X53Y81         CARRY4 (Prop_carry4_CI_CO[3])
                                                      0.114    41.740 r  U_timer/timer_cnt_reg[31]_i_519/CO[3]
                         net (fo=1, routed)           0.000    41.740    U_timer/timer_cnt_reg[31]_i_519_n_0
    SLICE_X53Y82         CARRY4 (Prop_carry4_CI_CO[3])
                                                      0.114    41.854 r  U_timer/timer_cnt_reg[31]_i_349/CO[3]
                         net (fo=1, routed)           0.000    41.854    U_timer/timer_cnt_reg[31]_i_349_n_0
    SLICE_X53Y83         CARRY4 (Prop_carry4_CI_CO[3])
                                                      0.114    41.968 r  U_timer/timer_cnt_reg[31]_i_175/CO[3]
                         net (fo=1, routed)           0.000    41.968    U_timer/timer_cnt_reg[31]_i_175_n_0
    SLICE_X53Y84         CARRY4 (Prop_carry4_CI_CO[3])
                                                      0.114    42.082 r  U_timer/timer_cnt_reg[31]_i_72/CO[3]
                         net (fo=1, routed)           0.000    42.082    U_timer/timer_cnt_reg[31]_i_72_n_0
    SLICE_X53Y85         CARRY4 (Prop_carry4_CI_CO[1])
                                                      0.157    42.239 r  U_timer/timer_cnt_reg[31]_i_31/CO[1]
                         net (fo=36, routed)          0.909    43.148    U_timer/freq_div_reg[31]_26[0]
    SLICE_X52Y76         LUT2 (Prop_lut2_I1_O)        0.329    43.477 r  U_timer/timer_cnt[31]_i_1289/O
                         net (fo=1, routed)           0.000    43.477    U_timer/timer_cnt[31]_i_1289_n_0
    SLICE_X52Y76         CARRY4 (Prop_carry4_S[1]_CO[3])
                                                      0.550    44.027 r  U_timer/timer_cnt_reg[31]_i_1156/CO[3]
                         net (fo=1, routed)           0.000    44.027    U_timer/timer_cnt_reg[31]_i_1156_n_0
    SLICE_X52Y77         CARRY4 (Prop_carry4_CI_CO[3])
                                                      0.114    44.141 r  U_timer/timer_cnt_reg[31]_i_1002/CO[3]
                         net (fo=1, routed)           0.000    44.141    U_timer/timer_cnt_reg[31]_i_1002_n_0
    SLICE_X52Y78         CARRY4 (Prop_carry4_CI_CO[3])
                                                      0.114    44.255 r  U_timer/timer_cnt_reg[31]_i_848/CO[3]
                         net (fo=1, routed)           0.000    44.255    U_timer/timer_cnt_reg[31]_i_848_n_0
    SLICE_X52Y79         CARRY4 (Prop_carry4_CI_CO[3])
                                                      0.114    44.369 r  U_timer/timer_cnt_reg[31]_i_694/CO[3]
                         net (fo=1, routed)           0.000    44.369    U_timer/timer_cnt_reg[31]_i_694_n_0
    SLICE_X52Y80         CARRY4 (Prop_carry4_CI_CO[3])
                                                      0.114    44.483 r  U_timer/timer_cnt_reg[31]_i_540/CO[3]
                         net (fo=1, routed)           0.000    44.483    U_timer/timer_cnt_reg[31]_i_540_n_0
    SLICE_X52Y81         CARRY4 (Prop_carry4_CI_CO[3])
                                                      0.114    44.597 r  U_timer/timer_cnt_reg[31]_i_374/CO[3]
                         net (fo=1, routed)           0.000    44.597    U_timer/timer_cnt_reg[31]_i_374_n_0
    SLICE_X52Y82         CARRY4 (Prop_carry4_CI_CO[3])
                                                      0.114    44.711 r  U_timer/timer_cnt_reg[31]_i_197/CO[3]
                         net (fo=1, routed)           0.000    44.711    U_timer/timer_cnt_reg[31]_i_197_n_0
    SLICE_X52Y83         CARRY4 (Prop_carry4_CI_CO[3])
                                                      0.114    44.825 r  U_timer/timer_cnt_reg[31]_i_186/CO[3]
                         net (fo=1, routed)           0.000    44.825    U_timer/timer_cnt_reg[31]_i_186_n_0
    SLICE_X52Y84         CARRY4 (Prop_carry4_CI_CO[1])
                                                      0.157    44.982 r  U_timer/timer_cnt_reg[31]_i_77/CO[1]
                         net (fo=37, routed)          1.278    46.259    U_timer/freq_div_reg[31]_28[0]
    SLICE_X44Y75         LUT2 (Prop_lut2_I1_O)        0.329    46.588 r  U_timer/timer_cnt[31]_i_1286/O
                         net (fo=1, routed)           0.000    46.588    U_timer/timer_cnt[31]_i_1286_n_0
    SLICE_X44Y75         CARRY4 (Prop_carry4_S[1]_CO[3])
                                                      0.550    47.138 r  U_timer/timer_cnt_reg[31]_i_1151/CO[3]
                         net (fo=1, routed)           0.000    47.138    U_timer/timer_cnt_reg[31]_i_1151_n_0
    SLICE_X44Y76         CARRY4 (Prop_carry4_CI_CO[3])
                                                      0.114    47.252 r  U_timer/timer_cnt_reg[31]_i_997/CO[3]
                         net (fo=1, routed)           0.000    47.252    U_timer/timer_cnt_reg[31]_i_997_n_0
    SLICE_X44Y77         CARRY4 (Prop_carry4_CI_CO[3])
                                                      0.114    47.366 r  U_timer/timer_cnt_reg[31]_i_843/CO[3]
                         net (fo=1, routed)           0.000    47.366    U_timer/timer_cnt_reg[31]_i_843_n_0
    SLICE_X44Y78         CARRY4 (Prop_carry4_CI_CO[3])
                                                      0.114    47.480 r  U_timer/timer_cnt_reg[31]_i_689/CO[3]
                         net (fo=1, routed)           0.000    47.480    U_timer/timer_cnt_reg[31]_i_689_n_0
    SLICE_X44Y79         CARRY4 (Prop_carry4_CI_CO[3])
                                                      0.114    47.594 r  U_timer/timer_cnt_reg[31]_i_535/CO[3]
                         net (fo=1, routed)           0.000    47.594    U_timer/timer_cnt_reg[31]_i_535_n_0
    SLICE_X44Y80         CARRY4 (Prop_carry4_CI_CO[3])
                                                      0.114    47.708 r  U_timer/timer_cnt_reg[31]_i_369/CO[3]
                         net (fo=1, routed)           0.000    47.708    U_timer/timer_cnt_reg[31]_i_369_n_0
    SLICE_X44Y81         CARRY4 (Prop_carry4_CI_CO[3])
                                                      0.114    47.822 r  U_timer/timer_cnt_reg[31]_i_192/CO[3]
                         net (fo=1, routed)           0.000    47.822    U_timer/timer_cnt_reg[31]_i_192_n_0
    SLICE_X44Y82         CARRY4 (Prop_carry4_CI_CO[3])
                                                      0.114    47.936 r  U_timer/timer_cnt_reg[31]_i_79/CO[3]
                         net (fo=1, routed)           0.000    47.936    U_timer/timer_cnt_reg[31]_i_79_n_0
    SLICE_X44Y83         CARRY4 (Prop_carry4_CI_CO[1])
                                                      0.157    48.093 r  U_timer/timer_cnt_reg[31]_i_76/CO[1]
                         net (fo=37, routed)          0.983    49.077    U_timer/freq_div_reg[31]_30[0]
    SLICE_X41Y73         LUT2 (Prop_lut2_I1_O)        0.329    49.406 r  U_timer/timer_cnt[31]_i_1282/O
                         net (fo=1, routed)           0.000    49.406    U_timer/timer_cnt[31]_i_1282_n_0
    SLICE_X41Y73         CARRY4 (Prop_carry4_S[1]_CO[3])
                                                      0.550    49.956 r  U_timer/timer_cnt_reg[31]_i_1150/CO[3]
                         net (fo=1, routed)           0.000    49.956    U_timer/timer_cnt_reg[31]_i_1150_n_0
    SLICE_X41Y74         CARRY4 (Prop_carry4_CI_CO[3])
                                                      0.114    50.070 r  U_timer/timer_cnt_reg[31]_i_996/CO[3]
                         net (fo=1, routed)           0.009    50.079    U_timer/timer_cnt_reg[31]_i_996_n_0
    SLICE_X41Y75         CARRY4 (Prop_carry4_CI_CO[3])
                                                      0.114    50.193 r  U_timer/timer_cnt_reg[31]_i_842/CO[3]
                         net (fo=1, routed)           0.000    50.193    U_timer/timer_cnt_reg[31]_i_842_n_0
    SLICE_X41Y76         CARRY4 (Prop_carry4_CI_CO[3])
                                                      0.114    50.307 r  U_timer/timer_cnt_reg[31]_i_688/CO[3]
                         net (fo=1, routed)           0.000    50.307    U_timer/timer_cnt_reg[31]_i_688_n_0
    SLICE_X41Y77         CARRY4 (Prop_carry4_CI_CO[3])
                                                      0.114    50.421 r  U_timer/timer_cnt_reg[31]_i_534/CO[3]
                         net (fo=1, routed)           0.000    50.421    U_timer/timer_cnt_reg[31]_i_534_n_0
    SLICE_X41Y78         CARRY4 (Prop_carry4_CI_CO[3])
                                                      0.114    50.535 r  U_timer/timer_cnt_reg[31]_i_368/CO[3]
                         net (fo=1, routed)           0.000    50.535    U_timer/timer_cnt_reg[31]_i_368_n_0
    SLICE_X41Y79         CARRY4 (Prop_carry4_CI_CO[3])
                                                      0.114    50.649 r  U_timer/timer_cnt_reg[31]_i_191/CO[3]
                         net (fo=1, routed)           0.000    50.649    U_timer/timer_cnt_reg[31]_i_191_n_0
    SLICE_X41Y80         CARRY4 (Prop_carry4_CI_CO[3])
                                                      0.114    50.763 r  U_timer/timer_cnt_reg[31]_i_78/CO[3]
                         net (fo=1, routed)           0.000    50.763    U_timer/timer_cnt_reg[31]_i_78_n_0
    SLICE_X41Y81         CARRY4 (Prop_carry4_CI_CO[1])
                                                      0.157    50.920 r  U_timer/timer_cnt_reg[31]_i_33/CO[1]
                         net (fo=36, routed)          0.919    51.839    U_timer/freq_div_reg[31]_32[0]
    SLICE_X40Y76         CARRY4 (Prop_carry4_CYINIT_CO[3])
                                                      0.785    52.624 r  U_timer/timer_cnt_reg[31]_i_1194/CO[3]
                         net (fo=1, routed)           0.000    52.624    U_timer/timer_cnt_reg[31]_i_1194_n_0
    SLICE_X40Y77         CARRY4 (Prop_carry4_CI_CO[3])
                                                      0.114    52.738 r  U_timer/timer_cnt_reg[31]_i_1051/CO[3]
                         net (fo=1, routed)           0.000    52.738    U_timer/timer_cnt_reg[31]_i_1051_n_0
    SLICE_X40Y78         CARRY4 (Prop_carry4_CI_CO[3])
                                                      0.114    52.852 r  U_timer/timer_cnt_reg[31]_i_897/CO[3]
                         net (fo=1, routed)           0.000    52.852    U_timer/timer_cnt_reg[31]_i_897_n_0
    SLICE_X40Y79         CARRY4 (Prop_carry4_CI_CO[3])
                                                      0.114    52.966 r  U_timer/timer_cnt_reg[31]_i_743/CO[3]
                         net (fo=1, routed)           0.000    52.966    U_timer/timer_cnt_reg[31]_i_743_n_0
    SLICE_X40Y80         CARRY4 (Prop_carry4_CI_CO[3])
                                                      0.114    53.080 r  U_timer/timer_cnt_reg[31]_i_589/CO[3]
                         net (fo=1, routed)           0.000    53.080    U_timer/timer_cnt_reg[31]_i_589_n_0
    SLICE_X40Y81         CARRY4 (Prop_carry4_CI_CO[3])
                                                      0.114    53.194 r  U_timer/timer_cnt_reg[31]_i_427/CO[3]
                         net (fo=1, routed)           0.000    53.194    U_timer/timer_cnt_reg[31]_i_427_n_0
    SLICE_X40Y82         CARRY4 (Prop_carry4_CI_CO[3])
                                                      0.114    53.308 r  U_timer/timer_cnt_reg[31]_i_259/CO[3]
                         net (fo=1, routed)           0.000    53.308    U_timer/timer_cnt_reg[31]_i_259_n_0
    SLICE_X40Y83         CARRY4 (Prop_carry4_CI_CO[3])
                                                      0.114    53.422 r  U_timer/timer_cnt_reg[31]_i_248/CO[3]
                         net (fo=1, routed)           0.000    53.422    U_timer/timer_cnt_reg[31]_i_248_n_0
    SLICE_X40Y84         CARRY4 (Prop_carry4_CI_CO[1])
                                                      0.157    53.579 r  U_timer/timer_cnt_reg[31]_i_117/CO[1]
                         net (fo=37, routed)          0.970    54.549    U_timer/freq_div_reg[31]_34[0]
    SLICE_X39Y80         LUT2 (Prop_lut2_I1_O)        0.329    54.878 r  U_timer/timer_cnt[31]_i_1296/O
                         net (fo=1, routed)           0.000    54.878    U_timer/timer_cnt[31]_i_1296_n_0
    SLICE_X39Y80         CARRY4 (Prop_carry4_S[1]_CO[3])
                                                      0.550    55.428 r  U_timer/timer_cnt_reg[31]_i_1189/CO[3]
                         net (fo=1, routed)           0.000    55.428    U_timer/timer_cnt_reg[31]_i_1189_n_0
    SLICE_X39Y81         CARRY4 (Prop_carry4_CI_CO[3])
                                                      0.114    55.542 r  U_timer/timer_cnt_reg[31]_i_1046/CO[3]
                         net (fo=1, routed)           0.000    55.542    U_timer/timer_cnt_reg[31]_i_1046_n_0
    SLICE_X39Y82         CARRY4 (Prop_carry4_CI_CO[3])
                                                      0.114    55.656 r  U_timer/timer_cnt_reg[31]_i_892/CO[3]
                         net (fo=1, routed)           0.000    55.656    U_timer/timer_cnt_reg[31]_i_892_n_0
    SLICE_X39Y83         CARRY4 (Prop_carry4_CI_CO[3])
                                                      0.114    55.770 r  U_timer/timer_cnt_reg[31]_i_738/CO[3]
                         net (fo=1, routed)           0.000    55.770    U_timer/timer_cnt_reg[31]_i_738_n_0
    SLICE_X39Y84         CARRY4 (Prop_carry4_CI_CO[3])
                                                      0.114    55.884 r  U_timer/timer_cnt_reg[31]_i_584/CO[3]
                         net (fo=1, routed)           0.000    55.884    U_timer/timer_cnt_reg[31]_i_584_n_0
    SLICE_X39Y85         CARRY4 (Prop_carry4_CI_CO[3])
                                                      0.114    55.998 r  U_timer/timer_cnt_reg[31]_i_422/CO[3]
                         net (fo=1, routed)           0.000    55.998    U_timer/timer_cnt_reg[31]_i_422_n_0
    SLICE_X39Y86         CARRY4 (Prop_carry4_CI_CO[3])
                                                      0.114    56.112 r  U_timer/timer_cnt_reg[31]_i_254/CO[3]
                         net (fo=1, routed)           0.000    56.112    U_timer/timer_cnt_reg[31]_i_254_n_0
    SLICE_X39Y87         CARRY4 (Prop_carry4_CI_CO[3])
                                                      0.114    56.226 r  U_timer/timer_cnt_reg[31]_i_119/CO[3]
                         net (fo=1, routed)           0.000    56.226    U_timer/timer_cnt_reg[31]_i_119_n_0
    SLICE_X39Y88         CARRY4 (Prop_carry4_CI_CO[1])
                                                      0.157    56.383 r  U_timer/timer_cnt_reg[31]_i_116/CO[1]
                         net (fo=36, routed)          0.796    57.178    U_timer/freq_div_reg[31]_36[0]
    SLICE_X41Y82         LUT2 (Prop_lut2_I1_O)        0.329    57.507 r  U_timer/timer_cnt[31]_i_1292/O
                         net (fo=1, routed)           0.000    57.507    U_timer/timer_cnt[31]_i_1292_n_0
    SLICE_X41Y82         CARRY4 (Prop_carry4_S[1]_CO[3])
                                                      0.550    58.057 r  U_timer/timer_cnt_reg[31]_i_1188/CO[3]
                         net (fo=1, routed)           0.000    58.057    U_timer/timer_cnt_reg[31]_i_1188_n_0
    SLICE_X41Y83         CARRY4 (Prop_carry4_CI_CO[3])
                                                      0.114    58.171 r  U_timer/timer_cnt_reg[31]_i_1045/CO[3]
                         net (fo=1, routed)           0.000    58.171    U_timer/timer_cnt_reg[31]_i_1045_n_0
    SLICE_X41Y84         CARRY4 (Prop_carry4_CI_CO[3])
                                                      0.114    58.285 r  U_timer/timer_cnt_reg[31]_i_891/CO[3]
                         net (fo=1, routed)           0.000    58.285    U_timer/timer_cnt_reg[31]_i_891_n_0
    SLICE_X41Y85         CARRY4 (Prop_carry4_CI_CO[3])
                                                      0.114    58.399 r  U_timer/timer_cnt_reg[31]_i_737/CO[3]
                         net (fo=1, routed)           0.000    58.399    U_timer/timer_cnt_reg[31]_i_737_n_0
    SLICE_X41Y86         CARRY4 (Prop_carry4_CI_CO[3])
                                                      0.114    58.513 r  U_timer/timer_cnt_reg[31]_i_583/CO[3]
                         net (fo=1, routed)           0.000    58.513    U_timer/timer_cnt_reg[31]_i_583_n_0
    SLICE_X41Y87         CARRY4 (Prop_carry4_CI_CO[3])
                                                      0.114    58.627 r  U_timer/timer_cnt_reg[31]_i_421/CO[3]
                         net (fo=1, routed)           0.000    58.627    U_timer/timer_cnt_reg[31]_i_421_n_0
    SLICE_X41Y88         CARRY4 (Prop_carry4_CI_CO[3])
                                                      0.114    58.741 r  U_timer/timer_cnt_reg[31]_i_253/CO[3]
                         net (fo=1, routed)           0.000    58.741    U_timer/timer_cnt_reg[31]_i_253_n_0
    SLICE_X41Y89         CARRY4 (Prop_carry4_CI_CO[3])
                                                      0.114    58.855 r  U_timer/timer_cnt_reg[31]_i_118/CO[3]
                         net (fo=1, routed)           0.000    58.855    U_timer/timer_cnt_reg[31]_i_118_n_0
    SLICE_X41Y90         CARRY4 (Prop_carry4_CI_CO[1])
                                                      0.157    59.012 r  U_timer/timer_cnt_reg[31]_i_51/CO[1]
                         net (fo=37, routed)          1.234    60.246    U_timer/freq_div_reg[31]_38[0]
    SLICE_X48Y79         LUT2 (Prop_lut2_I1_O)        0.329    60.575 r  U_timer/timer_cnt[31]_i_1311/O
                         net (fo=1, routed)           0.000    60.575    U_timer/timer_cnt[31]_i_1311_n_0
    SLICE_X48Y79         CARRY4 (Prop_carry4_S[1]_CO[3])
                                                      0.550    61.125 r  U_timer/timer_cnt_reg[31]_i_1209/CO[3]
                         net (fo=1, routed)           0.000    61.125    U_timer/timer_cnt_reg[31]_i_1209_n_0
    SLICE_X48Y80         CARRY4 (Prop_carry4_CI_CO[3])
                                                      0.114    61.239 r  U_timer/timer_cnt_reg[31]_i_1066/CO[3]
                         net (fo=1, routed)           0.000    61.239    U_timer/timer_cnt_reg[31]_i_1066_n_0
    SLICE_X48Y81         CARRY4 (Prop_carry4_CI_CO[3])
                                                      0.114    61.353 r  U_timer/timer_cnt_reg[31]_i_912/CO[3]
                         net (fo=1, routed)           0.000    61.353    U_timer/timer_cnt_reg[31]_i_912_n_0
    SLICE_X48Y82         CARRY4 (Prop_carry4_CI_CO[3])
                                                      0.114    61.467 r  U_timer/timer_cnt_reg[31]_i_758/CO[3]
                         net (fo=1, routed)           0.000    61.467    U_timer/timer_cnt_reg[31]_i_758_n_0
    SLICE_X48Y83         CARRY4 (Prop_carry4_CI_CO[3])
                                                      0.114    61.581 r  U_timer/timer_cnt_reg[31]_i_604/CO[3]
                         net (fo=1, routed)           0.000    61.581    U_timer/timer_cnt_reg[31]_i_604_n_0
    SLICE_X48Y84         CARRY4 (Prop_carry4_CI_CO[3])
                                                      0.114    61.695 r  U_timer/timer_cnt_reg[31]_i_446/CO[3]
                         net (fo=1, routed)           0.000    61.695    U_timer/timer_cnt_reg[31]_i_446_n_0
    SLICE_X48Y85         CARRY4 (Prop_carry4_CI_CO[3])
                                                      0.114    61.809 r  U_timer/timer_cnt_reg[31]_i_275/CO[3]
                         net (fo=1, routed)           0.000    61.809    U_timer/timer_cnt_reg[31]_i_275_n_0
    SLICE_X48Y86         CARRY4 (Prop_carry4_CI_CO[3])
                                                      0.114    61.923 r  U_timer/timer_cnt_reg[31]_i_264/CO[3]
                         net (fo=1, routed)           0.000    61.923    U_timer/timer_cnt_reg[31]_i_264_n_0
    SLICE_X48Y87         CARRY4 (Prop_carry4_CI_CO[1])
                                                      0.157    62.080 r  U_timer/timer_cnt_reg[31]_i_123/CO[1]
                         net (fo=37, routed)          0.957    63.037    U_timer/freq_div_reg[31]_40[0]
    SLICE_X47Y82         LUT2 (Prop_lut2_I1_O)        0.329    63.366 r  U_timer/timer_cnt[31]_i_1307/O
                         net (fo=1, routed)           0.000    63.366    U_timer/timer_cnt[31]_i_1307_n_0
    SLICE_X47Y82         CARRY4 (Prop_carry4_S[1]_CO[3])
                                                      0.550    63.916 r  U_timer/timer_cnt_reg[31]_i_1204/CO[3]
                         net (fo=1, routed)           0.000    63.916    U_timer/timer_cnt_reg[31]_i_1204_n_0
    SLICE_X47Y83         CARRY4 (Prop_carry4_CI_CO[3])
                                                      0.114    64.030 r  U_timer/timer_cnt_reg[31]_i_1061/CO[3]
                         net (fo=1, routed)           0.000    64.030    U_timer/timer_cnt_reg[31]_i_1061_n_0
    SLICE_X47Y84         CARRY4 (Prop_carry4_CI_CO[3])
                                                      0.114    64.144 r  U_timer/timer_cnt_reg[31]_i_907/CO[3]
                         net (fo=1, routed)           0.000    64.144    U_timer/timer_cnt_reg[31]_i_907_n_0
    SLICE_X47Y85         CARRY4 (Prop_carry4_CI_CO[3])
                                                      0.114    64.258 r  U_timer/timer_cnt_reg[31]_i_753/CO[3]
                         net (fo=1, routed)           0.000    64.258    U_timer/timer_cnt_reg[31]_i_753_n_0
    SLICE_X47Y86         CARRY4 (Prop_carry4_CI_CO[3])
                                                      0.114    64.372 r  U_timer/timer_cnt_reg[31]_i_599/CO[3]
                         net (fo=1, routed)           0.000    64.372    U_timer/timer_cnt_reg[31]_i_599_n_0
    SLICE_X47Y87         CARRY4 (Prop_carry4_CI_CO[3])
                                                      0.114    64.486 r  U_timer/timer_cnt_reg[31]_i_441/CO[3]
                         net (fo=1, routed)           0.000    64.486    U_timer/timer_cnt_reg[31]_i_441_n_0
    SLICE_X47Y88         CARRY4 (Prop_carry4_CI_CO[3])
                                                      0.114    64.600 r  U_timer/timer_cnt_reg[31]_i_270/CO[3]
                         net (fo=1, routed)           0.000    64.600    U_timer/timer_cnt_reg[31]_i_270_n_0
    SLICE_X47Y89         CARRY4 (Prop_carry4_CI_CO[3])
                                                      0.114    64.714 r  U_timer/timer_cnt_reg[31]_i_125/CO[3]
                         net (fo=1, routed)           0.000    64.714    U_timer/timer_cnt_reg[31]_i_125_n_0
    SLICE_X47Y90         CARRY4 (Prop_carry4_CI_CO[1])
                                                      0.157    64.871 r  U_timer/timer_cnt_reg[31]_i_122/CO[1]
                         net (fo=37, routed)          1.030    65.901    U_timer/freq_div_reg[31]_42[0]
    SLICE_X50Y83         LUT2 (Prop_lut2_I1_O)        0.329    66.230 r  U_timer/timer_cnt[31]_i_1303/O
                         net (fo=1, routed)           0.000    66.230    U_timer/timer_cnt[31]_i_1303_n_0
    SLICE_X50Y83         CARRY4 (Prop_carry4_S[1]_CO[3])
                                                      0.533    66.763 r  U_timer/timer_cnt_reg[31]_i_1203/CO[3]
                         net (fo=1, routed)           0.000    66.763    U_timer/timer_cnt_reg[31]_i_1203_n_0
    SLICE_X50Y84         CARRY4 (Prop_carry4_CI_CO[3])
                                                      0.117    66.880 r  U_timer/timer_cnt_reg[31]_i_1060/CO[3]
                         net (fo=1, routed)           0.000    66.880    U_timer/timer_cnt_reg[31]_i_1060_n_0
    SLICE_X50Y85         CARRY4 (Prop_carry4_CI_CO[3])
                                                      0.117    66.997 r  U_timer/timer_cnt_reg[31]_i_906/CO[3]
                         net (fo=1, routed)           0.000    66.997    U_timer/timer_cnt_reg[31]_i_906_n_0
    SLICE_X50Y86         CARRY4 (Prop_carry4_CI_CO[3])
                                                      0.117    67.114 r  U_timer/timer_cnt_reg[31]_i_752/CO[3]
                         net (fo=1, routed)           0.000    67.114    U_timer/timer_cnt_reg[31]_i_752_n_0
    SLICE_X50Y87         CARRY4 (Prop_carry4_CI_CO[3])
                                                      0.117    67.231 r  U_timer/timer_cnt_reg[31]_i_598/CO[3]
                         net (fo=1, routed)           0.000    67.231    U_timer/timer_cnt_reg[31]_i_598_n_0
    SLICE_X50Y88         CARRY4 (Prop_carry4_CI_CO[3])
                                                      0.117    67.348 r  U_timer/timer_cnt_reg[31]_i_440/CO[3]
                         net (fo=1, routed)           0.000    67.348    U_timer/timer_cnt_reg[31]_i_440_n_0
    SLICE_X50Y89         CARRY4 (Prop_carry4_CI_CO[3])
                                                      0.117    67.465 r  U_timer/timer_cnt_reg[31]_i_269/CO[3]
                         net (fo=1, routed)           0.000    67.465    U_timer/timer_cnt_reg[31]_i_269_n_0
    SLICE_X50Y90         CARRY4 (Prop_carry4_CI_CO[3])
                                                      0.117    67.582 r  U_timer/timer_cnt_reg[31]_i_124/CO[3]
                         net (fo=1, routed)           0.000    67.582    U_timer/timer_cnt_reg[31]_i_124_n_0
    SLICE_X50Y91         CARRY4 (Prop_carry4_CI_CO[1])
                                                      0.157    67.739 r  U_timer/timer_cnt_reg[31]_i_53/CO[1]
                         net (fo=37, routed)          0.905    68.644    U_timer/freq_div_reg[31]_44[0]
    SLICE_X49Y87         LUT2 (Prop_lut2_I1_O)        0.332    68.976 r  U_timer/timer_cnt[31]_i_1323/O
                         net (fo=1, routed)           0.000    68.976    U_timer/timer_cnt[31]_i_1323_n_0
    SLICE_X49Y87         CARRY4 (Prop_carry4_S[1]_CO[3])
                                                      0.550    69.526 r  U_timer/timer_cnt_reg[31]_i_1224/CO[3]
                         net (fo=1, routed)           0.000    69.526    U_timer/timer_cnt_reg[31]_i_1224_n_0
    SLICE_X49Y88         CARRY4 (Prop_carry4_CI_CO[3])
                                                      0.114    69.640 r  U_timer/timer_cnt_reg[31]_i_1081/CO[3]
                         net (fo=1, routed)           0.000    69.640    U_timer/timer_cnt_reg[31]_i_1081_n_0
    SLICE_X49Y89         CARRY4 (Prop_carry4_CI_CO[3])
                                                      0.114    69.754 r  U_timer/timer_cnt_reg[31]_i_927/CO[3]
                         net (fo=1, routed)           0.000    69.754    U_timer/timer_cnt_reg[31]_i_927_n_0
    SLICE_X49Y90         CARRY4 (Prop_carry4_CI_CO[3])
                                                      0.114    69.868 r  U_timer/timer_cnt_reg[31]_i_773/CO[3]
                         net (fo=1, routed)           0.000    69.868    U_timer/timer_cnt_reg[31]_i_773_n_0
    SLICE_X49Y91         CARRY4 (Prop_carry4_CI_CO[3])
                                                      0.114    69.982 r  U_timer/timer_cnt_reg[31]_i_619/CO[3]
                         net (fo=1, routed)           0.000    69.982    U_timer/timer_cnt_reg[31]_i_619_n_0
    SLICE_X49Y92         CARRY4 (Prop_carry4_CI_CO[3])
                                                      0.114    70.096 r  U_timer/timer_cnt_reg[31]_i_465/CO[3]
                         net (fo=1, routed)           0.000    70.096    U_timer/timer_cnt_reg[31]_i_465_n_0
    SLICE_X49Y93         CARRY4 (Prop_carry4_CI_CO[3])
                                                      0.114    70.210 r  U_timer/timer_cnt_reg[31]_i_291/CO[3]
                         net (fo=1, routed)           0.000    70.210    U_timer/timer_cnt_reg[31]_i_291_n_0
    SLICE_X49Y94         CARRY4 (Prop_carry4_CI_CO[3])
                                                      0.114    70.324 r  U_timer/timer_cnt_reg[31]_i_280/CO[3]
                         net (fo=1, routed)           0.000    70.324    U_timer/timer_cnt_reg[31]_i_280_n_0
    SLICE_X49Y95         CARRY4 (Prop_carry4_CI_CO[1])
                                                      0.157    70.481 r  U_timer/timer_cnt_reg[31]_i_129/CO[1]
                         net (fo=37, routed)          0.917    71.398    U_timer/freq_div_reg[31]_46[0]
    SLICE_X48Y88         LUT2 (Prop_lut2_I1_O)        0.329    71.727 r  U_timer/timer_cnt[31]_i_1319/O
                         net (fo=1, routed)           0.000    71.727    U_timer/timer_cnt[31]_i_1319_n_0
    SLICE_X48Y88         CARRY4 (Prop_carry4_S[1]_CO[3])
                                                      0.550    72.277 r  U_timer/timer_cnt_reg[31]_i_1219/CO[3]
                         net (fo=1, routed)           0.000    72.277    U_timer/timer_cnt_reg[31]_i_1219_n_0
    SLICE_X48Y89         CARRY4 (Prop_carry4_CI_CO[3])
                                                      0.114    72.391 r  U_timer/timer_cnt_reg[31]_i_1076/CO[3]
                         net (fo=1, routed)           0.000    72.391    U_timer/timer_cnt_reg[31]_i_1076_n_0
    SLICE_X48Y90         CARRY4 (Prop_carry4_CI_CO[3])
                                                      0.114    72.505 r  U_timer/timer_cnt_reg[31]_i_922/CO[3]
                         net (fo=1, routed)           0.000    72.505    U_timer/timer_cnt_reg[31]_i_922_n_0
    SLICE_X48Y91         CARRY4 (Prop_carry4_CI_CO[3])
                                                      0.114    72.619 r  U_timer/timer_cnt_reg[31]_i_768/CO[3]
                         net (fo=1, routed)           0.000    72.619    U_timer/timer_cnt_reg[31]_i_768_n_0
    SLICE_X48Y92         CARRY4 (Prop_carry4_CI_CO[3])
                                                      0.114    72.733 r  U_timer/timer_cnt_reg[31]_i_614/CO[3]
                         net (fo=1, routed)           0.000    72.733    U_timer/timer_cnt_reg[31]_i_614_n_0
    SLICE_X48Y93         CARRY4 (Prop_carry4_CI_CO[3])
                                                      0.114    72.847 r  U_timer/timer_cnt_reg[31]_i_460/CO[3]
                         net (fo=1, routed)           0.000    72.847    U_timer/timer_cnt_reg[31]_i_460_n_0
    SLICE_X48Y94         CARRY4 (Prop_carry4_CI_CO[3])
                                                      0.114    72.961 r  U_timer/timer_cnt_reg[31]_i_286/CO[3]
                         net (fo=1, routed)           0.000    72.961    U_timer/timer_cnt_reg[31]_i_286_n_0
    SLICE_X48Y95         CARRY4 (Prop_carry4_CI_CO[3])
                                                      0.114    73.075 r  U_timer/timer_cnt_reg[31]_i_131/CO[3]
                         net (fo=1, routed)           0.000    73.075    U_timer/timer_cnt_reg[31]_i_131_n_0
    SLICE_X48Y96         CARRY4 (Prop_carry4_CI_CO[1])
                                                      0.157    73.232 r  U_timer/timer_cnt_reg[31]_i_128/CO[1]
                         net (fo=37, routed)          1.103    74.336    U_timer/freq_div_reg[31]_48[0]
    SLICE_X46Y85         LUT2 (Prop_lut2_I1_O)        0.329    74.665 r  U_timer/timer_cnt[31]_i_1315/O
                         net (fo=1, routed)           0.000    74.665    U_timer/timer_cnt[31]_i_1315_n_0
    SLICE_X46Y85         CARRY4 (Prop_carry4_S[1]_CO[3])
                                                      0.533    75.198 r  U_timer/timer_cnt_reg[31]_i_1218/CO[3]
                         net (fo=1, routed)           0.000    75.198    U_timer/timer_cnt_reg[31]_i_1218_n_0
    SLICE_X46Y86         CARRY4 (Prop_carry4_CI_CO[3])
                                                      0.117    75.315 r  U_timer/timer_cnt_reg[31]_i_1075/CO[3]
                         net (fo=1, routed)           0.000    75.315    U_timer/timer_cnt_reg[31]_i_1075_n_0
    SLICE_X46Y87         CARRY4 (Prop_carry4_CI_CO[3])
                                                      0.117    75.432 r  U_timer/timer_cnt_reg[31]_i_921/CO[3]
                         net (fo=1, routed)           0.000    75.432    U_timer/timer_cnt_reg[31]_i_921_n_0
    SLICE_X46Y88         CARRY4 (Prop_carry4_CI_CO[3])
                                                      0.117    75.549 r  U_timer/timer_cnt_reg[31]_i_767/CO[3]
                         net (fo=1, routed)           0.000    75.549    U_timer/timer_cnt_reg[31]_i_767_n_0
    SLICE_X46Y89         CARRY4 (Prop_carry4_CI_CO[3])
                                                      0.117    75.666 r  U_timer/timer_cnt_reg[31]_i_613/CO[3]
                         net (fo=1, routed)           0.000    75.666    U_timer/timer_cnt_reg[31]_i_613_n_0
    SLICE_X46Y90         CARRY4 (Prop_carry4_CI_CO[3])
                                                      0.117    75.783 r  U_timer/timer_cnt_reg[31]_i_459/CO[3]
                         net (fo=1, routed)           0.000    75.783    U_timer/timer_cnt_reg[31]_i_459_n_0
    SLICE_X46Y91         CARRY4 (Prop_carry4_CI_CO[3])
                                                      0.117    75.900 r  U_timer/timer_cnt_reg[31]_i_285/CO[3]
                         net (fo=1, routed)           0.000    75.900    U_timer/timer_cnt_reg[31]_i_285_n_0
    SLICE_X46Y92         CARRY4 (Prop_carry4_CI_CO[3])
                                                      0.117    76.017 r  U_timer/timer_cnt_reg[31]_i_130/CO[3]
                         net (fo=1, routed)           0.000    76.017    U_timer/timer_cnt_reg[31]_i_130_n_0
    SLICE_X46Y93         CARRY4 (Prop_carry4_CI_CO[1])
                                                      0.157    76.174 r  U_timer/timer_cnt_reg[31]_i_55/CO[1]
                         net (fo=37, routed)          1.066    77.240    U_timer/freq_div_reg[31]_50[0]
    SLICE_X45Y85         LUT2 (Prop_lut2_I1_O)        0.332    77.572 r  U_timer/timer_cnt[31]_i_1346/O
                         net (fo=1, routed)           0.000    77.572    U_timer/timer_cnt[31]_i_1346_n_0
    SLICE_X45Y85         CARRY4 (Prop_carry4_S[1]_CO[3])
                                                      0.550    78.122 r  U_timer/timer_cnt_reg[31]_i_1325/CO[3]
                         net (fo=1, routed)           0.000    78.122    U_timer/timer_cnt_reg[31]_i_1325_n_0
    SLICE_X45Y86         CARRY4 (Prop_carry4_CI_CO[3])
                                                      0.114    78.236 r  U_timer/timer_cnt_reg[31]_i_1234/CO[3]
                         net (fo=1, routed)           0.000    78.236    U_timer/timer_cnt_reg[31]_i_1234_n_0
    SLICE_X45Y87         CARRY4 (Prop_carry4_CI_CO[3])
                                                      0.114    78.350 r  U_timer/timer_cnt_reg[31]_i_1091/CO[3]
                         net (fo=1, routed)           0.000    78.350    U_timer/timer_cnt_reg[31]_i_1091_n_0
    SLICE_X45Y88         CARRY4 (Prop_carry4_CI_CO[3])
                                                      0.114    78.464 r  U_timer/timer_cnt_reg[31]_i_937/CO[3]
                         net (fo=1, routed)           0.000    78.464    U_timer/timer_cnt_reg[31]_i_937_n_0
    SLICE_X45Y89         CARRY4 (Prop_carry4_CI_CO[3])
                                                      0.114    78.578 r  U_timer/timer_cnt_reg[31]_i_783/CO[3]
                         net (fo=1, routed)           0.000    78.578    U_timer/timer_cnt_reg[31]_i_783_n_0
    SLICE_X45Y90         CARRY4 (Prop_carry4_CI_CO[3])
                                                      0.114    78.692 r  U_timer/timer_cnt_reg[31]_i_629/CO[3]
                         net (fo=1, routed)           0.000    78.692    U_timer/timer_cnt_reg[31]_i_629_n_0
    SLICE_X45Y91         CARRY4 (Prop_carry4_CI_CO[3])
                                                      0.114    78.806 r  U_timer/timer_cnt_reg[31]_i_475/CO[3]
                         net (fo=1, routed)           0.000    78.806    U_timer/timer_cnt_reg[31]_i_475_n_0
    SLICE_X45Y92         CARRY4 (Prop_carry4_CI_CO[3])
                                                      0.114    78.920 r  U_timer/timer_cnt_reg[31]_i_297/CO[3]
                         net (fo=1, routed)           0.000    78.920    U_timer/timer_cnt_reg[31]_i_297_n_0
    SLICE_X45Y93         CARRY4 (Prop_carry4_CI_CO[1])
                                                      0.157    79.077 r  U_timer/timer_cnt_reg[31]_i_135/CO[1]
                         net (fo=37, routed)          0.917    79.994    U_timer/freq_div_reg[31]_52[0]
    SLICE_X44Y86         LUT2 (Prop_lut2_I1_O)        0.329    80.323 r  U_timer/timer_cnt[31]_i_1342/O
                         net (fo=1, routed)           0.000    80.323    U_timer/timer_cnt[31]_i_1342_n_0
    SLICE_X44Y86         CARRY4 (Prop_carry4_S[1]_CO[3])
                                                      0.550    80.873 r  U_timer/timer_cnt_reg[31]_i_1324/CO[3]
                         net (fo=1, routed)           0.000    80.873    U_timer/timer_cnt_reg[31]_i_1324_n_0
    SLICE_X44Y87         CARRY4 (Prop_carry4_CI_CO[3])
                                                      0.114    80.987 r  U_timer/timer_cnt_reg[31]_i_1233/CO[3]
                         net (fo=1, routed)           0.000    80.987    U_timer/timer_cnt_reg[31]_i_1233_n_0
    SLICE_X44Y88         CARRY4 (Prop_carry4_CI_CO[3])
                                                      0.114    81.101 r  U_timer/timer_cnt_reg[31]_i_1090/CO[3]
                         net (fo=1, routed)           0.000    81.101    U_timer/timer_cnt_reg[31]_i_1090_n_0
    SLICE_X44Y89         CARRY4 (Prop_carry4_CI_CO[3])
                                                      0.114    81.215 r  U_timer/timer_cnt_reg[31]_i_936/CO[3]
                         net (fo=1, routed)           0.000    81.215    U_timer/timer_cnt_reg[31]_i_936_n_0
    SLICE_X44Y90         CARRY4 (Prop_carry4_CI_CO[3])
                                                      0.114    81.329 r  U_timer/timer_cnt_reg[31]_i_782/CO[3]
                         net (fo=1, routed)           0.000    81.329    U_timer/timer_cnt_reg[31]_i_782_n_0
    SLICE_X44Y91         CARRY4 (Prop_carry4_CI_CO[3])
                                                      0.114    81.443 r  U_timer/timer_cnt_reg[31]_i_628/CO[3]
                         net (fo=1, routed)           0.000    81.443    U_timer/timer_cnt_reg[31]_i_628_n_0
    SLICE_X44Y92         CARRY4 (Prop_carry4_CI_CO[3])
                                                      0.114    81.557 r  U_timer/timer_cnt_reg[31]_i_474/CO[3]
                         net (fo=1, routed)           0.000    81.557    U_timer/timer_cnt_reg[31]_i_474_n_0
    SLICE_X44Y93         CARRY4 (Prop_carry4_CI_CO[3])
                                                      0.114    81.671 r  U_timer/timer_cnt_reg[31]_i_296/CO[3]
                         net (fo=1, routed)           0.000    81.671    U_timer/timer_cnt_reg[31]_i_296_n_0
    SLICE_X44Y94         CARRY4 (Prop_carry4_CI_CO[1])
                                                      0.157    81.828 r  U_timer/timer_cnt_reg[31]_i_134/CO[1]
                         net (fo=37, routed)          1.042    82.869    U_timer/freq_div_reg[31]_54[0]
    SLICE_X43Y86         LUT2 (Prop_lut2_I1_O)        0.329    83.198 r  U_timer/timer_cnt[31]_i_1338/O
                         net (fo=1, routed)           0.000    83.198    U_timer/timer_cnt[31]_i_1338_n_0
    SLICE_X43Y86         CARRY4 (Prop_carry4_S[0]_CO[3])
                                                      0.532    83.730 r  U_timer/timer_cnt_reg[31]_i_1243/CO[3]
                         net (fo=1, routed)           0.000    83.730    U_timer/timer_cnt_reg[31]_i_1243_n_0
    SLICE_X43Y87         CARRY4 (Prop_carry4_CI_CO[3])
                                                      0.114    83.844 r  U_timer/timer_cnt_reg[31]_i_1100/CO[3]
                         net (fo=1, routed)           0.000    83.844    U_timer/timer_cnt_reg[31]_i_1100_n_0
    SLICE_X43Y88         CARRY4 (Prop_carry4_CI_CO[3])
                                                      0.114    83.958 r  U_timer/timer_cnt_reg[31]_i_946/CO[3]
                         net (fo=1, routed)           0.000    83.958    U_timer/timer_cnt_reg[31]_i_946_n_0
    SLICE_X43Y89         CARRY4 (Prop_carry4_CI_CO[3])
                                                      0.114    84.072 r  U_timer/timer_cnt_reg[31]_i_792/CO[3]
                         net (fo=1, routed)           0.000    84.072    U_timer/timer_cnt_reg[31]_i_792_n_0
    SLICE_X43Y90         CARRY4 (Prop_carry4_CI_CO[3])
                                                      0.114    84.186 r  U_timer/timer_cnt_reg[31]_i_638/CO[3]
                         net (fo=1, routed)           0.000    84.186    U_timer/timer_cnt_reg[31]_i_638_n_0
    SLICE_X43Y91         CARRY4 (Prop_carry4_CI_CO[3])
                                                      0.114    84.300 r  U_timer/timer_cnt_reg[31]_i_484/CO[3]
                         net (fo=1, routed)           0.000    84.300    U_timer/timer_cnt_reg[31]_i_484_n_0
    SLICE_X43Y92         CARRY4 (Prop_carry4_CI_CO[3])
                                                      0.114    84.414 r  U_timer/timer_cnt_reg[31]_i_302/CO[3]
                         net (fo=1, routed)           0.000    84.414    U_timer/timer_cnt_reg[31]_i_302_n_0
    SLICE_X43Y93         CARRY4 (Prop_carry4_CI_CO[3])
                                                      0.114    84.528 r  U_timer/timer_cnt_reg[31]_i_136/CO[3]
                         net (fo=1, routed)           0.000    84.528    U_timer/timer_cnt_reg[31]_i_136_n_0
    SLICE_X43Y94         CARRY4 (Prop_carry4_CI_CO[0])
                                                      0.271    84.799 r  U_timer/timer_cnt_reg[31]_i_57/CO[0]
                         net (fo=1, routed)           0.307    85.106    U_timer/timer_cnt_reg[31]_i_57_n_3
    SLICE_X45Y95         LUT4 (Prop_lut4_I3_O)        0.373    85.479 r  U_timer/timer_cnt[31]_i_25/O
                         net (fo=1, routed)           0.000    85.479    U_timer/timer_cnt[31]_i_25_n_0
    SLICE_X45Y95         CARRY4 (Prop_carry4_S[0]_CO[3])
                                                      0.532    86.011 r  U_timer/timer_cnt_reg[31]_i_12/CO[3]
                         net (fo=1, routed)           0.000    86.011    U_timer/timer_cnt_reg[31]_i_12_n_0
    SLICE_X45Y96         CARRY4 (Prop_carry4_CI_CO[3])
                                                      0.114    86.125 r  U_timer/timer_cnt_reg[31]_i_8/CO[3]
                         net (fo=1, routed)           0.000    86.125    U_timer/timer_cnt_reg[31]_i_8_n_0
    SLICE_X45Y97         CARRY4 (Prop_carry4_CI_CO[2])
                                                      0.228    86.353 f  U_timer/timer_cnt_reg[31]_i_3/CO[2]
                         net (fo=34, routed)          0.859    87.213    U_timer/cnt_reg[31]_0[0]
    SLICE_X47Y92         LUT2 (Prop_lut2_I1_O)        0.313    87.526 r  U_timer/cnt[0]_i_6/O
                         net (fo=1, routed)           0.000    87.526    U_timer/cnt[0]_i_6_n_0
    SLICE_X47Y92         CARRY4 (Prop_carry4_S[1]_CO[3])
                                                      0.550    88.076 r  U_timer/cnt_reg[0]_i_2/CO[3]
                         net (fo=1, routed)           0.000    88.076    U_timer/cnt_reg[0]_i_2_n_0
    SLICE_X47Y93         CARRY4 (Prop_carry4_CI_CO[3])
                                                      0.114    88.190 r  U_timer/cnt_reg[4]_i_1/CO[3]
                         net (fo=1, routed)           0.000    88.190    U_timer/cnt_reg[4]_i_1_n_0
    SLICE_X47Y94         CARRY4 (Prop_carry4_CI_CO[3])
                                                      0.114    88.304 r  U_timer/cnt_reg[8]_i_1/CO[3]
                         net (fo=1, routed)           0.000    88.304    U_timer/cnt_reg[8]_i_1_n_0
    SLICE_X47Y95         CARRY4 (Prop_carry4_CI_CO[3])
                                                      0.114    88.418 r  U_timer/cnt_reg[12]_i_1/CO[3]
                         net (fo=1, routed)           0.000    88.418    U_timer/cnt_reg[12]_i_1_n_0
    SLICE_X47Y96         CARRY4 (Prop_carry4_CI_CO[3])
                                                      0.114    88.532 r  U_timer/cnt_reg[16]_i_1/CO[3]
                         net (fo=1, routed)           0.000    88.532    U_timer/cnt_reg[16]_i_1_n_0
    SLICE_X47Y97         CARRY4 (Prop_carry4_CI_CO[3])
                                                      0.114    88.646 r  U_timer/cnt_reg[20]_i_1/CO[3]
                         net (fo=1, routed)           0.000    88.646    U_timer/cnt_reg[20]_i_1_n_0
    SLICE_X47Y98         CARRY4 (Prop_carry4_CI_CO[3])
                                                      0.114    88.760 r  U_timer/cnt_reg[24]_i_1/CO[3]
                         net (fo=1, routed)           0.000    88.760    U_timer/cnt_reg[24]_i_1_n_0
    SLICE_X47Y99         CARRY4 (Prop_carry4_CI_O[1])
                                                      0.334    89.094 r  U_timer/cnt_reg[28]_i_1/O[1]
                         net (fo=1, routed)           0.000    89.094    U_timer/cnt_reg[28]_i_1_n_6
    SLICE_X47Y99         FDCE                                         r  U_timer/cnt_reg[29]/D
  -------------------------------------------------------------------    -------------------

                         (clock clk_out1_cpuclk rise edge)
                                                     40.000    40.000 r  
    Y18                                               0.000    40.000 r  fpga_clk (IN)
                         net (fo=0)                   0.000    40.000    Clkgen/inst/clk_in1
    Y18                  IBUF (Prop_ibuf_I_O)         1.474    41.474 r  Clkgen/inst/clkin1_ibufg/O
                         net (fo=1, routed)           1.181    42.655    Clkgen/inst/clk_in1_cpuclk
    PLLE2_ADV_X0Y1       PLLE2_ADV (Prop_plle2_adv_CLKIN1_CLKOUT0)
                                                     -7.855    34.800 r  Clkgen/inst/plle2_adv_inst/CLKOUT0
                         net (fo=1, routed)           1.625    36.425    Clkgen/inst/clk_out1_cpuclk
    BUFGCTRL_X0Y2        BUFG (Prop_bufg_I_O)         0.091    36.516 r  Clkgen/inst/clkout1_buf/O
                         net (fo=1, routed)           1.895    38.411    pll_clk
    SLICE_X52Y96         LUT2 (Prop_lut2_I0_O)        0.100    38.511 r  cpu_clk_BUFG_inst_i_1/O
                         net (fo=1, routed)           0.511    39.023    cpu_clk
    BUFGCTRL_X0Y0        BUFG (Prop_bufg_I_O)         0.091    39.114 r  cpu_clk_BUFG_inst/O
                         net (fo=8506, routed)        1.511    40.625    U_timer/cpu_clk_BUFG
    SLICE_X47Y99         FDCE                                         r  U_timer/cnt_reg[29]/C
                         clock pessimism             -0.195    40.431    
                         clock uncertainty           -0.180    40.251    
    SLICE_X47Y99         FDCE (Setup_fdce_C_D)        0.062    40.313    U_timer/cnt_reg[29]
  -------------------------------------------------------------------
                         required time                         40.313    
                         arrival time                         -89.094    
  -------------------------------------------------------------------
                         slack                                -48.781    

Slack (VIOLATED) :        -48.760ns  (required time - arrival time)
  Source:                 U_timer/freq_div_reg[1]/C
                            (rising edge-triggered cell FDCE clocked by clk_out1_cpuclk  {rise@0.000ns fall@20.000ns period=40.000ns})
  Destination:            U_timer/cnt_reg[31]/D
                            (rising edge-triggered cell FDCE clocked by clk_out1_cpuclk  {rise@0.000ns fall@20.000ns period=40.000ns})
  Path Group:             clk_out1_cpuclk
  Path Type:              Setup (Max at Slow Process Corner)
  Requirement:            40.000ns  (clk_out1_cpuclk rise@40.000ns - clk_out1_cpuclk rise@0.000ns)
  Data Path Delay:        88.543ns  (logic 58.404ns (65.961%)  route 30.139ns (34.039%))
  Logic Levels:           310  (CARRY4=280 LUT1=1 LUT2=27 LUT3=1 LUT4=1)
  Clock Path Skew:        -0.099ns (DCD - SCD + CPR)
    Destination Clock Delay (DCD):    0.625ns = ( 40.625 - 40.000 ) 
    Source Clock Delay      (SCD):    0.530ns
    Clock Pessimism Removal (CPR):    -0.195ns
  Clock Uncertainty:      0.180ns  ((TSJ^2 + DJ^2)^1/2) / 2 + PE
    Total System Jitter     (TSJ):    0.071ns
    Discrete Jitter          (DJ):    0.352ns
    Phase Error              (PE):    0.000ns

    Location             Delay type                Incr(ns)  Path(ns)    Netlist Resource(s)
  -------------------------------------------------------------------    -------------------
                         (clock clk_out1_cpuclk rise edge)
                                                      0.000     0.000 r  
    Y18                                               0.000     0.000 r  fpga_clk (IN)
                         net (fo=0)                   0.000     0.000    Clkgen/inst/clk_in1
    Y18                  IBUF (Prop_ibuf_I_O)         1.545     1.545 r  Clkgen/inst/clkin1_ibufg/O
                         net (fo=1, routed)           1.253     2.798    Clkgen/inst/clk_in1_cpuclk
    PLLE2_ADV_X0Y1       PLLE2_ADV (Prop_plle2_adv_CLKIN1_CLKOUT0)
                                                     -8.590    -5.792 r  Clkgen/inst/plle2_adv_inst/CLKOUT0
                         net (fo=1, routed)           1.704    -4.087    Clkgen/inst/clk_out1_cpuclk
    BUFGCTRL_X0Y2        BUFG (Prop_bufg_I_O)         0.096    -3.991 r  Clkgen/inst/clkout1_buf/O
                         net (fo=1, routed)           2.115    -1.876    pll_clk
    SLICE_X52Y96         LUT2 (Prop_lut2_I0_O)        0.124    -1.752 r  cpu_clk_BUFG_inst_i_1/O
                         net (fo=1, routed)           0.567    -1.185    cpu_clk
    BUFGCTRL_X0Y0        BUFG (Prop_bufg_I_O)         0.096    -1.089 r  cpu_clk_BUFG_inst/O
                         net (fo=8506, routed)        1.618     0.530    U_timer/cpu_clk_BUFG
    SLICE_X55Y63         FDCE                                         r  U_timer/freq_div_reg[1]/C
  -------------------------------------------------------------------    -------------------
    SLICE_X55Y63         FDCE (Prop_fdce_C_Q)         0.456     0.986 f  U_timer/freq_div_reg[1]/Q
                         net (fo=32, routed)          0.449     1.435    U_timer/freq_div_reg_n_0_[1]
    SLICE_X53Y63         LUT1 (Prop_lut1_I0_O)        0.124     1.559 r  U_timer/timer_cnt[31]_i_1177/O
                         net (fo=1, routed)           0.000     1.559    U_timer/timer_cnt[31]_i_1177_n_0
    SLICE_X53Y63         CARRY4 (Prop_carry4_S[1]_CO[3])
                                                      0.550     2.109 r  U_timer/timer_cnt_reg[31]_i_1017/CO[3]
                         net (fo=1, routed)           0.000     2.109    U_timer/timer_cnt_reg[31]_i_1017_n_0
    SLICE_X53Y64         CARRY4 (Prop_carry4_CI_CO[3])
                                                      0.114     2.223 r  U_timer/timer_cnt_reg[31]_i_863/CO[3]
                         net (fo=1, routed)           0.000     2.223    U_timer/timer_cnt_reg[31]_i_863_n_0
    SLICE_X53Y65         CARRY4 (Prop_carry4_CI_CO[3])
                                                      0.114     2.337 r  U_timer/timer_cnt_reg[31]_i_709/CO[3]
                         net (fo=1, routed)           0.000     2.337    U_timer/timer_cnt_reg[31]_i_709_n_0
    SLICE_X53Y66         CARRY4 (Prop_carry4_CI_CO[3])
                                                      0.114     2.451 r  U_timer/timer_cnt_reg[31]_i_555/CO[3]
                         net (fo=1, routed)           0.000     2.451    U_timer/timer_cnt_reg[31]_i_555_n_0
    SLICE_X53Y67         CARRY4 (Prop_carry4_CI_CO[3])
                                                      0.114     2.565 r  U_timer/timer_cnt_reg[31]_i_389/CO[3]
                         net (fo=1, routed)           0.000     2.565    U_timer/timer_cnt_reg[31]_i_389_n_0
    SLICE_X53Y68         CARRY4 (Prop_carry4_CI_CO[3])
                                                      0.114     2.679 r  U_timer/timer_cnt_reg[31]_i_216/CO[3]
                         net (fo=1, routed)           0.000     2.679    U_timer/timer_cnt_reg[31]_i_216_n_0
    SLICE_X53Y69         CARRY4 (Prop_carry4_CI_CO[3])
                                                      0.114     2.793 r  U_timer/timer_cnt_reg[31]_i_95/CO[3]
                         net (fo=1, routed)           0.000     2.793    U_timer/timer_cnt_reg[31]_i_95_n_0
    SLICE_X53Y70         CARRY4 (Prop_carry4_CI_CO[3])
                                                      0.114     2.907 r  U_timer/timer_cnt_reg[31]_i_82/CO[3]
                         net (fo=1, routed)           0.000     2.907    U_timer/timer_cnt_reg[31]_i_82_n_0
    SLICE_X53Y71         CARRY4 (Prop_carry4_CI_CO[0])
                                                      0.271     3.178 r  U_timer/timer_cnt_reg[31]_i_35/CO[0]
                         net (fo=36, routed)          0.951     4.129    U_timer/CO[0]
    SLICE_X54Y67         CARRY4 (Prop_carry4_CYINIT_CO[3])
                                                      0.844     4.973 r  U_timer/timer_cnt_reg[31]_i_1012/CO[3]
                         net (fo=1, routed)           0.000     4.973    U_timer/timer_cnt_reg[31]_i_1012_n_0
    SLICE_X54Y68         CARRY4 (Prop_carry4_CI_CO[3])
                                                      0.117     5.090 r  U_timer/timer_cnt_reg[31]_i_858/CO[3]
                         net (fo=1, routed)           0.000     5.090    U_timer/timer_cnt_reg[31]_i_858_n_0
    SLICE_X54Y69         CARRY4 (Prop_carry4_CI_CO[3])
                                                      0.117     5.207 r  U_timer/timer_cnt_reg[31]_i_704/CO[3]
                         net (fo=1, routed)           0.000     5.207    U_timer/timer_cnt_reg[31]_i_704_n_0
    SLICE_X54Y70         CARRY4 (Prop_carry4_CI_CO[3])
                                                      0.117     5.324 r  U_timer/timer_cnt_reg[31]_i_550/CO[3]
                         net (fo=1, routed)           0.000     5.324    U_timer/timer_cnt_reg[31]_i_550_n_0
    SLICE_X54Y71         CARRY4 (Prop_carry4_CI_CO[3])
                                                      0.117     5.441 r  U_timer/timer_cnt_reg[31]_i_384/CO[3]
                         net (fo=1, routed)           0.000     5.441    U_timer/timer_cnt_reg[31]_i_384_n_0
    SLICE_X54Y72         CARRY4 (Prop_carry4_CI_CO[3])
                                                      0.117     5.558 r  U_timer/timer_cnt_reg[31]_i_211/CO[3]
                         net (fo=1, routed)           0.000     5.558    U_timer/timer_cnt_reg[31]_i_211_n_0
    SLICE_X54Y73         CARRY4 (Prop_carry4_CI_CO[3])
                                                      0.117     5.675 r  U_timer/timer_cnt_reg[31]_i_90/CO[3]
                         net (fo=1, routed)           0.000     5.675    U_timer/timer_cnt_reg[31]_i_90_n_0
    SLICE_X54Y74         CARRY4 (Prop_carry4_CI_CO[3])
                                                      0.117     5.792 r  U_timer/timer_cnt_reg[31]_i_41/CO[3]
                         net (fo=1, routed)           0.009     5.801    U_timer/timer_cnt_reg[31]_i_41_n_0
    SLICE_X54Y75         CARRY4 (Prop_carry4_CI_CO[1])
                                                      0.157     5.958 r  U_timer/timer_cnt_reg[31]_i_34/CO[1]
                         net (fo=36, routed)          1.178     7.136    U_timer/freq_div_reg[31]_0[0]
    SLICE_X55Y68         LUT3 (Prop_lut3_I0_O)        0.332     7.468 r  U_timer/timer_cnt[31]_i_1015/O
                         net (fo=1, routed)           0.000     7.468    U_timer/timer_cnt[31]_i_1015_n_0
    SLICE_X55Y68         CARRY4 (Prop_carry4_S[1]_CO[3])
                                                      0.550     8.018 r  U_timer/timer_cnt_reg[31]_i_857/CO[3]
                         net (fo=1, routed)           0.000     8.018    U_timer/timer_cnt_reg[31]_i_857_n_0
    SLICE_X55Y69         CARRY4 (Prop_carry4_CI_CO[3])
                                                      0.114     8.132 r  U_timer/timer_cnt_reg[31]_i_703/CO[3]
                         net (fo=1, routed)           0.000     8.132    U_timer/timer_cnt_reg[31]_i_703_n_0
    SLICE_X55Y70         CARRY4 (Prop_carry4_CI_CO[3])
                                                      0.114     8.246 r  U_timer/timer_cnt_reg[31]_i_549/CO[3]
                         net (fo=1, routed)           0.000     8.246    U_timer/timer_cnt_reg[31]_i_549_n_0
    SLICE_X55Y71         CARRY4 (Prop_carry4_CI_CO[3])
                                                      0.114     8.360 r  U_timer/timer_cnt_reg[31]_i_383/CO[3]
                         net (fo=1, routed)           0.000     8.360    U_timer/timer_cnt_reg[31]_i_383_n_0
    SLICE_X55Y72         CARRY4 (Prop_carry4_CI_CO[3])
                                                      0.114     8.474 r  U_timer/timer_cnt_reg[31]_i_210/CO[3]
                         net (fo=1, routed)           0.000     8.474    U_timer/timer_cnt_reg[31]_i_210_n_0
    SLICE_X55Y73         CARRY4 (Prop_carry4_CI_CO[3])
                                                      0.114     8.588 r  U_timer/timer_cnt_reg[31]_i_89/CO[3]
                         net (fo=1, routed)           0.000     8.588    U_timer/timer_cnt_reg[31]_i_89_n_0
    SLICE_X55Y74         CARRY4 (Prop_carry4_CI_CO[3])
                                                      0.114     8.702 r  U_timer/timer_cnt_reg[31]_i_40/CO[3]
                         net (fo=1, routed)           0.009     8.711    U_timer/timer_cnt_reg[31]_i_40_n_0
    SLICE_X55Y75         CARRY4 (Prop_carry4_CI_CO[1])
                                                      0.157     8.868 r  U_timer/timer_cnt_reg[31]_i_19/CO[1]
                         net (fo=37, routed)          0.953     9.821    U_timer/freq_div_reg[31]_2[0]
    SLICE_X52Y66         LUT2 (Prop_lut2_I1_O)        0.329    10.150 r  U_timer/timer_cnt[31]_i_1187/O
                         net (fo=1, routed)           0.000    10.150    U_timer/timer_cnt[31]_i_1187_n_0
    SLICE_X52Y66         CARRY4 (Prop_carry4_S[1]_CO[3])
                                                      0.550    10.700 r  U_timer/timer_cnt_reg[31]_i_1036/CO[3]
                         net (fo=1, routed)           0.000    10.700    U_timer/timer_cnt_reg[31]_i_1036_n_0
    SLICE_X52Y67         CARRY4 (Prop_carry4_CI_CO[3])
                                                      0.114    10.814 r  U_timer/timer_cnt_reg[31]_i_882/CO[3]
                         net (fo=1, routed)           0.000    10.814    U_timer/timer_cnt_reg[31]_i_882_n_0
    SLICE_X52Y68         CARRY4 (Prop_carry4_CI_CO[3])
                                                      0.114    10.928 r  U_timer/timer_cnt_reg[31]_i_728/CO[3]
                         net (fo=1, routed)           0.000    10.928    U_timer/timer_cnt_reg[31]_i_728_n_0
    SLICE_X52Y69         CARRY4 (Prop_carry4_CI_CO[3])
                                                      0.114    11.042 r  U_timer/timer_cnt_reg[31]_i_574/CO[3]
                         net (fo=1, routed)           0.000    11.042    U_timer/timer_cnt_reg[31]_i_574_n_0
    SLICE_X52Y70         CARRY4 (Prop_carry4_CI_CO[3])
                                                      0.114    11.156 r  U_timer/timer_cnt_reg[31]_i_408/CO[3]
                         net (fo=1, routed)           0.000    11.156    U_timer/timer_cnt_reg[31]_i_408_n_0
    SLICE_X52Y71         CARRY4 (Prop_carry4_CI_CO[3])
                                                      0.114    11.270 r  U_timer/timer_cnt_reg[31]_i_239/CO[3]
                         net (fo=1, routed)           0.000    11.270    U_timer/timer_cnt_reg[31]_i_239_n_0
    SLICE_X52Y72         CARRY4 (Prop_carry4_CI_CO[3])
                                                      0.114    11.384 r  U_timer/timer_cnt_reg[31]_i_111/CO[3]
                         net (fo=1, routed)           0.000    11.384    U_timer/timer_cnt_reg[31]_i_111_n_0
    SLICE_X52Y73         CARRY4 (Prop_carry4_CI_CO[3])
                                                      0.114    11.498 r  U_timer/timer_cnt_reg[31]_i_100/CO[3]
                         net (fo=1, routed)           0.000    11.498    U_timer/timer_cnt_reg[31]_i_100_n_0
    SLICE_X52Y74         CARRY4 (Prop_carry4_CI_CO[1])
                                                      0.157    11.655 r  U_timer/timer_cnt_reg[31]_i_45/CO[1]
                         net (fo=36, routed)          1.050    12.705    U_timer/freq_div_reg[31]_4[0]
    SLICE_X48Y65         LUT2 (Prop_lut2_I1_O)        0.329    13.034 r  U_timer/timer_cnt[31]_i_1183/O
                         net (fo=1, routed)           0.000    13.034    U_timer/timer_cnt[31]_i_1183_n_0
    SLICE_X48Y65         CARRY4 (Prop_carry4_S[1]_CO[3])
                                                      0.550    13.584 r  U_timer/timer_cnt_reg[31]_i_1031/CO[3]
                         net (fo=1, routed)           0.000    13.584    U_timer/timer_cnt_reg[31]_i_1031_n_0
    SLICE_X48Y66         CARRY4 (Prop_carry4_CI_CO[3])
                                                      0.114    13.698 r  U_timer/timer_cnt_reg[31]_i_877/CO[3]
                         net (fo=1, routed)           0.000    13.698    U_timer/timer_cnt_reg[31]_i_877_n_0
    SLICE_X48Y67         CARRY4 (Prop_carry4_CI_CO[3])
                                                      0.114    13.812 r  U_timer/timer_cnt_reg[31]_i_723/CO[3]
                         net (fo=1, routed)           0.000    13.812    U_timer/timer_cnt_reg[31]_i_723_n_0
    SLICE_X48Y68         CARRY4 (Prop_carry4_CI_CO[3])
                                                      0.114    13.926 r  U_timer/timer_cnt_reg[31]_i_569/CO[3]
                         net (fo=1, routed)           0.000    13.926    U_timer/timer_cnt_reg[31]_i_569_n_0
    SLICE_X48Y69         CARRY4 (Prop_carry4_CI_CO[3])
                                                      0.114    14.040 r  U_timer/timer_cnt_reg[31]_i_403/CO[3]
                         net (fo=1, routed)           0.000    14.040    U_timer/timer_cnt_reg[31]_i_403_n_0
    SLICE_X48Y70         CARRY4 (Prop_carry4_CI_CO[3])
                                                      0.114    14.154 r  U_timer/timer_cnt_reg[31]_i_234/CO[3]
                         net (fo=1, routed)           0.000    14.154    U_timer/timer_cnt_reg[31]_i_234_n_0
    SLICE_X48Y71         CARRY4 (Prop_carry4_CI_CO[3])
                                                      0.114    14.268 r  U_timer/timer_cnt_reg[31]_i_106/CO[3]
                         net (fo=1, routed)           0.000    14.268    U_timer/timer_cnt_reg[31]_i_106_n_0
    SLICE_X48Y72         CARRY4 (Prop_carry4_CI_CO[3])
                                                      0.114    14.382 r  U_timer/timer_cnt_reg[31]_i_47/CO[3]
                         net (fo=1, routed)           0.000    14.382    U_timer/timer_cnt_reg[31]_i_47_n_0
    SLICE_X48Y73         CARRY4 (Prop_carry4_CI_CO[1])
                                                      0.157    14.539 r  U_timer/timer_cnt_reg[31]_i_44/CO[1]
                         net (fo=36, routed)          0.901    15.440    U_timer/freq_div_reg[31]_6[0]
    SLICE_X49Y64         LUT2 (Prop_lut2_I1_O)        0.329    15.769 r  U_timer/timer_cnt[31]_i_1180/O
                         net (fo=1, routed)           0.000    15.769    U_timer/timer_cnt[31]_i_1180_n_0
    SLICE_X49Y64         CARRY4 (Prop_carry4_S[1]_CO[3])
                                                      0.550    16.319 r  U_timer/timer_cnt_reg[31]_i_1030/CO[3]
                         net (fo=1, routed)           0.000    16.319    U_timer/timer_cnt_reg[31]_i_1030_n_0
    SLICE_X49Y65         CARRY4 (Prop_carry4_CI_CO[3])
                                                      0.114    16.433 r  U_timer/timer_cnt_reg[31]_i_876/CO[3]
                         net (fo=1, routed)           0.000    16.433    U_timer/timer_cnt_reg[31]_i_876_n_0
    SLICE_X49Y66         CARRY4 (Prop_carry4_CI_CO[3])
                                                      0.114    16.547 r  U_timer/timer_cnt_reg[31]_i_722/CO[3]
                         net (fo=1, routed)           0.000    16.547    U_timer/timer_cnt_reg[31]_i_722_n_0
    SLICE_X49Y67         CARRY4 (Prop_carry4_CI_CO[3])
                                                      0.114    16.661 r  U_timer/timer_cnt_reg[31]_i_568/CO[3]
                         net (fo=1, routed)           0.000    16.661    U_timer/timer_cnt_reg[31]_i_568_n_0
    SLICE_X49Y68         CARRY4 (Prop_carry4_CI_CO[3])
                                                      0.114    16.775 r  U_timer/timer_cnt_reg[31]_i_402/CO[3]
                         net (fo=1, routed)           0.000    16.775    U_timer/timer_cnt_reg[31]_i_402_n_0
    SLICE_X49Y69         CARRY4 (Prop_carry4_CI_CO[3])
                                                      0.114    16.889 r  U_timer/timer_cnt_reg[31]_i_233/CO[3]
                         net (fo=1, routed)           0.000    16.889    U_timer/timer_cnt_reg[31]_i_233_n_0
    SLICE_X49Y70         CARRY4 (Prop_carry4_CI_CO[3])
                                                      0.114    17.003 r  U_timer/timer_cnt_reg[31]_i_105/CO[3]
                         net (fo=1, routed)           0.000    17.003    U_timer/timer_cnt_reg[31]_i_105_n_0
    SLICE_X49Y71         CARRY4 (Prop_carry4_CI_CO[3])
                                                      0.114    17.117 r  U_timer/timer_cnt_reg[31]_i_46/CO[3]
                         net (fo=1, routed)           0.000    17.117    U_timer/timer_cnt_reg[31]_i_46_n_0
    SLICE_X49Y72         CARRY4 (Prop_carry4_CI_CO[1])
                                                      0.157    17.274 r  U_timer/timer_cnt_reg[31]_i_21/CO[1]
                         net (fo=36, routed)          0.887    18.161    U_timer/freq_div_reg[31]_8[0]
    SLICE_X47Y64         LUT2 (Prop_lut2_I1_O)        0.329    18.490 r  U_timer/timer_cnt[31]_i_1258/O
                         net (fo=1, routed)           0.000    18.490    U_timer/timer_cnt[31]_i_1258_n_0
    SLICE_X47Y64         CARRY4 (Prop_carry4_S[1]_CO[3])
                                                      0.550    19.040 r  U_timer/timer_cnt_reg[31]_i_1111/CO[3]
                         net (fo=1, routed)           0.000    19.040    U_timer/timer_cnt_reg[31]_i_1111_n_0
    SLICE_X47Y65         CARRY4 (Prop_carry4_CI_CO[3])
                                                      0.114    19.154 r  U_timer/timer_cnt_reg[31]_i_957/CO[3]
                         net (fo=1, routed)           0.000    19.154    U_timer/timer_cnt_reg[31]_i_957_n_0
    SLICE_X47Y66         CARRY4 (Prop_carry4_CI_CO[3])
                                                      0.114    19.268 r  U_timer/timer_cnt_reg[31]_i_803/CO[3]
                         net (fo=1, routed)           0.000    19.268    U_timer/timer_cnt_reg[31]_i_803_n_0
    SLICE_X47Y67         CARRY4 (Prop_carry4_CI_CO[3])
                                                      0.114    19.382 r  U_timer/timer_cnt_reg[31]_i_649/CO[3]
                         net (fo=1, routed)           0.000    19.382    U_timer/timer_cnt_reg[31]_i_649_n_0
    SLICE_X47Y68         CARRY4 (Prop_carry4_CI_CO[3])
                                                      0.114    19.496 r  U_timer/timer_cnt_reg[31]_i_495/CO[3]
                         net (fo=1, routed)           0.000    19.496    U_timer/timer_cnt_reg[31]_i_495_n_0
    SLICE_X47Y69         CARRY4 (Prop_carry4_CI_CO[3])
                                                      0.114    19.610 r  U_timer/timer_cnt_reg[31]_i_317/CO[3]
                         net (fo=1, routed)           0.000    19.610    U_timer/timer_cnt_reg[31]_i_317_n_0
    SLICE_X47Y70         CARRY4 (Prop_carry4_CI_CO[3])
                                                      0.114    19.724 r  U_timer/timer_cnt_reg[31]_i_149/CO[3]
                         net (fo=1, routed)           0.000    19.724    U_timer/timer_cnt_reg[31]_i_149_n_0
    SLICE_X47Y71         CARRY4 (Prop_carry4_CI_CO[3])
                                                      0.114    19.838 r  U_timer/timer_cnt_reg[31]_i_138/CO[3]
                         net (fo=1, routed)           0.000    19.838    U_timer/timer_cnt_reg[31]_i_138_n_0
    SLICE_X47Y72         CARRY4 (Prop_carry4_CI_CO[1])
                                                      0.157    19.995 r  U_timer/timer_cnt_reg[31]_i_59/CO[1]
                         net (fo=37, routed)          1.015    21.011    U_timer/freq_div_reg[31]_10[0]
    SLICE_X46Y67         LUT2 (Prop_lut2_I1_O)        0.329    21.340 r  U_timer/timer_cnt[31]_i_1255/O
                         net (fo=1, routed)           0.000    21.340    U_timer/timer_cnt[31]_i_1255_n_0
    SLICE_X46Y67         CARRY4 (Prop_carry4_S[1]_CO[3])
                                                      0.533    21.873 r  U_timer/timer_cnt_reg[31]_i_1106/CO[3]
                         net (fo=1, routed)           0.000    21.873    U_timer/timer_cnt_reg[31]_i_1106_n_0
    SLICE_X46Y68         CARRY4 (Prop_carry4_CI_CO[3])
                                                      0.117    21.990 r  U_timer/timer_cnt_reg[31]_i_952/CO[3]
                         net (fo=1, routed)           0.000    21.990    U_timer/timer_cnt_reg[31]_i_952_n_0
    SLICE_X46Y69         CARRY4 (Prop_carry4_CI_CO[3])
                                                      0.117    22.107 r  U_timer/timer_cnt_reg[31]_i_798/CO[3]
                         net (fo=1, routed)           0.000    22.107    U_timer/timer_cnt_reg[31]_i_798_n_0
    SLICE_X46Y70         CARRY4 (Prop_carry4_CI_CO[3])
                                                      0.117    22.224 r  U_timer/timer_cnt_reg[31]_i_644/CO[3]
                         net (fo=1, routed)           0.000    22.224    U_timer/timer_cnt_reg[31]_i_644_n_0
    SLICE_X46Y71         CARRY4 (Prop_carry4_CI_CO[3])
                                                      0.117    22.341 r  U_timer/timer_cnt_reg[31]_i_490/CO[3]
                         net (fo=1, routed)           0.000    22.341    U_timer/timer_cnt_reg[31]_i_490_n_0
    SLICE_X46Y72         CARRY4 (Prop_carry4_CI_CO[3])
                                                      0.117    22.458 r  U_timer/timer_cnt_reg[31]_i_312/CO[3]
                         net (fo=1, routed)           0.000    22.458    U_timer/timer_cnt_reg[31]_i_312_n_0
    SLICE_X46Y73         CARRY4 (Prop_carry4_CI_CO[3])
                                                      0.117    22.575 r  U_timer/timer_cnt_reg[31]_i_144/CO[3]
                         net (fo=1, routed)           0.000    22.575    U_timer/timer_cnt_reg[31]_i_144_n_0
    SLICE_X46Y74         CARRY4 (Prop_carry4_CI_CO[3])
                                                      0.117    22.692 r  U_timer/timer_cnt_reg[31]_i_61/CO[3]
                         net (fo=1, routed)           0.009    22.701    U_timer/timer_cnt_reg[31]_i_61_n_0
    SLICE_X46Y75         CARRY4 (Prop_carry4_CI_CO[1])
                                                      0.157    22.858 r  U_timer/timer_cnt_reg[31]_i_58/CO[1]
                         net (fo=37, routed)          0.999    23.856    U_timer/freq_div_reg[31]_12[0]
    SLICE_X50Y72         LUT2 (Prop_lut2_I1_O)        0.332    24.188 r  U_timer/timer_cnt[31]_i_1251/O
                         net (fo=1, routed)           0.000    24.188    U_timer/timer_cnt[31]_i_1251_n_0
    SLICE_X50Y72         CARRY4 (Prop_carry4_S[1]_CO[3])
                                                      0.533    24.721 r  U_timer/timer_cnt_reg[31]_i_1105/CO[3]
                         net (fo=1, routed)           0.000    24.721    U_timer/timer_cnt_reg[31]_i_1105_n_0
    SLICE_X50Y73         CARRY4 (Prop_carry4_CI_CO[3])
                                                      0.117    24.838 r  U_timer/timer_cnt_reg[31]_i_951/CO[3]
                         net (fo=1, routed)           0.000    24.838    U_timer/timer_cnt_reg[31]_i_951_n_0
    SLICE_X50Y74         CARRY4 (Prop_carry4_CI_CO[3])
                                                      0.117    24.955 r  U_timer/timer_cnt_reg[31]_i_797/CO[3]
                         net (fo=1, routed)           0.009    24.964    U_timer/timer_cnt_reg[31]_i_797_n_0
    SLICE_X50Y75         CARRY4 (Prop_carry4_CI_CO[3])
                                                      0.117    25.081 r  U_timer/timer_cnt_reg[31]_i_643/CO[3]
                         net (fo=1, routed)           0.000    25.081    U_timer/timer_cnt_reg[31]_i_643_n_0
    SLICE_X50Y76         CARRY4 (Prop_carry4_CI_CO[3])
                                                      0.117    25.198 r  U_timer/timer_cnt_reg[31]_i_489/CO[3]
                         net (fo=1, routed)           0.000    25.198    U_timer/timer_cnt_reg[31]_i_489_n_0
    SLICE_X50Y77         CARRY4 (Prop_carry4_CI_CO[3])
                                                      0.117    25.315 r  U_timer/timer_cnt_reg[31]_i_311/CO[3]
                         net (fo=1, routed)           0.000    25.315    U_timer/timer_cnt_reg[31]_i_311_n_0
    SLICE_X50Y78         CARRY4 (Prop_carry4_CI_CO[3])
                                                      0.117    25.432 r  U_timer/timer_cnt_reg[31]_i_143/CO[3]
                         net (fo=1, routed)           0.000    25.432    U_timer/timer_cnt_reg[31]_i_143_n_0
    SLICE_X50Y79         CARRY4 (Prop_carry4_CI_CO[3])
                                                      0.117    25.549 r  U_timer/timer_cnt_reg[31]_i_60/CO[3]
                         net (fo=1, routed)           0.000    25.549    U_timer/timer_cnt_reg[31]_i_60_n_0
    SLICE_X50Y80         CARRY4 (Prop_carry4_CI_CO[1])
                                                      0.157    25.706 r  U_timer/timer_cnt_reg[31]_i_27/CO[1]
                         net (fo=36, routed)          0.921    26.628    U_timer/freq_div_reg[31]_14[0]
    SLICE_X47Y73         LUT2 (Prop_lut2_I1_O)        0.332    26.960 r  U_timer/timer_cnt[31]_i_1268/O
                         net (fo=1, routed)           0.000    26.960    U_timer/timer_cnt[31]_i_1268_n_0
    SLICE_X47Y73         CARRY4 (Prop_carry4_S[1]_CO[3])
                                                      0.550    27.510 r  U_timer/timer_cnt_reg[31]_i_1126/CO[3]
                         net (fo=1, routed)           0.000    27.510    U_timer/timer_cnt_reg[31]_i_1126_n_0
    SLICE_X47Y74         CARRY4 (Prop_carry4_CI_CO[3])
                                                      0.114    27.624 r  U_timer/timer_cnt_reg[31]_i_972/CO[3]
                         net (fo=1, routed)           0.009    27.633    U_timer/timer_cnt_reg[31]_i_972_n_0
    SLICE_X47Y75         CARRY4 (Prop_carry4_CI_CO[3])
                                                      0.114    27.747 r  U_timer/timer_cnt_reg[31]_i_818/CO[3]
                         net (fo=1, routed)           0.000    27.747    U_timer/timer_cnt_reg[31]_i_818_n_0
    SLICE_X47Y76         CARRY4 (Prop_carry4_CI_CO[3])
                                                      0.114    27.861 r  U_timer/timer_cnt_reg[31]_i_664/CO[3]
                         net (fo=1, routed)           0.000    27.861    U_timer/timer_cnt_reg[31]_i_664_n_0
    SLICE_X47Y77         CARRY4 (Prop_carry4_CI_CO[3])
                                                      0.114    27.975 r  U_timer/timer_cnt_reg[31]_i_510/CO[3]
                         net (fo=1, routed)           0.000    27.975    U_timer/timer_cnt_reg[31]_i_510_n_0
    SLICE_X47Y78         CARRY4 (Prop_carry4_CI_CO[3])
                                                      0.114    28.089 r  U_timer/timer_cnt_reg[31]_i_336/CO[3]
                         net (fo=1, routed)           0.000    28.089    U_timer/timer_cnt_reg[31]_i_336_n_0
    SLICE_X47Y79         CARRY4 (Prop_carry4_CI_CO[3])
                                                      0.114    28.203 r  U_timer/timer_cnt_reg[31]_i_165/CO[3]
                         net (fo=1, routed)           0.000    28.203    U_timer/timer_cnt_reg[31]_i_165_n_0
    SLICE_X47Y80         CARRY4 (Prop_carry4_CI_CO[3])
                                                      0.114    28.317 r  U_timer/timer_cnt_reg[31]_i_154/CO[3]
                         net (fo=1, routed)           0.000    28.317    U_timer/timer_cnt_reg[31]_i_154_n_0
    SLICE_X47Y81         CARRY4 (Prop_carry4_CI_CO[1])
                                                      0.157    28.474 r  U_timer/timer_cnt_reg[31]_i_65/CO[1]
                         net (fo=36, routed)          0.855    29.328    U_timer/freq_div_reg[31]_16[0]
    SLICE_X51Y75         LUT2 (Prop_lut2_I1_O)        0.329    29.657 r  U_timer/timer_cnt[31]_i_1265/O
                         net (fo=1, routed)           0.000    29.657    U_timer/timer_cnt[31]_i_1265_n_0
    SLICE_X51Y75         CARRY4 (Prop_carry4_S[1]_CO[3])
                                                      0.550    30.207 r  U_timer/timer_cnt_reg[31]_i_1121/CO[3]
                         net (fo=1, routed)           0.000    30.207    U_timer/timer_cnt_reg[31]_i_1121_n_0
    SLICE_X51Y76         CARRY4 (Prop_carry4_CI_CO[3])
                                                      0.114    30.321 r  U_timer/timer_cnt_reg[31]_i_967/CO[3]
                         net (fo=1, routed)           0.000    30.321    U_timer/timer_cnt_reg[31]_i_967_n_0
    SLICE_X51Y77         CARRY4 (Prop_carry4_CI_CO[3])
                                                      0.114    30.435 r  U_timer/timer_cnt_reg[31]_i_813/CO[3]
                         net (fo=1, routed)           0.000    30.435    U_timer/timer_cnt_reg[31]_i_813_n_0
    SLICE_X51Y78         CARRY4 (Prop_carry4_CI_CO[3])
                                                      0.114    30.549 r  U_timer/timer_cnt_reg[31]_i_659/CO[3]
                         net (fo=1, routed)           0.000    30.549    U_timer/timer_cnt_reg[31]_i_659_n_0
    SLICE_X51Y79         CARRY4 (Prop_carry4_CI_CO[3])
                                                      0.114    30.663 r  U_timer/timer_cnt_reg[31]_i_505/CO[3]
                         net (fo=1, routed)           0.000    30.663    U_timer/timer_cnt_reg[31]_i_505_n_0
    SLICE_X51Y80         CARRY4 (Prop_carry4_CI_CO[3])
                                                      0.114    30.777 r  U_timer/timer_cnt_reg[31]_i_331/CO[3]
                         net (fo=1, routed)           0.000    30.777    U_timer/timer_cnt_reg[31]_i_331_n_0
    SLICE_X51Y81         CARRY4 (Prop_carry4_CI_CO[3])
                                                      0.114    30.891 r  U_timer/timer_cnt_reg[31]_i_160/CO[3]
                         net (fo=1, routed)           0.000    30.891    U_timer/timer_cnt_reg[31]_i_160_n_0
    SLICE_X51Y82         CARRY4 (Prop_carry4_CI_CO[3])
                                                      0.114    31.005 r  U_timer/timer_cnt_reg[31]_i_67/CO[3]
                         net (fo=1, routed)           0.000    31.005    U_timer/timer_cnt_reg[31]_i_67_n_0
    SLICE_X51Y83         CARRY4 (Prop_carry4_CI_CO[1])
                                                      0.157    31.162 r  U_timer/timer_cnt_reg[31]_i_64/CO[1]
                         net (fo=37, routed)          1.062    32.225    U_timer/freq_div_reg[31]_18[0]
    SLICE_X45Y76         LUT2 (Prop_lut2_I1_O)        0.329    32.554 r  U_timer/timer_cnt[31]_i_1262/O
                         net (fo=1, routed)           0.000    32.554    U_timer/timer_cnt[31]_i_1262_n_0
    SLICE_X45Y76         CARRY4 (Prop_carry4_S[1]_CO[3])
                                                      0.550    33.104 r  U_timer/timer_cnt_reg[31]_i_1120/CO[3]
                         net (fo=1, routed)           0.000    33.104    U_timer/timer_cnt_reg[31]_i_1120_n_0
    SLICE_X45Y77         CARRY4 (Prop_carry4_CI_CO[3])
                                                      0.114    33.218 r  U_timer/timer_cnt_reg[31]_i_966/CO[3]
                         net (fo=1, routed)           0.000    33.218    U_timer/timer_cnt_reg[31]_i_966_n_0
    SLICE_X45Y78         CARRY4 (Prop_carry4_CI_CO[3])
                                                      0.114    33.332 r  U_timer/timer_cnt_reg[31]_i_812/CO[3]
                         net (fo=1, routed)           0.000    33.332    U_timer/timer_cnt_reg[31]_i_812_n_0
    SLICE_X45Y79         CARRY4 (Prop_carry4_CI_CO[3])
                                                      0.114    33.446 r  U_timer/timer_cnt_reg[31]_i_658/CO[3]
                         net (fo=1, routed)           0.000    33.446    U_timer/timer_cnt_reg[31]_i_658_n_0
    SLICE_X45Y80         CARRY4 (Prop_carry4_CI_CO[3])
                                                      0.114    33.560 r  U_timer/timer_cnt_reg[31]_i_504/CO[3]
                         net (fo=1, routed)           0.000    33.560    U_timer/timer_cnt_reg[31]_i_504_n_0
    SLICE_X45Y81         CARRY4 (Prop_carry4_CI_CO[3])
                                                      0.114    33.674 r  U_timer/timer_cnt_reg[31]_i_330/CO[3]
                         net (fo=1, routed)           0.000    33.674    U_timer/timer_cnt_reg[31]_i_330_n_0
    SLICE_X45Y82         CARRY4 (Prop_carry4_CI_CO[3])
                                                      0.114    33.788 r  U_timer/timer_cnt_reg[31]_i_159/CO[3]
                         net (fo=1, routed)           0.000    33.788    U_timer/timer_cnt_reg[31]_i_159_n_0
    SLICE_X45Y83         CARRY4 (Prop_carry4_CI_CO[3])
                                                      0.114    33.902 r  U_timer/timer_cnt_reg[31]_i_66/CO[3]
                         net (fo=1, routed)           0.000    33.902    U_timer/timer_cnt_reg[31]_i_66_n_0
    SLICE_X45Y84         CARRY4 (Prop_carry4_CI_CO[1])
                                                      0.157    34.059 r  U_timer/timer_cnt_reg[31]_i_29/CO[1]
                         net (fo=36, routed)          0.916    34.975    U_timer/freq_div_reg[31]_20[0]
    SLICE_X46Y76         LUT2 (Prop_lut2_I1_O)        0.329    35.304 r  U_timer/timer_cnt[31]_i_1278/O
                         net (fo=1, routed)           0.000    35.304    U_timer/timer_cnt[31]_i_1278_n_0
    SLICE_X46Y76         CARRY4 (Prop_carry4_S[1]_CO[3])
                                                      0.533    35.837 r  U_timer/timer_cnt_reg[31]_i_1141/CO[3]
                         net (fo=1, routed)           0.000    35.837    U_timer/timer_cnt_reg[31]_i_1141_n_0
    SLICE_X46Y77         CARRY4 (Prop_carry4_CI_CO[3])
                                                      0.117    35.954 r  U_timer/timer_cnt_reg[31]_i_987/CO[3]
                         net (fo=1, routed)           0.000    35.954    U_timer/timer_cnt_reg[31]_i_987_n_0
    SLICE_X46Y78         CARRY4 (Prop_carry4_CI_CO[3])
                                                      0.117    36.071 r  U_timer/timer_cnt_reg[31]_i_833/CO[3]
                         net (fo=1, routed)           0.000    36.071    U_timer/timer_cnt_reg[31]_i_833_n_0
    SLICE_X46Y79         CARRY4 (Prop_carry4_CI_CO[3])
                                                      0.117    36.188 r  U_timer/timer_cnt_reg[31]_i_679/CO[3]
                         net (fo=1, routed)           0.000    36.188    U_timer/timer_cnt_reg[31]_i_679_n_0
    SLICE_X46Y80         CARRY4 (Prop_carry4_CI_CO[3])
                                                      0.117    36.305 r  U_timer/timer_cnt_reg[31]_i_525/CO[3]
                         net (fo=1, routed)           0.000    36.305    U_timer/timer_cnt_reg[31]_i_525_n_0
    SLICE_X46Y81         CARRY4 (Prop_carry4_CI_CO[3])
                                                      0.117    36.422 r  U_timer/timer_cnt_reg[31]_i_355/CO[3]
                         net (fo=1, routed)           0.000    36.422    U_timer/timer_cnt_reg[31]_i_355_n_0
    SLICE_X46Y82         CARRY4 (Prop_carry4_CI_CO[3])
                                                      0.117    36.539 r  U_timer/timer_cnt_reg[31]_i_181/CO[3]
                         net (fo=1, routed)           0.000    36.539    U_timer/timer_cnt_reg[31]_i_181_n_0
    SLICE_X46Y83         CARRY4 (Prop_carry4_CI_CO[3])
                                                      0.117    36.656 r  U_timer/timer_cnt_reg[31]_i_170/CO[3]
                         net (fo=1, routed)           0.000    36.656    U_timer/timer_cnt_reg[31]_i_170_n_0
    SLICE_X46Y84         CARRY4 (Prop_carry4_CI_CO[1])
                                                      0.157    36.813 r  U_timer/timer_cnt_reg[31]_i_71/CO[1]
                         net (fo=37, routed)          0.860    37.673    U_timer/freq_div_reg[31]_22[0]
    SLICE_X49Y78         LUT2 (Prop_lut2_I1_O)        0.332    38.005 r  U_timer/timer_cnt[31]_i_1275/O
                         net (fo=1, routed)           0.000    38.005    U_timer/timer_cnt[31]_i_1275_n_0
    SLICE_X49Y78         CARRY4 (Prop_carry4_S[1]_CO[3])
                                                      0.550    38.555 r  U_timer/timer_cnt_reg[31]_i_1136/CO[3]
                         net (fo=1, routed)           0.000    38.555    U_timer/timer_cnt_reg[31]_i_1136_n_0
    SLICE_X49Y79         CARRY4 (Prop_carry4_CI_CO[3])
                                                      0.114    38.669 r  U_timer/timer_cnt_reg[31]_i_982/CO[3]
                         net (fo=1, routed)           0.000    38.669    U_timer/timer_cnt_reg[31]_i_982_n_0
    SLICE_X49Y80         CARRY4 (Prop_carry4_CI_CO[3])
                                                      0.114    38.783 r  U_timer/timer_cnt_reg[31]_i_828/CO[3]
                         net (fo=1, routed)           0.000    38.783    U_timer/timer_cnt_reg[31]_i_828_n_0
    SLICE_X49Y81         CARRY4 (Prop_carry4_CI_CO[3])
                                                      0.114    38.897 r  U_timer/timer_cnt_reg[31]_i_674/CO[3]
                         net (fo=1, routed)           0.000    38.897    U_timer/timer_cnt_reg[31]_i_674_n_0
    SLICE_X49Y82         CARRY4 (Prop_carry4_CI_CO[3])
                                                      0.114    39.011 r  U_timer/timer_cnt_reg[31]_i_520/CO[3]
                         net (fo=1, routed)           0.000    39.011    U_timer/timer_cnt_reg[31]_i_520_n_0
    SLICE_X49Y83         CARRY4 (Prop_carry4_CI_CO[3])
                                                      0.114    39.125 r  U_timer/timer_cnt_reg[31]_i_350/CO[3]
                         net (fo=1, routed)           0.000    39.125    U_timer/timer_cnt_reg[31]_i_350_n_0
    SLICE_X49Y84         CARRY4 (Prop_carry4_CI_CO[3])
                                                      0.114    39.239 r  U_timer/timer_cnt_reg[31]_i_176/CO[3]
                         net (fo=1, routed)           0.000    39.239    U_timer/timer_cnt_reg[31]_i_176_n_0
    SLICE_X49Y85         CARRY4 (Prop_carry4_CI_CO[3])
                                                      0.114    39.353 r  U_timer/timer_cnt_reg[31]_i_73/CO[3]
                         net (fo=1, routed)           0.000    39.353    U_timer/timer_cnt_reg[31]_i_73_n_0
    SLICE_X49Y86         CARRY4 (Prop_carry4_CI_CO[1])
                                                      0.157    39.510 r  U_timer/timer_cnt_reg[31]_i_70/CO[1]
                         net (fo=36, routed)          0.895    40.405    U_timer/freq_div_reg[31]_24[0]
    SLICE_X53Y77         LUT2 (Prop_lut2_I1_O)        0.329    40.734 r  U_timer/timer_cnt[31]_i_1271/O
                         net (fo=1, routed)           0.000    40.734    U_timer/timer_cnt[31]_i_1271_n_0
    SLICE_X53Y77         CARRY4 (Prop_carry4_S[1]_CO[3])
                                                      0.550    41.284 r  U_timer/timer_cnt_reg[31]_i_1135/CO[3]
                         net (fo=1, routed)           0.000    41.284    U_timer/timer_cnt_reg[31]_i_1135_n_0
    SLICE_X53Y78         CARRY4 (Prop_carry4_CI_CO[3])
                                                      0.114    41.398 r  U_timer/timer_cnt_reg[31]_i_981/CO[3]
                         net (fo=1, routed)           0.000    41.398    U_timer/timer_cnt_reg[31]_i_981_n_0
    SLICE_X53Y79         CARRY4 (Prop_carry4_CI_CO[3])
                                                      0.114    41.512 r  U_timer/timer_cnt_reg[31]_i_827/CO[3]
                         net (fo=1, routed)           0.000    41.512    U_timer/timer_cnt_reg[31]_i_827_n_0
    SLICE_X53Y80         CARRY4 (Prop_carry4_CI_CO[3])
                                                      0.114    41.626 r  U_timer/timer_cnt_reg[31]_i_673/CO[3]
                         net (fo=1, routed)           0.000    41.626    U_timer/timer_cnt_reg[31]_i_673_n_0
    SLICE_X53Y81         CARRY4 (Prop_carry4_CI_CO[3])
                                                      0.114    41.740 r  U_timer/timer_cnt_reg[31]_i_519/CO[3]
                         net (fo=1, routed)           0.000    41.740    U_timer/timer_cnt_reg[31]_i_519_n_0
    SLICE_X53Y82         CARRY4 (Prop_carry4_CI_CO[3])
                                                      0.114    41.854 r  U_timer/timer_cnt_reg[31]_i_349/CO[3]
                         net (fo=1, routed)           0.000    41.854    U_timer/timer_cnt_reg[31]_i_349_n_0
    SLICE_X53Y83         CARRY4 (Prop_carry4_CI_CO[3])
                                                      0.114    41.968 r  U_timer/timer_cnt_reg[31]_i_175/CO[3]
                         net (fo=1, routed)           0.000    41.968    U_timer/timer_cnt_reg[31]_i_175_n_0
    SLICE_X53Y84         CARRY4 (Prop_carry4_CI_CO[3])
                                                      0.114    42.082 r  U_timer/timer_cnt_reg[31]_i_72/CO[3]
                         net (fo=1, routed)           0.000    42.082    U_timer/timer_cnt_reg[31]_i_72_n_0
    SLICE_X53Y85         CARRY4 (Prop_carry4_CI_CO[1])
                                                      0.157    42.239 r  U_timer/timer_cnt_reg[31]_i_31/CO[1]
                         net (fo=36, routed)          0.909    43.148    U_timer/freq_div_reg[31]_26[0]
    SLICE_X52Y76         LUT2 (Prop_lut2_I1_O)        0.329    43.477 r  U_timer/timer_cnt[31]_i_1289/O
                         net (fo=1, routed)           0.000    43.477    U_timer/timer_cnt[31]_i_1289_n_0
    SLICE_X52Y76         CARRY4 (Prop_carry4_S[1]_CO[3])
                                                      0.550    44.027 r  U_timer/timer_cnt_reg[31]_i_1156/CO[3]
                         net (fo=1, routed)           0.000    44.027    U_timer/timer_cnt_reg[31]_i_1156_n_0
    SLICE_X52Y77         CARRY4 (Prop_carry4_CI_CO[3])
                                                      0.114    44.141 r  U_timer/timer_cnt_reg[31]_i_1002/CO[3]
                         net (fo=1, routed)           0.000    44.141    U_timer/timer_cnt_reg[31]_i_1002_n_0
    SLICE_X52Y78         CARRY4 (Prop_carry4_CI_CO[3])
                                                      0.114    44.255 r  U_timer/timer_cnt_reg[31]_i_848/CO[3]
                         net (fo=1, routed)           0.000    44.255    U_timer/timer_cnt_reg[31]_i_848_n_0
    SLICE_X52Y79         CARRY4 (Prop_carry4_CI_CO[3])
                                                      0.114    44.369 r  U_timer/timer_cnt_reg[31]_i_694/CO[3]
                         net (fo=1, routed)           0.000    44.369    U_timer/timer_cnt_reg[31]_i_694_n_0
    SLICE_X52Y80         CARRY4 (Prop_carry4_CI_CO[3])
                                                      0.114    44.483 r  U_timer/timer_cnt_reg[31]_i_540/CO[3]
                         net (fo=1, routed)           0.000    44.483    U_timer/timer_cnt_reg[31]_i_540_n_0
    SLICE_X52Y81         CARRY4 (Prop_carry4_CI_CO[3])
                                                      0.114    44.597 r  U_timer/timer_cnt_reg[31]_i_374/CO[3]
                         net (fo=1, routed)           0.000    44.597    U_timer/timer_cnt_reg[31]_i_374_n_0
    SLICE_X52Y82         CARRY4 (Prop_carry4_CI_CO[3])
                                                      0.114    44.711 r  U_timer/timer_cnt_reg[31]_i_197/CO[3]
                         net (fo=1, routed)           0.000    44.711    U_timer/timer_cnt_reg[31]_i_197_n_0
    SLICE_X52Y83         CARRY4 (Prop_carry4_CI_CO[3])
                                                      0.114    44.825 r  U_timer/timer_cnt_reg[31]_i_186/CO[3]
                         net (fo=1, routed)           0.000    44.825    U_timer/timer_cnt_reg[31]_i_186_n_0
    SLICE_X52Y84         CARRY4 (Prop_carry4_CI_CO[1])
                                                      0.157    44.982 r  U_timer/timer_cnt_reg[31]_i_77/CO[1]
                         net (fo=37, routed)          1.278    46.259    U_timer/freq_div_reg[31]_28[0]
    SLICE_X44Y75         LUT2 (Prop_lut2_I1_O)        0.329    46.588 r  U_timer/timer_cnt[31]_i_1286/O
                         net (fo=1, routed)           0.000    46.588    U_timer/timer_cnt[31]_i_1286_n_0
    SLICE_X44Y75         CARRY4 (Prop_carry4_S[1]_CO[3])
                                                      0.550    47.138 r  U_timer/timer_cnt_reg[31]_i_1151/CO[3]
                         net (fo=1, routed)           0.000    47.138    U_timer/timer_cnt_reg[31]_i_1151_n_0
    SLICE_X44Y76         CARRY4 (Prop_carry4_CI_CO[3])
                                                      0.114    47.252 r  U_timer/timer_cnt_reg[31]_i_997/CO[3]
                         net (fo=1, routed)           0.000    47.252    U_timer/timer_cnt_reg[31]_i_997_n_0
    SLICE_X44Y77         CARRY4 (Prop_carry4_CI_CO[3])
                                                      0.114    47.366 r  U_timer/timer_cnt_reg[31]_i_843/CO[3]
                         net (fo=1, routed)           0.000    47.366    U_timer/timer_cnt_reg[31]_i_843_n_0
    SLICE_X44Y78         CARRY4 (Prop_carry4_CI_CO[3])
                                                      0.114    47.480 r  U_timer/timer_cnt_reg[31]_i_689/CO[3]
                         net (fo=1, routed)           0.000    47.480    U_timer/timer_cnt_reg[31]_i_689_n_0
    SLICE_X44Y79         CARRY4 (Prop_carry4_CI_CO[3])
                                                      0.114    47.594 r  U_timer/timer_cnt_reg[31]_i_535/CO[3]
                         net (fo=1, routed)           0.000    47.594    U_timer/timer_cnt_reg[31]_i_535_n_0
    SLICE_X44Y80         CARRY4 (Prop_carry4_CI_CO[3])
                                                      0.114    47.708 r  U_timer/timer_cnt_reg[31]_i_369/CO[3]
                         net (fo=1, routed)           0.000    47.708    U_timer/timer_cnt_reg[31]_i_369_n_0
    SLICE_X44Y81         CARRY4 (Prop_carry4_CI_CO[3])
                                                      0.114    47.822 r  U_timer/timer_cnt_reg[31]_i_192/CO[3]
                         net (fo=1, routed)           0.000    47.822    U_timer/timer_cnt_reg[31]_i_192_n_0
    SLICE_X44Y82         CARRY4 (Prop_carry4_CI_CO[3])
                                                      0.114    47.936 r  U_timer/timer_cnt_reg[31]_i_79/CO[3]
                         net (fo=1, routed)           0.000    47.936    U_timer/timer_cnt_reg[31]_i_79_n_0
    SLICE_X44Y83         CARRY4 (Prop_carry4_CI_CO[1])
                                                      0.157    48.093 r  U_timer/timer_cnt_reg[31]_i_76/CO[1]
                         net (fo=37, routed)          0.983    49.077    U_timer/freq_div_reg[31]_30[0]
    SLICE_X41Y73         LUT2 (Prop_lut2_I1_O)        0.329    49.406 r  U_timer/timer_cnt[31]_i_1282/O
                         net (fo=1, routed)           0.000    49.406    U_timer/timer_cnt[31]_i_1282_n_0
    SLICE_X41Y73         CARRY4 (Prop_carry4_S[1]_CO[3])
                                                      0.550    49.956 r  U_timer/timer_cnt_reg[31]_i_1150/CO[3]
                         net (fo=1, routed)           0.000    49.956    U_timer/timer_cnt_reg[31]_i_1150_n_0
    SLICE_X41Y74         CARRY4 (Prop_carry4_CI_CO[3])
                                                      0.114    50.070 r  U_timer/timer_cnt_reg[31]_i_996/CO[3]
                         net (fo=1, routed)           0.009    50.079    U_timer/timer_cnt_reg[31]_i_996_n_0
    SLICE_X41Y75         CARRY4 (Prop_carry4_CI_CO[3])
                                                      0.114    50.193 r  U_timer/timer_cnt_reg[31]_i_842/CO[3]
                         net (fo=1, routed)           0.000    50.193    U_timer/timer_cnt_reg[31]_i_842_n_0
    SLICE_X41Y76         CARRY4 (Prop_carry4_CI_CO[3])
                                                      0.114    50.307 r  U_timer/timer_cnt_reg[31]_i_688/CO[3]
                         net (fo=1, routed)           0.000    50.307    U_timer/timer_cnt_reg[31]_i_688_n_0
    SLICE_X41Y77         CARRY4 (Prop_carry4_CI_CO[3])
                                                      0.114    50.421 r  U_timer/timer_cnt_reg[31]_i_534/CO[3]
                         net (fo=1, routed)           0.000    50.421    U_timer/timer_cnt_reg[31]_i_534_n_0
    SLICE_X41Y78         CARRY4 (Prop_carry4_CI_CO[3])
                                                      0.114    50.535 r  U_timer/timer_cnt_reg[31]_i_368/CO[3]
                         net (fo=1, routed)           0.000    50.535    U_timer/timer_cnt_reg[31]_i_368_n_0
    SLICE_X41Y79         CARRY4 (Prop_carry4_CI_CO[3])
                                                      0.114    50.649 r  U_timer/timer_cnt_reg[31]_i_191/CO[3]
                         net (fo=1, routed)           0.000    50.649    U_timer/timer_cnt_reg[31]_i_191_n_0
    SLICE_X41Y80         CARRY4 (Prop_carry4_CI_CO[3])
                                                      0.114    50.763 r  U_timer/timer_cnt_reg[31]_i_78/CO[3]
                         net (fo=1, routed)           0.000    50.763    U_timer/timer_cnt_reg[31]_i_78_n_0
    SLICE_X41Y81         CARRY4 (Prop_carry4_CI_CO[1])
                                                      0.157    50.920 r  U_timer/timer_cnt_reg[31]_i_33/CO[1]
                         net (fo=36, routed)          0.919    51.839    U_timer/freq_div_reg[31]_32[0]
    SLICE_X40Y76         CARRY4 (Prop_carry4_CYINIT_CO[3])
                                                      0.785    52.624 r  U_timer/timer_cnt_reg[31]_i_1194/CO[3]
                         net (fo=1, routed)           0.000    52.624    U_timer/timer_cnt_reg[31]_i_1194_n_0
    SLICE_X40Y77         CARRY4 (Prop_carry4_CI_CO[3])
                                                      0.114    52.738 r  U_timer/timer_cnt_reg[31]_i_1051/CO[3]
                         net (fo=1, routed)           0.000    52.738    U_timer/timer_cnt_reg[31]_i_1051_n_0
    SLICE_X40Y78         CARRY4 (Prop_carry4_CI_CO[3])
                                                      0.114    52.852 r  U_timer/timer_cnt_reg[31]_i_897/CO[3]
                         net (fo=1, routed)           0.000    52.852    U_timer/timer_cnt_reg[31]_i_897_n_0
    SLICE_X40Y79         CARRY4 (Prop_carry4_CI_CO[3])
                                                      0.114    52.966 r  U_timer/timer_cnt_reg[31]_i_743/CO[3]
                         net (fo=1, routed)           0.000    52.966    U_timer/timer_cnt_reg[31]_i_743_n_0
    SLICE_X40Y80         CARRY4 (Prop_carry4_CI_CO[3])
                                                      0.114    53.080 r  U_timer/timer_cnt_reg[31]_i_589/CO[3]
                         net (fo=1, routed)           0.000    53.080    U_timer/timer_cnt_reg[31]_i_589_n_0
    SLICE_X40Y81         CARRY4 (Prop_carry4_CI_CO[3])
                                                      0.114    53.194 r  U_timer/timer_cnt_reg[31]_i_427/CO[3]
                         net (fo=1, routed)           0.000    53.194    U_timer/timer_cnt_reg[31]_i_427_n_0
    SLICE_X40Y82         CARRY4 (Prop_carry4_CI_CO[3])
                                                      0.114    53.308 r  U_timer/timer_cnt_reg[31]_i_259/CO[3]
                         net (fo=1, routed)           0.000    53.308    U_timer/timer_cnt_reg[31]_i_259_n_0
    SLICE_X40Y83         CARRY4 (Prop_carry4_CI_CO[3])
                                                      0.114    53.422 r  U_timer/timer_cnt_reg[31]_i_248/CO[3]
                         net (fo=1, routed)           0.000    53.422    U_timer/timer_cnt_reg[31]_i_248_n_0
    SLICE_X40Y84         CARRY4 (Prop_carry4_CI_CO[1])
                                                      0.157    53.579 r  U_timer/timer_cnt_reg[31]_i_117/CO[1]
                         net (fo=37, routed)          0.970    54.549    U_timer/freq_div_reg[31]_34[0]
    SLICE_X39Y80         LUT2 (Prop_lut2_I1_O)        0.329    54.878 r  U_timer/timer_cnt[31]_i_1296/O
                         net (fo=1, routed)           0.000    54.878    U_timer/timer_cnt[31]_i_1296_n_0
    SLICE_X39Y80         CARRY4 (Prop_carry4_S[1]_CO[3])
                                                      0.550    55.428 r  U_timer/timer_cnt_reg[31]_i_1189/CO[3]
                         net (fo=1, routed)           0.000    55.428    U_timer/timer_cnt_reg[31]_i_1189_n_0
    SLICE_X39Y81         CARRY4 (Prop_carry4_CI_CO[3])
                                                      0.114    55.542 r  U_timer/timer_cnt_reg[31]_i_1046/CO[3]
                         net (fo=1, routed)           0.000    55.542    U_timer/timer_cnt_reg[31]_i_1046_n_0
    SLICE_X39Y82         CARRY4 (Prop_carry4_CI_CO[3])
                                                      0.114    55.656 r  U_timer/timer_cnt_reg[31]_i_892/CO[3]
                         net (fo=1, routed)           0.000    55.656    U_timer/timer_cnt_reg[31]_i_892_n_0
    SLICE_X39Y83         CARRY4 (Prop_carry4_CI_CO[3])
                                                      0.114    55.770 r  U_timer/timer_cnt_reg[31]_i_738/CO[3]
                         net (fo=1, routed)           0.000    55.770    U_timer/timer_cnt_reg[31]_i_738_n_0
    SLICE_X39Y84         CARRY4 (Prop_carry4_CI_CO[3])
                                                      0.114    55.884 r  U_timer/timer_cnt_reg[31]_i_584/CO[3]
                         net (fo=1, routed)           0.000    55.884    U_timer/timer_cnt_reg[31]_i_584_n_0
    SLICE_X39Y85         CARRY4 (Prop_carry4_CI_CO[3])
                                                      0.114    55.998 r  U_timer/timer_cnt_reg[31]_i_422/CO[3]
                         net (fo=1, routed)           0.000    55.998    U_timer/timer_cnt_reg[31]_i_422_n_0
    SLICE_X39Y86         CARRY4 (Prop_carry4_CI_CO[3])
                                                      0.114    56.112 r  U_timer/timer_cnt_reg[31]_i_254/CO[3]
                         net (fo=1, routed)           0.000    56.112    U_timer/timer_cnt_reg[31]_i_254_n_0
    SLICE_X39Y87         CARRY4 (Prop_carry4_CI_CO[3])
                                                      0.114    56.226 r  U_timer/timer_cnt_reg[31]_i_119/CO[3]
                         net (fo=1, routed)           0.000    56.226    U_timer/timer_cnt_reg[31]_i_119_n_0
    SLICE_X39Y88         CARRY4 (Prop_carry4_CI_CO[1])
                                                      0.157    56.383 r  U_timer/timer_cnt_reg[31]_i_116/CO[1]
                         net (fo=36, routed)          0.796    57.178    U_timer/freq_div_reg[31]_36[0]
    SLICE_X41Y82         LUT2 (Prop_lut2_I1_O)        0.329    57.507 r  U_timer/timer_cnt[31]_i_1292/O
                         net (fo=1, routed)           0.000    57.507    U_timer/timer_cnt[31]_i_1292_n_0
    SLICE_X41Y82         CARRY4 (Prop_carry4_S[1]_CO[3])
                                                      0.550    58.057 r  U_timer/timer_cnt_reg[31]_i_1188/CO[3]
                         net (fo=1, routed)           0.000    58.057    U_timer/timer_cnt_reg[31]_i_1188_n_0
    SLICE_X41Y83         CARRY4 (Prop_carry4_CI_CO[3])
                                                      0.114    58.171 r  U_timer/timer_cnt_reg[31]_i_1045/CO[3]
                         net (fo=1, routed)           0.000    58.171    U_timer/timer_cnt_reg[31]_i_1045_n_0
    SLICE_X41Y84         CARRY4 (Prop_carry4_CI_CO[3])
                                                      0.114    58.285 r  U_timer/timer_cnt_reg[31]_i_891/CO[3]
                         net (fo=1, routed)           0.000    58.285    U_timer/timer_cnt_reg[31]_i_891_n_0
    SLICE_X41Y85         CARRY4 (Prop_carry4_CI_CO[3])
                                                      0.114    58.399 r  U_timer/timer_cnt_reg[31]_i_737/CO[3]
                         net (fo=1, routed)           0.000    58.399    U_timer/timer_cnt_reg[31]_i_737_n_0
    SLICE_X41Y86         CARRY4 (Prop_carry4_CI_CO[3])
                                                      0.114    58.513 r  U_timer/timer_cnt_reg[31]_i_583/CO[3]
                         net (fo=1, routed)           0.000    58.513    U_timer/timer_cnt_reg[31]_i_583_n_0
    SLICE_X41Y87         CARRY4 (Prop_carry4_CI_CO[3])
                                                      0.114    58.627 r  U_timer/timer_cnt_reg[31]_i_421/CO[3]
                         net (fo=1, routed)           0.000    58.627    U_timer/timer_cnt_reg[31]_i_421_n_0
    SLICE_X41Y88         CARRY4 (Prop_carry4_CI_CO[3])
                                                      0.114    58.741 r  U_timer/timer_cnt_reg[31]_i_253/CO[3]
                         net (fo=1, routed)           0.000    58.741    U_timer/timer_cnt_reg[31]_i_253_n_0
    SLICE_X41Y89         CARRY4 (Prop_carry4_CI_CO[3])
                                                      0.114    58.855 r  U_timer/timer_cnt_reg[31]_i_118/CO[3]
                         net (fo=1, routed)           0.000    58.855    U_timer/timer_cnt_reg[31]_i_118_n_0
    SLICE_X41Y90         CARRY4 (Prop_carry4_CI_CO[1])
                                                      0.157    59.012 r  U_timer/timer_cnt_reg[31]_i_51/CO[1]
                         net (fo=37, routed)          1.234    60.246    U_timer/freq_div_reg[31]_38[0]
    SLICE_X48Y79         LUT2 (Prop_lut2_I1_O)        0.329    60.575 r  U_timer/timer_cnt[31]_i_1311/O
                         net (fo=1, routed)           0.000    60.575    U_timer/timer_cnt[31]_i_1311_n_0
    SLICE_X48Y79         CARRY4 (Prop_carry4_S[1]_CO[3])
                                                      0.550    61.125 r  U_timer/timer_cnt_reg[31]_i_1209/CO[3]
                         net (fo=1, routed)           0.000    61.125    U_timer/timer_cnt_reg[31]_i_1209_n_0
    SLICE_X48Y80         CARRY4 (Prop_carry4_CI_CO[3])
                                                      0.114    61.239 r  U_timer/timer_cnt_reg[31]_i_1066/CO[3]
                         net (fo=1, routed)           0.000    61.239    U_timer/timer_cnt_reg[31]_i_1066_n_0
    SLICE_X48Y81         CARRY4 (Prop_carry4_CI_CO[3])
                                                      0.114    61.353 r  U_timer/timer_cnt_reg[31]_i_912/CO[3]
                         net (fo=1, routed)           0.000    61.353    U_timer/timer_cnt_reg[31]_i_912_n_0
    SLICE_X48Y82         CARRY4 (Prop_carry4_CI_CO[3])
                                                      0.114    61.467 r  U_timer/timer_cnt_reg[31]_i_758/CO[3]
                         net (fo=1, routed)           0.000    61.467    U_timer/timer_cnt_reg[31]_i_758_n_0
    SLICE_X48Y83         CARRY4 (Prop_carry4_CI_CO[3])
                                                      0.114    61.581 r  U_timer/timer_cnt_reg[31]_i_604/CO[3]
                         net (fo=1, routed)           0.000    61.581    U_timer/timer_cnt_reg[31]_i_604_n_0
    SLICE_X48Y84         CARRY4 (Prop_carry4_CI_CO[3])
                                                      0.114    61.695 r  U_timer/timer_cnt_reg[31]_i_446/CO[3]
                         net (fo=1, routed)           0.000    61.695    U_timer/timer_cnt_reg[31]_i_446_n_0
    SLICE_X48Y85         CARRY4 (Prop_carry4_CI_CO[3])
                                                      0.114    61.809 r  U_timer/timer_cnt_reg[31]_i_275/CO[3]
                         net (fo=1, routed)           0.000    61.809    U_timer/timer_cnt_reg[31]_i_275_n_0
    SLICE_X48Y86         CARRY4 (Prop_carry4_CI_CO[3])
                                                      0.114    61.923 r  U_timer/timer_cnt_reg[31]_i_264/CO[3]
                         net (fo=1, routed)           0.000    61.923    U_timer/timer_cnt_reg[31]_i_264_n_0
    SLICE_X48Y87         CARRY4 (Prop_carry4_CI_CO[1])
                                                      0.157    62.080 r  U_timer/timer_cnt_reg[31]_i_123/CO[1]
                         net (fo=37, routed)          0.957    63.037    U_timer/freq_div_reg[31]_40[0]
    SLICE_X47Y82         LUT2 (Prop_lut2_I1_O)        0.329    63.366 r  U_timer/timer_cnt[31]_i_1307/O
                         net (fo=1, routed)           0.000    63.366    U_timer/timer_cnt[31]_i_1307_n_0
    SLICE_X47Y82         CARRY4 (Prop_carry4_S[1]_CO[3])
                                                      0.550    63.916 r  U_timer/timer_cnt_reg[31]_i_1204/CO[3]
                         net (fo=1, routed)           0.000    63.916    U_timer/timer_cnt_reg[31]_i_1204_n_0
    SLICE_X47Y83         CARRY4 (Prop_carry4_CI_CO[3])
                                                      0.114    64.030 r  U_timer/timer_cnt_reg[31]_i_1061/CO[3]
                         net (fo=1, routed)           0.000    64.030    U_timer/timer_cnt_reg[31]_i_1061_n_0
    SLICE_X47Y84         CARRY4 (Prop_carry4_CI_CO[3])
                                                      0.114    64.144 r  U_timer/timer_cnt_reg[31]_i_907/CO[3]
                         net (fo=1, routed)           0.000    64.144    U_timer/timer_cnt_reg[31]_i_907_n_0
    SLICE_X47Y85         CARRY4 (Prop_carry4_CI_CO[3])
                                                      0.114    64.258 r  U_timer/timer_cnt_reg[31]_i_753/CO[3]
                         net (fo=1, routed)           0.000    64.258    U_timer/timer_cnt_reg[31]_i_753_n_0
    SLICE_X47Y86         CARRY4 (Prop_carry4_CI_CO[3])
                                                      0.114    64.372 r  U_timer/timer_cnt_reg[31]_i_599/CO[3]
                         net (fo=1, routed)           0.000    64.372    U_timer/timer_cnt_reg[31]_i_599_n_0
    SLICE_X47Y87         CARRY4 (Prop_carry4_CI_CO[3])
                                                      0.114    64.486 r  U_timer/timer_cnt_reg[31]_i_441/CO[3]
                         net (fo=1, routed)           0.000    64.486    U_timer/timer_cnt_reg[31]_i_441_n_0
    SLICE_X47Y88         CARRY4 (Prop_carry4_CI_CO[3])
                                                      0.114    64.600 r  U_timer/timer_cnt_reg[31]_i_270/CO[3]
                         net (fo=1, routed)           0.000    64.600    U_timer/timer_cnt_reg[31]_i_270_n_0
    SLICE_X47Y89         CARRY4 (Prop_carry4_CI_CO[3])
                                                      0.114    64.714 r  U_timer/timer_cnt_reg[31]_i_125/CO[3]
                         net (fo=1, routed)           0.000    64.714    U_timer/timer_cnt_reg[31]_i_125_n_0
    SLICE_X47Y90         CARRY4 (Prop_carry4_CI_CO[1])
                                                      0.157    64.871 r  U_timer/timer_cnt_reg[31]_i_122/CO[1]
                         net (fo=37, routed)          1.030    65.901    U_timer/freq_div_reg[31]_42[0]
    SLICE_X50Y83         LUT2 (Prop_lut2_I1_O)        0.329    66.230 r  U_timer/timer_cnt[31]_i_1303/O
                         net (fo=1, routed)           0.000    66.230    U_timer/timer_cnt[31]_i_1303_n_0
    SLICE_X50Y83         CARRY4 (Prop_carry4_S[1]_CO[3])
                                                      0.533    66.763 r  U_timer/timer_cnt_reg[31]_i_1203/CO[3]
                         net (fo=1, routed)           0.000    66.763    U_timer/timer_cnt_reg[31]_i_1203_n_0
    SLICE_X50Y84         CARRY4 (Prop_carry4_CI_CO[3])
                                                      0.117    66.880 r  U_timer/timer_cnt_reg[31]_i_1060/CO[3]
                         net (fo=1, routed)           0.000    66.880    U_timer/timer_cnt_reg[31]_i_1060_n_0
    SLICE_X50Y85         CARRY4 (Prop_carry4_CI_CO[3])
                                                      0.117    66.997 r  U_timer/timer_cnt_reg[31]_i_906/CO[3]
                         net (fo=1, routed)           0.000    66.997    U_timer/timer_cnt_reg[31]_i_906_n_0
    SLICE_X50Y86         CARRY4 (Prop_carry4_CI_CO[3])
                                                      0.117    67.114 r  U_timer/timer_cnt_reg[31]_i_752/CO[3]
                         net (fo=1, routed)           0.000    67.114    U_timer/timer_cnt_reg[31]_i_752_n_0
    SLICE_X50Y87         CARRY4 (Prop_carry4_CI_CO[3])
                                                      0.117    67.231 r  U_timer/timer_cnt_reg[31]_i_598/CO[3]
                         net (fo=1, routed)           0.000    67.231    U_timer/timer_cnt_reg[31]_i_598_n_0
    SLICE_X50Y88         CARRY4 (Prop_carry4_CI_CO[3])
                                                      0.117    67.348 r  U_timer/timer_cnt_reg[31]_i_440/CO[3]
                         net (fo=1, routed)           0.000    67.348    U_timer/timer_cnt_reg[31]_i_440_n_0
    SLICE_X50Y89         CARRY4 (Prop_carry4_CI_CO[3])
                                                      0.117    67.465 r  U_timer/timer_cnt_reg[31]_i_269/CO[3]
                         net (fo=1, routed)           0.000    67.465    U_timer/timer_cnt_reg[31]_i_269_n_0
    SLICE_X50Y90         CARRY4 (Prop_carry4_CI_CO[3])
                                                      0.117    67.582 r  U_timer/timer_cnt_reg[31]_i_124/CO[3]
                         net (fo=1, routed)           0.000    67.582    U_timer/timer_cnt_reg[31]_i_124_n_0
    SLICE_X50Y91         CARRY4 (Prop_carry4_CI_CO[1])
                                                      0.157    67.739 r  U_timer/timer_cnt_reg[31]_i_53/CO[1]
                         net (fo=37, routed)          0.905    68.644    U_timer/freq_div_reg[31]_44[0]
    SLICE_X49Y87         LUT2 (Prop_lut2_I1_O)        0.332    68.976 r  U_timer/timer_cnt[31]_i_1323/O
                         net (fo=1, routed)           0.000    68.976    U_timer/timer_cnt[31]_i_1323_n_0
    SLICE_X49Y87         CARRY4 (Prop_carry4_S[1]_CO[3])
                                                      0.550    69.526 r  U_timer/timer_cnt_reg[31]_i_1224/CO[3]
                         net (fo=1, routed)           0.000    69.526    U_timer/timer_cnt_reg[31]_i_1224_n_0
    SLICE_X49Y88         CARRY4 (Prop_carry4_CI_CO[3])
                                                      0.114    69.640 r  U_timer/timer_cnt_reg[31]_i_1081/CO[3]
                         net (fo=1, routed)           0.000    69.640    U_timer/timer_cnt_reg[31]_i_1081_n_0
    SLICE_X49Y89         CARRY4 (Prop_carry4_CI_CO[3])
                                                      0.114    69.754 r  U_timer/timer_cnt_reg[31]_i_927/CO[3]
                         net (fo=1, routed)           0.000    69.754    U_timer/timer_cnt_reg[31]_i_927_n_0
    SLICE_X49Y90         CARRY4 (Prop_carry4_CI_CO[3])
                                                      0.114    69.868 r  U_timer/timer_cnt_reg[31]_i_773/CO[3]
                         net (fo=1, routed)           0.000    69.868    U_timer/timer_cnt_reg[31]_i_773_n_0
    SLICE_X49Y91         CARRY4 (Prop_carry4_CI_CO[3])
                                                      0.114    69.982 r  U_timer/timer_cnt_reg[31]_i_619/CO[3]
                         net (fo=1, routed)           0.000    69.982    U_timer/timer_cnt_reg[31]_i_619_n_0
    SLICE_X49Y92         CARRY4 (Prop_carry4_CI_CO[3])
                                                      0.114    70.096 r  U_timer/timer_cnt_reg[31]_i_465/CO[3]
                         net (fo=1, routed)           0.000    70.096    U_timer/timer_cnt_reg[31]_i_465_n_0
    SLICE_X49Y93         CARRY4 (Prop_carry4_CI_CO[3])
                                                      0.114    70.210 r  U_timer/timer_cnt_reg[31]_i_291/CO[3]
                         net (fo=1, routed)           0.000    70.210    U_timer/timer_cnt_reg[31]_i_291_n_0
    SLICE_X49Y94         CARRY4 (Prop_carry4_CI_CO[3])
                                                      0.114    70.324 r  U_timer/timer_cnt_reg[31]_i_280/CO[3]
                         net (fo=1, routed)           0.000    70.324    U_timer/timer_cnt_reg[31]_i_280_n_0
    SLICE_X49Y95         CARRY4 (Prop_carry4_CI_CO[1])
                                                      0.157    70.481 r  U_timer/timer_cnt_reg[31]_i_129/CO[1]
                         net (fo=37, routed)          0.917    71.398    U_timer/freq_div_reg[31]_46[0]
    SLICE_X48Y88         LUT2 (Prop_lut2_I1_O)        0.329    71.727 r  U_timer/timer_cnt[31]_i_1319/O
                         net (fo=1, routed)           0.000    71.727    U_timer/timer_cnt[31]_i_1319_n_0
    SLICE_X48Y88         CARRY4 (Prop_carry4_S[1]_CO[3])
                                                      0.550    72.277 r  U_timer/timer_cnt_reg[31]_i_1219/CO[3]
                         net (fo=1, routed)           0.000    72.277    U_timer/timer_cnt_reg[31]_i_1219_n_0
    SLICE_X48Y89         CARRY4 (Prop_carry4_CI_CO[3])
                                                      0.114    72.391 r  U_timer/timer_cnt_reg[31]_i_1076/CO[3]
                         net (fo=1, routed)           0.000    72.391    U_timer/timer_cnt_reg[31]_i_1076_n_0
    SLICE_X48Y90         CARRY4 (Prop_carry4_CI_CO[3])
                                                      0.114    72.505 r  U_timer/timer_cnt_reg[31]_i_922/CO[3]
                         net (fo=1, routed)           0.000    72.505    U_timer/timer_cnt_reg[31]_i_922_n_0
    SLICE_X48Y91         CARRY4 (Prop_carry4_CI_CO[3])
                                                      0.114    72.619 r  U_timer/timer_cnt_reg[31]_i_768/CO[3]
                         net (fo=1, routed)           0.000    72.619    U_timer/timer_cnt_reg[31]_i_768_n_0
    SLICE_X48Y92         CARRY4 (Prop_carry4_CI_CO[3])
                                                      0.114    72.733 r  U_timer/timer_cnt_reg[31]_i_614/CO[3]
                         net (fo=1, routed)           0.000    72.733    U_timer/timer_cnt_reg[31]_i_614_n_0
    SLICE_X48Y93         CARRY4 (Prop_carry4_CI_CO[3])
                                                      0.114    72.847 r  U_timer/timer_cnt_reg[31]_i_460/CO[3]
                         net (fo=1, routed)           0.000    72.847    U_timer/timer_cnt_reg[31]_i_460_n_0
    SLICE_X48Y94         CARRY4 (Prop_carry4_CI_CO[3])
                                                      0.114    72.961 r  U_timer/timer_cnt_reg[31]_i_286/CO[3]
                         net (fo=1, routed)           0.000    72.961    U_timer/timer_cnt_reg[31]_i_286_n_0
    SLICE_X48Y95         CARRY4 (Prop_carry4_CI_CO[3])
                                                      0.114    73.075 r  U_timer/timer_cnt_reg[31]_i_131/CO[3]
                         net (fo=1, routed)           0.000    73.075    U_timer/timer_cnt_reg[31]_i_131_n_0
    SLICE_X48Y96         CARRY4 (Prop_carry4_CI_CO[1])
                                                      0.157    73.232 r  U_timer/timer_cnt_reg[31]_i_128/CO[1]
                         net (fo=37, routed)          1.103    74.336    U_timer/freq_div_reg[31]_48[0]
    SLICE_X46Y85         LUT2 (Prop_lut2_I1_O)        0.329    74.665 r  U_timer/timer_cnt[31]_i_1315/O
                         net (fo=1, routed)           0.000    74.665    U_timer/timer_cnt[31]_i_1315_n_0
    SLICE_X46Y85         CARRY4 (Prop_carry4_S[1]_CO[3])
                                                      0.533    75.198 r  U_timer/timer_cnt_reg[31]_i_1218/CO[3]
                         net (fo=1, routed)           0.000    75.198    U_timer/timer_cnt_reg[31]_i_1218_n_0
    SLICE_X46Y86         CARRY4 (Prop_carry4_CI_CO[3])
                                                      0.117    75.315 r  U_timer/timer_cnt_reg[31]_i_1075/CO[3]
                         net (fo=1, routed)           0.000    75.315    U_timer/timer_cnt_reg[31]_i_1075_n_0
    SLICE_X46Y87         CARRY4 (Prop_carry4_CI_CO[3])
                                                      0.117    75.432 r  U_timer/timer_cnt_reg[31]_i_921/CO[3]
                         net (fo=1, routed)           0.000    75.432    U_timer/timer_cnt_reg[31]_i_921_n_0
    SLICE_X46Y88         CARRY4 (Prop_carry4_CI_CO[3])
                                                      0.117    75.549 r  U_timer/timer_cnt_reg[31]_i_767/CO[3]
                         net (fo=1, routed)           0.000    75.549    U_timer/timer_cnt_reg[31]_i_767_n_0
    SLICE_X46Y89         CARRY4 (Prop_carry4_CI_CO[3])
                                                      0.117    75.666 r  U_timer/timer_cnt_reg[31]_i_613/CO[3]
                         net (fo=1, routed)           0.000    75.666    U_timer/timer_cnt_reg[31]_i_613_n_0
    SLICE_X46Y90         CARRY4 (Prop_carry4_CI_CO[3])
                                                      0.117    75.783 r  U_timer/timer_cnt_reg[31]_i_459/CO[3]
                         net (fo=1, routed)           0.000    75.783    U_timer/timer_cnt_reg[31]_i_459_n_0
    SLICE_X46Y91         CARRY4 (Prop_carry4_CI_CO[3])
                                                      0.117    75.900 r  U_timer/timer_cnt_reg[31]_i_285/CO[3]
                         net (fo=1, routed)           0.000    75.900    U_timer/timer_cnt_reg[31]_i_285_n_0
    SLICE_X46Y92         CARRY4 (Prop_carry4_CI_CO[3])
                                                      0.117    76.017 r  U_timer/timer_cnt_reg[31]_i_130/CO[3]
                         net (fo=1, routed)           0.000    76.017    U_timer/timer_cnt_reg[31]_i_130_n_0
    SLICE_X46Y93         CARRY4 (Prop_carry4_CI_CO[1])
                                                      0.157    76.174 r  U_timer/timer_cnt_reg[31]_i_55/CO[1]
                         net (fo=37, routed)          1.066    77.240    U_timer/freq_div_reg[31]_50[0]
    SLICE_X45Y85         LUT2 (Prop_lut2_I1_O)        0.332    77.572 r  U_timer/timer_cnt[31]_i_1346/O
                         net (fo=1, routed)           0.000    77.572    U_timer/timer_cnt[31]_i_1346_n_0
    SLICE_X45Y85         CARRY4 (Prop_carry4_S[1]_CO[3])
                                                      0.550    78.122 r  U_timer/timer_cnt_reg[31]_i_1325/CO[3]
                         net (fo=1, routed)           0.000    78.122    U_timer/timer_cnt_reg[31]_i_1325_n_0
    SLICE_X45Y86         CARRY4 (Prop_carry4_CI_CO[3])
                                                      0.114    78.236 r  U_timer/timer_cnt_reg[31]_i_1234/CO[3]
                         net (fo=1, routed)           0.000    78.236    U_timer/timer_cnt_reg[31]_i_1234_n_0
    SLICE_X45Y87         CARRY4 (Prop_carry4_CI_CO[3])
                                                      0.114    78.350 r  U_timer/timer_cnt_reg[31]_i_1091/CO[3]
                         net (fo=1, routed)           0.000    78.350    U_timer/timer_cnt_reg[31]_i_1091_n_0
    SLICE_X45Y88         CARRY4 (Prop_carry4_CI_CO[3])
                                                      0.114    78.464 r  U_timer/timer_cnt_reg[31]_i_937/CO[3]
                         net (fo=1, routed)           0.000    78.464    U_timer/timer_cnt_reg[31]_i_937_n_0
    SLICE_X45Y89         CARRY4 (Prop_carry4_CI_CO[3])
                                                      0.114    78.578 r  U_timer/timer_cnt_reg[31]_i_783/CO[3]
                         net (fo=1, routed)           0.000    78.578    U_timer/timer_cnt_reg[31]_i_783_n_0
    SLICE_X45Y90         CARRY4 (Prop_carry4_CI_CO[3])
                                                      0.114    78.692 r  U_timer/timer_cnt_reg[31]_i_629/CO[3]
                         net (fo=1, routed)           0.000    78.692    U_timer/timer_cnt_reg[31]_i_629_n_0
    SLICE_X45Y91         CARRY4 (Prop_carry4_CI_CO[3])
                                                      0.114    78.806 r  U_timer/timer_cnt_reg[31]_i_475/CO[3]
                         net (fo=1, routed)           0.000    78.806    U_timer/timer_cnt_reg[31]_i_475_n_0
    SLICE_X45Y92         CARRY4 (Prop_carry4_CI_CO[3])
                                                      0.114    78.920 r  U_timer/timer_cnt_reg[31]_i_297/CO[3]
                         net (fo=1, routed)           0.000    78.920    U_timer/timer_cnt_reg[31]_i_297_n_0
    SLICE_X45Y93         CARRY4 (Prop_carry4_CI_CO[1])
                                                      0.157    79.077 r  U_timer/timer_cnt_reg[31]_i_135/CO[1]
                         net (fo=37, routed)          0.917    79.994    U_timer/freq_div_reg[31]_52[0]
    SLICE_X44Y86         LUT2 (Prop_lut2_I1_O)        0.329    80.323 r  U_timer/timer_cnt[31]_i_1342/O
                         net (fo=1, routed)           0.000    80.323    U_timer/timer_cnt[31]_i_1342_n_0
    SLICE_X44Y86         CARRY4 (Prop_carry4_S[1]_CO[3])
                                                      0.550    80.873 r  U_timer/timer_cnt_reg[31]_i_1324/CO[3]
                         net (fo=1, routed)           0.000    80.873    U_timer/timer_cnt_reg[31]_i_1324_n_0
    SLICE_X44Y87         CARRY4 (Prop_carry4_CI_CO[3])
                                                      0.114    80.987 r  U_timer/timer_cnt_reg[31]_i_1233/CO[3]
                         net (fo=1, routed)           0.000    80.987    U_timer/timer_cnt_reg[31]_i_1233_n_0
    SLICE_X44Y88         CARRY4 (Prop_carry4_CI_CO[3])
                                                      0.114    81.101 r  U_timer/timer_cnt_reg[31]_i_1090/CO[3]
                         net (fo=1, routed)           0.000    81.101    U_timer/timer_cnt_reg[31]_i_1090_n_0
    SLICE_X44Y89         CARRY4 (Prop_carry4_CI_CO[3])
                                                      0.114    81.215 r  U_timer/timer_cnt_reg[31]_i_936/CO[3]
                         net (fo=1, routed)           0.000    81.215    U_timer/timer_cnt_reg[31]_i_936_n_0
    SLICE_X44Y90         CARRY4 (Prop_carry4_CI_CO[3])
                                                      0.114    81.329 r  U_timer/timer_cnt_reg[31]_i_782/CO[3]
                         net (fo=1, routed)           0.000    81.329    U_timer/timer_cnt_reg[31]_i_782_n_0
    SLICE_X44Y91         CARRY4 (Prop_carry4_CI_CO[3])
                                                      0.114    81.443 r  U_timer/timer_cnt_reg[31]_i_628/CO[3]
                         net (fo=1, routed)           0.000    81.443    U_timer/timer_cnt_reg[31]_i_628_n_0
    SLICE_X44Y92         CARRY4 (Prop_carry4_CI_CO[3])
                                                      0.114    81.557 r  U_timer/timer_cnt_reg[31]_i_474/CO[3]
                         net (fo=1, routed)           0.000    81.557    U_timer/timer_cnt_reg[31]_i_474_n_0
    SLICE_X44Y93         CARRY4 (Prop_carry4_CI_CO[3])
                                                      0.114    81.671 r  U_timer/timer_cnt_reg[31]_i_296/CO[3]
                         net (fo=1, routed)           0.000    81.671    U_timer/timer_cnt_reg[31]_i_296_n_0
    SLICE_X44Y94         CARRY4 (Prop_carry4_CI_CO[1])
                                                      0.157    81.828 r  U_timer/timer_cnt_reg[31]_i_134/CO[1]
                         net (fo=37, routed)          1.042    82.869    U_timer/freq_div_reg[31]_54[0]
    SLICE_X43Y86         LUT2 (Prop_lut2_I1_O)        0.329    83.198 r  U_timer/timer_cnt[31]_i_1338/O
                         net (fo=1, routed)           0.000    83.198    U_timer/timer_cnt[31]_i_1338_n_0
    SLICE_X43Y86         CARRY4 (Prop_carry4_S[0]_CO[3])
                                                      0.532    83.730 r  U_timer/timer_cnt_reg[31]_i_1243/CO[3]
                         net (fo=1, routed)           0.000    83.730    U_timer/timer_cnt_reg[31]_i_1243_n_0
    SLICE_X43Y87         CARRY4 (Prop_carry4_CI_CO[3])
                                                      0.114    83.844 r  U_timer/timer_cnt_reg[31]_i_1100/CO[3]
                         net (fo=1, routed)           0.000    83.844    U_timer/timer_cnt_reg[31]_i_1100_n_0
    SLICE_X43Y88         CARRY4 (Prop_carry4_CI_CO[3])
                                                      0.114    83.958 r  U_timer/timer_cnt_reg[31]_i_946/CO[3]
                         net (fo=1, routed)           0.000    83.958    U_timer/timer_cnt_reg[31]_i_946_n_0
    SLICE_X43Y89         CARRY4 (Prop_carry4_CI_CO[3])
                                                      0.114    84.072 r  U_timer/timer_cnt_reg[31]_i_792/CO[3]
                         net (fo=1, routed)           0.000    84.072    U_timer/timer_cnt_reg[31]_i_792_n_0
    SLICE_X43Y90         CARRY4 (Prop_carry4_CI_CO[3])
                                                      0.114    84.186 r  U_timer/timer_cnt_reg[31]_i_638/CO[3]
                         net (fo=1, routed)           0.000    84.186    U_timer/timer_cnt_reg[31]_i_638_n_0
    SLICE_X43Y91         CARRY4 (Prop_carry4_CI_CO[3])
                                                      0.114    84.300 r  U_timer/timer_cnt_reg[31]_i_484/CO[3]
                         net (fo=1, routed)           0.000    84.300    U_timer/timer_cnt_reg[31]_i_484_n_0
    SLICE_X43Y92         CARRY4 (Prop_carry4_CI_CO[3])
                                                      0.114    84.414 r  U_timer/timer_cnt_reg[31]_i_302/CO[3]
                         net (fo=1, routed)           0.000    84.414    U_timer/timer_cnt_reg[31]_i_302_n_0
    SLICE_X43Y93         CARRY4 (Prop_carry4_CI_CO[3])
                                                      0.114    84.528 r  U_timer/timer_cnt_reg[31]_i_136/CO[3]
                         net (fo=1, routed)           0.000    84.528    U_timer/timer_cnt_reg[31]_i_136_n_0
    SLICE_X43Y94         CARRY4 (Prop_carry4_CI_CO[0])
                                                      0.271    84.799 r  U_timer/timer_cnt_reg[31]_i_57/CO[0]
                         net (fo=1, routed)           0.307    85.106    U_timer/timer_cnt_reg[31]_i_57_n_3
    SLICE_X45Y95         LUT4 (Prop_lut4_I3_O)        0.373    85.479 r  U_timer/timer_cnt[31]_i_25/O
                         net (fo=1, routed)           0.000    85.479    U_timer/timer_cnt[31]_i_25_n_0
    SLICE_X45Y95         CARRY4 (Prop_carry4_S[0]_CO[3])
                                                      0.532    86.011 r  U_timer/timer_cnt_reg[31]_i_12/CO[3]
                         net (fo=1, routed)           0.000    86.011    U_timer/timer_cnt_reg[31]_i_12_n_0
    SLICE_X45Y96         CARRY4 (Prop_carry4_CI_CO[3])
                                                      0.114    86.125 r  U_timer/timer_cnt_reg[31]_i_8/CO[3]
                         net (fo=1, routed)           0.000    86.125    U_timer/timer_cnt_reg[31]_i_8_n_0
    SLICE_X45Y97         CARRY4 (Prop_carry4_CI_CO[2])
                                                      0.228    86.353 f  U_timer/timer_cnt_reg[31]_i_3/CO[2]
                         net (fo=34, routed)          0.859    87.213    U_timer/cnt_reg[31]_0[0]
    SLICE_X47Y92         LUT2 (Prop_lut2_I1_O)        0.313    87.526 r  U_timer/cnt[0]_i_6/O
                         net (fo=1, routed)           0.000    87.526    U_timer/cnt[0]_i_6_n_0
    SLICE_X47Y92         CARRY4 (Prop_carry4_S[1]_CO[3])
                                                      0.550    88.076 r  U_timer/cnt_reg[0]_i_2/CO[3]
                         net (fo=1, routed)           0.000    88.076    U_timer/cnt_reg[0]_i_2_n_0
    SLICE_X47Y93         CARRY4 (Prop_carry4_CI_CO[3])
                                                      0.114    88.190 r  U_timer/cnt_reg[4]_i_1/CO[3]
                         net (fo=1, routed)           0.000    88.190    U_timer/cnt_reg[4]_i_1_n_0
    SLICE_X47Y94         CARRY4 (Prop_carry4_CI_CO[3])
                                                      0.114    88.304 r  U_timer/cnt_reg[8]_i_1/CO[3]
                         net (fo=1, routed)           0.000    88.304    U_timer/cnt_reg[8]_i_1_n_0
    SLICE_X47Y95         CARRY4 (Prop_carry4_CI_CO[3])
                                                      0.114    88.418 r  U_timer/cnt_reg[12]_i_1/CO[3]
                         net (fo=1, routed)           0.000    88.418    U_timer/cnt_reg[12]_i_1_n_0
    SLICE_X47Y96         CARRY4 (Prop_carry4_CI_CO[3])
                                                      0.114    88.532 r  U_timer/cnt_reg[16]_i_1/CO[3]
                         net (fo=1, routed)           0.000    88.532    U_timer/cnt_reg[16]_i_1_n_0
    SLICE_X47Y97         CARRY4 (Prop_carry4_CI_CO[3])
                                                      0.114    88.646 r  U_timer/cnt_reg[20]_i_1/CO[3]
                         net (fo=1, routed)           0.000    88.646    U_timer/cnt_reg[20]_i_1_n_0
    SLICE_X47Y98         CARRY4 (Prop_carry4_CI_CO[3])
                                                      0.114    88.760 r  U_timer/cnt_reg[24]_i_1/CO[3]
                         net (fo=1, routed)           0.000    88.760    U_timer/cnt_reg[24]_i_1_n_0
    SLICE_X47Y99         CARRY4 (Prop_carry4_CI_O[3])
                                                      0.313    89.073 r  U_timer/cnt_reg[28]_i_1/O[3]
                         net (fo=1, routed)           0.000    89.073    U_timer/cnt_reg[28]_i_1_n_4
    SLICE_X47Y99         FDCE                                         r  U_timer/cnt_reg[31]/D
  -------------------------------------------------------------------    -------------------

                         (clock clk_out1_cpuclk rise edge)
                                                     40.000    40.000 r  
    Y18                                               0.000    40.000 r  fpga_clk (IN)
                         net (fo=0)                   0.000    40.000    Clkgen/inst/clk_in1
    Y18                  IBUF (Prop_ibuf_I_O)         1.474    41.474 r  Clkgen/inst/clkin1_ibufg/O
                         net (fo=1, routed)           1.181    42.655    Clkgen/inst/clk_in1_cpuclk
    PLLE2_ADV_X0Y1       PLLE2_ADV (Prop_plle2_adv_CLKIN1_CLKOUT0)
                                                     -7.855    34.800 r  Clkgen/inst/plle2_adv_inst/CLKOUT0
                         net (fo=1, routed)           1.625    36.425    Clkgen/inst/clk_out1_cpuclk
    BUFGCTRL_X0Y2        BUFG (Prop_bufg_I_O)         0.091    36.516 r  Clkgen/inst/clkout1_buf/O
                         net (fo=1, routed)           1.895    38.411    pll_clk
    SLICE_X52Y96         LUT2 (Prop_lut2_I0_O)        0.100    38.511 r  cpu_clk_BUFG_inst_i_1/O
                         net (fo=1, routed)           0.511    39.023    cpu_clk
    BUFGCTRL_X0Y0        BUFG (Prop_bufg_I_O)         0.091    39.114 r  cpu_clk_BUFG_inst/O
                         net (fo=8506, routed)        1.511    40.625    U_timer/cpu_clk_BUFG
    SLICE_X47Y99         FDCE                                         r  U_timer/cnt_reg[31]/C
                         clock pessimism             -0.195    40.431    
                         clock uncertainty           -0.180    40.251    
    SLICE_X47Y99         FDCE (Setup_fdce_C_D)        0.062    40.313    U_timer/cnt_reg[31]
  -------------------------------------------------------------------
                         required time                         40.313    
                         arrival time                         -89.073    
  -------------------------------------------------------------------
                         slack                                -48.760    

Slack (VIOLATED) :        -48.686ns  (required time - arrival time)
  Source:                 U_timer/freq_div_reg[1]/C
                            (rising edge-triggered cell FDCE clocked by clk_out1_cpuclk  {rise@0.000ns fall@20.000ns period=40.000ns})
  Destination:            U_timer/cnt_reg[30]/D
                            (rising edge-triggered cell FDCE clocked by clk_out1_cpuclk  {rise@0.000ns fall@20.000ns period=40.000ns})
  Path Group:             clk_out1_cpuclk
  Path Type:              Setup (Max at Slow Process Corner)
  Requirement:            40.000ns  (clk_out1_cpuclk rise@40.000ns - clk_out1_cpuclk rise@0.000ns)
  Data Path Delay:        88.469ns  (logic 58.330ns (65.933%)  route 30.139ns (34.067%))
  Logic Levels:           310  (CARRY4=280 LUT1=1 LUT2=27 LUT3=1 LUT4=1)
  Clock Path Skew:        -0.099ns (DCD - SCD + CPR)
    Destination Clock Delay (DCD):    0.625ns = ( 40.625 - 40.000 ) 
    Source Clock Delay      (SCD):    0.530ns
    Clock Pessimism Removal (CPR):    -0.195ns
  Clock Uncertainty:      0.180ns  ((TSJ^2 + DJ^2)^1/2) / 2 + PE
    Total System Jitter     (TSJ):    0.071ns
    Discrete Jitter          (DJ):    0.352ns
    Phase Error              (PE):    0.000ns

    Location             Delay type                Incr(ns)  Path(ns)    Netlist Resource(s)
  -------------------------------------------------------------------    -------------------
                         (clock clk_out1_cpuclk rise edge)
                                                      0.000     0.000 r  
    Y18                                               0.000     0.000 r  fpga_clk (IN)
                         net (fo=0)                   0.000     0.000    Clkgen/inst/clk_in1
    Y18                  IBUF (Prop_ibuf_I_O)         1.545     1.545 r  Clkgen/inst/clkin1_ibufg/O
                         net (fo=1, routed)           1.253     2.798    Clkgen/inst/clk_in1_cpuclk
    PLLE2_ADV_X0Y1       PLLE2_ADV (Prop_plle2_adv_CLKIN1_CLKOUT0)
                                                     -8.590    -5.792 r  Clkgen/inst/plle2_adv_inst/CLKOUT0
                         net (fo=1, routed)           1.704    -4.087    Clkgen/inst/clk_out1_cpuclk
    BUFGCTRL_X0Y2        BUFG (Prop_bufg_I_O)         0.096    -3.991 r  Clkgen/inst/clkout1_buf/O
                         net (fo=1, routed)           2.115    -1.876    pll_clk
    SLICE_X52Y96         LUT2 (Prop_lut2_I0_O)        0.124    -1.752 r  cpu_clk_BUFG_inst_i_1/O
                         net (fo=1, routed)           0.567    -1.185    cpu_clk
    BUFGCTRL_X0Y0        BUFG (Prop_bufg_I_O)         0.096    -1.089 r  cpu_clk_BUFG_inst/O
                         net (fo=8506, routed)        1.618     0.530    U_timer/cpu_clk_BUFG
    SLICE_X55Y63         FDCE                                         r  U_timer/freq_div_reg[1]/C
  -------------------------------------------------------------------    -------------------
    SLICE_X55Y63         FDCE (Prop_fdce_C_Q)         0.456     0.986 f  U_timer/freq_div_reg[1]/Q
                         net (fo=32, routed)          0.449     1.435    U_timer/freq_div_reg_n_0_[1]
    SLICE_X53Y63         LUT1 (Prop_lut1_I0_O)        0.124     1.559 r  U_timer/timer_cnt[31]_i_1177/O
                         net (fo=1, routed)           0.000     1.559    U_timer/timer_cnt[31]_i_1177_n_0
    SLICE_X53Y63         CARRY4 (Prop_carry4_S[1]_CO[3])
                                                      0.550     2.109 r  U_timer/timer_cnt_reg[31]_i_1017/CO[3]
                         net (fo=1, routed)           0.000     2.109    U_timer/timer_cnt_reg[31]_i_1017_n_0
    SLICE_X53Y64         CARRY4 (Prop_carry4_CI_CO[3])
                                                      0.114     2.223 r  U_timer/timer_cnt_reg[31]_i_863/CO[3]
                         net (fo=1, routed)           0.000     2.223    U_timer/timer_cnt_reg[31]_i_863_n_0
    SLICE_X53Y65         CARRY4 (Prop_carry4_CI_CO[3])
                                                      0.114     2.337 r  U_timer/timer_cnt_reg[31]_i_709/CO[3]
                         net (fo=1, routed)           0.000     2.337    U_timer/timer_cnt_reg[31]_i_709_n_0
    SLICE_X53Y66         CARRY4 (Prop_carry4_CI_CO[3])
                                                      0.114     2.451 r  U_timer/timer_cnt_reg[31]_i_555/CO[3]
                         net (fo=1, routed)           0.000     2.451    U_timer/timer_cnt_reg[31]_i_555_n_0
    SLICE_X53Y67         CARRY4 (Prop_carry4_CI_CO[3])
                                                      0.114     2.565 r  U_timer/timer_cnt_reg[31]_i_389/CO[3]
                         net (fo=1, routed)           0.000     2.565    U_timer/timer_cnt_reg[31]_i_389_n_0
    SLICE_X53Y68         CARRY4 (Prop_carry4_CI_CO[3])
                                                      0.114     2.679 r  U_timer/timer_cnt_reg[31]_i_216/CO[3]
                         net (fo=1, routed)           0.000     2.679    U_timer/timer_cnt_reg[31]_i_216_n_0
    SLICE_X53Y69         CARRY4 (Prop_carry4_CI_CO[3])
                                                      0.114     2.793 r  U_timer/timer_cnt_reg[31]_i_95/CO[3]
                         net (fo=1, routed)           0.000     2.793    U_timer/timer_cnt_reg[31]_i_95_n_0
    SLICE_X53Y70         CARRY4 (Prop_carry4_CI_CO[3])
                                                      0.114     2.907 r  U_timer/timer_cnt_reg[31]_i_82/CO[3]
                         net (fo=1, routed)           0.000     2.907    U_timer/timer_cnt_reg[31]_i_82_n_0
    SLICE_X53Y71         CARRY4 (Prop_carry4_CI_CO[0])
                                                      0.271     3.178 r  U_timer/timer_cnt_reg[31]_i_35/CO[0]
                         net (fo=36, routed)          0.951     4.129    U_timer/CO[0]
    SLICE_X54Y67         CARRY4 (Prop_carry4_CYINIT_CO[3])
                                                      0.844     4.973 r  U_timer/timer_cnt_reg[31]_i_1012/CO[3]
                         net (fo=1, routed)           0.000     4.973    U_timer/timer_cnt_reg[31]_i_1012_n_0
    SLICE_X54Y68         CARRY4 (Prop_carry4_CI_CO[3])
                                                      0.117     5.090 r  U_timer/timer_cnt_reg[31]_i_858/CO[3]
                         net (fo=1, routed)           0.000     5.090    U_timer/timer_cnt_reg[31]_i_858_n_0
    SLICE_X54Y69         CARRY4 (Prop_carry4_CI_CO[3])
                                                      0.117     5.207 r  U_timer/timer_cnt_reg[31]_i_704/CO[3]
                         net (fo=1, routed)           0.000     5.207    U_timer/timer_cnt_reg[31]_i_704_n_0
    SLICE_X54Y70         CARRY4 (Prop_carry4_CI_CO[3])
                                                      0.117     5.324 r  U_timer/timer_cnt_reg[31]_i_550/CO[3]
                         net (fo=1, routed)           0.000     5.324    U_timer/timer_cnt_reg[31]_i_550_n_0
    SLICE_X54Y71         CARRY4 (Prop_carry4_CI_CO[3])
                                                      0.117     5.441 r  U_timer/timer_cnt_reg[31]_i_384/CO[3]
                         net (fo=1, routed)           0.000     5.441    U_timer/timer_cnt_reg[31]_i_384_n_0
    SLICE_X54Y72         CARRY4 (Prop_carry4_CI_CO[3])
                                                      0.117     5.558 r  U_timer/timer_cnt_reg[31]_i_211/CO[3]
                         net (fo=1, routed)           0.000     5.558    U_timer/timer_cnt_reg[31]_i_211_n_0
    SLICE_X54Y73         CARRY4 (Prop_carry4_CI_CO[3])
                                                      0.117     5.675 r  U_timer/timer_cnt_reg[31]_i_90/CO[3]
                         net (fo=1, routed)           0.000     5.675    U_timer/timer_cnt_reg[31]_i_90_n_0
    SLICE_X54Y74         CARRY4 (Prop_carry4_CI_CO[3])
                                                      0.117     5.792 r  U_timer/timer_cnt_reg[31]_i_41/CO[3]
                         net (fo=1, routed)           0.009     5.801    U_timer/timer_cnt_reg[31]_i_41_n_0
    SLICE_X54Y75         CARRY4 (Prop_carry4_CI_CO[1])
                                                      0.157     5.958 r  U_timer/timer_cnt_reg[31]_i_34/CO[1]
                         net (fo=36, routed)          1.178     7.136    U_timer/freq_div_reg[31]_0[0]
    SLICE_X55Y68         LUT3 (Prop_lut3_I0_O)        0.332     7.468 r  U_timer/timer_cnt[31]_i_1015/O
                         net (fo=1, routed)           0.000     7.468    U_timer/timer_cnt[31]_i_1015_n_0
    SLICE_X55Y68         CARRY4 (Prop_carry4_S[1]_CO[3])
                                                      0.550     8.018 r  U_timer/timer_cnt_reg[31]_i_857/CO[3]
                         net (fo=1, routed)           0.000     8.018    U_timer/timer_cnt_reg[31]_i_857_n_0
    SLICE_X55Y69         CARRY4 (Prop_carry4_CI_CO[3])
                                                      0.114     8.132 r  U_timer/timer_cnt_reg[31]_i_703/CO[3]
                         net (fo=1, routed)           0.000     8.132    U_timer/timer_cnt_reg[31]_i_703_n_0
    SLICE_X55Y70         CARRY4 (Prop_carry4_CI_CO[3])
                                                      0.114     8.246 r  U_timer/timer_cnt_reg[31]_i_549/CO[3]
                         net (fo=1, routed)           0.000     8.246    U_timer/timer_cnt_reg[31]_i_549_n_0
    SLICE_X55Y71         CARRY4 (Prop_carry4_CI_CO[3])
                                                      0.114     8.360 r  U_timer/timer_cnt_reg[31]_i_383/CO[3]
                         net (fo=1, routed)           0.000     8.360    U_timer/timer_cnt_reg[31]_i_383_n_0
    SLICE_X55Y72         CARRY4 (Prop_carry4_CI_CO[3])
                                                      0.114     8.474 r  U_timer/timer_cnt_reg[31]_i_210/CO[3]
                         net (fo=1, routed)           0.000     8.474    U_timer/timer_cnt_reg[31]_i_210_n_0
    SLICE_X55Y73         CARRY4 (Prop_carry4_CI_CO[3])
                                                      0.114     8.588 r  U_timer/timer_cnt_reg[31]_i_89/CO[3]
                         net (fo=1, routed)           0.000     8.588    U_timer/timer_cnt_reg[31]_i_89_n_0
    SLICE_X55Y74         CARRY4 (Prop_carry4_CI_CO[3])
                                                      0.114     8.702 r  U_timer/timer_cnt_reg[31]_i_40/CO[3]
                         net (fo=1, routed)           0.009     8.711    U_timer/timer_cnt_reg[31]_i_40_n_0
    SLICE_X55Y75         CARRY4 (Prop_carry4_CI_CO[1])
                                                      0.157     8.868 r  U_timer/timer_cnt_reg[31]_i_19/CO[1]
                         net (fo=37, routed)          0.953     9.821    U_timer/freq_div_reg[31]_2[0]
    SLICE_X52Y66         LUT2 (Prop_lut2_I1_O)        0.329    10.150 r  U_timer/timer_cnt[31]_i_1187/O
                         net (fo=1, routed)           0.000    10.150    U_timer/timer_cnt[31]_i_1187_n_0
    SLICE_X52Y66         CARRY4 (Prop_carry4_S[1]_CO[3])
                                                      0.550    10.700 r  U_timer/timer_cnt_reg[31]_i_1036/CO[3]
                         net (fo=1, routed)           0.000    10.700    U_timer/timer_cnt_reg[31]_i_1036_n_0
    SLICE_X52Y67         CARRY4 (Prop_carry4_CI_CO[3])
                                                      0.114    10.814 r  U_timer/timer_cnt_reg[31]_i_882/CO[3]
                         net (fo=1, routed)           0.000    10.814    U_timer/timer_cnt_reg[31]_i_882_n_0
    SLICE_X52Y68         CARRY4 (Prop_carry4_CI_CO[3])
                                                      0.114    10.928 r  U_timer/timer_cnt_reg[31]_i_728/CO[3]
                         net (fo=1, routed)           0.000    10.928    U_timer/timer_cnt_reg[31]_i_728_n_0
    SLICE_X52Y69         CARRY4 (Prop_carry4_CI_CO[3])
                                                      0.114    11.042 r  U_timer/timer_cnt_reg[31]_i_574/CO[3]
                         net (fo=1, routed)           0.000    11.042    U_timer/timer_cnt_reg[31]_i_574_n_0
    SLICE_X52Y70         CARRY4 (Prop_carry4_CI_CO[3])
                                                      0.114    11.156 r  U_timer/timer_cnt_reg[31]_i_408/CO[3]
                         net (fo=1, routed)           0.000    11.156    U_timer/timer_cnt_reg[31]_i_408_n_0
    SLICE_X52Y71         CARRY4 (Prop_carry4_CI_CO[3])
                                                      0.114    11.270 r  U_timer/timer_cnt_reg[31]_i_239/CO[3]
                         net (fo=1, routed)           0.000    11.270    U_timer/timer_cnt_reg[31]_i_239_n_0
    SLICE_X52Y72         CARRY4 (Prop_carry4_CI_CO[3])
                                                      0.114    11.384 r  U_timer/timer_cnt_reg[31]_i_111/CO[3]
                         net (fo=1, routed)           0.000    11.384    U_timer/timer_cnt_reg[31]_i_111_n_0
    SLICE_X52Y73         CARRY4 (Prop_carry4_CI_CO[3])
                                                      0.114    11.498 r  U_timer/timer_cnt_reg[31]_i_100/CO[3]
                         net (fo=1, routed)           0.000    11.498    U_timer/timer_cnt_reg[31]_i_100_n_0
    SLICE_X52Y74         CARRY4 (Prop_carry4_CI_CO[1])
                                                      0.157    11.655 r  U_timer/timer_cnt_reg[31]_i_45/CO[1]
                         net (fo=36, routed)          1.050    12.705    U_timer/freq_div_reg[31]_4[0]
    SLICE_X48Y65         LUT2 (Prop_lut2_I1_O)        0.329    13.034 r  U_timer/timer_cnt[31]_i_1183/O
                         net (fo=1, routed)           0.000    13.034    U_timer/timer_cnt[31]_i_1183_n_0
    SLICE_X48Y65         CARRY4 (Prop_carry4_S[1]_CO[3])
                                                      0.550    13.584 r  U_timer/timer_cnt_reg[31]_i_1031/CO[3]
                         net (fo=1, routed)           0.000    13.584    U_timer/timer_cnt_reg[31]_i_1031_n_0
    SLICE_X48Y66         CARRY4 (Prop_carry4_CI_CO[3])
                                                      0.114    13.698 r  U_timer/timer_cnt_reg[31]_i_877/CO[3]
                         net (fo=1, routed)           0.000    13.698    U_timer/timer_cnt_reg[31]_i_877_n_0
    SLICE_X48Y67         CARRY4 (Prop_carry4_CI_CO[3])
                                                      0.114    13.812 r  U_timer/timer_cnt_reg[31]_i_723/CO[3]
                         net (fo=1, routed)           0.000    13.812    U_timer/timer_cnt_reg[31]_i_723_n_0
    SLICE_X48Y68         CARRY4 (Prop_carry4_CI_CO[3])
                                                      0.114    13.926 r  U_timer/timer_cnt_reg[31]_i_569/CO[3]
                         net (fo=1, routed)           0.000    13.926    U_timer/timer_cnt_reg[31]_i_569_n_0
    SLICE_X48Y69         CARRY4 (Prop_carry4_CI_CO[3])
                                                      0.114    14.040 r  U_timer/timer_cnt_reg[31]_i_403/CO[3]
                         net (fo=1, routed)           0.000    14.040    U_timer/timer_cnt_reg[31]_i_403_n_0
    SLICE_X48Y70         CARRY4 (Prop_carry4_CI_CO[3])
                                                      0.114    14.154 r  U_timer/timer_cnt_reg[31]_i_234/CO[3]
                         net (fo=1, routed)           0.000    14.154    U_timer/timer_cnt_reg[31]_i_234_n_0
    SLICE_X48Y71         CARRY4 (Prop_carry4_CI_CO[3])
                                                      0.114    14.268 r  U_timer/timer_cnt_reg[31]_i_106/CO[3]
                         net (fo=1, routed)           0.000    14.268    U_timer/timer_cnt_reg[31]_i_106_n_0
    SLICE_X48Y72         CARRY4 (Prop_carry4_CI_CO[3])
                                                      0.114    14.382 r  U_timer/timer_cnt_reg[31]_i_47/CO[3]
                         net (fo=1, routed)           0.000    14.382    U_timer/timer_cnt_reg[31]_i_47_n_0
    SLICE_X48Y73         CARRY4 (Prop_carry4_CI_CO[1])
                                                      0.157    14.539 r  U_timer/timer_cnt_reg[31]_i_44/CO[1]
                         net (fo=36, routed)          0.901    15.440    U_timer/freq_div_reg[31]_6[0]
    SLICE_X49Y64         LUT2 (Prop_lut2_I1_O)        0.329    15.769 r  U_timer/timer_cnt[31]_i_1180/O
                         net (fo=1, routed)           0.000    15.769    U_timer/timer_cnt[31]_i_1180_n_0
    SLICE_X49Y64         CARRY4 (Prop_carry4_S[1]_CO[3])
                                                      0.550    16.319 r  U_timer/timer_cnt_reg[31]_i_1030/CO[3]
                         net (fo=1, routed)           0.000    16.319    U_timer/timer_cnt_reg[31]_i_1030_n_0
    SLICE_X49Y65         CARRY4 (Prop_carry4_CI_CO[3])
                                                      0.114    16.433 r  U_timer/timer_cnt_reg[31]_i_876/CO[3]
                         net (fo=1, routed)           0.000    16.433    U_timer/timer_cnt_reg[31]_i_876_n_0
    SLICE_X49Y66         CARRY4 (Prop_carry4_CI_CO[3])
                                                      0.114    16.547 r  U_timer/timer_cnt_reg[31]_i_722/CO[3]
                         net (fo=1, routed)           0.000    16.547    U_timer/timer_cnt_reg[31]_i_722_n_0
    SLICE_X49Y67         CARRY4 (Prop_carry4_CI_CO[3])
                                                      0.114    16.661 r  U_timer/timer_cnt_reg[31]_i_568/CO[3]
                         net (fo=1, routed)           0.000    16.661    U_timer/timer_cnt_reg[31]_i_568_n_0
    SLICE_X49Y68         CARRY4 (Prop_carry4_CI_CO[3])
                                                      0.114    16.775 r  U_timer/timer_cnt_reg[31]_i_402/CO[3]
                         net (fo=1, routed)           0.000    16.775    U_timer/timer_cnt_reg[31]_i_402_n_0
    SLICE_X49Y69         CARRY4 (Prop_carry4_CI_CO[3])
                                                      0.114    16.889 r  U_timer/timer_cnt_reg[31]_i_233/CO[3]
                         net (fo=1, routed)           0.000    16.889    U_timer/timer_cnt_reg[31]_i_233_n_0
    SLICE_X49Y70         CARRY4 (Prop_carry4_CI_CO[3])
                                                      0.114    17.003 r  U_timer/timer_cnt_reg[31]_i_105/CO[3]
                         net (fo=1, routed)           0.000    17.003    U_timer/timer_cnt_reg[31]_i_105_n_0
    SLICE_X49Y71         CARRY4 (Prop_carry4_CI_CO[3])
                                                      0.114    17.117 r  U_timer/timer_cnt_reg[31]_i_46/CO[3]
                         net (fo=1, routed)           0.000    17.117    U_timer/timer_cnt_reg[31]_i_46_n_0
    SLICE_X49Y72         CARRY4 (Prop_carry4_CI_CO[1])
                                                      0.157    17.274 r  U_timer/timer_cnt_reg[31]_i_21/CO[1]
                         net (fo=36, routed)          0.887    18.161    U_timer/freq_div_reg[31]_8[0]
    SLICE_X47Y64         LUT2 (Prop_lut2_I1_O)        0.329    18.490 r  U_timer/timer_cnt[31]_i_1258/O
                         net (fo=1, routed)           0.000    18.490    U_timer/timer_cnt[31]_i_1258_n_0
    SLICE_X47Y64         CARRY4 (Prop_carry4_S[1]_CO[3])
                                                      0.550    19.040 r  U_timer/timer_cnt_reg[31]_i_1111/CO[3]
                         net (fo=1, routed)           0.000    19.040    U_timer/timer_cnt_reg[31]_i_1111_n_0
    SLICE_X47Y65         CARRY4 (Prop_carry4_CI_CO[3])
                                                      0.114    19.154 r  U_timer/timer_cnt_reg[31]_i_957/CO[3]
                         net (fo=1, routed)           0.000    19.154    U_timer/timer_cnt_reg[31]_i_957_n_0
    SLICE_X47Y66         CARRY4 (Prop_carry4_CI_CO[3])
                                                      0.114    19.268 r  U_timer/timer_cnt_reg[31]_i_803/CO[3]
                         net (fo=1, routed)           0.000    19.268    U_timer/timer_cnt_reg[31]_i_803_n_0
    SLICE_X47Y67         CARRY4 (Prop_carry4_CI_CO[3])
                                                      0.114    19.382 r  U_timer/timer_cnt_reg[31]_i_649/CO[3]
                         net (fo=1, routed)           0.000    19.382    U_timer/timer_cnt_reg[31]_i_649_n_0
    SLICE_X47Y68         CARRY4 (Prop_carry4_CI_CO[3])
                                                      0.114    19.496 r  U_timer/timer_cnt_reg[31]_i_495/CO[3]
                         net (fo=1, routed)           0.000    19.496    U_timer/timer_cnt_reg[31]_i_495_n_0
    SLICE_X47Y69         CARRY4 (Prop_carry4_CI_CO[3])
                                                      0.114    19.610 r  U_timer/timer_cnt_reg[31]_i_317/CO[3]
                         net (fo=1, routed)           0.000    19.610    U_timer/timer_cnt_reg[31]_i_317_n_0
    SLICE_X47Y70         CARRY4 (Prop_carry4_CI_CO[3])
                                                      0.114    19.724 r  U_timer/timer_cnt_reg[31]_i_149/CO[3]
                         net (fo=1, routed)           0.000    19.724    U_timer/timer_cnt_reg[31]_i_149_n_0
    SLICE_X47Y71         CARRY4 (Prop_carry4_CI_CO[3])
                                                      0.114    19.838 r  U_timer/timer_cnt_reg[31]_i_138/CO[3]
                         net (fo=1, routed)           0.000    19.838    U_timer/timer_cnt_reg[31]_i_138_n_0
    SLICE_X47Y72         CARRY4 (Prop_carry4_CI_CO[1])
                                                      0.157    19.995 r  U_timer/timer_cnt_reg[31]_i_59/CO[1]
                         net (fo=37, routed)          1.015    21.011    U_timer/freq_div_reg[31]_10[0]
    SLICE_X46Y67         LUT2 (Prop_lut2_I1_O)        0.329    21.340 r  U_timer/timer_cnt[31]_i_1255/O
                         net (fo=1, routed)           0.000    21.340    U_timer/timer_cnt[31]_i_1255_n_0
    SLICE_X46Y67         CARRY4 (Prop_carry4_S[1]_CO[3])
                                                      0.533    21.873 r  U_timer/timer_cnt_reg[31]_i_1106/CO[3]
                         net (fo=1, routed)           0.000    21.873    U_timer/timer_cnt_reg[31]_i_1106_n_0
    SLICE_X46Y68         CARRY4 (Prop_carry4_CI_CO[3])
                                                      0.117    21.990 r  U_timer/timer_cnt_reg[31]_i_952/CO[3]
                         net (fo=1, routed)           0.000    21.990    U_timer/timer_cnt_reg[31]_i_952_n_0
    SLICE_X46Y69         CARRY4 (Prop_carry4_CI_CO[3])
                                                      0.117    22.107 r  U_timer/timer_cnt_reg[31]_i_798/CO[3]
                         net (fo=1, routed)           0.000    22.107    U_timer/timer_cnt_reg[31]_i_798_n_0
    SLICE_X46Y70         CARRY4 (Prop_carry4_CI_CO[3])
                                                      0.117    22.224 r  U_timer/timer_cnt_reg[31]_i_644/CO[3]
                         net (fo=1, routed)           0.000    22.224    U_timer/timer_cnt_reg[31]_i_644_n_0
    SLICE_X46Y71         CARRY4 (Prop_carry4_CI_CO[3])
                                                      0.117    22.341 r  U_timer/timer_cnt_reg[31]_i_490/CO[3]
                         net (fo=1, routed)           0.000    22.341    U_timer/timer_cnt_reg[31]_i_490_n_0
    SLICE_X46Y72         CARRY4 (Prop_carry4_CI_CO[3])
                                                      0.117    22.458 r  U_timer/timer_cnt_reg[31]_i_312/CO[3]
                         net (fo=1, routed)           0.000    22.458    U_timer/timer_cnt_reg[31]_i_312_n_0
    SLICE_X46Y73         CARRY4 (Prop_carry4_CI_CO[3])
                                                      0.117    22.575 r  U_timer/timer_cnt_reg[31]_i_144/CO[3]
                         net (fo=1, routed)           0.000    22.575    U_timer/timer_cnt_reg[31]_i_144_n_0
    SLICE_X46Y74         CARRY4 (Prop_carry4_CI_CO[3])
                                                      0.117    22.692 r  U_timer/timer_cnt_reg[31]_i_61/CO[3]
                         net (fo=1, routed)           0.009    22.701    U_timer/timer_cnt_reg[31]_i_61_n_0
    SLICE_X46Y75         CARRY4 (Prop_carry4_CI_CO[1])
                                                      0.157    22.858 r  U_timer/timer_cnt_reg[31]_i_58/CO[1]
                         net (fo=37, routed)          0.999    23.856    U_timer/freq_div_reg[31]_12[0]
    SLICE_X50Y72         LUT2 (Prop_lut2_I1_O)        0.332    24.188 r  U_timer/timer_cnt[31]_i_1251/O
                         net (fo=1, routed)           0.000    24.188    U_timer/timer_cnt[31]_i_1251_n_0
    SLICE_X50Y72         CARRY4 (Prop_carry4_S[1]_CO[3])
                                                      0.533    24.721 r  U_timer/timer_cnt_reg[31]_i_1105/CO[3]
                         net (fo=1, routed)           0.000    24.721    U_timer/timer_cnt_reg[31]_i_1105_n_0
    SLICE_X50Y73         CARRY4 (Prop_carry4_CI_CO[3])
                                                      0.117    24.838 r  U_timer/timer_cnt_reg[31]_i_951/CO[3]
                         net (fo=1, routed)           0.000    24.838    U_timer/timer_cnt_reg[31]_i_951_n_0
    SLICE_X50Y74         CARRY4 (Prop_carry4_CI_CO[3])
                                                      0.117    24.955 r  U_timer/timer_cnt_reg[31]_i_797/CO[3]
                         net (fo=1, routed)           0.009    24.964    U_timer/timer_cnt_reg[31]_i_797_n_0
    SLICE_X50Y75         CARRY4 (Prop_carry4_CI_CO[3])
                                                      0.117    25.081 r  U_timer/timer_cnt_reg[31]_i_643/CO[3]
                         net (fo=1, routed)           0.000    25.081    U_timer/timer_cnt_reg[31]_i_643_n_0
    SLICE_X50Y76         CARRY4 (Prop_carry4_CI_CO[3])
                                                      0.117    25.198 r  U_timer/timer_cnt_reg[31]_i_489/CO[3]
                         net (fo=1, routed)           0.000    25.198    U_timer/timer_cnt_reg[31]_i_489_n_0
    SLICE_X50Y77         CARRY4 (Prop_carry4_CI_CO[3])
                                                      0.117    25.315 r  U_timer/timer_cnt_reg[31]_i_311/CO[3]
                         net (fo=1, routed)           0.000    25.315    U_timer/timer_cnt_reg[31]_i_311_n_0
    SLICE_X50Y78         CARRY4 (Prop_carry4_CI_CO[3])
                                                      0.117    25.432 r  U_timer/timer_cnt_reg[31]_i_143/CO[3]
                         net (fo=1, routed)           0.000    25.432    U_timer/timer_cnt_reg[31]_i_143_n_0
    SLICE_X50Y79         CARRY4 (Prop_carry4_CI_CO[3])
                                                      0.117    25.549 r  U_timer/timer_cnt_reg[31]_i_60/CO[3]
                         net (fo=1, routed)           0.000    25.549    U_timer/timer_cnt_reg[31]_i_60_n_0
    SLICE_X50Y80         CARRY4 (Prop_carry4_CI_CO[1])
                                                      0.157    25.706 r  U_timer/timer_cnt_reg[31]_i_27/CO[1]
                         net (fo=36, routed)          0.921    26.628    U_timer/freq_div_reg[31]_14[0]
    SLICE_X47Y73         LUT2 (Prop_lut2_I1_O)        0.332    26.960 r  U_timer/timer_cnt[31]_i_1268/O
                         net (fo=1, routed)           0.000    26.960    U_timer/timer_cnt[31]_i_1268_n_0
    SLICE_X47Y73         CARRY4 (Prop_carry4_S[1]_CO[3])
                                                      0.550    27.510 r  U_timer/timer_cnt_reg[31]_i_1126/CO[3]
                         net (fo=1, routed)           0.000    27.510    U_timer/timer_cnt_reg[31]_i_1126_n_0
    SLICE_X47Y74         CARRY4 (Prop_carry4_CI_CO[3])
                                                      0.114    27.624 r  U_timer/timer_cnt_reg[31]_i_972/CO[3]
                         net (fo=1, routed)           0.009    27.633    U_timer/timer_cnt_reg[31]_i_972_n_0
    SLICE_X47Y75         CARRY4 (Prop_carry4_CI_CO[3])
                                                      0.114    27.747 r  U_timer/timer_cnt_reg[31]_i_818/CO[3]
                         net (fo=1, routed)           0.000    27.747    U_timer/timer_cnt_reg[31]_i_818_n_0
    SLICE_X47Y76         CARRY4 (Prop_carry4_CI_CO[3])
                                                      0.114    27.861 r  U_timer/timer_cnt_reg[31]_i_664/CO[3]
                         net (fo=1, routed)           0.000    27.861    U_timer/timer_cnt_reg[31]_i_664_n_0
    SLICE_X47Y77         CARRY4 (Prop_carry4_CI_CO[3])
                                                      0.114    27.975 r  U_timer/timer_cnt_reg[31]_i_510/CO[3]
                         net (fo=1, routed)           0.000    27.975    U_timer/timer_cnt_reg[31]_i_510_n_0
    SLICE_X47Y78         CARRY4 (Prop_carry4_CI_CO[3])
                                                      0.114    28.089 r  U_timer/timer_cnt_reg[31]_i_336/CO[3]
                         net (fo=1, routed)           0.000    28.089    U_timer/timer_cnt_reg[31]_i_336_n_0
    SLICE_X47Y79         CARRY4 (Prop_carry4_CI_CO[3])
                                                      0.114    28.203 r  U_timer/timer_cnt_reg[31]_i_165/CO[3]
                         net (fo=1, routed)           0.000    28.203    U_timer/timer_cnt_reg[31]_i_165_n_0
    SLICE_X47Y80         CARRY4 (Prop_carry4_CI_CO[3])
                                                      0.114    28.317 r  U_timer/timer_cnt_reg[31]_i_154/CO[3]
                         net (fo=1, routed)           0.000    28.317    U_timer/timer_cnt_reg[31]_i_154_n_0
    SLICE_X47Y81         CARRY4 (Prop_carry4_CI_CO[1])
                                                      0.157    28.474 r  U_timer/timer_cnt_reg[31]_i_65/CO[1]
                         net (fo=36, routed)          0.855    29.328    U_timer/freq_div_reg[31]_16[0]
    SLICE_X51Y75         LUT2 (Prop_lut2_I1_O)        0.329    29.657 r  U_timer/timer_cnt[31]_i_1265/O
                         net (fo=1, routed)           0.000    29.657    U_timer/timer_cnt[31]_i_1265_n_0
    SLICE_X51Y75         CARRY4 (Prop_carry4_S[1]_CO[3])
                                                      0.550    30.207 r  U_timer/timer_cnt_reg[31]_i_1121/CO[3]
                         net (fo=1, routed)           0.000    30.207    U_timer/timer_cnt_reg[31]_i_1121_n_0
    SLICE_X51Y76         CARRY4 (Prop_carry4_CI_CO[3])
                                                      0.114    30.321 r  U_timer/timer_cnt_reg[31]_i_967/CO[3]
                         net (fo=1, routed)           0.000    30.321    U_timer/timer_cnt_reg[31]_i_967_n_0
    SLICE_X51Y77         CARRY4 (Prop_carry4_CI_CO[3])
                                                      0.114    30.435 r  U_timer/timer_cnt_reg[31]_i_813/CO[3]
                         net (fo=1, routed)           0.000    30.435    U_timer/timer_cnt_reg[31]_i_813_n_0
    SLICE_X51Y78         CARRY4 (Prop_carry4_CI_CO[3])
                                                      0.114    30.549 r  U_timer/timer_cnt_reg[31]_i_659/CO[3]
                         net (fo=1, routed)           0.000    30.549    U_timer/timer_cnt_reg[31]_i_659_n_0
    SLICE_X51Y79         CARRY4 (Prop_carry4_CI_CO[3])
                                                      0.114    30.663 r  U_timer/timer_cnt_reg[31]_i_505/CO[3]
                         net (fo=1, routed)           0.000    30.663    U_timer/timer_cnt_reg[31]_i_505_n_0
    SLICE_X51Y80         CARRY4 (Prop_carry4_CI_CO[3])
                                                      0.114    30.777 r  U_timer/timer_cnt_reg[31]_i_331/CO[3]
                         net (fo=1, routed)           0.000    30.777    U_timer/timer_cnt_reg[31]_i_331_n_0
    SLICE_X51Y81         CARRY4 (Prop_carry4_CI_CO[3])
                                                      0.114    30.891 r  U_timer/timer_cnt_reg[31]_i_160/CO[3]
                         net (fo=1, routed)           0.000    30.891    U_timer/timer_cnt_reg[31]_i_160_n_0
    SLICE_X51Y82         CARRY4 (Prop_carry4_CI_CO[3])
                                                      0.114    31.005 r  U_timer/timer_cnt_reg[31]_i_67/CO[3]
                         net (fo=1, routed)           0.000    31.005    U_timer/timer_cnt_reg[31]_i_67_n_0
    SLICE_X51Y83         CARRY4 (Prop_carry4_CI_CO[1])
                                                      0.157    31.162 r  U_timer/timer_cnt_reg[31]_i_64/CO[1]
                         net (fo=37, routed)          1.062    32.225    U_timer/freq_div_reg[31]_18[0]
    SLICE_X45Y76         LUT2 (Prop_lut2_I1_O)        0.329    32.554 r  U_timer/timer_cnt[31]_i_1262/O
                         net (fo=1, routed)           0.000    32.554    U_timer/timer_cnt[31]_i_1262_n_0
    SLICE_X45Y76         CARRY4 (Prop_carry4_S[1]_CO[3])
                                                      0.550    33.104 r  U_timer/timer_cnt_reg[31]_i_1120/CO[3]
                         net (fo=1, routed)           0.000    33.104    U_timer/timer_cnt_reg[31]_i_1120_n_0
    SLICE_X45Y77         CARRY4 (Prop_carry4_CI_CO[3])
                                                      0.114    33.218 r  U_timer/timer_cnt_reg[31]_i_966/CO[3]
                         net (fo=1, routed)           0.000    33.218    U_timer/timer_cnt_reg[31]_i_966_n_0
    SLICE_X45Y78         CARRY4 (Prop_carry4_CI_CO[3])
                                                      0.114    33.332 r  U_timer/timer_cnt_reg[31]_i_812/CO[3]
                         net (fo=1, routed)           0.000    33.332    U_timer/timer_cnt_reg[31]_i_812_n_0
    SLICE_X45Y79         CARRY4 (Prop_carry4_CI_CO[3])
                                                      0.114    33.446 r  U_timer/timer_cnt_reg[31]_i_658/CO[3]
                         net (fo=1, routed)           0.000    33.446    U_timer/timer_cnt_reg[31]_i_658_n_0
    SLICE_X45Y80         CARRY4 (Prop_carry4_CI_CO[3])
                                                      0.114    33.560 r  U_timer/timer_cnt_reg[31]_i_504/CO[3]
                         net (fo=1, routed)           0.000    33.560    U_timer/timer_cnt_reg[31]_i_504_n_0
    SLICE_X45Y81         CARRY4 (Prop_carry4_CI_CO[3])
                                                      0.114    33.674 r  U_timer/timer_cnt_reg[31]_i_330/CO[3]
                         net (fo=1, routed)           0.000    33.674    U_timer/timer_cnt_reg[31]_i_330_n_0
    SLICE_X45Y82         CARRY4 (Prop_carry4_CI_CO[3])
                                                      0.114    33.788 r  U_timer/timer_cnt_reg[31]_i_159/CO[3]
                         net (fo=1, routed)           0.000    33.788    U_timer/timer_cnt_reg[31]_i_159_n_0
    SLICE_X45Y83         CARRY4 (Prop_carry4_CI_CO[3])
                                                      0.114    33.902 r  U_timer/timer_cnt_reg[31]_i_66/CO[3]
                         net (fo=1, routed)           0.000    33.902    U_timer/timer_cnt_reg[31]_i_66_n_0
    SLICE_X45Y84         CARRY4 (Prop_carry4_CI_CO[1])
                                                      0.157    34.059 r  U_timer/timer_cnt_reg[31]_i_29/CO[1]
                         net (fo=36, routed)          0.916    34.975    U_timer/freq_div_reg[31]_20[0]
    SLICE_X46Y76         LUT2 (Prop_lut2_I1_O)        0.329    35.304 r  U_timer/timer_cnt[31]_i_1278/O
                         net (fo=1, routed)           0.000    35.304    U_timer/timer_cnt[31]_i_1278_n_0
    SLICE_X46Y76         CARRY4 (Prop_carry4_S[1]_CO[3])
                                                      0.533    35.837 r  U_timer/timer_cnt_reg[31]_i_1141/CO[3]
                         net (fo=1, routed)           0.000    35.837    U_timer/timer_cnt_reg[31]_i_1141_n_0
    SLICE_X46Y77         CARRY4 (Prop_carry4_CI_CO[3])
                                                      0.117    35.954 r  U_timer/timer_cnt_reg[31]_i_987/CO[3]
                         net (fo=1, routed)           0.000    35.954    U_timer/timer_cnt_reg[31]_i_987_n_0
    SLICE_X46Y78         CARRY4 (Prop_carry4_CI_CO[3])
                                                      0.117    36.071 r  U_timer/timer_cnt_reg[31]_i_833/CO[3]
                         net (fo=1, routed)           0.000    36.071    U_timer/timer_cnt_reg[31]_i_833_n_0
    SLICE_X46Y79         CARRY4 (Prop_carry4_CI_CO[3])
                                                      0.117    36.188 r  U_timer/timer_cnt_reg[31]_i_679/CO[3]
                         net (fo=1, routed)           0.000    36.188    U_timer/timer_cnt_reg[31]_i_679_n_0
    SLICE_X46Y80         CARRY4 (Prop_carry4_CI_CO[3])
                                                      0.117    36.305 r  U_timer/timer_cnt_reg[31]_i_525/CO[3]
                         net (fo=1, routed)           0.000    36.305    U_timer/timer_cnt_reg[31]_i_525_n_0
    SLICE_X46Y81         CARRY4 (Prop_carry4_CI_CO[3])
                                                      0.117    36.422 r  U_timer/timer_cnt_reg[31]_i_355/CO[3]
                         net (fo=1, routed)           0.000    36.422    U_timer/timer_cnt_reg[31]_i_355_n_0
    SLICE_X46Y82         CARRY4 (Prop_carry4_CI_CO[3])
                                                      0.117    36.539 r  U_timer/timer_cnt_reg[31]_i_181/CO[3]
                         net (fo=1, routed)           0.000    36.539    U_timer/timer_cnt_reg[31]_i_181_n_0
    SLICE_X46Y83         CARRY4 (Prop_carry4_CI_CO[3])
                                                      0.117    36.656 r  U_timer/timer_cnt_reg[31]_i_170/CO[3]
                         net (fo=1, routed)           0.000    36.656    U_timer/timer_cnt_reg[31]_i_170_n_0
    SLICE_X46Y84         CARRY4 (Prop_carry4_CI_CO[1])
                                                      0.157    36.813 r  U_timer/timer_cnt_reg[31]_i_71/CO[1]
                         net (fo=37, routed)          0.860    37.673    U_timer/freq_div_reg[31]_22[0]
    SLICE_X49Y78         LUT2 (Prop_lut2_I1_O)        0.332    38.005 r  U_timer/timer_cnt[31]_i_1275/O
                         net (fo=1, routed)           0.000    38.005    U_timer/timer_cnt[31]_i_1275_n_0
    SLICE_X49Y78         CARRY4 (Prop_carry4_S[1]_CO[3])
                                                      0.550    38.555 r  U_timer/timer_cnt_reg[31]_i_1136/CO[3]
                         net (fo=1, routed)           0.000    38.555    U_timer/timer_cnt_reg[31]_i_1136_n_0
    SLICE_X49Y79         CARRY4 (Prop_carry4_CI_CO[3])
                                                      0.114    38.669 r  U_timer/timer_cnt_reg[31]_i_982/CO[3]
                         net (fo=1, routed)           0.000    38.669    U_timer/timer_cnt_reg[31]_i_982_n_0
    SLICE_X49Y80         CARRY4 (Prop_carry4_CI_CO[3])
                                                      0.114    38.783 r  U_timer/timer_cnt_reg[31]_i_828/CO[3]
                         net (fo=1, routed)           0.000    38.783    U_timer/timer_cnt_reg[31]_i_828_n_0
    SLICE_X49Y81         CARRY4 (Prop_carry4_CI_CO[3])
                                                      0.114    38.897 r  U_timer/timer_cnt_reg[31]_i_674/CO[3]
                         net (fo=1, routed)           0.000    38.897    U_timer/timer_cnt_reg[31]_i_674_n_0
    SLICE_X49Y82         CARRY4 (Prop_carry4_CI_CO[3])
                                                      0.114    39.011 r  U_timer/timer_cnt_reg[31]_i_520/CO[3]
                         net (fo=1, routed)           0.000    39.011    U_timer/timer_cnt_reg[31]_i_520_n_0
    SLICE_X49Y83         CARRY4 (Prop_carry4_CI_CO[3])
                                                      0.114    39.125 r  U_timer/timer_cnt_reg[31]_i_350/CO[3]
                         net (fo=1, routed)           0.000    39.125    U_timer/timer_cnt_reg[31]_i_350_n_0
    SLICE_X49Y84         CARRY4 (Prop_carry4_CI_CO[3])
                                                      0.114    39.239 r  U_timer/timer_cnt_reg[31]_i_176/CO[3]
                         net (fo=1, routed)           0.000    39.239    U_timer/timer_cnt_reg[31]_i_176_n_0
    SLICE_X49Y85         CARRY4 (Prop_carry4_CI_CO[3])
                                                      0.114    39.353 r  U_timer/timer_cnt_reg[31]_i_73/CO[3]
                         net (fo=1, routed)           0.000    39.353    U_timer/timer_cnt_reg[31]_i_73_n_0
    SLICE_X49Y86         CARRY4 (Prop_carry4_CI_CO[1])
                                                      0.157    39.510 r  U_timer/timer_cnt_reg[31]_i_70/CO[1]
                         net (fo=36, routed)          0.895    40.405    U_timer/freq_div_reg[31]_24[0]
    SLICE_X53Y77         LUT2 (Prop_lut2_I1_O)        0.329    40.734 r  U_timer/timer_cnt[31]_i_1271/O
                         net (fo=1, routed)           0.000    40.734    U_timer/timer_cnt[31]_i_1271_n_0
    SLICE_X53Y77         CARRY4 (Prop_carry4_S[1]_CO[3])
                                                      0.550    41.284 r  U_timer/timer_cnt_reg[31]_i_1135/CO[3]
                         net (fo=1, routed)           0.000    41.284    U_timer/timer_cnt_reg[31]_i_1135_n_0
    SLICE_X53Y78         CARRY4 (Prop_carry4_CI_CO[3])
                                                      0.114    41.398 r  U_timer/timer_cnt_reg[31]_i_981/CO[3]
                         net (fo=1, routed)           0.000    41.398    U_timer/timer_cnt_reg[31]_i_981_n_0
    SLICE_X53Y79         CARRY4 (Prop_carry4_CI_CO[3])
                                                      0.114    41.512 r  U_timer/timer_cnt_reg[31]_i_827/CO[3]
                         net (fo=1, routed)           0.000    41.512    U_timer/timer_cnt_reg[31]_i_827_n_0
    SLICE_X53Y80         CARRY4 (Prop_carry4_CI_CO[3])
                                                      0.114    41.626 r  U_timer/timer_cnt_reg[31]_i_673/CO[3]
                         net (fo=1, routed)           0.000    41.626    U_timer/timer_cnt_reg[31]_i_673_n_0
    SLICE_X53Y81         CARRY4 (Prop_carry4_CI_CO[3])
                                                      0.114    41.740 r  U_timer/timer_cnt_reg[31]_i_519/CO[3]
                         net (fo=1, routed)           0.000    41.740    U_timer/timer_cnt_reg[31]_i_519_n_0
    SLICE_X53Y82         CARRY4 (Prop_carry4_CI_CO[3])
                                                      0.114    41.854 r  U_timer/timer_cnt_reg[31]_i_349/CO[3]
                         net (fo=1, routed)           0.000    41.854    U_timer/timer_cnt_reg[31]_i_349_n_0
    SLICE_X53Y83         CARRY4 (Prop_carry4_CI_CO[3])
                                                      0.114    41.968 r  U_timer/timer_cnt_reg[31]_i_175/CO[3]
                         net (fo=1, routed)           0.000    41.968    U_timer/timer_cnt_reg[31]_i_175_n_0
    SLICE_X53Y84         CARRY4 (Prop_carry4_CI_CO[3])
                                                      0.114    42.082 r  U_timer/timer_cnt_reg[31]_i_72/CO[3]
                         net (fo=1, routed)           0.000    42.082    U_timer/timer_cnt_reg[31]_i_72_n_0
    SLICE_X53Y85         CARRY4 (Prop_carry4_CI_CO[1])
                                                      0.157    42.239 r  U_timer/timer_cnt_reg[31]_i_31/CO[1]
                         net (fo=36, routed)          0.909    43.148    U_timer/freq_div_reg[31]_26[0]
    SLICE_X52Y76         LUT2 (Prop_lut2_I1_O)        0.329    43.477 r  U_timer/timer_cnt[31]_i_1289/O
                         net (fo=1, routed)           0.000    43.477    U_timer/timer_cnt[31]_i_1289_n_0
    SLICE_X52Y76         CARRY4 (Prop_carry4_S[1]_CO[3])
                                                      0.550    44.027 r  U_timer/timer_cnt_reg[31]_i_1156/CO[3]
                         net (fo=1, routed)           0.000    44.027    U_timer/timer_cnt_reg[31]_i_1156_n_0
    SLICE_X52Y77         CARRY4 (Prop_carry4_CI_CO[3])
                                                      0.114    44.141 r  U_timer/timer_cnt_reg[31]_i_1002/CO[3]
                         net (fo=1, routed)           0.000    44.141    U_timer/timer_cnt_reg[31]_i_1002_n_0
    SLICE_X52Y78         CARRY4 (Prop_carry4_CI_CO[3])
                                                      0.114    44.255 r  U_timer/timer_cnt_reg[31]_i_848/CO[3]
                         net (fo=1, routed)           0.000    44.255    U_timer/timer_cnt_reg[31]_i_848_n_0
    SLICE_X52Y79         CARRY4 (Prop_carry4_CI_CO[3])
                                                      0.114    44.369 r  U_timer/timer_cnt_reg[31]_i_694/CO[3]
                         net (fo=1, routed)           0.000    44.369    U_timer/timer_cnt_reg[31]_i_694_n_0
    SLICE_X52Y80         CARRY4 (Prop_carry4_CI_CO[3])
                                                      0.114    44.483 r  U_timer/timer_cnt_reg[31]_i_540/CO[3]
                         net (fo=1, routed)           0.000    44.483    U_timer/timer_cnt_reg[31]_i_540_n_0
    SLICE_X52Y81         CARRY4 (Prop_carry4_CI_CO[3])
                                                      0.114    44.597 r  U_timer/timer_cnt_reg[31]_i_374/CO[3]
                         net (fo=1, routed)           0.000    44.597    U_timer/timer_cnt_reg[31]_i_374_n_0
    SLICE_X52Y82         CARRY4 (Prop_carry4_CI_CO[3])
                                                      0.114    44.711 r  U_timer/timer_cnt_reg[31]_i_197/CO[3]
                         net (fo=1, routed)           0.000    44.711    U_timer/timer_cnt_reg[31]_i_197_n_0
    SLICE_X52Y83         CARRY4 (Prop_carry4_CI_CO[3])
                                                      0.114    44.825 r  U_timer/timer_cnt_reg[31]_i_186/CO[3]
                         net (fo=1, routed)           0.000    44.825    U_timer/timer_cnt_reg[31]_i_186_n_0
    SLICE_X52Y84         CARRY4 (Prop_carry4_CI_CO[1])
                                                      0.157    44.982 r  U_timer/timer_cnt_reg[31]_i_77/CO[1]
                         net (fo=37, routed)          1.278    46.259    U_timer/freq_div_reg[31]_28[0]
    SLICE_X44Y75         LUT2 (Prop_lut2_I1_O)        0.329    46.588 r  U_timer/timer_cnt[31]_i_1286/O
                         net (fo=1, routed)           0.000    46.588    U_timer/timer_cnt[31]_i_1286_n_0
    SLICE_X44Y75         CARRY4 (Prop_carry4_S[1]_CO[3])
                                                      0.550    47.138 r  U_timer/timer_cnt_reg[31]_i_1151/CO[3]
                         net (fo=1, routed)           0.000    47.138    U_timer/timer_cnt_reg[31]_i_1151_n_0
    SLICE_X44Y76         CARRY4 (Prop_carry4_CI_CO[3])
                                                      0.114    47.252 r  U_timer/timer_cnt_reg[31]_i_997/CO[3]
                         net (fo=1, routed)           0.000    47.252    U_timer/timer_cnt_reg[31]_i_997_n_0
    SLICE_X44Y77         CARRY4 (Prop_carry4_CI_CO[3])
                                                      0.114    47.366 r  U_timer/timer_cnt_reg[31]_i_843/CO[3]
                         net (fo=1, routed)           0.000    47.366    U_timer/timer_cnt_reg[31]_i_843_n_0
    SLICE_X44Y78         CARRY4 (Prop_carry4_CI_CO[3])
                                                      0.114    47.480 r  U_timer/timer_cnt_reg[31]_i_689/CO[3]
                         net (fo=1, routed)           0.000    47.480    U_timer/timer_cnt_reg[31]_i_689_n_0
    SLICE_X44Y79         CARRY4 (Prop_carry4_CI_CO[3])
                                                      0.114    47.594 r  U_timer/timer_cnt_reg[31]_i_535/CO[3]
                         net (fo=1, routed)           0.000    47.594    U_timer/timer_cnt_reg[31]_i_535_n_0
    SLICE_X44Y80         CARRY4 (Prop_carry4_CI_CO[3])
                                                      0.114    47.708 r  U_timer/timer_cnt_reg[31]_i_369/CO[3]
                         net (fo=1, routed)           0.000    47.708    U_timer/timer_cnt_reg[31]_i_369_n_0
    SLICE_X44Y81         CARRY4 (Prop_carry4_CI_CO[3])
                                                      0.114    47.822 r  U_timer/timer_cnt_reg[31]_i_192/CO[3]
                         net (fo=1, routed)           0.000    47.822    U_timer/timer_cnt_reg[31]_i_192_n_0
    SLICE_X44Y82         CARRY4 (Prop_carry4_CI_CO[3])
                                                      0.114    47.936 r  U_timer/timer_cnt_reg[31]_i_79/CO[3]
                         net (fo=1, routed)           0.000    47.936    U_timer/timer_cnt_reg[31]_i_79_n_0
    SLICE_X44Y83         CARRY4 (Prop_carry4_CI_CO[1])
                                                      0.157    48.093 r  U_timer/timer_cnt_reg[31]_i_76/CO[1]
                         net (fo=37, routed)          0.983    49.077    U_timer/freq_div_reg[31]_30[0]
    SLICE_X41Y73         LUT2 (Prop_lut2_I1_O)        0.329    49.406 r  U_timer/timer_cnt[31]_i_1282/O
                         net (fo=1, routed)           0.000    49.406    U_timer/timer_cnt[31]_i_1282_n_0
    SLICE_X41Y73         CARRY4 (Prop_carry4_S[1]_CO[3])
                                                      0.550    49.956 r  U_timer/timer_cnt_reg[31]_i_1150/CO[3]
                         net (fo=1, routed)           0.000    49.956    U_timer/timer_cnt_reg[31]_i_1150_n_0
    SLICE_X41Y74         CARRY4 (Prop_carry4_CI_CO[3])
                                                      0.114    50.070 r  U_timer/timer_cnt_reg[31]_i_996/CO[3]
                         net (fo=1, routed)           0.009    50.079    U_timer/timer_cnt_reg[31]_i_996_n_0
    SLICE_X41Y75         CARRY4 (Prop_carry4_CI_CO[3])
                                                      0.114    50.193 r  U_timer/timer_cnt_reg[31]_i_842/CO[3]
                         net (fo=1, routed)           0.000    50.193    U_timer/timer_cnt_reg[31]_i_842_n_0
    SLICE_X41Y76         CARRY4 (Prop_carry4_CI_CO[3])
                                                      0.114    50.307 r  U_timer/timer_cnt_reg[31]_i_688/CO[3]
                         net (fo=1, routed)           0.000    50.307    U_timer/timer_cnt_reg[31]_i_688_n_0
    SLICE_X41Y77         CARRY4 (Prop_carry4_CI_CO[3])
                                                      0.114    50.421 r  U_timer/timer_cnt_reg[31]_i_534/CO[3]
                         net (fo=1, routed)           0.000    50.421    U_timer/timer_cnt_reg[31]_i_534_n_0
    SLICE_X41Y78         CARRY4 (Prop_carry4_CI_CO[3])
                                                      0.114    50.535 r  U_timer/timer_cnt_reg[31]_i_368/CO[3]
                         net (fo=1, routed)           0.000    50.535    U_timer/timer_cnt_reg[31]_i_368_n_0
    SLICE_X41Y79         CARRY4 (Prop_carry4_CI_CO[3])
                                                      0.114    50.649 r  U_timer/timer_cnt_reg[31]_i_191/CO[3]
                         net (fo=1, routed)           0.000    50.649    U_timer/timer_cnt_reg[31]_i_191_n_0
    SLICE_X41Y80         CARRY4 (Prop_carry4_CI_CO[3])
                                                      0.114    50.763 r  U_timer/timer_cnt_reg[31]_i_78/CO[3]
                         net (fo=1, routed)           0.000    50.763    U_timer/timer_cnt_reg[31]_i_78_n_0
    SLICE_X41Y81         CARRY4 (Prop_carry4_CI_CO[1])
                                                      0.157    50.920 r  U_timer/timer_cnt_reg[31]_i_33/CO[1]
                         net (fo=36, routed)          0.919    51.839    U_timer/freq_div_reg[31]_32[0]
    SLICE_X40Y76         CARRY4 (Prop_carry4_CYINIT_CO[3])
                                                      0.785    52.624 r  U_timer/timer_cnt_reg[31]_i_1194/CO[3]
                         net (fo=1, routed)           0.000    52.624    U_timer/timer_cnt_reg[31]_i_1194_n_0
    SLICE_X40Y77         CARRY4 (Prop_carry4_CI_CO[3])
                                                      0.114    52.738 r  U_timer/timer_cnt_reg[31]_i_1051/CO[3]
                         net (fo=1, routed)           0.000    52.738    U_timer/timer_cnt_reg[31]_i_1051_n_0
    SLICE_X40Y78         CARRY4 (Prop_carry4_CI_CO[3])
                                                      0.114    52.852 r  U_timer/timer_cnt_reg[31]_i_897/CO[3]
                         net (fo=1, routed)           0.000    52.852    U_timer/timer_cnt_reg[31]_i_897_n_0
    SLICE_X40Y79         CARRY4 (Prop_carry4_CI_CO[3])
                                                      0.114    52.966 r  U_timer/timer_cnt_reg[31]_i_743/CO[3]
                         net (fo=1, routed)           0.000    52.966    U_timer/timer_cnt_reg[31]_i_743_n_0
    SLICE_X40Y80         CARRY4 (Prop_carry4_CI_CO[3])
                                                      0.114    53.080 r  U_timer/timer_cnt_reg[31]_i_589/CO[3]
                         net (fo=1, routed)           0.000    53.080    U_timer/timer_cnt_reg[31]_i_589_n_0
    SLICE_X40Y81         CARRY4 (Prop_carry4_CI_CO[3])
                                                      0.114    53.194 r  U_timer/timer_cnt_reg[31]_i_427/CO[3]
                         net (fo=1, routed)           0.000    53.194    U_timer/timer_cnt_reg[31]_i_427_n_0
    SLICE_X40Y82         CARRY4 (Prop_carry4_CI_CO[3])
                                                      0.114    53.308 r  U_timer/timer_cnt_reg[31]_i_259/CO[3]
                         net (fo=1, routed)           0.000    53.308    U_timer/timer_cnt_reg[31]_i_259_n_0
    SLICE_X40Y83         CARRY4 (Prop_carry4_CI_CO[3])
                                                      0.114    53.422 r  U_timer/timer_cnt_reg[31]_i_248/CO[3]
                         net (fo=1, routed)           0.000    53.422    U_timer/timer_cnt_reg[31]_i_248_n_0
    SLICE_X40Y84         CARRY4 (Prop_carry4_CI_CO[1])
                                                      0.157    53.579 r  U_timer/timer_cnt_reg[31]_i_117/CO[1]
                         net (fo=37, routed)          0.970    54.549    U_timer/freq_div_reg[31]_34[0]
    SLICE_X39Y80         LUT2 (Prop_lut2_I1_O)        0.329    54.878 r  U_timer/timer_cnt[31]_i_1296/O
                         net (fo=1, routed)           0.000    54.878    U_timer/timer_cnt[31]_i_1296_n_0
    SLICE_X39Y80         CARRY4 (Prop_carry4_S[1]_CO[3])
                                                      0.550    55.428 r  U_timer/timer_cnt_reg[31]_i_1189/CO[3]
                         net (fo=1, routed)           0.000    55.428    U_timer/timer_cnt_reg[31]_i_1189_n_0
    SLICE_X39Y81         CARRY4 (Prop_carry4_CI_CO[3])
                                                      0.114    55.542 r  U_timer/timer_cnt_reg[31]_i_1046/CO[3]
                         net (fo=1, routed)           0.000    55.542    U_timer/timer_cnt_reg[31]_i_1046_n_0
    SLICE_X39Y82         CARRY4 (Prop_carry4_CI_CO[3])
                                                      0.114    55.656 r  U_timer/timer_cnt_reg[31]_i_892/CO[3]
                         net (fo=1, routed)           0.000    55.656    U_timer/timer_cnt_reg[31]_i_892_n_0
    SLICE_X39Y83         CARRY4 (Prop_carry4_CI_CO[3])
                                                      0.114    55.770 r  U_timer/timer_cnt_reg[31]_i_738/CO[3]
                         net (fo=1, routed)           0.000    55.770    U_timer/timer_cnt_reg[31]_i_738_n_0
    SLICE_X39Y84         CARRY4 (Prop_carry4_CI_CO[3])
                                                      0.114    55.884 r  U_timer/timer_cnt_reg[31]_i_584/CO[3]
                         net (fo=1, routed)           0.000    55.884    U_timer/timer_cnt_reg[31]_i_584_n_0
    SLICE_X39Y85         CARRY4 (Prop_carry4_CI_CO[3])
                                                      0.114    55.998 r  U_timer/timer_cnt_reg[31]_i_422/CO[3]
                         net (fo=1, routed)           0.000    55.998    U_timer/timer_cnt_reg[31]_i_422_n_0
    SLICE_X39Y86         CARRY4 (Prop_carry4_CI_CO[3])
                                                      0.114    56.112 r  U_timer/timer_cnt_reg[31]_i_254/CO[3]
                         net (fo=1, routed)           0.000    56.112    U_timer/timer_cnt_reg[31]_i_254_n_0
    SLICE_X39Y87         CARRY4 (Prop_carry4_CI_CO[3])
                                                      0.114    56.226 r  U_timer/timer_cnt_reg[31]_i_119/CO[3]
                         net (fo=1, routed)           0.000    56.226    U_timer/timer_cnt_reg[31]_i_119_n_0
    SLICE_X39Y88         CARRY4 (Prop_carry4_CI_CO[1])
                                                      0.157    56.383 r  U_timer/timer_cnt_reg[31]_i_116/CO[1]
                         net (fo=36, routed)          0.796    57.178    U_timer/freq_div_reg[31]_36[0]
    SLICE_X41Y82         LUT2 (Prop_lut2_I1_O)        0.329    57.507 r  U_timer/timer_cnt[31]_i_1292/O
                         net (fo=1, routed)           0.000    57.507    U_timer/timer_cnt[31]_i_1292_n_0
    SLICE_X41Y82         CARRY4 (Prop_carry4_S[1]_CO[3])
                                                      0.550    58.057 r  U_timer/timer_cnt_reg[31]_i_1188/CO[3]
                         net (fo=1, routed)           0.000    58.057    U_timer/timer_cnt_reg[31]_i_1188_n_0
    SLICE_X41Y83         CARRY4 (Prop_carry4_CI_CO[3])
                                                      0.114    58.171 r  U_timer/timer_cnt_reg[31]_i_1045/CO[3]
                         net (fo=1, routed)           0.000    58.171    U_timer/timer_cnt_reg[31]_i_1045_n_0
    SLICE_X41Y84         CARRY4 (Prop_carry4_CI_CO[3])
                                                      0.114    58.285 r  U_timer/timer_cnt_reg[31]_i_891/CO[3]
                         net (fo=1, routed)           0.000    58.285    U_timer/timer_cnt_reg[31]_i_891_n_0
    SLICE_X41Y85         CARRY4 (Prop_carry4_CI_CO[3])
                                                      0.114    58.399 r  U_timer/timer_cnt_reg[31]_i_737/CO[3]
                         net (fo=1, routed)           0.000    58.399    U_timer/timer_cnt_reg[31]_i_737_n_0
    SLICE_X41Y86         CARRY4 (Prop_carry4_CI_CO[3])
                                                      0.114    58.513 r  U_timer/timer_cnt_reg[31]_i_583/CO[3]
                         net (fo=1, routed)           0.000    58.513    U_timer/timer_cnt_reg[31]_i_583_n_0
    SLICE_X41Y87         CARRY4 (Prop_carry4_CI_CO[3])
                                                      0.114    58.627 r  U_timer/timer_cnt_reg[31]_i_421/CO[3]
                         net (fo=1, routed)           0.000    58.627    U_timer/timer_cnt_reg[31]_i_421_n_0
    SLICE_X41Y88         CARRY4 (Prop_carry4_CI_CO[3])
                                                      0.114    58.741 r  U_timer/timer_cnt_reg[31]_i_253/CO[3]
                         net (fo=1, routed)           0.000    58.741    U_timer/timer_cnt_reg[31]_i_253_n_0
    SLICE_X41Y89         CARRY4 (Prop_carry4_CI_CO[3])
                                                      0.114    58.855 r  U_timer/timer_cnt_reg[31]_i_118/CO[3]
                         net (fo=1, routed)           0.000    58.855    U_timer/timer_cnt_reg[31]_i_118_n_0
    SLICE_X41Y90         CARRY4 (Prop_carry4_CI_CO[1])
                                                      0.157    59.012 r  U_timer/timer_cnt_reg[31]_i_51/CO[1]
                         net (fo=37, routed)          1.234    60.246    U_timer/freq_div_reg[31]_38[0]
    SLICE_X48Y79         LUT2 (Prop_lut2_I1_O)        0.329    60.575 r  U_timer/timer_cnt[31]_i_1311/O
                         net (fo=1, routed)           0.000    60.575    U_timer/timer_cnt[31]_i_1311_n_0
    SLICE_X48Y79         CARRY4 (Prop_carry4_S[1]_CO[3])
                                                      0.550    61.125 r  U_timer/timer_cnt_reg[31]_i_1209/CO[3]
                         net (fo=1, routed)           0.000    61.125    U_timer/timer_cnt_reg[31]_i_1209_n_0
    SLICE_X48Y80         CARRY4 (Prop_carry4_CI_CO[3])
                                                      0.114    61.239 r  U_timer/timer_cnt_reg[31]_i_1066/CO[3]
                         net (fo=1, routed)           0.000    61.239    U_timer/timer_cnt_reg[31]_i_1066_n_0
    SLICE_X48Y81         CARRY4 (Prop_carry4_CI_CO[3])
                                                      0.114    61.353 r  U_timer/timer_cnt_reg[31]_i_912/CO[3]
                         net (fo=1, routed)           0.000    61.353    U_timer/timer_cnt_reg[31]_i_912_n_0
    SLICE_X48Y82         CARRY4 (Prop_carry4_CI_CO[3])
                                                      0.114    61.467 r  U_timer/timer_cnt_reg[31]_i_758/CO[3]
                         net (fo=1, routed)           0.000    61.467    U_timer/timer_cnt_reg[31]_i_758_n_0
    SLICE_X48Y83         CARRY4 (Prop_carry4_CI_CO[3])
                                                      0.114    61.581 r  U_timer/timer_cnt_reg[31]_i_604/CO[3]
                         net (fo=1, routed)           0.000    61.581    U_timer/timer_cnt_reg[31]_i_604_n_0
    SLICE_X48Y84         CARRY4 (Prop_carry4_CI_CO[3])
                                                      0.114    61.695 r  U_timer/timer_cnt_reg[31]_i_446/CO[3]
                         net (fo=1, routed)           0.000    61.695    U_timer/timer_cnt_reg[31]_i_446_n_0
    SLICE_X48Y85         CARRY4 (Prop_carry4_CI_CO[3])
                                                      0.114    61.809 r  U_timer/timer_cnt_reg[31]_i_275/CO[3]
                         net (fo=1, routed)           0.000    61.809    U_timer/timer_cnt_reg[31]_i_275_n_0
    SLICE_X48Y86         CARRY4 (Prop_carry4_CI_CO[3])
                                                      0.114    61.923 r  U_timer/timer_cnt_reg[31]_i_264/CO[3]
                         net (fo=1, routed)           0.000    61.923    U_timer/timer_cnt_reg[31]_i_264_n_0
    SLICE_X48Y87         CARRY4 (Prop_carry4_CI_CO[1])
                                                      0.157    62.080 r  U_timer/timer_cnt_reg[31]_i_123/CO[1]
                         net (fo=37, routed)          0.957    63.037    U_timer/freq_div_reg[31]_40[0]
    SLICE_X47Y82         LUT2 (Prop_lut2_I1_O)        0.329    63.366 r  U_timer/timer_cnt[31]_i_1307/O
                         net (fo=1, routed)           0.000    63.366    U_timer/timer_cnt[31]_i_1307_n_0
    SLICE_X47Y82         CARRY4 (Prop_carry4_S[1]_CO[3])
                                                      0.550    63.916 r  U_timer/timer_cnt_reg[31]_i_1204/CO[3]
                         net (fo=1, routed)           0.000    63.916    U_timer/timer_cnt_reg[31]_i_1204_n_0
    SLICE_X47Y83         CARRY4 (Prop_carry4_CI_CO[3])
                                                      0.114    64.030 r  U_timer/timer_cnt_reg[31]_i_1061/CO[3]
                         net (fo=1, routed)           0.000    64.030    U_timer/timer_cnt_reg[31]_i_1061_n_0
    SLICE_X47Y84         CARRY4 (Prop_carry4_CI_CO[3])
                                                      0.114    64.144 r  U_timer/timer_cnt_reg[31]_i_907/CO[3]
                         net (fo=1, routed)           0.000    64.144    U_timer/timer_cnt_reg[31]_i_907_n_0
    SLICE_X47Y85         CARRY4 (Prop_carry4_CI_CO[3])
                                                      0.114    64.258 r  U_timer/timer_cnt_reg[31]_i_753/CO[3]
                         net (fo=1, routed)           0.000    64.258    U_timer/timer_cnt_reg[31]_i_753_n_0
    SLICE_X47Y86         CARRY4 (Prop_carry4_CI_CO[3])
                                                      0.114    64.372 r  U_timer/timer_cnt_reg[31]_i_599/CO[3]
                         net (fo=1, routed)           0.000    64.372    U_timer/timer_cnt_reg[31]_i_599_n_0
    SLICE_X47Y87         CARRY4 (Prop_carry4_CI_CO[3])
                                                      0.114    64.486 r  U_timer/timer_cnt_reg[31]_i_441/CO[3]
                         net (fo=1, routed)           0.000    64.486    U_timer/timer_cnt_reg[31]_i_441_n_0
    SLICE_X47Y88         CARRY4 (Prop_carry4_CI_CO[3])
                                                      0.114    64.600 r  U_timer/timer_cnt_reg[31]_i_270/CO[3]
                         net (fo=1, routed)           0.000    64.600    U_timer/timer_cnt_reg[31]_i_270_n_0
    SLICE_X47Y89         CARRY4 (Prop_carry4_CI_CO[3])
                                                      0.114    64.714 r  U_timer/timer_cnt_reg[31]_i_125/CO[3]
                         net (fo=1, routed)           0.000    64.714    U_timer/timer_cnt_reg[31]_i_125_n_0
    SLICE_X47Y90         CARRY4 (Prop_carry4_CI_CO[1])
                                                      0.157    64.871 r  U_timer/timer_cnt_reg[31]_i_122/CO[1]
                         net (fo=37, routed)          1.030    65.901    U_timer/freq_div_reg[31]_42[0]
    SLICE_X50Y83         LUT2 (Prop_lut2_I1_O)        0.329    66.230 r  U_timer/timer_cnt[31]_i_1303/O
                         net (fo=1, routed)           0.000    66.230    U_timer/timer_cnt[31]_i_1303_n_0
    SLICE_X50Y83         CARRY4 (Prop_carry4_S[1]_CO[3])
                                                      0.533    66.763 r  U_timer/timer_cnt_reg[31]_i_1203/CO[3]
                         net (fo=1, routed)           0.000    66.763    U_timer/timer_cnt_reg[31]_i_1203_n_0
    SLICE_X50Y84         CARRY4 (Prop_carry4_CI_CO[3])
                                                      0.117    66.880 r  U_timer/timer_cnt_reg[31]_i_1060/CO[3]
                         net (fo=1, routed)           0.000    66.880    U_timer/timer_cnt_reg[31]_i_1060_n_0
    SLICE_X50Y85         CARRY4 (Prop_carry4_CI_CO[3])
                                                      0.117    66.997 r  U_timer/timer_cnt_reg[31]_i_906/CO[3]
                         net (fo=1, routed)           0.000    66.997    U_timer/timer_cnt_reg[31]_i_906_n_0
    SLICE_X50Y86         CARRY4 (Prop_carry4_CI_CO[3])
                                                      0.117    67.114 r  U_timer/timer_cnt_reg[31]_i_752/CO[3]
                         net (fo=1, routed)           0.000    67.114    U_timer/timer_cnt_reg[31]_i_752_n_0
    SLICE_X50Y87         CARRY4 (Prop_carry4_CI_CO[3])
                                                      0.117    67.231 r  U_timer/timer_cnt_reg[31]_i_598/CO[3]
                         net (fo=1, routed)           0.000    67.231    U_timer/timer_cnt_reg[31]_i_598_n_0
    SLICE_X50Y88         CARRY4 (Prop_carry4_CI_CO[3])
                                                      0.117    67.348 r  U_timer/timer_cnt_reg[31]_i_440/CO[3]
                         net (fo=1, routed)           0.000    67.348    U_timer/timer_cnt_reg[31]_i_440_n_0
    SLICE_X50Y89         CARRY4 (Prop_carry4_CI_CO[3])
                                                      0.117    67.465 r  U_timer/timer_cnt_reg[31]_i_269/CO[3]
                         net (fo=1, routed)           0.000    67.465    U_timer/timer_cnt_reg[31]_i_269_n_0
    SLICE_X50Y90         CARRY4 (Prop_carry4_CI_CO[3])
                                                      0.117    67.582 r  U_timer/timer_cnt_reg[31]_i_124/CO[3]
                         net (fo=1, routed)           0.000    67.582    U_timer/timer_cnt_reg[31]_i_124_n_0
    SLICE_X50Y91         CARRY4 (Prop_carry4_CI_CO[1])
                                                      0.157    67.739 r  U_timer/timer_cnt_reg[31]_i_53/CO[1]
                         net (fo=37, routed)          0.905    68.644    U_timer/freq_div_reg[31]_44[0]
    SLICE_X49Y87         LUT2 (Prop_lut2_I1_O)        0.332    68.976 r  U_timer/timer_cnt[31]_i_1323/O
                         net (fo=1, routed)           0.000    68.976    U_timer/timer_cnt[31]_i_1323_n_0
    SLICE_X49Y87         CARRY4 (Prop_carry4_S[1]_CO[3])
                                                      0.550    69.526 r  U_timer/timer_cnt_reg[31]_i_1224/CO[3]
                         net (fo=1, routed)           0.000    69.526    U_timer/timer_cnt_reg[31]_i_1224_n_0
    SLICE_X49Y88         CARRY4 (Prop_carry4_CI_CO[3])
                                                      0.114    69.640 r  U_timer/timer_cnt_reg[31]_i_1081/CO[3]
                         net (fo=1, routed)           0.000    69.640    U_timer/timer_cnt_reg[31]_i_1081_n_0
    SLICE_X49Y89         CARRY4 (Prop_carry4_CI_CO[3])
                                                      0.114    69.754 r  U_timer/timer_cnt_reg[31]_i_927/CO[3]
                         net (fo=1, routed)           0.000    69.754    U_timer/timer_cnt_reg[31]_i_927_n_0
    SLICE_X49Y90         CARRY4 (Prop_carry4_CI_CO[3])
                                                      0.114    69.868 r  U_timer/timer_cnt_reg[31]_i_773/CO[3]
                         net (fo=1, routed)           0.000    69.868    U_timer/timer_cnt_reg[31]_i_773_n_0
    SLICE_X49Y91         CARRY4 (Prop_carry4_CI_CO[3])
                                                      0.114    69.982 r  U_timer/timer_cnt_reg[31]_i_619/CO[3]
                         net (fo=1, routed)           0.000    69.982    U_timer/timer_cnt_reg[31]_i_619_n_0
    SLICE_X49Y92         CARRY4 (Prop_carry4_CI_CO[3])
                                                      0.114    70.096 r  U_timer/timer_cnt_reg[31]_i_465/CO[3]
                         net (fo=1, routed)           0.000    70.096    U_timer/timer_cnt_reg[31]_i_465_n_0
    SLICE_X49Y93         CARRY4 (Prop_carry4_CI_CO[3])
                                                      0.114    70.210 r  U_timer/timer_cnt_reg[31]_i_291/CO[3]
                         net (fo=1, routed)           0.000    70.210    U_timer/timer_cnt_reg[31]_i_291_n_0
    SLICE_X49Y94         CARRY4 (Prop_carry4_CI_CO[3])
                                                      0.114    70.324 r  U_timer/timer_cnt_reg[31]_i_280/CO[3]
                         net (fo=1, routed)           0.000    70.324    U_timer/timer_cnt_reg[31]_i_280_n_0
    SLICE_X49Y95         CARRY4 (Prop_carry4_CI_CO[1])
                                                      0.157    70.481 r  U_timer/timer_cnt_reg[31]_i_129/CO[1]
                         net (fo=37, routed)          0.917    71.398    U_timer/freq_div_reg[31]_46[0]
    SLICE_X48Y88         LUT2 (Prop_lut2_I1_O)        0.329    71.727 r  U_timer/timer_cnt[31]_i_1319/O
                         net (fo=1, routed)           0.000    71.727    U_timer/timer_cnt[31]_i_1319_n_0
    SLICE_X48Y88         CARRY4 (Prop_carry4_S[1]_CO[3])
                                                      0.550    72.277 r  U_timer/timer_cnt_reg[31]_i_1219/CO[3]
                         net (fo=1, routed)           0.000    72.277    U_timer/timer_cnt_reg[31]_i_1219_n_0
    SLICE_X48Y89         CARRY4 (Prop_carry4_CI_CO[3])
                                                      0.114    72.391 r  U_timer/timer_cnt_reg[31]_i_1076/CO[3]
                         net (fo=1, routed)           0.000    72.391    U_timer/timer_cnt_reg[31]_i_1076_n_0
    SLICE_X48Y90         CARRY4 (Prop_carry4_CI_CO[3])
                                                      0.114    72.505 r  U_timer/timer_cnt_reg[31]_i_922/CO[3]
                         net (fo=1, routed)           0.000    72.505    U_timer/timer_cnt_reg[31]_i_922_n_0
    SLICE_X48Y91         CARRY4 (Prop_carry4_CI_CO[3])
                                                      0.114    72.619 r  U_timer/timer_cnt_reg[31]_i_768/CO[3]
                         net (fo=1, routed)           0.000    72.619    U_timer/timer_cnt_reg[31]_i_768_n_0
    SLICE_X48Y92         CARRY4 (Prop_carry4_CI_CO[3])
                                                      0.114    72.733 r  U_timer/timer_cnt_reg[31]_i_614/CO[3]
                         net (fo=1, routed)           0.000    72.733    U_timer/timer_cnt_reg[31]_i_614_n_0
    SLICE_X48Y93         CARRY4 (Prop_carry4_CI_CO[3])
                                                      0.114    72.847 r  U_timer/timer_cnt_reg[31]_i_460/CO[3]
                         net (fo=1, routed)           0.000    72.847    U_timer/timer_cnt_reg[31]_i_460_n_0
    SLICE_X48Y94         CARRY4 (Prop_carry4_CI_CO[3])
                                                      0.114    72.961 r  U_timer/timer_cnt_reg[31]_i_286/CO[3]
                         net (fo=1, routed)           0.000    72.961    U_timer/timer_cnt_reg[31]_i_286_n_0
    SLICE_X48Y95         CARRY4 (Prop_carry4_CI_CO[3])
                                                      0.114    73.075 r  U_timer/timer_cnt_reg[31]_i_131/CO[3]
                         net (fo=1, routed)           0.000    73.075    U_timer/timer_cnt_reg[31]_i_131_n_0
    SLICE_X48Y96         CARRY4 (Prop_carry4_CI_CO[1])
                                                      0.157    73.232 r  U_timer/timer_cnt_reg[31]_i_128/CO[1]
                         net (fo=37, routed)          1.103    74.336    U_timer/freq_div_reg[31]_48[0]
    SLICE_X46Y85         LUT2 (Prop_lut2_I1_O)        0.329    74.665 r  U_timer/timer_cnt[31]_i_1315/O
                         net (fo=1, routed)           0.000    74.665    U_timer/timer_cnt[31]_i_1315_n_0
    SLICE_X46Y85         CARRY4 (Prop_carry4_S[1]_CO[3])
                                                      0.533    75.198 r  U_timer/timer_cnt_reg[31]_i_1218/CO[3]
                         net (fo=1, routed)           0.000    75.198    U_timer/timer_cnt_reg[31]_i_1218_n_0
    SLICE_X46Y86         CARRY4 (Prop_carry4_CI_CO[3])
                                                      0.117    75.315 r  U_timer/timer_cnt_reg[31]_i_1075/CO[3]
                         net (fo=1, routed)           0.000    75.315    U_timer/timer_cnt_reg[31]_i_1075_n_0
    SLICE_X46Y87         CARRY4 (Prop_carry4_CI_CO[3])
                                                      0.117    75.432 r  U_timer/timer_cnt_reg[31]_i_921/CO[3]
                         net (fo=1, routed)           0.000    75.432    U_timer/timer_cnt_reg[31]_i_921_n_0
    SLICE_X46Y88         CARRY4 (Prop_carry4_CI_CO[3])
                                                      0.117    75.549 r  U_timer/timer_cnt_reg[31]_i_767/CO[3]
                         net (fo=1, routed)           0.000    75.549    U_timer/timer_cnt_reg[31]_i_767_n_0
    SLICE_X46Y89         CARRY4 (Prop_carry4_CI_CO[3])
                                                      0.117    75.666 r  U_timer/timer_cnt_reg[31]_i_613/CO[3]
                         net (fo=1, routed)           0.000    75.666    U_timer/timer_cnt_reg[31]_i_613_n_0
    SLICE_X46Y90         CARRY4 (Prop_carry4_CI_CO[3])
                                                      0.117    75.783 r  U_timer/timer_cnt_reg[31]_i_459/CO[3]
                         net (fo=1, routed)           0.000    75.783    U_timer/timer_cnt_reg[31]_i_459_n_0
    SLICE_X46Y91         CARRY4 (Prop_carry4_CI_CO[3])
                                                      0.117    75.900 r  U_timer/timer_cnt_reg[31]_i_285/CO[3]
                         net (fo=1, routed)           0.000    75.900    U_timer/timer_cnt_reg[31]_i_285_n_0
    SLICE_X46Y92         CARRY4 (Prop_carry4_CI_CO[3])
                                                      0.117    76.017 r  U_timer/timer_cnt_reg[31]_i_130/CO[3]
                         net (fo=1, routed)           0.000    76.017    U_timer/timer_cnt_reg[31]_i_130_n_0
    SLICE_X46Y93         CARRY4 (Prop_carry4_CI_CO[1])
                                                      0.157    76.174 r  U_timer/timer_cnt_reg[31]_i_55/CO[1]
                         net (fo=37, routed)          1.066    77.240    U_timer/freq_div_reg[31]_50[0]
    SLICE_X45Y85         LUT2 (Prop_lut2_I1_O)        0.332    77.572 r  U_timer/timer_cnt[31]_i_1346/O
                         net (fo=1, routed)           0.000    77.572    U_timer/timer_cnt[31]_i_1346_n_0
    SLICE_X45Y85         CARRY4 (Prop_carry4_S[1]_CO[3])
                                                      0.550    78.122 r  U_timer/timer_cnt_reg[31]_i_1325/CO[3]
                         net (fo=1, routed)           0.000    78.122    U_timer/timer_cnt_reg[31]_i_1325_n_0
    SLICE_X45Y86         CARRY4 (Prop_carry4_CI_CO[3])
                                                      0.114    78.236 r  U_timer/timer_cnt_reg[31]_i_1234/CO[3]
                         net (fo=1, routed)           0.000    78.236    U_timer/timer_cnt_reg[31]_i_1234_n_0
    SLICE_X45Y87         CARRY4 (Prop_carry4_CI_CO[3])
                                                      0.114    78.350 r  U_timer/timer_cnt_reg[31]_i_1091/CO[3]
                         net (fo=1, routed)           0.000    78.350    U_timer/timer_cnt_reg[31]_i_1091_n_0
    SLICE_X45Y88         CARRY4 (Prop_carry4_CI_CO[3])
                                                      0.114    78.464 r  U_timer/timer_cnt_reg[31]_i_937/CO[3]
                         net (fo=1, routed)           0.000    78.464    U_timer/timer_cnt_reg[31]_i_937_n_0
    SLICE_X45Y89         CARRY4 (Prop_carry4_CI_CO[3])
                                                      0.114    78.578 r  U_timer/timer_cnt_reg[31]_i_783/CO[3]
                         net (fo=1, routed)           0.000    78.578    U_timer/timer_cnt_reg[31]_i_783_n_0
    SLICE_X45Y90         CARRY4 (Prop_carry4_CI_CO[3])
                                                      0.114    78.692 r  U_timer/timer_cnt_reg[31]_i_629/CO[3]
                         net (fo=1, routed)           0.000    78.692    U_timer/timer_cnt_reg[31]_i_629_n_0
    SLICE_X45Y91         CARRY4 (Prop_carry4_CI_CO[3])
                                                      0.114    78.806 r  U_timer/timer_cnt_reg[31]_i_475/CO[3]
                         net (fo=1, routed)           0.000    78.806    U_timer/timer_cnt_reg[31]_i_475_n_0
    SLICE_X45Y92         CARRY4 (Prop_carry4_CI_CO[3])
                                                      0.114    78.920 r  U_timer/timer_cnt_reg[31]_i_297/CO[3]
                         net (fo=1, routed)           0.000    78.920    U_timer/timer_cnt_reg[31]_i_297_n_0
    SLICE_X45Y93         CARRY4 (Prop_carry4_CI_CO[1])
                                                      0.157    79.077 r  U_timer/timer_cnt_reg[31]_i_135/CO[1]
                         net (fo=37, routed)          0.917    79.994    U_timer/freq_div_reg[31]_52[0]
    SLICE_X44Y86         LUT2 (Prop_lut2_I1_O)        0.329    80.323 r  U_timer/timer_cnt[31]_i_1342/O
                         net (fo=1, routed)           0.000    80.323    U_timer/timer_cnt[31]_i_1342_n_0
    SLICE_X44Y86         CARRY4 (Prop_carry4_S[1]_CO[3])
                                                      0.550    80.873 r  U_timer/timer_cnt_reg[31]_i_1324/CO[3]
                         net (fo=1, routed)           0.000    80.873    U_timer/timer_cnt_reg[31]_i_1324_n_0
    SLICE_X44Y87         CARRY4 (Prop_carry4_CI_CO[3])
                                                      0.114    80.987 r  U_timer/timer_cnt_reg[31]_i_1233/CO[3]
                         net (fo=1, routed)           0.000    80.987    U_timer/timer_cnt_reg[31]_i_1233_n_0
    SLICE_X44Y88         CARRY4 (Prop_carry4_CI_CO[3])
                                                      0.114    81.101 r  U_timer/timer_cnt_reg[31]_i_1090/CO[3]
                         net (fo=1, routed)           0.000    81.101    U_timer/timer_cnt_reg[31]_i_1090_n_0
    SLICE_X44Y89         CARRY4 (Prop_carry4_CI_CO[3])
                                                      0.114    81.215 r  U_timer/timer_cnt_reg[31]_i_936/CO[3]
                         net (fo=1, routed)           0.000    81.215    U_timer/timer_cnt_reg[31]_i_936_n_0
    SLICE_X44Y90         CARRY4 (Prop_carry4_CI_CO[3])
                                                      0.114    81.329 r  U_timer/timer_cnt_reg[31]_i_782/CO[3]
                         net (fo=1, routed)           0.000    81.329    U_timer/timer_cnt_reg[31]_i_782_n_0
    SLICE_X44Y91         CARRY4 (Prop_carry4_CI_CO[3])
                                                      0.114    81.443 r  U_timer/timer_cnt_reg[31]_i_628/CO[3]
                         net (fo=1, routed)           0.000    81.443    U_timer/timer_cnt_reg[31]_i_628_n_0
    SLICE_X44Y92         CARRY4 (Prop_carry4_CI_CO[3])
                                                      0.114    81.557 r  U_timer/timer_cnt_reg[31]_i_474/CO[3]
                         net (fo=1, routed)           0.000    81.557    U_timer/timer_cnt_reg[31]_i_474_n_0
    SLICE_X44Y93         CARRY4 (Prop_carry4_CI_CO[3])
                                                      0.114    81.671 r  U_timer/timer_cnt_reg[31]_i_296/CO[3]
                         net (fo=1, routed)           0.000    81.671    U_timer/timer_cnt_reg[31]_i_296_n_0
    SLICE_X44Y94         CARRY4 (Prop_carry4_CI_CO[1])
                                                      0.157    81.828 r  U_timer/timer_cnt_reg[31]_i_134/CO[1]
                         net (fo=37, routed)          1.042    82.869    U_timer/freq_div_reg[31]_54[0]
    SLICE_X43Y86         LUT2 (Prop_lut2_I1_O)        0.329    83.198 r  U_timer/timer_cnt[31]_i_1338/O
                         net (fo=1, routed)           0.000    83.198    U_timer/timer_cnt[31]_i_1338_n_0
    SLICE_X43Y86         CARRY4 (Prop_carry4_S[0]_CO[3])
                                                      0.532    83.730 r  U_timer/timer_cnt_reg[31]_i_1243/CO[3]
                         net (fo=1, routed)           0.000    83.730    U_timer/timer_cnt_reg[31]_i_1243_n_0
    SLICE_X43Y87         CARRY4 (Prop_carry4_CI_CO[3])
                                                      0.114    83.844 r  U_timer/timer_cnt_reg[31]_i_1100/CO[3]
                         net (fo=1, routed)           0.000    83.844    U_timer/timer_cnt_reg[31]_i_1100_n_0
    SLICE_X43Y88         CARRY4 (Prop_carry4_CI_CO[3])
                                                      0.114    83.958 r  U_timer/timer_cnt_reg[31]_i_946/CO[3]
                         net (fo=1, routed)           0.000    83.958    U_timer/timer_cnt_reg[31]_i_946_n_0
    SLICE_X43Y89         CARRY4 (Prop_carry4_CI_CO[3])
                                                      0.114    84.072 r  U_timer/timer_cnt_reg[31]_i_792/CO[3]
                         net (fo=1, routed)           0.000    84.072    U_timer/timer_cnt_reg[31]_i_792_n_0
    SLICE_X43Y90         CARRY4 (Prop_carry4_CI_CO[3])
                                                      0.114    84.186 r  U_timer/timer_cnt_reg[31]_i_638/CO[3]
                         net (fo=1, routed)           0.000    84.186    U_timer/timer_cnt_reg[31]_i_638_n_0
    SLICE_X43Y91         CARRY4 (Prop_carry4_CI_CO[3])
                                                      0.114    84.300 r  U_timer/timer_cnt_reg[31]_i_484/CO[3]
                         net (fo=1, routed)           0.000    84.300    U_timer/timer_cnt_reg[31]_i_484_n_0
    SLICE_X43Y92         CARRY4 (Prop_carry4_CI_CO[3])
                                                      0.114    84.414 r  U_timer/timer_cnt_reg[31]_i_302/CO[3]
                         net (fo=1, routed)           0.000    84.414    U_timer/timer_cnt_reg[31]_i_302_n_0
    SLICE_X43Y93         CARRY4 (Prop_carry4_CI_CO[3])
                                                      0.114    84.528 r  U_timer/timer_cnt_reg[31]_i_136/CO[3]
                         net (fo=1, routed)           0.000    84.528    U_timer/timer_cnt_reg[31]_i_136_n_0
    SLICE_X43Y94         CARRY4 (Prop_carry4_CI_CO[0])
                                                      0.271    84.799 r  U_timer/timer_cnt_reg[31]_i_57/CO[0]
                         net (fo=1, routed)           0.307    85.106    U_timer/timer_cnt_reg[31]_i_57_n_3
    SLICE_X45Y95         LUT4 (Prop_lut4_I3_O)        0.373    85.479 r  U_timer/timer_cnt[31]_i_25/O
                         net (fo=1, routed)           0.000    85.479    U_timer/timer_cnt[31]_i_25_n_0
    SLICE_X45Y95         CARRY4 (Prop_carry4_S[0]_CO[3])
                                                      0.532    86.011 r  U_timer/timer_cnt_reg[31]_i_12/CO[3]
                         net (fo=1, routed)           0.000    86.011    U_timer/timer_cnt_reg[31]_i_12_n_0
    SLICE_X45Y96         CARRY4 (Prop_carry4_CI_CO[3])
                                                      0.114    86.125 r  U_timer/timer_cnt_reg[31]_i_8/CO[3]
                         net (fo=1, routed)           0.000    86.125    U_timer/timer_cnt_reg[31]_i_8_n_0
    SLICE_X45Y97         CARRY4 (Prop_carry4_CI_CO[2])
                                                      0.228    86.353 f  U_timer/timer_cnt_reg[31]_i_3/CO[2]
                         net (fo=34, routed)          0.859    87.213    U_timer/cnt_reg[31]_0[0]
    SLICE_X47Y92         LUT2 (Prop_lut2_I1_O)        0.313    87.526 r  U_timer/cnt[0]_i_6/O
                         net (fo=1, routed)           0.000    87.526    U_timer/cnt[0]_i_6_n_0
    SLICE_X47Y92         CARRY4 (Prop_carry4_S[1]_CO[3])
                                                      0.550    88.076 r  U_timer/cnt_reg[0]_i_2/CO[3]
                         net (fo=1, routed)           0.000    88.076    U_timer/cnt_reg[0]_i_2_n_0
    SLICE_X47Y93         CARRY4 (Prop_carry4_CI_CO[3])
                                                      0.114    88.190 r  U_timer/cnt_reg[4]_i_1/CO[3]
                         net (fo=1, routed)           0.000    88.190    U_timer/cnt_reg[4]_i_1_n_0
    SLICE_X47Y94         CARRY4 (Prop_carry4_CI_CO[3])
                                                      0.114    88.304 r  U_timer/cnt_reg[8]_i_1/CO[3]
                         net (fo=1, routed)           0.000    88.304    U_timer/cnt_reg[8]_i_1_n_0
    SLICE_X47Y95         CARRY4 (Prop_carry4_CI_CO[3])
                                                      0.114    88.418 r  U_timer/cnt_reg[12]_i_1/CO[3]
                         net (fo=1, routed)           0.000    88.418    U_timer/cnt_reg[12]_i_1_n_0
    SLICE_X47Y96         CARRY4 (Prop_carry4_CI_CO[3])
                                                      0.114    88.532 r  U_timer/cnt_reg[16]_i_1/CO[3]
                         net (fo=1, routed)           0.000    88.532    U_timer/cnt_reg[16]_i_1_n_0
    SLICE_X47Y97         CARRY4 (Prop_carry4_CI_CO[3])
                                                      0.114    88.646 r  U_timer/cnt_reg[20]_i_1/CO[3]
                         net (fo=1, routed)           0.000    88.646    U_timer/cnt_reg[20]_i_1_n_0
    SLICE_X47Y98         CARRY4 (Prop_carry4_CI_CO[3])
                                                      0.114    88.760 r  U_timer/cnt_reg[24]_i_1/CO[3]
                         net (fo=1, routed)           0.000    88.760    U_timer/cnt_reg[24]_i_1_n_0
    SLICE_X47Y99         CARRY4 (Prop_carry4_CI_O[2])
                                                      0.239    88.999 r  U_timer/cnt_reg[28]_i_1/O[2]
                         net (fo=1, routed)           0.000    88.999    U_timer/cnt_reg[28]_i_1_n_5
    SLICE_X47Y99         FDCE                                         r  U_timer/cnt_reg[30]/D
  -------------------------------------------------------------------    -------------------

                         (clock clk_out1_cpuclk rise edge)
                                                     40.000    40.000 r  
    Y18                                               0.000    40.000 r  fpga_clk (IN)
                         net (fo=0)                   0.000    40.000    Clkgen/inst/clk_in1
    Y18                  IBUF (Prop_ibuf_I_O)         1.474    41.474 r  Clkgen/inst/clkin1_ibufg/O
                         net (fo=1, routed)           1.181    42.655    Clkgen/inst/clk_in1_cpuclk
    PLLE2_ADV_X0Y1       PLLE2_ADV (Prop_plle2_adv_CLKIN1_CLKOUT0)
                                                     -7.855    34.800 r  Clkgen/inst/plle2_adv_inst/CLKOUT0
                         net (fo=1, routed)           1.625    36.425    Clkgen/inst/clk_out1_cpuclk
    BUFGCTRL_X0Y2        BUFG (Prop_bufg_I_O)         0.091    36.516 r  Clkgen/inst/clkout1_buf/O
                         net (fo=1, routed)           1.895    38.411    pll_clk
    SLICE_X52Y96         LUT2 (Prop_lut2_I0_O)        0.100    38.511 r  cpu_clk_BUFG_inst_i_1/O
                         net (fo=1, routed)           0.511    39.023    cpu_clk
    BUFGCTRL_X0Y0        BUFG (Prop_bufg_I_O)         0.091    39.114 r  cpu_clk_BUFG_inst/O
                         net (fo=8506, routed)        1.511    40.625    U_timer/cpu_clk_BUFG
    SLICE_X47Y99         FDCE                                         r  U_timer/cnt_reg[30]/C
                         clock pessimism             -0.195    40.431    
                         clock uncertainty           -0.180    40.251    
    SLICE_X47Y99         FDCE (Setup_fdce_C_D)        0.062    40.313    U_timer/cnt_reg[30]
  -------------------------------------------------------------------
                         required time                         40.313    
                         arrival time                         -88.999    
  -------------------------------------------------------------------
                         slack                                -48.686    

Slack (VIOLATED) :        -48.670ns  (required time - arrival time)
  Source:                 U_timer/freq_div_reg[1]/C
                            (rising edge-triggered cell FDCE clocked by clk_out1_cpuclk  {rise@0.000ns fall@20.000ns period=40.000ns})
  Destination:            U_timer/cnt_reg[28]/D
                            (rising edge-triggered cell FDCE clocked by clk_out1_cpuclk  {rise@0.000ns fall@20.000ns period=40.000ns})
  Path Group:             clk_out1_cpuclk
  Path Type:              Setup (Max at Slow Process Corner)
  Requirement:            40.000ns  (clk_out1_cpuclk rise@40.000ns - clk_out1_cpuclk rise@0.000ns)
  Data Path Delay:        88.453ns  (logic 58.314ns (65.926%)  route 30.139ns (34.074%))
  Logic Levels:           310  (CARRY4=280 LUT1=1 LUT2=27 LUT3=1 LUT4=1)
  Clock Path Skew:        -0.099ns (DCD - SCD + CPR)
    Destination Clock Delay (DCD):    0.625ns = ( 40.625 - 40.000 ) 
    Source Clock Delay      (SCD):    0.530ns
    Clock Pessimism Removal (CPR):    -0.195ns
  Clock Uncertainty:      0.180ns  ((TSJ^2 + DJ^2)^1/2) / 2 + PE
    Total System Jitter     (TSJ):    0.071ns
    Discrete Jitter          (DJ):    0.352ns
    Phase Error              (PE):    0.000ns

    Location             Delay type                Incr(ns)  Path(ns)    Netlist Resource(s)
  -------------------------------------------------------------------    -------------------
                         (clock clk_out1_cpuclk rise edge)
                                                      0.000     0.000 r  
    Y18                                               0.000     0.000 r  fpga_clk (IN)
                         net (fo=0)                   0.000     0.000    Clkgen/inst/clk_in1
    Y18                  IBUF (Prop_ibuf_I_O)         1.545     1.545 r  Clkgen/inst/clkin1_ibufg/O
                         net (fo=1, routed)           1.253     2.798    Clkgen/inst/clk_in1_cpuclk
    PLLE2_ADV_X0Y1       PLLE2_ADV (Prop_plle2_adv_CLKIN1_CLKOUT0)
                                                     -8.590    -5.792 r  Clkgen/inst/plle2_adv_inst/CLKOUT0
                         net (fo=1, routed)           1.704    -4.087    Clkgen/inst/clk_out1_cpuclk
    BUFGCTRL_X0Y2        BUFG (Prop_bufg_I_O)         0.096    -3.991 r  Clkgen/inst/clkout1_buf/O
                         net (fo=1, routed)           2.115    -1.876    pll_clk
    SLICE_X52Y96         LUT2 (Prop_lut2_I0_O)        0.124    -1.752 r  cpu_clk_BUFG_inst_i_1/O
                         net (fo=1, routed)           0.567    -1.185    cpu_clk
    BUFGCTRL_X0Y0        BUFG (Prop_bufg_I_O)         0.096    -1.089 r  cpu_clk_BUFG_inst/O
                         net (fo=8506, routed)        1.618     0.530    U_timer/cpu_clk_BUFG
    SLICE_X55Y63         FDCE                                         r  U_timer/freq_div_reg[1]/C
  -------------------------------------------------------------------    -------------------
    SLICE_X55Y63         FDCE (Prop_fdce_C_Q)         0.456     0.986 f  U_timer/freq_div_reg[1]/Q
                         net (fo=32, routed)          0.449     1.435    U_timer/freq_div_reg_n_0_[1]
    SLICE_X53Y63         LUT1 (Prop_lut1_I0_O)        0.124     1.559 r  U_timer/timer_cnt[31]_i_1177/O
                         net (fo=1, routed)           0.000     1.559    U_timer/timer_cnt[31]_i_1177_n_0
    SLICE_X53Y63         CARRY4 (Prop_carry4_S[1]_CO[3])
                                                      0.550     2.109 r  U_timer/timer_cnt_reg[31]_i_1017/CO[3]
                         net (fo=1, routed)           0.000     2.109    U_timer/timer_cnt_reg[31]_i_1017_n_0
    SLICE_X53Y64         CARRY4 (Prop_carry4_CI_CO[3])
                                                      0.114     2.223 r  U_timer/timer_cnt_reg[31]_i_863/CO[3]
                         net (fo=1, routed)           0.000     2.223    U_timer/timer_cnt_reg[31]_i_863_n_0
    SLICE_X53Y65         CARRY4 (Prop_carry4_CI_CO[3])
                                                      0.114     2.337 r  U_timer/timer_cnt_reg[31]_i_709/CO[3]
                         net (fo=1, routed)           0.000     2.337    U_timer/timer_cnt_reg[31]_i_709_n_0
    SLICE_X53Y66         CARRY4 (Prop_carry4_CI_CO[3])
                                                      0.114     2.451 r  U_timer/timer_cnt_reg[31]_i_555/CO[3]
                         net (fo=1, routed)           0.000     2.451    U_timer/timer_cnt_reg[31]_i_555_n_0
    SLICE_X53Y67         CARRY4 (Prop_carry4_CI_CO[3])
                                                      0.114     2.565 r  U_timer/timer_cnt_reg[31]_i_389/CO[3]
                         net (fo=1, routed)           0.000     2.565    U_timer/timer_cnt_reg[31]_i_389_n_0
    SLICE_X53Y68         CARRY4 (Prop_carry4_CI_CO[3])
                                                      0.114     2.679 r  U_timer/timer_cnt_reg[31]_i_216/CO[3]
                         net (fo=1, routed)           0.000     2.679    U_timer/timer_cnt_reg[31]_i_216_n_0
    SLICE_X53Y69         CARRY4 (Prop_carry4_CI_CO[3])
                                                      0.114     2.793 r  U_timer/timer_cnt_reg[31]_i_95/CO[3]
                         net (fo=1, routed)           0.000     2.793    U_timer/timer_cnt_reg[31]_i_95_n_0
    SLICE_X53Y70         CARRY4 (Prop_carry4_CI_CO[3])
                                                      0.114     2.907 r  U_timer/timer_cnt_reg[31]_i_82/CO[3]
                         net (fo=1, routed)           0.000     2.907    U_timer/timer_cnt_reg[31]_i_82_n_0
    SLICE_X53Y71         CARRY4 (Prop_carry4_CI_CO[0])
                                                      0.271     3.178 r  U_timer/timer_cnt_reg[31]_i_35/CO[0]
                         net (fo=36, routed)          0.951     4.129    U_timer/CO[0]
    SLICE_X54Y67         CARRY4 (Prop_carry4_CYINIT_CO[3])
                                                      0.844     4.973 r  U_timer/timer_cnt_reg[31]_i_1012/CO[3]
                         net (fo=1, routed)           0.000     4.973    U_timer/timer_cnt_reg[31]_i_1012_n_0
    SLICE_X54Y68         CARRY4 (Prop_carry4_CI_CO[3])
                                                      0.117     5.090 r  U_timer/timer_cnt_reg[31]_i_858/CO[3]
                         net (fo=1, routed)           0.000     5.090    U_timer/timer_cnt_reg[31]_i_858_n_0
    SLICE_X54Y69         CARRY4 (Prop_carry4_CI_CO[3])
                                                      0.117     5.207 r  U_timer/timer_cnt_reg[31]_i_704/CO[3]
                         net (fo=1, routed)           0.000     5.207    U_timer/timer_cnt_reg[31]_i_704_n_0
    SLICE_X54Y70         CARRY4 (Prop_carry4_CI_CO[3])
                                                      0.117     5.324 r  U_timer/timer_cnt_reg[31]_i_550/CO[3]
                         net (fo=1, routed)           0.000     5.324    U_timer/timer_cnt_reg[31]_i_550_n_0
    SLICE_X54Y71         CARRY4 (Prop_carry4_CI_CO[3])
                                                      0.117     5.441 r  U_timer/timer_cnt_reg[31]_i_384/CO[3]
                         net (fo=1, routed)           0.000     5.441    U_timer/timer_cnt_reg[31]_i_384_n_0
    SLICE_X54Y72         CARRY4 (Prop_carry4_CI_CO[3])
                                                      0.117     5.558 r  U_timer/timer_cnt_reg[31]_i_211/CO[3]
                         net (fo=1, routed)           0.000     5.558    U_timer/timer_cnt_reg[31]_i_211_n_0
    SLICE_X54Y73         CARRY4 (Prop_carry4_CI_CO[3])
                                                      0.117     5.675 r  U_timer/timer_cnt_reg[31]_i_90/CO[3]
                         net (fo=1, routed)           0.000     5.675    U_timer/timer_cnt_reg[31]_i_90_n_0
    SLICE_X54Y74         CARRY4 (Prop_carry4_CI_CO[3])
                                                      0.117     5.792 r  U_timer/timer_cnt_reg[31]_i_41/CO[3]
                         net (fo=1, routed)           0.009     5.801    U_timer/timer_cnt_reg[31]_i_41_n_0
    SLICE_X54Y75         CARRY4 (Prop_carry4_CI_CO[1])
                                                      0.157     5.958 r  U_timer/timer_cnt_reg[31]_i_34/CO[1]
                         net (fo=36, routed)          1.178     7.136    U_timer/freq_div_reg[31]_0[0]
    SLICE_X55Y68         LUT3 (Prop_lut3_I0_O)        0.332     7.468 r  U_timer/timer_cnt[31]_i_1015/O
                         net (fo=1, routed)           0.000     7.468    U_timer/timer_cnt[31]_i_1015_n_0
    SLICE_X55Y68         CARRY4 (Prop_carry4_S[1]_CO[3])
                                                      0.550     8.018 r  U_timer/timer_cnt_reg[31]_i_857/CO[3]
                         net (fo=1, routed)           0.000     8.018    U_timer/timer_cnt_reg[31]_i_857_n_0
    SLICE_X55Y69         CARRY4 (Prop_carry4_CI_CO[3])
                                                      0.114     8.132 r  U_timer/timer_cnt_reg[31]_i_703/CO[3]
                         net (fo=1, routed)           0.000     8.132    U_timer/timer_cnt_reg[31]_i_703_n_0
    SLICE_X55Y70         CARRY4 (Prop_carry4_CI_CO[3])
                                                      0.114     8.246 r  U_timer/timer_cnt_reg[31]_i_549/CO[3]
                         net (fo=1, routed)           0.000     8.246    U_timer/timer_cnt_reg[31]_i_549_n_0
    SLICE_X55Y71         CARRY4 (Prop_carry4_CI_CO[3])
                                                      0.114     8.360 r  U_timer/timer_cnt_reg[31]_i_383/CO[3]
                         net (fo=1, routed)           0.000     8.360    U_timer/timer_cnt_reg[31]_i_383_n_0
    SLICE_X55Y72         CARRY4 (Prop_carry4_CI_CO[3])
                                                      0.114     8.474 r  U_timer/timer_cnt_reg[31]_i_210/CO[3]
                         net (fo=1, routed)           0.000     8.474    U_timer/timer_cnt_reg[31]_i_210_n_0
    SLICE_X55Y73         CARRY4 (Prop_carry4_CI_CO[3])
                                                      0.114     8.588 r  U_timer/timer_cnt_reg[31]_i_89/CO[3]
                         net (fo=1, routed)           0.000     8.588    U_timer/timer_cnt_reg[31]_i_89_n_0
    SLICE_X55Y74         CARRY4 (Prop_carry4_CI_CO[3])
                                                      0.114     8.702 r  U_timer/timer_cnt_reg[31]_i_40/CO[3]
                         net (fo=1, routed)           0.009     8.711    U_timer/timer_cnt_reg[31]_i_40_n_0
    SLICE_X55Y75         CARRY4 (Prop_carry4_CI_CO[1])
                                                      0.157     8.868 r  U_timer/timer_cnt_reg[31]_i_19/CO[1]
                         net (fo=37, routed)          0.953     9.821    U_timer/freq_div_reg[31]_2[0]
    SLICE_X52Y66         LUT2 (Prop_lut2_I1_O)        0.329    10.150 r  U_timer/timer_cnt[31]_i_1187/O
                         net (fo=1, routed)           0.000    10.150    U_timer/timer_cnt[31]_i_1187_n_0
    SLICE_X52Y66         CARRY4 (Prop_carry4_S[1]_CO[3])
                                                      0.550    10.700 r  U_timer/timer_cnt_reg[31]_i_1036/CO[3]
                         net (fo=1, routed)           0.000    10.700    U_timer/timer_cnt_reg[31]_i_1036_n_0
    SLICE_X52Y67         CARRY4 (Prop_carry4_CI_CO[3])
                                                      0.114    10.814 r  U_timer/timer_cnt_reg[31]_i_882/CO[3]
                         net (fo=1, routed)           0.000    10.814    U_timer/timer_cnt_reg[31]_i_882_n_0
    SLICE_X52Y68         CARRY4 (Prop_carry4_CI_CO[3])
                                                      0.114    10.928 r  U_timer/timer_cnt_reg[31]_i_728/CO[3]
                         net (fo=1, routed)           0.000    10.928    U_timer/timer_cnt_reg[31]_i_728_n_0
    SLICE_X52Y69         CARRY4 (Prop_carry4_CI_CO[3])
                                                      0.114    11.042 r  U_timer/timer_cnt_reg[31]_i_574/CO[3]
                         net (fo=1, routed)           0.000    11.042    U_timer/timer_cnt_reg[31]_i_574_n_0
    SLICE_X52Y70         CARRY4 (Prop_carry4_CI_CO[3])
                                                      0.114    11.156 r  U_timer/timer_cnt_reg[31]_i_408/CO[3]
                         net (fo=1, routed)           0.000    11.156    U_timer/timer_cnt_reg[31]_i_408_n_0
    SLICE_X52Y71         CARRY4 (Prop_carry4_CI_CO[3])
                                                      0.114    11.270 r  U_timer/timer_cnt_reg[31]_i_239/CO[3]
                         net (fo=1, routed)           0.000    11.270    U_timer/timer_cnt_reg[31]_i_239_n_0
    SLICE_X52Y72         CARRY4 (Prop_carry4_CI_CO[3])
                                                      0.114    11.384 r  U_timer/timer_cnt_reg[31]_i_111/CO[3]
                         net (fo=1, routed)           0.000    11.384    U_timer/timer_cnt_reg[31]_i_111_n_0
    SLICE_X52Y73         CARRY4 (Prop_carry4_CI_CO[3])
                                                      0.114    11.498 r  U_timer/timer_cnt_reg[31]_i_100/CO[3]
                         net (fo=1, routed)           0.000    11.498    U_timer/timer_cnt_reg[31]_i_100_n_0
    SLICE_X52Y74         CARRY4 (Prop_carry4_CI_CO[1])
                                                      0.157    11.655 r  U_timer/timer_cnt_reg[31]_i_45/CO[1]
                         net (fo=36, routed)          1.050    12.705    U_timer/freq_div_reg[31]_4[0]
    SLICE_X48Y65         LUT2 (Prop_lut2_I1_O)        0.329    13.034 r  U_timer/timer_cnt[31]_i_1183/O
                         net (fo=1, routed)           0.000    13.034    U_timer/timer_cnt[31]_i_1183_n_0
    SLICE_X48Y65         CARRY4 (Prop_carry4_S[1]_CO[3])
                                                      0.550    13.584 r  U_timer/timer_cnt_reg[31]_i_1031/CO[3]
                         net (fo=1, routed)           0.000    13.584    U_timer/timer_cnt_reg[31]_i_1031_n_0
    SLICE_X48Y66         CARRY4 (Prop_carry4_CI_CO[3])
                                                      0.114    13.698 r  U_timer/timer_cnt_reg[31]_i_877/CO[3]
                         net (fo=1, routed)           0.000    13.698    U_timer/timer_cnt_reg[31]_i_877_n_0
    SLICE_X48Y67         CARRY4 (Prop_carry4_CI_CO[3])
                                                      0.114    13.812 r  U_timer/timer_cnt_reg[31]_i_723/CO[3]
                         net (fo=1, routed)           0.000    13.812    U_timer/timer_cnt_reg[31]_i_723_n_0
    SLICE_X48Y68         CARRY4 (Prop_carry4_CI_CO[3])
                                                      0.114    13.926 r  U_timer/timer_cnt_reg[31]_i_569/CO[3]
                         net (fo=1, routed)           0.000    13.926    U_timer/timer_cnt_reg[31]_i_569_n_0
    SLICE_X48Y69         CARRY4 (Prop_carry4_CI_CO[3])
                                                      0.114    14.040 r  U_timer/timer_cnt_reg[31]_i_403/CO[3]
                         net (fo=1, routed)           0.000    14.040    U_timer/timer_cnt_reg[31]_i_403_n_0
    SLICE_X48Y70         CARRY4 (Prop_carry4_CI_CO[3])
                                                      0.114    14.154 r  U_timer/timer_cnt_reg[31]_i_234/CO[3]
                         net (fo=1, routed)           0.000    14.154    U_timer/timer_cnt_reg[31]_i_234_n_0
    SLICE_X48Y71         CARRY4 (Prop_carry4_CI_CO[3])
                                                      0.114    14.268 r  U_timer/timer_cnt_reg[31]_i_106/CO[3]
                         net (fo=1, routed)           0.000    14.268    U_timer/timer_cnt_reg[31]_i_106_n_0
    SLICE_X48Y72         CARRY4 (Prop_carry4_CI_CO[3])
                                                      0.114    14.382 r  U_timer/timer_cnt_reg[31]_i_47/CO[3]
                         net (fo=1, routed)           0.000    14.382    U_timer/timer_cnt_reg[31]_i_47_n_0
    SLICE_X48Y73         CARRY4 (Prop_carry4_CI_CO[1])
                                                      0.157    14.539 r  U_timer/timer_cnt_reg[31]_i_44/CO[1]
                         net (fo=36, routed)          0.901    15.440    U_timer/freq_div_reg[31]_6[0]
    SLICE_X49Y64         LUT2 (Prop_lut2_I1_O)        0.329    15.769 r  U_timer/timer_cnt[31]_i_1180/O
                         net (fo=1, routed)           0.000    15.769    U_timer/timer_cnt[31]_i_1180_n_0
    SLICE_X49Y64         CARRY4 (Prop_carry4_S[1]_CO[3])
                                                      0.550    16.319 r  U_timer/timer_cnt_reg[31]_i_1030/CO[3]
                         net (fo=1, routed)           0.000    16.319    U_timer/timer_cnt_reg[31]_i_1030_n_0
    SLICE_X49Y65         CARRY4 (Prop_carry4_CI_CO[3])
                                                      0.114    16.433 r  U_timer/timer_cnt_reg[31]_i_876/CO[3]
                         net (fo=1, routed)           0.000    16.433    U_timer/timer_cnt_reg[31]_i_876_n_0
    SLICE_X49Y66         CARRY4 (Prop_carry4_CI_CO[3])
                                                      0.114    16.547 r  U_timer/timer_cnt_reg[31]_i_722/CO[3]
                         net (fo=1, routed)           0.000    16.547    U_timer/timer_cnt_reg[31]_i_722_n_0
    SLICE_X49Y67         CARRY4 (Prop_carry4_CI_CO[3])
                                                      0.114    16.661 r  U_timer/timer_cnt_reg[31]_i_568/CO[3]
                         net (fo=1, routed)           0.000    16.661    U_timer/timer_cnt_reg[31]_i_568_n_0
    SLICE_X49Y68         CARRY4 (Prop_carry4_CI_CO[3])
                                                      0.114    16.775 r  U_timer/timer_cnt_reg[31]_i_402/CO[3]
                         net (fo=1, routed)           0.000    16.775    U_timer/timer_cnt_reg[31]_i_402_n_0
    SLICE_X49Y69         CARRY4 (Prop_carry4_CI_CO[3])
                                                      0.114    16.889 r  U_timer/timer_cnt_reg[31]_i_233/CO[3]
                         net (fo=1, routed)           0.000    16.889    U_timer/timer_cnt_reg[31]_i_233_n_0
    SLICE_X49Y70         CARRY4 (Prop_carry4_CI_CO[3])
                                                      0.114    17.003 r  U_timer/timer_cnt_reg[31]_i_105/CO[3]
                         net (fo=1, routed)           0.000    17.003    U_timer/timer_cnt_reg[31]_i_105_n_0
    SLICE_X49Y71         CARRY4 (Prop_carry4_CI_CO[3])
                                                      0.114    17.117 r  U_timer/timer_cnt_reg[31]_i_46/CO[3]
                         net (fo=1, routed)           0.000    17.117    U_timer/timer_cnt_reg[31]_i_46_n_0
    SLICE_X49Y72         CARRY4 (Prop_carry4_CI_CO[1])
                                                      0.157    17.274 r  U_timer/timer_cnt_reg[31]_i_21/CO[1]
                         net (fo=36, routed)          0.887    18.161    U_timer/freq_div_reg[31]_8[0]
    SLICE_X47Y64         LUT2 (Prop_lut2_I1_O)        0.329    18.490 r  U_timer/timer_cnt[31]_i_1258/O
                         net (fo=1, routed)           0.000    18.490    U_timer/timer_cnt[31]_i_1258_n_0
    SLICE_X47Y64         CARRY4 (Prop_carry4_S[1]_CO[3])
                                                      0.550    19.040 r  U_timer/timer_cnt_reg[31]_i_1111/CO[3]
                         net (fo=1, routed)           0.000    19.040    U_timer/timer_cnt_reg[31]_i_1111_n_0
    SLICE_X47Y65         CARRY4 (Prop_carry4_CI_CO[3])
                                                      0.114    19.154 r  U_timer/timer_cnt_reg[31]_i_957/CO[3]
                         net (fo=1, routed)           0.000    19.154    U_timer/timer_cnt_reg[31]_i_957_n_0
    SLICE_X47Y66         CARRY4 (Prop_carry4_CI_CO[3])
                                                      0.114    19.268 r  U_timer/timer_cnt_reg[31]_i_803/CO[3]
                         net (fo=1, routed)           0.000    19.268    U_timer/timer_cnt_reg[31]_i_803_n_0
    SLICE_X47Y67         CARRY4 (Prop_carry4_CI_CO[3])
                                                      0.114    19.382 r  U_timer/timer_cnt_reg[31]_i_649/CO[3]
                         net (fo=1, routed)           0.000    19.382    U_timer/timer_cnt_reg[31]_i_649_n_0
    SLICE_X47Y68         CARRY4 (Prop_carry4_CI_CO[3])
                                                      0.114    19.496 r  U_timer/timer_cnt_reg[31]_i_495/CO[3]
                         net (fo=1, routed)           0.000    19.496    U_timer/timer_cnt_reg[31]_i_495_n_0
    SLICE_X47Y69         CARRY4 (Prop_carry4_CI_CO[3])
                                                      0.114    19.610 r  U_timer/timer_cnt_reg[31]_i_317/CO[3]
                         net (fo=1, routed)           0.000    19.610    U_timer/timer_cnt_reg[31]_i_317_n_0
    SLICE_X47Y70         CARRY4 (Prop_carry4_CI_CO[3])
                                                      0.114    19.724 r  U_timer/timer_cnt_reg[31]_i_149/CO[3]
                         net (fo=1, routed)           0.000    19.724    U_timer/timer_cnt_reg[31]_i_149_n_0
    SLICE_X47Y71         CARRY4 (Prop_carry4_CI_CO[3])
                                                      0.114    19.838 r  U_timer/timer_cnt_reg[31]_i_138/CO[3]
                         net (fo=1, routed)           0.000    19.838    U_timer/timer_cnt_reg[31]_i_138_n_0
    SLICE_X47Y72         CARRY4 (Prop_carry4_CI_CO[1])
                                                      0.157    19.995 r  U_timer/timer_cnt_reg[31]_i_59/CO[1]
                         net (fo=37, routed)          1.015    21.011    U_timer/freq_div_reg[31]_10[0]
    SLICE_X46Y67         LUT2 (Prop_lut2_I1_O)        0.329    21.340 r  U_timer/timer_cnt[31]_i_1255/O
                         net (fo=1, routed)           0.000    21.340    U_timer/timer_cnt[31]_i_1255_n_0
    SLICE_X46Y67         CARRY4 (Prop_carry4_S[1]_CO[3])
                                                      0.533    21.873 r  U_timer/timer_cnt_reg[31]_i_1106/CO[3]
                         net (fo=1, routed)           0.000    21.873    U_timer/timer_cnt_reg[31]_i_1106_n_0
    SLICE_X46Y68         CARRY4 (Prop_carry4_CI_CO[3])
                                                      0.117    21.990 r  U_timer/timer_cnt_reg[31]_i_952/CO[3]
                         net (fo=1, routed)           0.000    21.990    U_timer/timer_cnt_reg[31]_i_952_n_0
    SLICE_X46Y69         CARRY4 (Prop_carry4_CI_CO[3])
                                                      0.117    22.107 r  U_timer/timer_cnt_reg[31]_i_798/CO[3]
                         net (fo=1, routed)           0.000    22.107    U_timer/timer_cnt_reg[31]_i_798_n_0
    SLICE_X46Y70         CARRY4 (Prop_carry4_CI_CO[3])
                                                      0.117    22.224 r  U_timer/timer_cnt_reg[31]_i_644/CO[3]
                         net (fo=1, routed)           0.000    22.224    U_timer/timer_cnt_reg[31]_i_644_n_0
    SLICE_X46Y71         CARRY4 (Prop_carry4_CI_CO[3])
                                                      0.117    22.341 r  U_timer/timer_cnt_reg[31]_i_490/CO[3]
                         net (fo=1, routed)           0.000    22.341    U_timer/timer_cnt_reg[31]_i_490_n_0
    SLICE_X46Y72         CARRY4 (Prop_carry4_CI_CO[3])
                                                      0.117    22.458 r  U_timer/timer_cnt_reg[31]_i_312/CO[3]
                         net (fo=1, routed)           0.000    22.458    U_timer/timer_cnt_reg[31]_i_312_n_0
    SLICE_X46Y73         CARRY4 (Prop_carry4_CI_CO[3])
                                                      0.117    22.575 r  U_timer/timer_cnt_reg[31]_i_144/CO[3]
                         net (fo=1, routed)           0.000    22.575    U_timer/timer_cnt_reg[31]_i_144_n_0
    SLICE_X46Y74         CARRY4 (Prop_carry4_CI_CO[3])
                                                      0.117    22.692 r  U_timer/timer_cnt_reg[31]_i_61/CO[3]
                         net (fo=1, routed)           0.009    22.701    U_timer/timer_cnt_reg[31]_i_61_n_0
    SLICE_X46Y75         CARRY4 (Prop_carry4_CI_CO[1])
                                                      0.157    22.858 r  U_timer/timer_cnt_reg[31]_i_58/CO[1]
                         net (fo=37, routed)          0.999    23.856    U_timer/freq_div_reg[31]_12[0]
    SLICE_X50Y72         LUT2 (Prop_lut2_I1_O)        0.332    24.188 r  U_timer/timer_cnt[31]_i_1251/O
                         net (fo=1, routed)           0.000    24.188    U_timer/timer_cnt[31]_i_1251_n_0
    SLICE_X50Y72         CARRY4 (Prop_carry4_S[1]_CO[3])
                                                      0.533    24.721 r  U_timer/timer_cnt_reg[31]_i_1105/CO[3]
                         net (fo=1, routed)           0.000    24.721    U_timer/timer_cnt_reg[31]_i_1105_n_0
    SLICE_X50Y73         CARRY4 (Prop_carry4_CI_CO[3])
                                                      0.117    24.838 r  U_timer/timer_cnt_reg[31]_i_951/CO[3]
                         net (fo=1, routed)           0.000    24.838    U_timer/timer_cnt_reg[31]_i_951_n_0
    SLICE_X50Y74         CARRY4 (Prop_carry4_CI_CO[3])
                                                      0.117    24.955 r  U_timer/timer_cnt_reg[31]_i_797/CO[3]
                         net (fo=1, routed)           0.009    24.964    U_timer/timer_cnt_reg[31]_i_797_n_0
    SLICE_X50Y75         CARRY4 (Prop_carry4_CI_CO[3])
                                                      0.117    25.081 r  U_timer/timer_cnt_reg[31]_i_643/CO[3]
                         net (fo=1, routed)           0.000    25.081    U_timer/timer_cnt_reg[31]_i_643_n_0
    SLICE_X50Y76         CARRY4 (Prop_carry4_CI_CO[3])
                                                      0.117    25.198 r  U_timer/timer_cnt_reg[31]_i_489/CO[3]
                         net (fo=1, routed)           0.000    25.198    U_timer/timer_cnt_reg[31]_i_489_n_0
    SLICE_X50Y77         CARRY4 (Prop_carry4_CI_CO[3])
                                                      0.117    25.315 r  U_timer/timer_cnt_reg[31]_i_311/CO[3]
                         net (fo=1, routed)           0.000    25.315    U_timer/timer_cnt_reg[31]_i_311_n_0
    SLICE_X50Y78         CARRY4 (Prop_carry4_CI_CO[3])
                                                      0.117    25.432 r  U_timer/timer_cnt_reg[31]_i_143/CO[3]
                         net (fo=1, routed)           0.000    25.432    U_timer/timer_cnt_reg[31]_i_143_n_0
    SLICE_X50Y79         CARRY4 (Prop_carry4_CI_CO[3])
                                                      0.117    25.549 r  U_timer/timer_cnt_reg[31]_i_60/CO[3]
                         net (fo=1, routed)           0.000    25.549    U_timer/timer_cnt_reg[31]_i_60_n_0
    SLICE_X50Y80         CARRY4 (Prop_carry4_CI_CO[1])
                                                      0.157    25.706 r  U_timer/timer_cnt_reg[31]_i_27/CO[1]
                         net (fo=36, routed)          0.921    26.628    U_timer/freq_div_reg[31]_14[0]
    SLICE_X47Y73         LUT2 (Prop_lut2_I1_O)        0.332    26.960 r  U_timer/timer_cnt[31]_i_1268/O
                         net (fo=1, routed)           0.000    26.960    U_timer/timer_cnt[31]_i_1268_n_0
    SLICE_X47Y73         CARRY4 (Prop_carry4_S[1]_CO[3])
                                                      0.550    27.510 r  U_timer/timer_cnt_reg[31]_i_1126/CO[3]
                         net (fo=1, routed)           0.000    27.510    U_timer/timer_cnt_reg[31]_i_1126_n_0
    SLICE_X47Y74         CARRY4 (Prop_carry4_CI_CO[3])
                                                      0.114    27.624 r  U_timer/timer_cnt_reg[31]_i_972/CO[3]
                         net (fo=1, routed)           0.009    27.633    U_timer/timer_cnt_reg[31]_i_972_n_0
    SLICE_X47Y75         CARRY4 (Prop_carry4_CI_CO[3])
                                                      0.114    27.747 r  U_timer/timer_cnt_reg[31]_i_818/CO[3]
                         net (fo=1, routed)           0.000    27.747    U_timer/timer_cnt_reg[31]_i_818_n_0
    SLICE_X47Y76         CARRY4 (Prop_carry4_CI_CO[3])
                                                      0.114    27.861 r  U_timer/timer_cnt_reg[31]_i_664/CO[3]
                         net (fo=1, routed)           0.000    27.861    U_timer/timer_cnt_reg[31]_i_664_n_0
    SLICE_X47Y77         CARRY4 (Prop_carry4_CI_CO[3])
                                                      0.114    27.975 r  U_timer/timer_cnt_reg[31]_i_510/CO[3]
                         net (fo=1, routed)           0.000    27.975    U_timer/timer_cnt_reg[31]_i_510_n_0
    SLICE_X47Y78         CARRY4 (Prop_carry4_CI_CO[3])
                                                      0.114    28.089 r  U_timer/timer_cnt_reg[31]_i_336/CO[3]
                         net (fo=1, routed)           0.000    28.089    U_timer/timer_cnt_reg[31]_i_336_n_0
    SLICE_X47Y79         CARRY4 (Prop_carry4_CI_CO[3])
                                                      0.114    28.203 r  U_timer/timer_cnt_reg[31]_i_165/CO[3]
                         net (fo=1, routed)           0.000    28.203    U_timer/timer_cnt_reg[31]_i_165_n_0
    SLICE_X47Y80         CARRY4 (Prop_carry4_CI_CO[3])
                                                      0.114    28.317 r  U_timer/timer_cnt_reg[31]_i_154/CO[3]
                         net (fo=1, routed)           0.000    28.317    U_timer/timer_cnt_reg[31]_i_154_n_0
    SLICE_X47Y81         CARRY4 (Prop_carry4_CI_CO[1])
                                                      0.157    28.474 r  U_timer/timer_cnt_reg[31]_i_65/CO[1]
                         net (fo=36, routed)          0.855    29.328    U_timer/freq_div_reg[31]_16[0]
    SLICE_X51Y75         LUT2 (Prop_lut2_I1_O)        0.329    29.657 r  U_timer/timer_cnt[31]_i_1265/O
                         net (fo=1, routed)           0.000    29.657    U_timer/timer_cnt[31]_i_1265_n_0
    SLICE_X51Y75         CARRY4 (Prop_carry4_S[1]_CO[3])
                                                      0.550    30.207 r  U_timer/timer_cnt_reg[31]_i_1121/CO[3]
                         net (fo=1, routed)           0.000    30.207    U_timer/timer_cnt_reg[31]_i_1121_n_0
    SLICE_X51Y76         CARRY4 (Prop_carry4_CI_CO[3])
                                                      0.114    30.321 r  U_timer/timer_cnt_reg[31]_i_967/CO[3]
                         net (fo=1, routed)           0.000    30.321    U_timer/timer_cnt_reg[31]_i_967_n_0
    SLICE_X51Y77         CARRY4 (Prop_carry4_CI_CO[3])
                                                      0.114    30.435 r  U_timer/timer_cnt_reg[31]_i_813/CO[3]
                         net (fo=1, routed)           0.000    30.435    U_timer/timer_cnt_reg[31]_i_813_n_0
    SLICE_X51Y78         CARRY4 (Prop_carry4_CI_CO[3])
                                                      0.114    30.549 r  U_timer/timer_cnt_reg[31]_i_659/CO[3]
                         net (fo=1, routed)           0.000    30.549    U_timer/timer_cnt_reg[31]_i_659_n_0
    SLICE_X51Y79         CARRY4 (Prop_carry4_CI_CO[3])
                                                      0.114    30.663 r  U_timer/timer_cnt_reg[31]_i_505/CO[3]
                         net (fo=1, routed)           0.000    30.663    U_timer/timer_cnt_reg[31]_i_505_n_0
    SLICE_X51Y80         CARRY4 (Prop_carry4_CI_CO[3])
                                                      0.114    30.777 r  U_timer/timer_cnt_reg[31]_i_331/CO[3]
                         net (fo=1, routed)           0.000    30.777    U_timer/timer_cnt_reg[31]_i_331_n_0
    SLICE_X51Y81         CARRY4 (Prop_carry4_CI_CO[3])
                                                      0.114    30.891 r  U_timer/timer_cnt_reg[31]_i_160/CO[3]
                         net (fo=1, routed)           0.000    30.891    U_timer/timer_cnt_reg[31]_i_160_n_0
    SLICE_X51Y82         CARRY4 (Prop_carry4_CI_CO[3])
                                                      0.114    31.005 r  U_timer/timer_cnt_reg[31]_i_67/CO[3]
                         net (fo=1, routed)           0.000    31.005    U_timer/timer_cnt_reg[31]_i_67_n_0
    SLICE_X51Y83         CARRY4 (Prop_carry4_CI_CO[1])
                                                      0.157    31.162 r  U_timer/timer_cnt_reg[31]_i_64/CO[1]
                         net (fo=37, routed)          1.062    32.225    U_timer/freq_div_reg[31]_18[0]
    SLICE_X45Y76         LUT2 (Prop_lut2_I1_O)        0.329    32.554 r  U_timer/timer_cnt[31]_i_1262/O
                         net (fo=1, routed)           0.000    32.554    U_timer/timer_cnt[31]_i_1262_n_0
    SLICE_X45Y76         CARRY4 (Prop_carry4_S[1]_CO[3])
                                                      0.550    33.104 r  U_timer/timer_cnt_reg[31]_i_1120/CO[3]
                         net (fo=1, routed)           0.000    33.104    U_timer/timer_cnt_reg[31]_i_1120_n_0
    SLICE_X45Y77         CARRY4 (Prop_carry4_CI_CO[3])
                                                      0.114    33.218 r  U_timer/timer_cnt_reg[31]_i_966/CO[3]
                         net (fo=1, routed)           0.000    33.218    U_timer/timer_cnt_reg[31]_i_966_n_0
    SLICE_X45Y78         CARRY4 (Prop_carry4_CI_CO[3])
                                                      0.114    33.332 r  U_timer/timer_cnt_reg[31]_i_812/CO[3]
                         net (fo=1, routed)           0.000    33.332    U_timer/timer_cnt_reg[31]_i_812_n_0
    SLICE_X45Y79         CARRY4 (Prop_carry4_CI_CO[3])
                                                      0.114    33.446 r  U_timer/timer_cnt_reg[31]_i_658/CO[3]
                         net (fo=1, routed)           0.000    33.446    U_timer/timer_cnt_reg[31]_i_658_n_0
    SLICE_X45Y80         CARRY4 (Prop_carry4_CI_CO[3])
                                                      0.114    33.560 r  U_timer/timer_cnt_reg[31]_i_504/CO[3]
                         net (fo=1, routed)           0.000    33.560    U_timer/timer_cnt_reg[31]_i_504_n_0
    SLICE_X45Y81         CARRY4 (Prop_carry4_CI_CO[3])
                                                      0.114    33.674 r  U_timer/timer_cnt_reg[31]_i_330/CO[3]
                         net (fo=1, routed)           0.000    33.674    U_timer/timer_cnt_reg[31]_i_330_n_0
    SLICE_X45Y82         CARRY4 (Prop_carry4_CI_CO[3])
                                                      0.114    33.788 r  U_timer/timer_cnt_reg[31]_i_159/CO[3]
                         net (fo=1, routed)           0.000    33.788    U_timer/timer_cnt_reg[31]_i_159_n_0
    SLICE_X45Y83         CARRY4 (Prop_carry4_CI_CO[3])
                                                      0.114    33.902 r  U_timer/timer_cnt_reg[31]_i_66/CO[3]
                         net (fo=1, routed)           0.000    33.902    U_timer/timer_cnt_reg[31]_i_66_n_0
    SLICE_X45Y84         CARRY4 (Prop_carry4_CI_CO[1])
                                                      0.157    34.059 r  U_timer/timer_cnt_reg[31]_i_29/CO[1]
                         net (fo=36, routed)          0.916    34.975    U_timer/freq_div_reg[31]_20[0]
    SLICE_X46Y76         LUT2 (Prop_lut2_I1_O)        0.329    35.304 r  U_timer/timer_cnt[31]_i_1278/O
                         net (fo=1, routed)           0.000    35.304    U_timer/timer_cnt[31]_i_1278_n_0
    SLICE_X46Y76         CARRY4 (Prop_carry4_S[1]_CO[3])
                                                      0.533    35.837 r  U_timer/timer_cnt_reg[31]_i_1141/CO[3]
                         net (fo=1, routed)           0.000    35.837    U_timer/timer_cnt_reg[31]_i_1141_n_0
    SLICE_X46Y77         CARRY4 (Prop_carry4_CI_CO[3])
                                                      0.117    35.954 r  U_timer/timer_cnt_reg[31]_i_987/CO[3]
                         net (fo=1, routed)           0.000    35.954    U_timer/timer_cnt_reg[31]_i_987_n_0
    SLICE_X46Y78         CARRY4 (Prop_carry4_CI_CO[3])
                                                      0.117    36.071 r  U_timer/timer_cnt_reg[31]_i_833/CO[3]
                         net (fo=1, routed)           0.000    36.071    U_timer/timer_cnt_reg[31]_i_833_n_0
    SLICE_X46Y79         CARRY4 (Prop_carry4_CI_CO[3])
                                                      0.117    36.188 r  U_timer/timer_cnt_reg[31]_i_679/CO[3]
                         net (fo=1, routed)           0.000    36.188    U_timer/timer_cnt_reg[31]_i_679_n_0
    SLICE_X46Y80         CARRY4 (Prop_carry4_CI_CO[3])
                                                      0.117    36.305 r  U_timer/timer_cnt_reg[31]_i_525/CO[3]
                         net (fo=1, routed)           0.000    36.305    U_timer/timer_cnt_reg[31]_i_525_n_0
    SLICE_X46Y81         CARRY4 (Prop_carry4_CI_CO[3])
                                                      0.117    36.422 r  U_timer/timer_cnt_reg[31]_i_355/CO[3]
                         net (fo=1, routed)           0.000    36.422    U_timer/timer_cnt_reg[31]_i_355_n_0
    SLICE_X46Y82         CARRY4 (Prop_carry4_CI_CO[3])
                                                      0.117    36.539 r  U_timer/timer_cnt_reg[31]_i_181/CO[3]
                         net (fo=1, routed)           0.000    36.539    U_timer/timer_cnt_reg[31]_i_181_n_0
    SLICE_X46Y83         CARRY4 (Prop_carry4_CI_CO[3])
                                                      0.117    36.656 r  U_timer/timer_cnt_reg[31]_i_170/CO[3]
                         net (fo=1, routed)           0.000    36.656    U_timer/timer_cnt_reg[31]_i_170_n_0
    SLICE_X46Y84         CARRY4 (Prop_carry4_CI_CO[1])
                                                      0.157    36.813 r  U_timer/timer_cnt_reg[31]_i_71/CO[1]
                         net (fo=37, routed)          0.860    37.673    U_timer/freq_div_reg[31]_22[0]
    SLICE_X49Y78         LUT2 (Prop_lut2_I1_O)        0.332    38.005 r  U_timer/timer_cnt[31]_i_1275/O
                         net (fo=1, routed)           0.000    38.005    U_timer/timer_cnt[31]_i_1275_n_0
    SLICE_X49Y78         CARRY4 (Prop_carry4_S[1]_CO[3])
                                                      0.550    38.555 r  U_timer/timer_cnt_reg[31]_i_1136/CO[3]
                         net (fo=1, routed)           0.000    38.555    U_timer/timer_cnt_reg[31]_i_1136_n_0
    SLICE_X49Y79         CARRY4 (Prop_carry4_CI_CO[3])
                                                      0.114    38.669 r  U_timer/timer_cnt_reg[31]_i_982/CO[3]
                         net (fo=1, routed)           0.000    38.669    U_timer/timer_cnt_reg[31]_i_982_n_0
    SLICE_X49Y80         CARRY4 (Prop_carry4_CI_CO[3])
                                                      0.114    38.783 r  U_timer/timer_cnt_reg[31]_i_828/CO[3]
                         net (fo=1, routed)           0.000    38.783    U_timer/timer_cnt_reg[31]_i_828_n_0
    SLICE_X49Y81         CARRY4 (Prop_carry4_CI_CO[3])
                                                      0.114    38.897 r  U_timer/timer_cnt_reg[31]_i_674/CO[3]
                         net (fo=1, routed)           0.000    38.897    U_timer/timer_cnt_reg[31]_i_674_n_0
    SLICE_X49Y82         CARRY4 (Prop_carry4_CI_CO[3])
                                                      0.114    39.011 r  U_timer/timer_cnt_reg[31]_i_520/CO[3]
                         net (fo=1, routed)           0.000    39.011    U_timer/timer_cnt_reg[31]_i_520_n_0
    SLICE_X49Y83         CARRY4 (Prop_carry4_CI_CO[3])
                                                      0.114    39.125 r  U_timer/timer_cnt_reg[31]_i_350/CO[3]
                         net (fo=1, routed)           0.000    39.125    U_timer/timer_cnt_reg[31]_i_350_n_0
    SLICE_X49Y84         CARRY4 (Prop_carry4_CI_CO[3])
                                                      0.114    39.239 r  U_timer/timer_cnt_reg[31]_i_176/CO[3]
                         net (fo=1, routed)           0.000    39.239    U_timer/timer_cnt_reg[31]_i_176_n_0
    SLICE_X49Y85         CARRY4 (Prop_carry4_CI_CO[3])
                                                      0.114    39.353 r  U_timer/timer_cnt_reg[31]_i_73/CO[3]
                         net (fo=1, routed)           0.000    39.353    U_timer/timer_cnt_reg[31]_i_73_n_0
    SLICE_X49Y86         CARRY4 (Prop_carry4_CI_CO[1])
                                                      0.157    39.510 r  U_timer/timer_cnt_reg[31]_i_70/CO[1]
                         net (fo=36, routed)          0.895    40.405    U_timer/freq_div_reg[31]_24[0]
    SLICE_X53Y77         LUT2 (Prop_lut2_I1_O)        0.329    40.734 r  U_timer/timer_cnt[31]_i_1271/O
                         net (fo=1, routed)           0.000    40.734    U_timer/timer_cnt[31]_i_1271_n_0
    SLICE_X53Y77         CARRY4 (Prop_carry4_S[1]_CO[3])
                                                      0.550    41.284 r  U_timer/timer_cnt_reg[31]_i_1135/CO[3]
                         net (fo=1, routed)           0.000    41.284    U_timer/timer_cnt_reg[31]_i_1135_n_0
    SLICE_X53Y78         CARRY4 (Prop_carry4_CI_CO[3])
                                                      0.114    41.398 r  U_timer/timer_cnt_reg[31]_i_981/CO[3]
                         net (fo=1, routed)           0.000    41.398    U_timer/timer_cnt_reg[31]_i_981_n_0
    SLICE_X53Y79         CARRY4 (Prop_carry4_CI_CO[3])
                                                      0.114    41.512 r  U_timer/timer_cnt_reg[31]_i_827/CO[3]
                         net (fo=1, routed)           0.000    41.512    U_timer/timer_cnt_reg[31]_i_827_n_0
    SLICE_X53Y80         CARRY4 (Prop_carry4_CI_CO[3])
                                                      0.114    41.626 r  U_timer/timer_cnt_reg[31]_i_673/CO[3]
                         net (fo=1, routed)           0.000    41.626    U_timer/timer_cnt_reg[31]_i_673_n_0
    SLICE_X53Y81         CARRY4 (Prop_carry4_CI_CO[3])
                                                      0.114    41.740 r  U_timer/timer_cnt_reg[31]_i_519/CO[3]
                         net (fo=1, routed)           0.000    41.740    U_timer/timer_cnt_reg[31]_i_519_n_0
    SLICE_X53Y82         CARRY4 (Prop_carry4_CI_CO[3])
                                                      0.114    41.854 r  U_timer/timer_cnt_reg[31]_i_349/CO[3]
                         net (fo=1, routed)           0.000    41.854    U_timer/timer_cnt_reg[31]_i_349_n_0
    SLICE_X53Y83         CARRY4 (Prop_carry4_CI_CO[3])
                                                      0.114    41.968 r  U_timer/timer_cnt_reg[31]_i_175/CO[3]
                         net (fo=1, routed)           0.000    41.968    U_timer/timer_cnt_reg[31]_i_175_n_0
    SLICE_X53Y84         CARRY4 (Prop_carry4_CI_CO[3])
                                                      0.114    42.082 r  U_timer/timer_cnt_reg[31]_i_72/CO[3]
                         net (fo=1, routed)           0.000    42.082    U_timer/timer_cnt_reg[31]_i_72_n_0
    SLICE_X53Y85         CARRY4 (Prop_carry4_CI_CO[1])
                                                      0.157    42.239 r  U_timer/timer_cnt_reg[31]_i_31/CO[1]
                         net (fo=36, routed)          0.909    43.148    U_timer/freq_div_reg[31]_26[0]
    SLICE_X52Y76         LUT2 (Prop_lut2_I1_O)        0.329    43.477 r  U_timer/timer_cnt[31]_i_1289/O
                         net (fo=1, routed)           0.000    43.477    U_timer/timer_cnt[31]_i_1289_n_0
    SLICE_X52Y76         CARRY4 (Prop_carry4_S[1]_CO[3])
                                                      0.550    44.027 r  U_timer/timer_cnt_reg[31]_i_1156/CO[3]
                         net (fo=1, routed)           0.000    44.027    U_timer/timer_cnt_reg[31]_i_1156_n_0
    SLICE_X52Y77         CARRY4 (Prop_carry4_CI_CO[3])
                                                      0.114    44.141 r  U_timer/timer_cnt_reg[31]_i_1002/CO[3]
                         net (fo=1, routed)           0.000    44.141    U_timer/timer_cnt_reg[31]_i_1002_n_0
    SLICE_X52Y78         CARRY4 (Prop_carry4_CI_CO[3])
                                                      0.114    44.255 r  U_timer/timer_cnt_reg[31]_i_848/CO[3]
                         net (fo=1, routed)           0.000    44.255    U_timer/timer_cnt_reg[31]_i_848_n_0
    SLICE_X52Y79         CARRY4 (Prop_carry4_CI_CO[3])
                                                      0.114    44.369 r  U_timer/timer_cnt_reg[31]_i_694/CO[3]
                         net (fo=1, routed)           0.000    44.369    U_timer/timer_cnt_reg[31]_i_694_n_0
    SLICE_X52Y80         CARRY4 (Prop_carry4_CI_CO[3])
                                                      0.114    44.483 r  U_timer/timer_cnt_reg[31]_i_540/CO[3]
                         net (fo=1, routed)           0.000    44.483    U_timer/timer_cnt_reg[31]_i_540_n_0
    SLICE_X52Y81         CARRY4 (Prop_carry4_CI_CO[3])
                                                      0.114    44.597 r  U_timer/timer_cnt_reg[31]_i_374/CO[3]
                         net (fo=1, routed)           0.000    44.597    U_timer/timer_cnt_reg[31]_i_374_n_0
    SLICE_X52Y82         CARRY4 (Prop_carry4_CI_CO[3])
                                                      0.114    44.711 r  U_timer/timer_cnt_reg[31]_i_197/CO[3]
                         net (fo=1, routed)           0.000    44.711    U_timer/timer_cnt_reg[31]_i_197_n_0
    SLICE_X52Y83         CARRY4 (Prop_carry4_CI_CO[3])
                                                      0.114    44.825 r  U_timer/timer_cnt_reg[31]_i_186/CO[3]
                         net (fo=1, routed)           0.000    44.825    U_timer/timer_cnt_reg[31]_i_186_n_0
    SLICE_X52Y84         CARRY4 (Prop_carry4_CI_CO[1])
                                                      0.157    44.982 r  U_timer/timer_cnt_reg[31]_i_77/CO[1]
                         net (fo=37, routed)          1.278    46.259    U_timer/freq_div_reg[31]_28[0]
    SLICE_X44Y75         LUT2 (Prop_lut2_I1_O)        0.329    46.588 r  U_timer/timer_cnt[31]_i_1286/O
                         net (fo=1, routed)           0.000    46.588    U_timer/timer_cnt[31]_i_1286_n_0
    SLICE_X44Y75         CARRY4 (Prop_carry4_S[1]_CO[3])
                                                      0.550    47.138 r  U_timer/timer_cnt_reg[31]_i_1151/CO[3]
                         net (fo=1, routed)           0.000    47.138    U_timer/timer_cnt_reg[31]_i_1151_n_0
    SLICE_X44Y76         CARRY4 (Prop_carry4_CI_CO[3])
                                                      0.114    47.252 r  U_timer/timer_cnt_reg[31]_i_997/CO[3]
                         net (fo=1, routed)           0.000    47.252    U_timer/timer_cnt_reg[31]_i_997_n_0
    SLICE_X44Y77         CARRY4 (Prop_carry4_CI_CO[3])
                                                      0.114    47.366 r  U_timer/timer_cnt_reg[31]_i_843/CO[3]
                         net (fo=1, routed)           0.000    47.366    U_timer/timer_cnt_reg[31]_i_843_n_0
    SLICE_X44Y78         CARRY4 (Prop_carry4_CI_CO[3])
                                                      0.114    47.480 r  U_timer/timer_cnt_reg[31]_i_689/CO[3]
                         net (fo=1, routed)           0.000    47.480    U_timer/timer_cnt_reg[31]_i_689_n_0
    SLICE_X44Y79         CARRY4 (Prop_carry4_CI_CO[3])
                                                      0.114    47.594 r  U_timer/timer_cnt_reg[31]_i_535/CO[3]
                         net (fo=1, routed)           0.000    47.594    U_timer/timer_cnt_reg[31]_i_535_n_0
    SLICE_X44Y80         CARRY4 (Prop_carry4_CI_CO[3])
                                                      0.114    47.708 r  U_timer/timer_cnt_reg[31]_i_369/CO[3]
                         net (fo=1, routed)           0.000    47.708    U_timer/timer_cnt_reg[31]_i_369_n_0
    SLICE_X44Y81         CARRY4 (Prop_carry4_CI_CO[3])
                                                      0.114    47.822 r  U_timer/timer_cnt_reg[31]_i_192/CO[3]
                         net (fo=1, routed)           0.000    47.822    U_timer/timer_cnt_reg[31]_i_192_n_0
    SLICE_X44Y82         CARRY4 (Prop_carry4_CI_CO[3])
                                                      0.114    47.936 r  U_timer/timer_cnt_reg[31]_i_79/CO[3]
                         net (fo=1, routed)           0.000    47.936    U_timer/timer_cnt_reg[31]_i_79_n_0
    SLICE_X44Y83         CARRY4 (Prop_carry4_CI_CO[1])
                                                      0.157    48.093 r  U_timer/timer_cnt_reg[31]_i_76/CO[1]
                         net (fo=37, routed)          0.983    49.077    U_timer/freq_div_reg[31]_30[0]
    SLICE_X41Y73         LUT2 (Prop_lut2_I1_O)        0.329    49.406 r  U_timer/timer_cnt[31]_i_1282/O
                         net (fo=1, routed)           0.000    49.406    U_timer/timer_cnt[31]_i_1282_n_0
    SLICE_X41Y73         CARRY4 (Prop_carry4_S[1]_CO[3])
                                                      0.550    49.956 r  U_timer/timer_cnt_reg[31]_i_1150/CO[3]
                         net (fo=1, routed)           0.000    49.956    U_timer/timer_cnt_reg[31]_i_1150_n_0
    SLICE_X41Y74         CARRY4 (Prop_carry4_CI_CO[3])
                                                      0.114    50.070 r  U_timer/timer_cnt_reg[31]_i_996/CO[3]
                         net (fo=1, routed)           0.009    50.079    U_timer/timer_cnt_reg[31]_i_996_n_0
    SLICE_X41Y75         CARRY4 (Prop_carry4_CI_CO[3])
                                                      0.114    50.193 r  U_timer/timer_cnt_reg[31]_i_842/CO[3]
                         net (fo=1, routed)           0.000    50.193    U_timer/timer_cnt_reg[31]_i_842_n_0
    SLICE_X41Y76         CARRY4 (Prop_carry4_CI_CO[3])
                                                      0.114    50.307 r  U_timer/timer_cnt_reg[31]_i_688/CO[3]
                         net (fo=1, routed)           0.000    50.307    U_timer/timer_cnt_reg[31]_i_688_n_0
    SLICE_X41Y77         CARRY4 (Prop_carry4_CI_CO[3])
                                                      0.114    50.421 r  U_timer/timer_cnt_reg[31]_i_534/CO[3]
                         net (fo=1, routed)           0.000    50.421    U_timer/timer_cnt_reg[31]_i_534_n_0
    SLICE_X41Y78         CARRY4 (Prop_carry4_CI_CO[3])
                                                      0.114    50.535 r  U_timer/timer_cnt_reg[31]_i_368/CO[3]
                         net (fo=1, routed)           0.000    50.535    U_timer/timer_cnt_reg[31]_i_368_n_0
    SLICE_X41Y79         CARRY4 (Prop_carry4_CI_CO[3])
                                                      0.114    50.649 r  U_timer/timer_cnt_reg[31]_i_191/CO[3]
                         net (fo=1, routed)           0.000    50.649    U_timer/timer_cnt_reg[31]_i_191_n_0
    SLICE_X41Y80         CARRY4 (Prop_carry4_CI_CO[3])
                                                      0.114    50.763 r  U_timer/timer_cnt_reg[31]_i_78/CO[3]
                         net (fo=1, routed)           0.000    50.763    U_timer/timer_cnt_reg[31]_i_78_n_0
    SLICE_X41Y81         CARRY4 (Prop_carry4_CI_CO[1])
                                                      0.157    50.920 r  U_timer/timer_cnt_reg[31]_i_33/CO[1]
                         net (fo=36, routed)          0.919    51.839    U_timer/freq_div_reg[31]_32[0]
    SLICE_X40Y76         CARRY4 (Prop_carry4_CYINIT_CO[3])
                                                      0.785    52.624 r  U_timer/timer_cnt_reg[31]_i_1194/CO[3]
                         net (fo=1, routed)           0.000    52.624    U_timer/timer_cnt_reg[31]_i_1194_n_0
    SLICE_X40Y77         CARRY4 (Prop_carry4_CI_CO[3])
                                                      0.114    52.738 r  U_timer/timer_cnt_reg[31]_i_1051/CO[3]
                         net (fo=1, routed)           0.000    52.738    U_timer/timer_cnt_reg[31]_i_1051_n_0
    SLICE_X40Y78         CARRY4 (Prop_carry4_CI_CO[3])
                                                      0.114    52.852 r  U_timer/timer_cnt_reg[31]_i_897/CO[3]
                         net (fo=1, routed)           0.000    52.852    U_timer/timer_cnt_reg[31]_i_897_n_0
    SLICE_X40Y79         CARRY4 (Prop_carry4_CI_CO[3])
                                                      0.114    52.966 r  U_timer/timer_cnt_reg[31]_i_743/CO[3]
                         net (fo=1, routed)           0.000    52.966    U_timer/timer_cnt_reg[31]_i_743_n_0
    SLICE_X40Y80         CARRY4 (Prop_carry4_CI_CO[3])
                                                      0.114    53.080 r  U_timer/timer_cnt_reg[31]_i_589/CO[3]
                         net (fo=1, routed)           0.000    53.080    U_timer/timer_cnt_reg[31]_i_589_n_0
    SLICE_X40Y81         CARRY4 (Prop_carry4_CI_CO[3])
                                                      0.114    53.194 r  U_timer/timer_cnt_reg[31]_i_427/CO[3]
                         net (fo=1, routed)           0.000    53.194    U_timer/timer_cnt_reg[31]_i_427_n_0
    SLICE_X40Y82         CARRY4 (Prop_carry4_CI_CO[3])
                                                      0.114    53.308 r  U_timer/timer_cnt_reg[31]_i_259/CO[3]
                         net (fo=1, routed)           0.000    53.308    U_timer/timer_cnt_reg[31]_i_259_n_0
    SLICE_X40Y83         CARRY4 (Prop_carry4_CI_CO[3])
                                                      0.114    53.422 r  U_timer/timer_cnt_reg[31]_i_248/CO[3]
                         net (fo=1, routed)           0.000    53.422    U_timer/timer_cnt_reg[31]_i_248_n_0
    SLICE_X40Y84         CARRY4 (Prop_carry4_CI_CO[1])
                                                      0.157    53.579 r  U_timer/timer_cnt_reg[31]_i_117/CO[1]
                         net (fo=37, routed)          0.970    54.549    U_timer/freq_div_reg[31]_34[0]
    SLICE_X39Y80         LUT2 (Prop_lut2_I1_O)        0.329    54.878 r  U_timer/timer_cnt[31]_i_1296/O
                         net (fo=1, routed)           0.000    54.878    U_timer/timer_cnt[31]_i_1296_n_0
    SLICE_X39Y80         CARRY4 (Prop_carry4_S[1]_CO[3])
                                                      0.550    55.428 r  U_timer/timer_cnt_reg[31]_i_1189/CO[3]
                         net (fo=1, routed)           0.000    55.428    U_timer/timer_cnt_reg[31]_i_1189_n_0
    SLICE_X39Y81         CARRY4 (Prop_carry4_CI_CO[3])
                                                      0.114    55.542 r  U_timer/timer_cnt_reg[31]_i_1046/CO[3]
                         net (fo=1, routed)           0.000    55.542    U_timer/timer_cnt_reg[31]_i_1046_n_0
    SLICE_X39Y82         CARRY4 (Prop_carry4_CI_CO[3])
                                                      0.114    55.656 r  U_timer/timer_cnt_reg[31]_i_892/CO[3]
                         net (fo=1, routed)           0.000    55.656    U_timer/timer_cnt_reg[31]_i_892_n_0
    SLICE_X39Y83         CARRY4 (Prop_carry4_CI_CO[3])
                                                      0.114    55.770 r  U_timer/timer_cnt_reg[31]_i_738/CO[3]
                         net (fo=1, routed)           0.000    55.770    U_timer/timer_cnt_reg[31]_i_738_n_0
    SLICE_X39Y84         CARRY4 (Prop_carry4_CI_CO[3])
                                                      0.114    55.884 r  U_timer/timer_cnt_reg[31]_i_584/CO[3]
                         net (fo=1, routed)           0.000    55.884    U_timer/timer_cnt_reg[31]_i_584_n_0
    SLICE_X39Y85         CARRY4 (Prop_carry4_CI_CO[3])
                                                      0.114    55.998 r  U_timer/timer_cnt_reg[31]_i_422/CO[3]
                         net (fo=1, routed)           0.000    55.998    U_timer/timer_cnt_reg[31]_i_422_n_0
    SLICE_X39Y86         CARRY4 (Prop_carry4_CI_CO[3])
                                                      0.114    56.112 r  U_timer/timer_cnt_reg[31]_i_254/CO[3]
                         net (fo=1, routed)           0.000    56.112    U_timer/timer_cnt_reg[31]_i_254_n_0
    SLICE_X39Y87         CARRY4 (Prop_carry4_CI_CO[3])
                                                      0.114    56.226 r  U_timer/timer_cnt_reg[31]_i_119/CO[3]
                         net (fo=1, routed)           0.000    56.226    U_timer/timer_cnt_reg[31]_i_119_n_0
    SLICE_X39Y88         CARRY4 (Prop_carry4_CI_CO[1])
                                                      0.157    56.383 r  U_timer/timer_cnt_reg[31]_i_116/CO[1]
                         net (fo=36, routed)          0.796    57.178    U_timer/freq_div_reg[31]_36[0]
    SLICE_X41Y82         LUT2 (Prop_lut2_I1_O)        0.329    57.507 r  U_timer/timer_cnt[31]_i_1292/O
                         net (fo=1, routed)           0.000    57.507    U_timer/timer_cnt[31]_i_1292_n_0
    SLICE_X41Y82         CARRY4 (Prop_carry4_S[1]_CO[3])
                                                      0.550    58.057 r  U_timer/timer_cnt_reg[31]_i_1188/CO[3]
                         net (fo=1, routed)           0.000    58.057    U_timer/timer_cnt_reg[31]_i_1188_n_0
    SLICE_X41Y83         CARRY4 (Prop_carry4_CI_CO[3])
                                                      0.114    58.171 r  U_timer/timer_cnt_reg[31]_i_1045/CO[3]
                         net (fo=1, routed)           0.000    58.171    U_timer/timer_cnt_reg[31]_i_1045_n_0
    SLICE_X41Y84         CARRY4 (Prop_carry4_CI_CO[3])
                                                      0.114    58.285 r  U_timer/timer_cnt_reg[31]_i_891/CO[3]
                         net (fo=1, routed)           0.000    58.285    U_timer/timer_cnt_reg[31]_i_891_n_0
    SLICE_X41Y85         CARRY4 (Prop_carry4_CI_CO[3])
                                                      0.114    58.399 r  U_timer/timer_cnt_reg[31]_i_737/CO[3]
                         net (fo=1, routed)           0.000    58.399    U_timer/timer_cnt_reg[31]_i_737_n_0
    SLICE_X41Y86         CARRY4 (Prop_carry4_CI_CO[3])
                                                      0.114    58.513 r  U_timer/timer_cnt_reg[31]_i_583/CO[3]
                         net (fo=1, routed)           0.000    58.513    U_timer/timer_cnt_reg[31]_i_583_n_0
    SLICE_X41Y87         CARRY4 (Prop_carry4_CI_CO[3])
                                                      0.114    58.627 r  U_timer/timer_cnt_reg[31]_i_421/CO[3]
                         net (fo=1, routed)           0.000    58.627    U_timer/timer_cnt_reg[31]_i_421_n_0
    SLICE_X41Y88         CARRY4 (Prop_carry4_CI_CO[3])
                                                      0.114    58.741 r  U_timer/timer_cnt_reg[31]_i_253/CO[3]
                         net (fo=1, routed)           0.000    58.741    U_timer/timer_cnt_reg[31]_i_253_n_0
    SLICE_X41Y89         CARRY4 (Prop_carry4_CI_CO[3])
                                                      0.114    58.855 r  U_timer/timer_cnt_reg[31]_i_118/CO[3]
                         net (fo=1, routed)           0.000    58.855    U_timer/timer_cnt_reg[31]_i_118_n_0
    SLICE_X41Y90         CARRY4 (Prop_carry4_CI_CO[1])
                                                      0.157    59.012 r  U_timer/timer_cnt_reg[31]_i_51/CO[1]
                         net (fo=37, routed)          1.234    60.246    U_timer/freq_div_reg[31]_38[0]
    SLICE_X48Y79         LUT2 (Prop_lut2_I1_O)        0.329    60.575 r  U_timer/timer_cnt[31]_i_1311/O
                         net (fo=1, routed)           0.000    60.575    U_timer/timer_cnt[31]_i_1311_n_0
    SLICE_X48Y79         CARRY4 (Prop_carry4_S[1]_CO[3])
                                                      0.550    61.125 r  U_timer/timer_cnt_reg[31]_i_1209/CO[3]
                         net (fo=1, routed)           0.000    61.125    U_timer/timer_cnt_reg[31]_i_1209_n_0
    SLICE_X48Y80         CARRY4 (Prop_carry4_CI_CO[3])
                                                      0.114    61.239 r  U_timer/timer_cnt_reg[31]_i_1066/CO[3]
                         net (fo=1, routed)           0.000    61.239    U_timer/timer_cnt_reg[31]_i_1066_n_0
    SLICE_X48Y81         CARRY4 (Prop_carry4_CI_CO[3])
                                                      0.114    61.353 r  U_timer/timer_cnt_reg[31]_i_912/CO[3]
                         net (fo=1, routed)           0.000    61.353    U_timer/timer_cnt_reg[31]_i_912_n_0
    SLICE_X48Y82         CARRY4 (Prop_carry4_CI_CO[3])
                                                      0.114    61.467 r  U_timer/timer_cnt_reg[31]_i_758/CO[3]
                         net (fo=1, routed)           0.000    61.467    U_timer/timer_cnt_reg[31]_i_758_n_0
    SLICE_X48Y83         CARRY4 (Prop_carry4_CI_CO[3])
                                                      0.114    61.581 r  U_timer/timer_cnt_reg[31]_i_604/CO[3]
                         net (fo=1, routed)           0.000    61.581    U_timer/timer_cnt_reg[31]_i_604_n_0
    SLICE_X48Y84         CARRY4 (Prop_carry4_CI_CO[3])
                                                      0.114    61.695 r  U_timer/timer_cnt_reg[31]_i_446/CO[3]
                         net (fo=1, routed)           0.000    61.695    U_timer/timer_cnt_reg[31]_i_446_n_0
    SLICE_X48Y85         CARRY4 (Prop_carry4_CI_CO[3])
                                                      0.114    61.809 r  U_timer/timer_cnt_reg[31]_i_275/CO[3]
                         net (fo=1, routed)           0.000    61.809    U_timer/timer_cnt_reg[31]_i_275_n_0
    SLICE_X48Y86         CARRY4 (Prop_carry4_CI_CO[3])
                                                      0.114    61.923 r  U_timer/timer_cnt_reg[31]_i_264/CO[3]
                         net (fo=1, routed)           0.000    61.923    U_timer/timer_cnt_reg[31]_i_264_n_0
    SLICE_X48Y87         CARRY4 (Prop_carry4_CI_CO[1])
                                                      0.157    62.080 r  U_timer/timer_cnt_reg[31]_i_123/CO[1]
                         net (fo=37, routed)          0.957    63.037    U_timer/freq_div_reg[31]_40[0]
    SLICE_X47Y82         LUT2 (Prop_lut2_I1_O)        0.329    63.366 r  U_timer/timer_cnt[31]_i_1307/O
                         net (fo=1, routed)           0.000    63.366    U_timer/timer_cnt[31]_i_1307_n_0
    SLICE_X47Y82         CARRY4 (Prop_carry4_S[1]_CO[3])
                                                      0.550    63.916 r  U_timer/timer_cnt_reg[31]_i_1204/CO[3]
                         net (fo=1, routed)           0.000    63.916    U_timer/timer_cnt_reg[31]_i_1204_n_0
    SLICE_X47Y83         CARRY4 (Prop_carry4_CI_CO[3])
                                                      0.114    64.030 r  U_timer/timer_cnt_reg[31]_i_1061/CO[3]
                         net (fo=1, routed)           0.000    64.030    U_timer/timer_cnt_reg[31]_i_1061_n_0
    SLICE_X47Y84         CARRY4 (Prop_carry4_CI_CO[3])
                                                      0.114    64.144 r  U_timer/timer_cnt_reg[31]_i_907/CO[3]
                         net (fo=1, routed)           0.000    64.144    U_timer/timer_cnt_reg[31]_i_907_n_0
    SLICE_X47Y85         CARRY4 (Prop_carry4_CI_CO[3])
                                                      0.114    64.258 r  U_timer/timer_cnt_reg[31]_i_753/CO[3]
                         net (fo=1, routed)           0.000    64.258    U_timer/timer_cnt_reg[31]_i_753_n_0
    SLICE_X47Y86         CARRY4 (Prop_carry4_CI_CO[3])
                                                      0.114    64.372 r  U_timer/timer_cnt_reg[31]_i_599/CO[3]
                         net (fo=1, routed)           0.000    64.372    U_timer/timer_cnt_reg[31]_i_599_n_0
    SLICE_X47Y87         CARRY4 (Prop_carry4_CI_CO[3])
                                                      0.114    64.486 r  U_timer/timer_cnt_reg[31]_i_441/CO[3]
                         net (fo=1, routed)           0.000    64.486    U_timer/timer_cnt_reg[31]_i_441_n_0
    SLICE_X47Y88         CARRY4 (Prop_carry4_CI_CO[3])
                                                      0.114    64.600 r  U_timer/timer_cnt_reg[31]_i_270/CO[3]
                         net (fo=1, routed)           0.000    64.600    U_timer/timer_cnt_reg[31]_i_270_n_0
    SLICE_X47Y89         CARRY4 (Prop_carry4_CI_CO[3])
                                                      0.114    64.714 r  U_timer/timer_cnt_reg[31]_i_125/CO[3]
                         net (fo=1, routed)           0.000    64.714    U_timer/timer_cnt_reg[31]_i_125_n_0
    SLICE_X47Y90         CARRY4 (Prop_carry4_CI_CO[1])
                                                      0.157    64.871 r  U_timer/timer_cnt_reg[31]_i_122/CO[1]
                         net (fo=37, routed)          1.030    65.901    U_timer/freq_div_reg[31]_42[0]
    SLICE_X50Y83         LUT2 (Prop_lut2_I1_O)        0.329    66.230 r  U_timer/timer_cnt[31]_i_1303/O
                         net (fo=1, routed)           0.000    66.230    U_timer/timer_cnt[31]_i_1303_n_0
    SLICE_X50Y83         CARRY4 (Prop_carry4_S[1]_CO[3])
                                                      0.533    66.763 r  U_timer/timer_cnt_reg[31]_i_1203/CO[3]
                         net (fo=1, routed)           0.000    66.763    U_timer/timer_cnt_reg[31]_i_1203_n_0
    SLICE_X50Y84         CARRY4 (Prop_carry4_CI_CO[3])
                                                      0.117    66.880 r  U_timer/timer_cnt_reg[31]_i_1060/CO[3]
                         net (fo=1, routed)           0.000    66.880    U_timer/timer_cnt_reg[31]_i_1060_n_0
    SLICE_X50Y85         CARRY4 (Prop_carry4_CI_CO[3])
                                                      0.117    66.997 r  U_timer/timer_cnt_reg[31]_i_906/CO[3]
                         net (fo=1, routed)           0.000    66.997    U_timer/timer_cnt_reg[31]_i_906_n_0
    SLICE_X50Y86         CARRY4 (Prop_carry4_CI_CO[3])
                                                      0.117    67.114 r  U_timer/timer_cnt_reg[31]_i_752/CO[3]
                         net (fo=1, routed)           0.000    67.114    U_timer/timer_cnt_reg[31]_i_752_n_0
    SLICE_X50Y87         CARRY4 (Prop_carry4_CI_CO[3])
                                                      0.117    67.231 r  U_timer/timer_cnt_reg[31]_i_598/CO[3]
                         net (fo=1, routed)           0.000    67.231    U_timer/timer_cnt_reg[31]_i_598_n_0
    SLICE_X50Y88         CARRY4 (Prop_carry4_CI_CO[3])
                                                      0.117    67.348 r  U_timer/timer_cnt_reg[31]_i_440/CO[3]
                         net (fo=1, routed)           0.000    67.348    U_timer/timer_cnt_reg[31]_i_440_n_0
    SLICE_X50Y89         CARRY4 (Prop_carry4_CI_CO[3])
                                                      0.117    67.465 r  U_timer/timer_cnt_reg[31]_i_269/CO[3]
                         net (fo=1, routed)           0.000    67.465    U_timer/timer_cnt_reg[31]_i_269_n_0
    SLICE_X50Y90         CARRY4 (Prop_carry4_CI_CO[3])
                                                      0.117    67.582 r  U_timer/timer_cnt_reg[31]_i_124/CO[3]
                         net (fo=1, routed)           0.000    67.582    U_timer/timer_cnt_reg[31]_i_124_n_0
    SLICE_X50Y91         CARRY4 (Prop_carry4_CI_CO[1])
                                                      0.157    67.739 r  U_timer/timer_cnt_reg[31]_i_53/CO[1]
                         net (fo=37, routed)          0.905    68.644    U_timer/freq_div_reg[31]_44[0]
    SLICE_X49Y87         LUT2 (Prop_lut2_I1_O)        0.332    68.976 r  U_timer/timer_cnt[31]_i_1323/O
                         net (fo=1, routed)           0.000    68.976    U_timer/timer_cnt[31]_i_1323_n_0
    SLICE_X49Y87         CARRY4 (Prop_carry4_S[1]_CO[3])
                                                      0.550    69.526 r  U_timer/timer_cnt_reg[31]_i_1224/CO[3]
                         net (fo=1, routed)           0.000    69.526    U_timer/timer_cnt_reg[31]_i_1224_n_0
    SLICE_X49Y88         CARRY4 (Prop_carry4_CI_CO[3])
                                                      0.114    69.640 r  U_timer/timer_cnt_reg[31]_i_1081/CO[3]
                         net (fo=1, routed)           0.000    69.640    U_timer/timer_cnt_reg[31]_i_1081_n_0
    SLICE_X49Y89         CARRY4 (Prop_carry4_CI_CO[3])
                                                      0.114    69.754 r  U_timer/timer_cnt_reg[31]_i_927/CO[3]
                         net (fo=1, routed)           0.000    69.754    U_timer/timer_cnt_reg[31]_i_927_n_0
    SLICE_X49Y90         CARRY4 (Prop_carry4_CI_CO[3])
                                                      0.114    69.868 r  U_timer/timer_cnt_reg[31]_i_773/CO[3]
                         net (fo=1, routed)           0.000    69.868    U_timer/timer_cnt_reg[31]_i_773_n_0
    SLICE_X49Y91         CARRY4 (Prop_carry4_CI_CO[3])
                                                      0.114    69.982 r  U_timer/timer_cnt_reg[31]_i_619/CO[3]
                         net (fo=1, routed)           0.000    69.982    U_timer/timer_cnt_reg[31]_i_619_n_0
    SLICE_X49Y92         CARRY4 (Prop_carry4_CI_CO[3])
                                                      0.114    70.096 r  U_timer/timer_cnt_reg[31]_i_465/CO[3]
                         net (fo=1, routed)           0.000    70.096    U_timer/timer_cnt_reg[31]_i_465_n_0
    SLICE_X49Y93         CARRY4 (Prop_carry4_CI_CO[3])
                                                      0.114    70.210 r  U_timer/timer_cnt_reg[31]_i_291/CO[3]
                         net (fo=1, routed)           0.000    70.210    U_timer/timer_cnt_reg[31]_i_291_n_0
    SLICE_X49Y94         CARRY4 (Prop_carry4_CI_CO[3])
                                                      0.114    70.324 r  U_timer/timer_cnt_reg[31]_i_280/CO[3]
                         net (fo=1, routed)           0.000    70.324    U_timer/timer_cnt_reg[31]_i_280_n_0
    SLICE_X49Y95         CARRY4 (Prop_carry4_CI_CO[1])
                                                      0.157    70.481 r  U_timer/timer_cnt_reg[31]_i_129/CO[1]
                         net (fo=37, routed)          0.917    71.398    U_timer/freq_div_reg[31]_46[0]
    SLICE_X48Y88         LUT2 (Prop_lut2_I1_O)        0.329    71.727 r  U_timer/timer_cnt[31]_i_1319/O
                         net (fo=1, routed)           0.000    71.727    U_timer/timer_cnt[31]_i_1319_n_0
    SLICE_X48Y88         CARRY4 (Prop_carry4_S[1]_CO[3])
                                                      0.550    72.277 r  U_timer/timer_cnt_reg[31]_i_1219/CO[3]
                         net (fo=1, routed)           0.000    72.277    U_timer/timer_cnt_reg[31]_i_1219_n_0
    SLICE_X48Y89         CARRY4 (Prop_carry4_CI_CO[3])
                                                      0.114    72.391 r  U_timer/timer_cnt_reg[31]_i_1076/CO[3]
                         net (fo=1, routed)           0.000    72.391    U_timer/timer_cnt_reg[31]_i_1076_n_0
    SLICE_X48Y90         CARRY4 (Prop_carry4_CI_CO[3])
                                                      0.114    72.505 r  U_timer/timer_cnt_reg[31]_i_922/CO[3]
                         net (fo=1, routed)           0.000    72.505    U_timer/timer_cnt_reg[31]_i_922_n_0
    SLICE_X48Y91         CARRY4 (Prop_carry4_CI_CO[3])
                                                      0.114    72.619 r  U_timer/timer_cnt_reg[31]_i_768/CO[3]
                         net (fo=1, routed)           0.000    72.619    U_timer/timer_cnt_reg[31]_i_768_n_0
    SLICE_X48Y92         CARRY4 (Prop_carry4_CI_CO[3])
                                                      0.114    72.733 r  U_timer/timer_cnt_reg[31]_i_614/CO[3]
                         net (fo=1, routed)           0.000    72.733    U_timer/timer_cnt_reg[31]_i_614_n_0
    SLICE_X48Y93         CARRY4 (Prop_carry4_CI_CO[3])
                                                      0.114    72.847 r  U_timer/timer_cnt_reg[31]_i_460/CO[3]
                         net (fo=1, routed)           0.000    72.847    U_timer/timer_cnt_reg[31]_i_460_n_0
    SLICE_X48Y94         CARRY4 (Prop_carry4_CI_CO[3])
                                                      0.114    72.961 r  U_timer/timer_cnt_reg[31]_i_286/CO[3]
                         net (fo=1, routed)           0.000    72.961    U_timer/timer_cnt_reg[31]_i_286_n_0
    SLICE_X48Y95         CARRY4 (Prop_carry4_CI_CO[3])
                                                      0.114    73.075 r  U_timer/timer_cnt_reg[31]_i_131/CO[3]
                         net (fo=1, routed)           0.000    73.075    U_timer/timer_cnt_reg[31]_i_131_n_0
    SLICE_X48Y96         CARRY4 (Prop_carry4_CI_CO[1])
                                                      0.157    73.232 r  U_timer/timer_cnt_reg[31]_i_128/CO[1]
                         net (fo=37, routed)          1.103    74.336    U_timer/freq_div_reg[31]_48[0]
    SLICE_X46Y85         LUT2 (Prop_lut2_I1_O)        0.329    74.665 r  U_timer/timer_cnt[31]_i_1315/O
                         net (fo=1, routed)           0.000    74.665    U_timer/timer_cnt[31]_i_1315_n_0
    SLICE_X46Y85         CARRY4 (Prop_carry4_S[1]_CO[3])
                                                      0.533    75.198 r  U_timer/timer_cnt_reg[31]_i_1218/CO[3]
                         net (fo=1, routed)           0.000    75.198    U_timer/timer_cnt_reg[31]_i_1218_n_0
    SLICE_X46Y86         CARRY4 (Prop_carry4_CI_CO[3])
                                                      0.117    75.315 r  U_timer/timer_cnt_reg[31]_i_1075/CO[3]
                         net (fo=1, routed)           0.000    75.315    U_timer/timer_cnt_reg[31]_i_1075_n_0
    SLICE_X46Y87         CARRY4 (Prop_carry4_CI_CO[3])
                                                      0.117    75.432 r  U_timer/timer_cnt_reg[31]_i_921/CO[3]
                         net (fo=1, routed)           0.000    75.432    U_timer/timer_cnt_reg[31]_i_921_n_0
    SLICE_X46Y88         CARRY4 (Prop_carry4_CI_CO[3])
                                                      0.117    75.549 r  U_timer/timer_cnt_reg[31]_i_767/CO[3]
                         net (fo=1, routed)           0.000    75.549    U_timer/timer_cnt_reg[31]_i_767_n_0
    SLICE_X46Y89         CARRY4 (Prop_carry4_CI_CO[3])
                                                      0.117    75.666 r  U_timer/timer_cnt_reg[31]_i_613/CO[3]
                         net (fo=1, routed)           0.000    75.666    U_timer/timer_cnt_reg[31]_i_613_n_0
    SLICE_X46Y90         CARRY4 (Prop_carry4_CI_CO[3])
                                                      0.117    75.783 r  U_timer/timer_cnt_reg[31]_i_459/CO[3]
                         net (fo=1, routed)           0.000    75.783    U_timer/timer_cnt_reg[31]_i_459_n_0
    SLICE_X46Y91         CARRY4 (Prop_carry4_CI_CO[3])
                                                      0.117    75.900 r  U_timer/timer_cnt_reg[31]_i_285/CO[3]
                         net (fo=1, routed)           0.000    75.900    U_timer/timer_cnt_reg[31]_i_285_n_0
    SLICE_X46Y92         CARRY4 (Prop_carry4_CI_CO[3])
                                                      0.117    76.017 r  U_timer/timer_cnt_reg[31]_i_130/CO[3]
                         net (fo=1, routed)           0.000    76.017    U_timer/timer_cnt_reg[31]_i_130_n_0
    SLICE_X46Y93         CARRY4 (Prop_carry4_CI_CO[1])
                                                      0.157    76.174 r  U_timer/timer_cnt_reg[31]_i_55/CO[1]
                         net (fo=37, routed)          1.066    77.240    U_timer/freq_div_reg[31]_50[0]
    SLICE_X45Y85         LUT2 (Prop_lut2_I1_O)        0.332    77.572 r  U_timer/timer_cnt[31]_i_1346/O
                         net (fo=1, routed)           0.000    77.572    U_timer/timer_cnt[31]_i_1346_n_0
    SLICE_X45Y85         CARRY4 (Prop_carry4_S[1]_CO[3])
                                                      0.550    78.122 r  U_timer/timer_cnt_reg[31]_i_1325/CO[3]
                         net (fo=1, routed)           0.000    78.122    U_timer/timer_cnt_reg[31]_i_1325_n_0
    SLICE_X45Y86         CARRY4 (Prop_carry4_CI_CO[3])
                                                      0.114    78.236 r  U_timer/timer_cnt_reg[31]_i_1234/CO[3]
                         net (fo=1, routed)           0.000    78.236    U_timer/timer_cnt_reg[31]_i_1234_n_0
    SLICE_X45Y87         CARRY4 (Prop_carry4_CI_CO[3])
                                                      0.114    78.350 r  U_timer/timer_cnt_reg[31]_i_1091/CO[3]
                         net (fo=1, routed)           0.000    78.350    U_timer/timer_cnt_reg[31]_i_1091_n_0
    SLICE_X45Y88         CARRY4 (Prop_carry4_CI_CO[3])
                                                      0.114    78.464 r  U_timer/timer_cnt_reg[31]_i_937/CO[3]
                         net (fo=1, routed)           0.000    78.464    U_timer/timer_cnt_reg[31]_i_937_n_0
    SLICE_X45Y89         CARRY4 (Prop_carry4_CI_CO[3])
                                                      0.114    78.578 r  U_timer/timer_cnt_reg[31]_i_783/CO[3]
                         net (fo=1, routed)           0.000    78.578    U_timer/timer_cnt_reg[31]_i_783_n_0
    SLICE_X45Y90         CARRY4 (Prop_carry4_CI_CO[3])
                                                      0.114    78.692 r  U_timer/timer_cnt_reg[31]_i_629/CO[3]
                         net (fo=1, routed)           0.000    78.692    U_timer/timer_cnt_reg[31]_i_629_n_0
    SLICE_X45Y91         CARRY4 (Prop_carry4_CI_CO[3])
                                                      0.114    78.806 r  U_timer/timer_cnt_reg[31]_i_475/CO[3]
                         net (fo=1, routed)           0.000    78.806    U_timer/timer_cnt_reg[31]_i_475_n_0
    SLICE_X45Y92         CARRY4 (Prop_carry4_CI_CO[3])
                                                      0.114    78.920 r  U_timer/timer_cnt_reg[31]_i_297/CO[3]
                         net (fo=1, routed)           0.000    78.920    U_timer/timer_cnt_reg[31]_i_297_n_0
    SLICE_X45Y93         CARRY4 (Prop_carry4_CI_CO[1])
                                                      0.157    79.077 r  U_timer/timer_cnt_reg[31]_i_135/CO[1]
                         net (fo=37, routed)          0.917    79.994    U_timer/freq_div_reg[31]_52[0]
    SLICE_X44Y86         LUT2 (Prop_lut2_I1_O)        0.329    80.323 r  U_timer/timer_cnt[31]_i_1342/O
                         net (fo=1, routed)           0.000    80.323    U_timer/timer_cnt[31]_i_1342_n_0
    SLICE_X44Y86         CARRY4 (Prop_carry4_S[1]_CO[3])
                                                      0.550    80.873 r  U_timer/timer_cnt_reg[31]_i_1324/CO[3]
                         net (fo=1, routed)           0.000    80.873    U_timer/timer_cnt_reg[31]_i_1324_n_0
    SLICE_X44Y87         CARRY4 (Prop_carry4_CI_CO[3])
                                                      0.114    80.987 r  U_timer/timer_cnt_reg[31]_i_1233/CO[3]
                         net (fo=1, routed)           0.000    80.987    U_timer/timer_cnt_reg[31]_i_1233_n_0
    SLICE_X44Y88         CARRY4 (Prop_carry4_CI_CO[3])
                                                      0.114    81.101 r  U_timer/timer_cnt_reg[31]_i_1090/CO[3]
                         net (fo=1, routed)           0.000    81.101    U_timer/timer_cnt_reg[31]_i_1090_n_0
    SLICE_X44Y89         CARRY4 (Prop_carry4_CI_CO[3])
                                                      0.114    81.215 r  U_timer/timer_cnt_reg[31]_i_936/CO[3]
                         net (fo=1, routed)           0.000    81.215    U_timer/timer_cnt_reg[31]_i_936_n_0
    SLICE_X44Y90         CARRY4 (Prop_carry4_CI_CO[3])
                                                      0.114    81.329 r  U_timer/timer_cnt_reg[31]_i_782/CO[3]
                         net (fo=1, routed)           0.000    81.329    U_timer/timer_cnt_reg[31]_i_782_n_0
    SLICE_X44Y91         CARRY4 (Prop_carry4_CI_CO[3])
                                                      0.114    81.443 r  U_timer/timer_cnt_reg[31]_i_628/CO[3]
                         net (fo=1, routed)           0.000    81.443    U_timer/timer_cnt_reg[31]_i_628_n_0
    SLICE_X44Y92         CARRY4 (Prop_carry4_CI_CO[3])
                                                      0.114    81.557 r  U_timer/timer_cnt_reg[31]_i_474/CO[3]
                         net (fo=1, routed)           0.000    81.557    U_timer/timer_cnt_reg[31]_i_474_n_0
    SLICE_X44Y93         CARRY4 (Prop_carry4_CI_CO[3])
                                                      0.114    81.671 r  U_timer/timer_cnt_reg[31]_i_296/CO[3]
                         net (fo=1, routed)           0.000    81.671    U_timer/timer_cnt_reg[31]_i_296_n_0
    SLICE_X44Y94         CARRY4 (Prop_carry4_CI_CO[1])
                                                      0.157    81.828 r  U_timer/timer_cnt_reg[31]_i_134/CO[1]
                         net (fo=37, routed)          1.042    82.869    U_timer/freq_div_reg[31]_54[0]
    SLICE_X43Y86         LUT2 (Prop_lut2_I1_O)        0.329    83.198 r  U_timer/timer_cnt[31]_i_1338/O
                         net (fo=1, routed)           0.000    83.198    U_timer/timer_cnt[31]_i_1338_n_0
    SLICE_X43Y86         CARRY4 (Prop_carry4_S[0]_CO[3])
                                                      0.532    83.730 r  U_timer/timer_cnt_reg[31]_i_1243/CO[3]
                         net (fo=1, routed)           0.000    83.730    U_timer/timer_cnt_reg[31]_i_1243_n_0
    SLICE_X43Y87         CARRY4 (Prop_carry4_CI_CO[3])
                                                      0.114    83.844 r  U_timer/timer_cnt_reg[31]_i_1100/CO[3]
                         net (fo=1, routed)           0.000    83.844    U_timer/timer_cnt_reg[31]_i_1100_n_0
    SLICE_X43Y88         CARRY4 (Prop_carry4_CI_CO[3])
                                                      0.114    83.958 r  U_timer/timer_cnt_reg[31]_i_946/CO[3]
                         net (fo=1, routed)           0.000    83.958    U_timer/timer_cnt_reg[31]_i_946_n_0
    SLICE_X43Y89         CARRY4 (Prop_carry4_CI_CO[3])
                                                      0.114    84.072 r  U_timer/timer_cnt_reg[31]_i_792/CO[3]
                         net (fo=1, routed)           0.000    84.072    U_timer/timer_cnt_reg[31]_i_792_n_0
    SLICE_X43Y90         CARRY4 (Prop_carry4_CI_CO[3])
                                                      0.114    84.186 r  U_timer/timer_cnt_reg[31]_i_638/CO[3]
                         net (fo=1, routed)           0.000    84.186    U_timer/timer_cnt_reg[31]_i_638_n_0
    SLICE_X43Y91         CARRY4 (Prop_carry4_CI_CO[3])
                                                      0.114    84.300 r  U_timer/timer_cnt_reg[31]_i_484/CO[3]
                         net (fo=1, routed)           0.000    84.300    U_timer/timer_cnt_reg[31]_i_484_n_0
    SLICE_X43Y92         CARRY4 (Prop_carry4_CI_CO[3])
                                                      0.114    84.414 r  U_timer/timer_cnt_reg[31]_i_302/CO[3]
                         net (fo=1, routed)           0.000    84.414    U_timer/timer_cnt_reg[31]_i_302_n_0
    SLICE_X43Y93         CARRY4 (Prop_carry4_CI_CO[3])
                                                      0.114    84.528 r  U_timer/timer_cnt_reg[31]_i_136/CO[3]
                         net (fo=1, routed)           0.000    84.528    U_timer/timer_cnt_reg[31]_i_136_n_0
    SLICE_X43Y94         CARRY4 (Prop_carry4_CI_CO[0])
                                                      0.271    84.799 r  U_timer/timer_cnt_reg[31]_i_57/CO[0]
                         net (fo=1, routed)           0.307    85.106    U_timer/timer_cnt_reg[31]_i_57_n_3
    SLICE_X45Y95         LUT4 (Prop_lut4_I3_O)        0.373    85.479 r  U_timer/timer_cnt[31]_i_25/O
                         net (fo=1, routed)           0.000    85.479    U_timer/timer_cnt[31]_i_25_n_0
    SLICE_X45Y95         CARRY4 (Prop_carry4_S[0]_CO[3])
                                                      0.532    86.011 r  U_timer/timer_cnt_reg[31]_i_12/CO[3]
                         net (fo=1, routed)           0.000    86.011    U_timer/timer_cnt_reg[31]_i_12_n_0
    SLICE_X45Y96         CARRY4 (Prop_carry4_CI_CO[3])
                                                      0.114    86.125 r  U_timer/timer_cnt_reg[31]_i_8/CO[3]
                         net (fo=1, routed)           0.000    86.125    U_timer/timer_cnt_reg[31]_i_8_n_0
    SLICE_X45Y97         CARRY4 (Prop_carry4_CI_CO[2])
                                                      0.228    86.353 f  U_timer/timer_cnt_reg[31]_i_3/CO[2]
                         net (fo=34, routed)          0.859    87.213    U_timer/cnt_reg[31]_0[0]
    SLICE_X47Y92         LUT2 (Prop_lut2_I1_O)        0.313    87.526 r  U_timer/cnt[0]_i_6/O
                         net (fo=1, routed)           0.000    87.526    U_timer/cnt[0]_i_6_n_0
    SLICE_X47Y92         CARRY4 (Prop_carry4_S[1]_CO[3])
                                                      0.550    88.076 r  U_timer/cnt_reg[0]_i_2/CO[3]
                         net (fo=1, routed)           0.000    88.076    U_timer/cnt_reg[0]_i_2_n_0
    SLICE_X47Y93         CARRY4 (Prop_carry4_CI_CO[3])
                                                      0.114    88.190 r  U_timer/cnt_reg[4]_i_1/CO[3]
                         net (fo=1, routed)           0.000    88.190    U_timer/cnt_reg[4]_i_1_n_0
    SLICE_X47Y94         CARRY4 (Prop_carry4_CI_CO[3])
                                                      0.114    88.304 r  U_timer/cnt_reg[8]_i_1/CO[3]
                         net (fo=1, routed)           0.000    88.304    U_timer/cnt_reg[8]_i_1_n_0
    SLICE_X47Y95         CARRY4 (Prop_carry4_CI_CO[3])
                                                      0.114    88.418 r  U_timer/cnt_reg[12]_i_1/CO[3]
                         net (fo=1, routed)           0.000    88.418    U_timer/cnt_reg[12]_i_1_n_0
    SLICE_X47Y96         CARRY4 (Prop_carry4_CI_CO[3])
                                                      0.114    88.532 r  U_timer/cnt_reg[16]_i_1/CO[3]
                         net (fo=1, routed)           0.000    88.532    U_timer/cnt_reg[16]_i_1_n_0
    SLICE_X47Y97         CARRY4 (Prop_carry4_CI_CO[3])
                                                      0.114    88.646 r  U_timer/cnt_reg[20]_i_1/CO[3]
                         net (fo=1, routed)           0.000    88.646    U_timer/cnt_reg[20]_i_1_n_0
    SLICE_X47Y98         CARRY4 (Prop_carry4_CI_CO[3])
                                                      0.114    88.760 r  U_timer/cnt_reg[24]_i_1/CO[3]
                         net (fo=1, routed)           0.000    88.760    U_timer/cnt_reg[24]_i_1_n_0
    SLICE_X47Y99         CARRY4 (Prop_carry4_CI_O[0])
                                                      0.223    88.983 r  U_timer/cnt_reg[28]_i_1/O[0]
                         net (fo=1, routed)           0.000    88.983    U_timer/cnt_reg[28]_i_1_n_7
    SLICE_X47Y99         FDCE                                         r  U_timer/cnt_reg[28]/D
  -------------------------------------------------------------------    -------------------

                         (clock clk_out1_cpuclk rise edge)
                                                     40.000    40.000 r  
    Y18                                               0.000    40.000 r  fpga_clk (IN)
                         net (fo=0)                   0.000    40.000    Clkgen/inst/clk_in1
    Y18                  IBUF (Prop_ibuf_I_O)         1.474    41.474 r  Clkgen/inst/clkin1_ibufg/O
                         net (fo=1, routed)           1.181    42.655    Clkgen/inst/clk_in1_cpuclk
    PLLE2_ADV_X0Y1       PLLE2_ADV (Prop_plle2_adv_CLKIN1_CLKOUT0)
                                                     -7.855    34.800 r  Clkgen/inst/plle2_adv_inst/CLKOUT0
                         net (fo=1, routed)           1.625    36.425    Clkgen/inst/clk_out1_cpuclk
    BUFGCTRL_X0Y2        BUFG (Prop_bufg_I_O)         0.091    36.516 r  Clkgen/inst/clkout1_buf/O
                         net (fo=1, routed)           1.895    38.411    pll_clk
    SLICE_X52Y96         LUT2 (Prop_lut2_I0_O)        0.100    38.511 r  cpu_clk_BUFG_inst_i_1/O
                         net (fo=1, routed)           0.511    39.023    cpu_clk
    BUFGCTRL_X0Y0        BUFG (Prop_bufg_I_O)         0.091    39.114 r  cpu_clk_BUFG_inst/O
                         net (fo=8506, routed)        1.511    40.625    U_timer/cpu_clk_BUFG
    SLICE_X47Y99         FDCE                                         r  U_timer/cnt_reg[28]/C
                         clock pessimism             -0.195    40.431    
                         clock uncertainty           -0.180    40.251    
    SLICE_X47Y99         FDCE (Setup_fdce_C_D)        0.062    40.313    U_timer/cnt_reg[28]
  -------------------------------------------------------------------
                         required time                         40.313    
                         arrival time                         -88.983    
  -------------------------------------------------------------------
                         slack                                -48.670    

Slack (VIOLATED) :        -48.667ns  (required time - arrival time)
  Source:                 U_timer/freq_div_reg[1]/C
                            (rising edge-triggered cell FDCE clocked by clk_out1_cpuclk  {rise@0.000ns fall@20.000ns period=40.000ns})
  Destination:            U_timer/cnt_reg[25]/D
                            (rising edge-triggered cell FDCE clocked by clk_out1_cpuclk  {rise@0.000ns fall@20.000ns period=40.000ns})
  Path Group:             clk_out1_cpuclk
  Path Type:              Setup (Max at Slow Process Corner)
  Requirement:            40.000ns  (clk_out1_cpuclk rise@40.000ns - clk_out1_cpuclk rise@0.000ns)
  Data Path Delay:        88.450ns  (logic 58.311ns (65.925%)  route 30.139ns (34.075%))
  Logic Levels:           309  (CARRY4=279 LUT1=1 LUT2=27 LUT3=1 LUT4=1)
  Clock Path Skew:        -0.099ns (DCD - SCD + CPR)
    Destination Clock Delay (DCD):    0.625ns = ( 40.625 - 40.000 ) 
    Source Clock Delay      (SCD):    0.530ns
    Clock Pessimism Removal (CPR):    -0.195ns
  Clock Uncertainty:      0.180ns  ((TSJ^2 + DJ^2)^1/2) / 2 + PE
    Total System Jitter     (TSJ):    0.071ns
    Discrete Jitter          (DJ):    0.352ns
    Phase Error              (PE):    0.000ns

    Location             Delay type                Incr(ns)  Path(ns)    Netlist Resource(s)
  -------------------------------------------------------------------    -------------------
                         (clock clk_out1_cpuclk rise edge)
                                                      0.000     0.000 r  
    Y18                                               0.000     0.000 r  fpga_clk (IN)
                         net (fo=0)                   0.000     0.000    Clkgen/inst/clk_in1
    Y18                  IBUF (Prop_ibuf_I_O)         1.545     1.545 r  Clkgen/inst/clkin1_ibufg/O
                         net (fo=1, routed)           1.253     2.798    Clkgen/inst/clk_in1_cpuclk
    PLLE2_ADV_X0Y1       PLLE2_ADV (Prop_plle2_adv_CLKIN1_CLKOUT0)
                                                     -8.590    -5.792 r  Clkgen/inst/plle2_adv_inst/CLKOUT0
                         net (fo=1, routed)           1.704    -4.087    Clkgen/inst/clk_out1_cpuclk
    BUFGCTRL_X0Y2        BUFG (Prop_bufg_I_O)         0.096    -3.991 r  Clkgen/inst/clkout1_buf/O
                         net (fo=1, routed)           2.115    -1.876    pll_clk
    SLICE_X52Y96         LUT2 (Prop_lut2_I0_O)        0.124    -1.752 r  cpu_clk_BUFG_inst_i_1/O
                         net (fo=1, routed)           0.567    -1.185    cpu_clk
    BUFGCTRL_X0Y0        BUFG (Prop_bufg_I_O)         0.096    -1.089 r  cpu_clk_BUFG_inst/O
                         net (fo=8506, routed)        1.618     0.530    U_timer/cpu_clk_BUFG
    SLICE_X55Y63         FDCE                                         r  U_timer/freq_div_reg[1]/C
  -------------------------------------------------------------------    -------------------
    SLICE_X55Y63         FDCE (Prop_fdce_C_Q)         0.456     0.986 f  U_timer/freq_div_reg[1]/Q
                         net (fo=32, routed)          0.449     1.435    U_timer/freq_div_reg_n_0_[1]
    SLICE_X53Y63         LUT1 (Prop_lut1_I0_O)        0.124     1.559 r  U_timer/timer_cnt[31]_i_1177/O
                         net (fo=1, routed)           0.000     1.559    U_timer/timer_cnt[31]_i_1177_n_0
    SLICE_X53Y63         CARRY4 (Prop_carry4_S[1]_CO[3])
                                                      0.550     2.109 r  U_timer/timer_cnt_reg[31]_i_1017/CO[3]
                         net (fo=1, routed)           0.000     2.109    U_timer/timer_cnt_reg[31]_i_1017_n_0
    SLICE_X53Y64         CARRY4 (Prop_carry4_CI_CO[3])
                                                      0.114     2.223 r  U_timer/timer_cnt_reg[31]_i_863/CO[3]
                         net (fo=1, routed)           0.000     2.223    U_timer/timer_cnt_reg[31]_i_863_n_0
    SLICE_X53Y65         CARRY4 (Prop_carry4_CI_CO[3])
                                                      0.114     2.337 r  U_timer/timer_cnt_reg[31]_i_709/CO[3]
                         net (fo=1, routed)           0.000     2.337    U_timer/timer_cnt_reg[31]_i_709_n_0
    SLICE_X53Y66         CARRY4 (Prop_carry4_CI_CO[3])
                                                      0.114     2.451 r  U_timer/timer_cnt_reg[31]_i_555/CO[3]
                         net (fo=1, routed)           0.000     2.451    U_timer/timer_cnt_reg[31]_i_555_n_0
    SLICE_X53Y67         CARRY4 (Prop_carry4_CI_CO[3])
                                                      0.114     2.565 r  U_timer/timer_cnt_reg[31]_i_389/CO[3]
                         net (fo=1, routed)           0.000     2.565    U_timer/timer_cnt_reg[31]_i_389_n_0
    SLICE_X53Y68         CARRY4 (Prop_carry4_CI_CO[3])
                                                      0.114     2.679 r  U_timer/timer_cnt_reg[31]_i_216/CO[3]
                         net (fo=1, routed)           0.000     2.679    U_timer/timer_cnt_reg[31]_i_216_n_0
    SLICE_X53Y69         CARRY4 (Prop_carry4_CI_CO[3])
                                                      0.114     2.793 r  U_timer/timer_cnt_reg[31]_i_95/CO[3]
                         net (fo=1, routed)           0.000     2.793    U_timer/timer_cnt_reg[31]_i_95_n_0
    SLICE_X53Y70         CARRY4 (Prop_carry4_CI_CO[3])
                                                      0.114     2.907 r  U_timer/timer_cnt_reg[31]_i_82/CO[3]
                         net (fo=1, routed)           0.000     2.907    U_timer/timer_cnt_reg[31]_i_82_n_0
    SLICE_X53Y71         CARRY4 (Prop_carry4_CI_CO[0])
                                                      0.271     3.178 r  U_timer/timer_cnt_reg[31]_i_35/CO[0]
                         net (fo=36, routed)          0.951     4.129    U_timer/CO[0]
    SLICE_X54Y67         CARRY4 (Prop_carry4_CYINIT_CO[3])
                                                      0.844     4.973 r  U_timer/timer_cnt_reg[31]_i_1012/CO[3]
                         net (fo=1, routed)           0.000     4.973    U_timer/timer_cnt_reg[31]_i_1012_n_0
    SLICE_X54Y68         CARRY4 (Prop_carry4_CI_CO[3])
                                                      0.117     5.090 r  U_timer/timer_cnt_reg[31]_i_858/CO[3]
                         net (fo=1, routed)           0.000     5.090    U_timer/timer_cnt_reg[31]_i_858_n_0
    SLICE_X54Y69         CARRY4 (Prop_carry4_CI_CO[3])
                                                      0.117     5.207 r  U_timer/timer_cnt_reg[31]_i_704/CO[3]
                         net (fo=1, routed)           0.000     5.207    U_timer/timer_cnt_reg[31]_i_704_n_0
    SLICE_X54Y70         CARRY4 (Prop_carry4_CI_CO[3])
                                                      0.117     5.324 r  U_timer/timer_cnt_reg[31]_i_550/CO[3]
                         net (fo=1, routed)           0.000     5.324    U_timer/timer_cnt_reg[31]_i_550_n_0
    SLICE_X54Y71         CARRY4 (Prop_carry4_CI_CO[3])
                                                      0.117     5.441 r  U_timer/timer_cnt_reg[31]_i_384/CO[3]
                         net (fo=1, routed)           0.000     5.441    U_timer/timer_cnt_reg[31]_i_384_n_0
    SLICE_X54Y72         CARRY4 (Prop_carry4_CI_CO[3])
                                                      0.117     5.558 r  U_timer/timer_cnt_reg[31]_i_211/CO[3]
                         net (fo=1, routed)           0.000     5.558    U_timer/timer_cnt_reg[31]_i_211_n_0
    SLICE_X54Y73         CARRY4 (Prop_carry4_CI_CO[3])
                                                      0.117     5.675 r  U_timer/timer_cnt_reg[31]_i_90/CO[3]
                         net (fo=1, routed)           0.000     5.675    U_timer/timer_cnt_reg[31]_i_90_n_0
    SLICE_X54Y74         CARRY4 (Prop_carry4_CI_CO[3])
                                                      0.117     5.792 r  U_timer/timer_cnt_reg[31]_i_41/CO[3]
                         net (fo=1, routed)           0.009     5.801    U_timer/timer_cnt_reg[31]_i_41_n_0
    SLICE_X54Y75         CARRY4 (Prop_carry4_CI_CO[1])
                                                      0.157     5.958 r  U_timer/timer_cnt_reg[31]_i_34/CO[1]
                         net (fo=36, routed)          1.178     7.136    U_timer/freq_div_reg[31]_0[0]
    SLICE_X55Y68         LUT3 (Prop_lut3_I0_O)        0.332     7.468 r  U_timer/timer_cnt[31]_i_1015/O
                         net (fo=1, routed)           0.000     7.468    U_timer/timer_cnt[31]_i_1015_n_0
    SLICE_X55Y68         CARRY4 (Prop_carry4_S[1]_CO[3])
                                                      0.550     8.018 r  U_timer/timer_cnt_reg[31]_i_857/CO[3]
                         net (fo=1, routed)           0.000     8.018    U_timer/timer_cnt_reg[31]_i_857_n_0
    SLICE_X55Y69         CARRY4 (Prop_carry4_CI_CO[3])
                                                      0.114     8.132 r  U_timer/timer_cnt_reg[31]_i_703/CO[3]
                         net (fo=1, routed)           0.000     8.132    U_timer/timer_cnt_reg[31]_i_703_n_0
    SLICE_X55Y70         CARRY4 (Prop_carry4_CI_CO[3])
                                                      0.114     8.246 r  U_timer/timer_cnt_reg[31]_i_549/CO[3]
                         net (fo=1, routed)           0.000     8.246    U_timer/timer_cnt_reg[31]_i_549_n_0
    SLICE_X55Y71         CARRY4 (Prop_carry4_CI_CO[3])
                                                      0.114     8.360 r  U_timer/timer_cnt_reg[31]_i_383/CO[3]
                         net (fo=1, routed)           0.000     8.360    U_timer/timer_cnt_reg[31]_i_383_n_0
    SLICE_X55Y72         CARRY4 (Prop_carry4_CI_CO[3])
                                                      0.114     8.474 r  U_timer/timer_cnt_reg[31]_i_210/CO[3]
                         net (fo=1, routed)           0.000     8.474    U_timer/timer_cnt_reg[31]_i_210_n_0
    SLICE_X55Y73         CARRY4 (Prop_carry4_CI_CO[3])
                                                      0.114     8.588 r  U_timer/timer_cnt_reg[31]_i_89/CO[3]
                         net (fo=1, routed)           0.000     8.588    U_timer/timer_cnt_reg[31]_i_89_n_0
    SLICE_X55Y74         CARRY4 (Prop_carry4_CI_CO[3])
                                                      0.114     8.702 r  U_timer/timer_cnt_reg[31]_i_40/CO[3]
                         net (fo=1, routed)           0.009     8.711    U_timer/timer_cnt_reg[31]_i_40_n_0
    SLICE_X55Y75         CARRY4 (Prop_carry4_CI_CO[1])
                                                      0.157     8.868 r  U_timer/timer_cnt_reg[31]_i_19/CO[1]
                         net (fo=37, routed)          0.953     9.821    U_timer/freq_div_reg[31]_2[0]
    SLICE_X52Y66         LUT2 (Prop_lut2_I1_O)        0.329    10.150 r  U_timer/timer_cnt[31]_i_1187/O
                         net (fo=1, routed)           0.000    10.150    U_timer/timer_cnt[31]_i_1187_n_0
    SLICE_X52Y66         CARRY4 (Prop_carry4_S[1]_CO[3])
                                                      0.550    10.700 r  U_timer/timer_cnt_reg[31]_i_1036/CO[3]
                         net (fo=1, routed)           0.000    10.700    U_timer/timer_cnt_reg[31]_i_1036_n_0
    SLICE_X52Y67         CARRY4 (Prop_carry4_CI_CO[3])
                                                      0.114    10.814 r  U_timer/timer_cnt_reg[31]_i_882/CO[3]
                         net (fo=1, routed)           0.000    10.814    U_timer/timer_cnt_reg[31]_i_882_n_0
    SLICE_X52Y68         CARRY4 (Prop_carry4_CI_CO[3])
                                                      0.114    10.928 r  U_timer/timer_cnt_reg[31]_i_728/CO[3]
                         net (fo=1, routed)           0.000    10.928    U_timer/timer_cnt_reg[31]_i_728_n_0
    SLICE_X52Y69         CARRY4 (Prop_carry4_CI_CO[3])
                                                      0.114    11.042 r  U_timer/timer_cnt_reg[31]_i_574/CO[3]
                         net (fo=1, routed)           0.000    11.042    U_timer/timer_cnt_reg[31]_i_574_n_0
    SLICE_X52Y70         CARRY4 (Prop_carry4_CI_CO[3])
                                                      0.114    11.156 r  U_timer/timer_cnt_reg[31]_i_408/CO[3]
                         net (fo=1, routed)           0.000    11.156    U_timer/timer_cnt_reg[31]_i_408_n_0
    SLICE_X52Y71         CARRY4 (Prop_carry4_CI_CO[3])
                                                      0.114    11.270 r  U_timer/timer_cnt_reg[31]_i_239/CO[3]
                         net (fo=1, routed)           0.000    11.270    U_timer/timer_cnt_reg[31]_i_239_n_0
    SLICE_X52Y72         CARRY4 (Prop_carry4_CI_CO[3])
                                                      0.114    11.384 r  U_timer/timer_cnt_reg[31]_i_111/CO[3]
                         net (fo=1, routed)           0.000    11.384    U_timer/timer_cnt_reg[31]_i_111_n_0
    SLICE_X52Y73         CARRY4 (Prop_carry4_CI_CO[3])
                                                      0.114    11.498 r  U_timer/timer_cnt_reg[31]_i_100/CO[3]
                         net (fo=1, routed)           0.000    11.498    U_timer/timer_cnt_reg[31]_i_100_n_0
    SLICE_X52Y74         CARRY4 (Prop_carry4_CI_CO[1])
                                                      0.157    11.655 r  U_timer/timer_cnt_reg[31]_i_45/CO[1]
                         net (fo=36, routed)          1.050    12.705    U_timer/freq_div_reg[31]_4[0]
    SLICE_X48Y65         LUT2 (Prop_lut2_I1_O)        0.329    13.034 r  U_timer/timer_cnt[31]_i_1183/O
                         net (fo=1, routed)           0.000    13.034    U_timer/timer_cnt[31]_i_1183_n_0
    SLICE_X48Y65         CARRY4 (Prop_carry4_S[1]_CO[3])
                                                      0.550    13.584 r  U_timer/timer_cnt_reg[31]_i_1031/CO[3]
                         net (fo=1, routed)           0.000    13.584    U_timer/timer_cnt_reg[31]_i_1031_n_0
    SLICE_X48Y66         CARRY4 (Prop_carry4_CI_CO[3])
                                                      0.114    13.698 r  U_timer/timer_cnt_reg[31]_i_877/CO[3]
                         net (fo=1, routed)           0.000    13.698    U_timer/timer_cnt_reg[31]_i_877_n_0
    SLICE_X48Y67         CARRY4 (Prop_carry4_CI_CO[3])
                                                      0.114    13.812 r  U_timer/timer_cnt_reg[31]_i_723/CO[3]
                         net (fo=1, routed)           0.000    13.812    U_timer/timer_cnt_reg[31]_i_723_n_0
    SLICE_X48Y68         CARRY4 (Prop_carry4_CI_CO[3])
                                                      0.114    13.926 r  U_timer/timer_cnt_reg[31]_i_569/CO[3]
                         net (fo=1, routed)           0.000    13.926    U_timer/timer_cnt_reg[31]_i_569_n_0
    SLICE_X48Y69         CARRY4 (Prop_carry4_CI_CO[3])
                                                      0.114    14.040 r  U_timer/timer_cnt_reg[31]_i_403/CO[3]
                         net (fo=1, routed)           0.000    14.040    U_timer/timer_cnt_reg[31]_i_403_n_0
    SLICE_X48Y70         CARRY4 (Prop_carry4_CI_CO[3])
                                                      0.114    14.154 r  U_timer/timer_cnt_reg[31]_i_234/CO[3]
                         net (fo=1, routed)           0.000    14.154    U_timer/timer_cnt_reg[31]_i_234_n_0
    SLICE_X48Y71         CARRY4 (Prop_carry4_CI_CO[3])
                                                      0.114    14.268 r  U_timer/timer_cnt_reg[31]_i_106/CO[3]
                         net (fo=1, routed)           0.000    14.268    U_timer/timer_cnt_reg[31]_i_106_n_0
    SLICE_X48Y72         CARRY4 (Prop_carry4_CI_CO[3])
                                                      0.114    14.382 r  U_timer/timer_cnt_reg[31]_i_47/CO[3]
                         net (fo=1, routed)           0.000    14.382    U_timer/timer_cnt_reg[31]_i_47_n_0
    SLICE_X48Y73         CARRY4 (Prop_carry4_CI_CO[1])
                                                      0.157    14.539 r  U_timer/timer_cnt_reg[31]_i_44/CO[1]
                         net (fo=36, routed)          0.901    15.440    U_timer/freq_div_reg[31]_6[0]
    SLICE_X49Y64         LUT2 (Prop_lut2_I1_O)        0.329    15.769 r  U_timer/timer_cnt[31]_i_1180/O
                         net (fo=1, routed)           0.000    15.769    U_timer/timer_cnt[31]_i_1180_n_0
    SLICE_X49Y64         CARRY4 (Prop_carry4_S[1]_CO[3])
                                                      0.550    16.319 r  U_timer/timer_cnt_reg[31]_i_1030/CO[3]
                         net (fo=1, routed)           0.000    16.319    U_timer/timer_cnt_reg[31]_i_1030_n_0
    SLICE_X49Y65         CARRY4 (Prop_carry4_CI_CO[3])
                                                      0.114    16.433 r  U_timer/timer_cnt_reg[31]_i_876/CO[3]
                         net (fo=1, routed)           0.000    16.433    U_timer/timer_cnt_reg[31]_i_876_n_0
    SLICE_X49Y66         CARRY4 (Prop_carry4_CI_CO[3])
                                                      0.114    16.547 r  U_timer/timer_cnt_reg[31]_i_722/CO[3]
                         net (fo=1, routed)           0.000    16.547    U_timer/timer_cnt_reg[31]_i_722_n_0
    SLICE_X49Y67         CARRY4 (Prop_carry4_CI_CO[3])
                                                      0.114    16.661 r  U_timer/timer_cnt_reg[31]_i_568/CO[3]
                         net (fo=1, routed)           0.000    16.661    U_timer/timer_cnt_reg[31]_i_568_n_0
    SLICE_X49Y68         CARRY4 (Prop_carry4_CI_CO[3])
                                                      0.114    16.775 r  U_timer/timer_cnt_reg[31]_i_402/CO[3]
                         net (fo=1, routed)           0.000    16.775    U_timer/timer_cnt_reg[31]_i_402_n_0
    SLICE_X49Y69         CARRY4 (Prop_carry4_CI_CO[3])
                                                      0.114    16.889 r  U_timer/timer_cnt_reg[31]_i_233/CO[3]
                         net (fo=1, routed)           0.000    16.889    U_timer/timer_cnt_reg[31]_i_233_n_0
    SLICE_X49Y70         CARRY4 (Prop_carry4_CI_CO[3])
                                                      0.114    17.003 r  U_timer/timer_cnt_reg[31]_i_105/CO[3]
                         net (fo=1, routed)           0.000    17.003    U_timer/timer_cnt_reg[31]_i_105_n_0
    SLICE_X49Y71         CARRY4 (Prop_carry4_CI_CO[3])
                                                      0.114    17.117 r  U_timer/timer_cnt_reg[31]_i_46/CO[3]
                         net (fo=1, routed)           0.000    17.117    U_timer/timer_cnt_reg[31]_i_46_n_0
    SLICE_X49Y72         CARRY4 (Prop_carry4_CI_CO[1])
                                                      0.157    17.274 r  U_timer/timer_cnt_reg[31]_i_21/CO[1]
                         net (fo=36, routed)          0.887    18.161    U_timer/freq_div_reg[31]_8[0]
    SLICE_X47Y64         LUT2 (Prop_lut2_I1_O)        0.329    18.490 r  U_timer/timer_cnt[31]_i_1258/O
                         net (fo=1, routed)           0.000    18.490    U_timer/timer_cnt[31]_i_1258_n_0
    SLICE_X47Y64         CARRY4 (Prop_carry4_S[1]_CO[3])
                                                      0.550    19.040 r  U_timer/timer_cnt_reg[31]_i_1111/CO[3]
                         net (fo=1, routed)           0.000    19.040    U_timer/timer_cnt_reg[31]_i_1111_n_0
    SLICE_X47Y65         CARRY4 (Prop_carry4_CI_CO[3])
                                                      0.114    19.154 r  U_timer/timer_cnt_reg[31]_i_957/CO[3]
                         net (fo=1, routed)           0.000    19.154    U_timer/timer_cnt_reg[31]_i_957_n_0
    SLICE_X47Y66         CARRY4 (Prop_carry4_CI_CO[3])
                                                      0.114    19.268 r  U_timer/timer_cnt_reg[31]_i_803/CO[3]
                         net (fo=1, routed)           0.000    19.268    U_timer/timer_cnt_reg[31]_i_803_n_0
    SLICE_X47Y67         CARRY4 (Prop_carry4_CI_CO[3])
                                                      0.114    19.382 r  U_timer/timer_cnt_reg[31]_i_649/CO[3]
                         net (fo=1, routed)           0.000    19.382    U_timer/timer_cnt_reg[31]_i_649_n_0
    SLICE_X47Y68         CARRY4 (Prop_carry4_CI_CO[3])
                                                      0.114    19.496 r  U_timer/timer_cnt_reg[31]_i_495/CO[3]
                         net (fo=1, routed)           0.000    19.496    U_timer/timer_cnt_reg[31]_i_495_n_0
    SLICE_X47Y69         CARRY4 (Prop_carry4_CI_CO[3])
                                                      0.114    19.610 r  U_timer/timer_cnt_reg[31]_i_317/CO[3]
                         net (fo=1, routed)           0.000    19.610    U_timer/timer_cnt_reg[31]_i_317_n_0
    SLICE_X47Y70         CARRY4 (Prop_carry4_CI_CO[3])
                                                      0.114    19.724 r  U_timer/timer_cnt_reg[31]_i_149/CO[3]
                         net (fo=1, routed)           0.000    19.724    U_timer/timer_cnt_reg[31]_i_149_n_0
    SLICE_X47Y71         CARRY4 (Prop_carry4_CI_CO[3])
                                                      0.114    19.838 r  U_timer/timer_cnt_reg[31]_i_138/CO[3]
                         net (fo=1, routed)           0.000    19.838    U_timer/timer_cnt_reg[31]_i_138_n_0
    SLICE_X47Y72         CARRY4 (Prop_carry4_CI_CO[1])
                                                      0.157    19.995 r  U_timer/timer_cnt_reg[31]_i_59/CO[1]
                         net (fo=37, routed)          1.015    21.011    U_timer/freq_div_reg[31]_10[0]
    SLICE_X46Y67         LUT2 (Prop_lut2_I1_O)        0.329    21.340 r  U_timer/timer_cnt[31]_i_1255/O
                         net (fo=1, routed)           0.000    21.340    U_timer/timer_cnt[31]_i_1255_n_0
    SLICE_X46Y67         CARRY4 (Prop_carry4_S[1]_CO[3])
                                                      0.533    21.873 r  U_timer/timer_cnt_reg[31]_i_1106/CO[3]
                         net (fo=1, routed)           0.000    21.873    U_timer/timer_cnt_reg[31]_i_1106_n_0
    SLICE_X46Y68         CARRY4 (Prop_carry4_CI_CO[3])
                                                      0.117    21.990 r  U_timer/timer_cnt_reg[31]_i_952/CO[3]
                         net (fo=1, routed)           0.000    21.990    U_timer/timer_cnt_reg[31]_i_952_n_0
    SLICE_X46Y69         CARRY4 (Prop_carry4_CI_CO[3])
                                                      0.117    22.107 r  U_timer/timer_cnt_reg[31]_i_798/CO[3]
                         net (fo=1, routed)           0.000    22.107    U_timer/timer_cnt_reg[31]_i_798_n_0
    SLICE_X46Y70         CARRY4 (Prop_carry4_CI_CO[3])
                                                      0.117    22.224 r  U_timer/timer_cnt_reg[31]_i_644/CO[3]
                         net (fo=1, routed)           0.000    22.224    U_timer/timer_cnt_reg[31]_i_644_n_0
    SLICE_X46Y71         CARRY4 (Prop_carry4_CI_CO[3])
                                                      0.117    22.341 r  U_timer/timer_cnt_reg[31]_i_490/CO[3]
                         net (fo=1, routed)           0.000    22.341    U_timer/timer_cnt_reg[31]_i_490_n_0
    SLICE_X46Y72         CARRY4 (Prop_carry4_CI_CO[3])
                                                      0.117    22.458 r  U_timer/timer_cnt_reg[31]_i_312/CO[3]
                         net (fo=1, routed)           0.000    22.458    U_timer/timer_cnt_reg[31]_i_312_n_0
    SLICE_X46Y73         CARRY4 (Prop_carry4_CI_CO[3])
                                                      0.117    22.575 r  U_timer/timer_cnt_reg[31]_i_144/CO[3]
                         net (fo=1, routed)           0.000    22.575    U_timer/timer_cnt_reg[31]_i_144_n_0
    SLICE_X46Y74         CARRY4 (Prop_carry4_CI_CO[3])
                                                      0.117    22.692 r  U_timer/timer_cnt_reg[31]_i_61/CO[3]
                         net (fo=1, routed)           0.009    22.701    U_timer/timer_cnt_reg[31]_i_61_n_0
    SLICE_X46Y75         CARRY4 (Prop_carry4_CI_CO[1])
                                                      0.157    22.858 r  U_timer/timer_cnt_reg[31]_i_58/CO[1]
                         net (fo=37, routed)          0.999    23.856    U_timer/freq_div_reg[31]_12[0]
    SLICE_X50Y72         LUT2 (Prop_lut2_I1_O)        0.332    24.188 r  U_timer/timer_cnt[31]_i_1251/O
                         net (fo=1, routed)           0.000    24.188    U_timer/timer_cnt[31]_i_1251_n_0
    SLICE_X50Y72         CARRY4 (Prop_carry4_S[1]_CO[3])
                                                      0.533    24.721 r  U_timer/timer_cnt_reg[31]_i_1105/CO[3]
                         net (fo=1, routed)           0.000    24.721    U_timer/timer_cnt_reg[31]_i_1105_n_0
    SLICE_X50Y73         CARRY4 (Prop_carry4_CI_CO[3])
                                                      0.117    24.838 r  U_timer/timer_cnt_reg[31]_i_951/CO[3]
                         net (fo=1, routed)           0.000    24.838    U_timer/timer_cnt_reg[31]_i_951_n_0
    SLICE_X50Y74         CARRY4 (Prop_carry4_CI_CO[3])
                                                      0.117    24.955 r  U_timer/timer_cnt_reg[31]_i_797/CO[3]
                         net (fo=1, routed)           0.009    24.964    U_timer/timer_cnt_reg[31]_i_797_n_0
    SLICE_X50Y75         CARRY4 (Prop_carry4_CI_CO[3])
                                                      0.117    25.081 r  U_timer/timer_cnt_reg[31]_i_643/CO[3]
                         net (fo=1, routed)           0.000    25.081    U_timer/timer_cnt_reg[31]_i_643_n_0
    SLICE_X50Y76         CARRY4 (Prop_carry4_CI_CO[3])
                                                      0.117    25.198 r  U_timer/timer_cnt_reg[31]_i_489/CO[3]
                         net (fo=1, routed)           0.000    25.198    U_timer/timer_cnt_reg[31]_i_489_n_0
    SLICE_X50Y77         CARRY4 (Prop_carry4_CI_CO[3])
                                                      0.117    25.315 r  U_timer/timer_cnt_reg[31]_i_311/CO[3]
                         net (fo=1, routed)           0.000    25.315    U_timer/timer_cnt_reg[31]_i_311_n_0
    SLICE_X50Y78         CARRY4 (Prop_carry4_CI_CO[3])
                                                      0.117    25.432 r  U_timer/timer_cnt_reg[31]_i_143/CO[3]
                         net (fo=1, routed)           0.000    25.432    U_timer/timer_cnt_reg[31]_i_143_n_0
    SLICE_X50Y79         CARRY4 (Prop_carry4_CI_CO[3])
                                                      0.117    25.549 r  U_timer/timer_cnt_reg[31]_i_60/CO[3]
                         net (fo=1, routed)           0.000    25.549    U_timer/timer_cnt_reg[31]_i_60_n_0
    SLICE_X50Y80         CARRY4 (Prop_carry4_CI_CO[1])
                                                      0.157    25.706 r  U_timer/timer_cnt_reg[31]_i_27/CO[1]
                         net (fo=36, routed)          0.921    26.628    U_timer/freq_div_reg[31]_14[0]
    SLICE_X47Y73         LUT2 (Prop_lut2_I1_O)        0.332    26.960 r  U_timer/timer_cnt[31]_i_1268/O
                         net (fo=1, routed)           0.000    26.960    U_timer/timer_cnt[31]_i_1268_n_0
    SLICE_X47Y73         CARRY4 (Prop_carry4_S[1]_CO[3])
                                                      0.550    27.510 r  U_timer/timer_cnt_reg[31]_i_1126/CO[3]
                         net (fo=1, routed)           0.000    27.510    U_timer/timer_cnt_reg[31]_i_1126_n_0
    SLICE_X47Y74         CARRY4 (Prop_carry4_CI_CO[3])
                                                      0.114    27.624 r  U_timer/timer_cnt_reg[31]_i_972/CO[3]
                         net (fo=1, routed)           0.009    27.633    U_timer/timer_cnt_reg[31]_i_972_n_0
    SLICE_X47Y75         CARRY4 (Prop_carry4_CI_CO[3])
                                                      0.114    27.747 r  U_timer/timer_cnt_reg[31]_i_818/CO[3]
                         net (fo=1, routed)           0.000    27.747    U_timer/timer_cnt_reg[31]_i_818_n_0
    SLICE_X47Y76         CARRY4 (Prop_carry4_CI_CO[3])
                                                      0.114    27.861 r  U_timer/timer_cnt_reg[31]_i_664/CO[3]
                         net (fo=1, routed)           0.000    27.861    U_timer/timer_cnt_reg[31]_i_664_n_0
    SLICE_X47Y77         CARRY4 (Prop_carry4_CI_CO[3])
                                                      0.114    27.975 r  U_timer/timer_cnt_reg[31]_i_510/CO[3]
                         net (fo=1, routed)           0.000    27.975    U_timer/timer_cnt_reg[31]_i_510_n_0
    SLICE_X47Y78         CARRY4 (Prop_carry4_CI_CO[3])
                                                      0.114    28.089 r  U_timer/timer_cnt_reg[31]_i_336/CO[3]
                         net (fo=1, routed)           0.000    28.089    U_timer/timer_cnt_reg[31]_i_336_n_0
    SLICE_X47Y79         CARRY4 (Prop_carry4_CI_CO[3])
                                                      0.114    28.203 r  U_timer/timer_cnt_reg[31]_i_165/CO[3]
                         net (fo=1, routed)           0.000    28.203    U_timer/timer_cnt_reg[31]_i_165_n_0
    SLICE_X47Y80         CARRY4 (Prop_carry4_CI_CO[3])
                                                      0.114    28.317 r  U_timer/timer_cnt_reg[31]_i_154/CO[3]
                         net (fo=1, routed)           0.000    28.317    U_timer/timer_cnt_reg[31]_i_154_n_0
    SLICE_X47Y81         CARRY4 (Prop_carry4_CI_CO[1])
                                                      0.157    28.474 r  U_timer/timer_cnt_reg[31]_i_65/CO[1]
                         net (fo=36, routed)          0.855    29.328    U_timer/freq_div_reg[31]_16[0]
    SLICE_X51Y75         LUT2 (Prop_lut2_I1_O)        0.329    29.657 r  U_timer/timer_cnt[31]_i_1265/O
                         net (fo=1, routed)           0.000    29.657    U_timer/timer_cnt[31]_i_1265_n_0
    SLICE_X51Y75         CARRY4 (Prop_carry4_S[1]_CO[3])
                                                      0.550    30.207 r  U_timer/timer_cnt_reg[31]_i_1121/CO[3]
                         net (fo=1, routed)           0.000    30.207    U_timer/timer_cnt_reg[31]_i_1121_n_0
    SLICE_X51Y76         CARRY4 (Prop_carry4_CI_CO[3])
                                                      0.114    30.321 r  U_timer/timer_cnt_reg[31]_i_967/CO[3]
                         net (fo=1, routed)           0.000    30.321    U_timer/timer_cnt_reg[31]_i_967_n_0
    SLICE_X51Y77         CARRY4 (Prop_carry4_CI_CO[3])
                                                      0.114    30.435 r  U_timer/timer_cnt_reg[31]_i_813/CO[3]
                         net (fo=1, routed)           0.000    30.435    U_timer/timer_cnt_reg[31]_i_813_n_0
    SLICE_X51Y78         CARRY4 (Prop_carry4_CI_CO[3])
                                                      0.114    30.549 r  U_timer/timer_cnt_reg[31]_i_659/CO[3]
                         net (fo=1, routed)           0.000    30.549    U_timer/timer_cnt_reg[31]_i_659_n_0
    SLICE_X51Y79         CARRY4 (Prop_carry4_CI_CO[3])
                                                      0.114    30.663 r  U_timer/timer_cnt_reg[31]_i_505/CO[3]
                         net (fo=1, routed)           0.000    30.663    U_timer/timer_cnt_reg[31]_i_505_n_0
    SLICE_X51Y80         CARRY4 (Prop_carry4_CI_CO[3])
                                                      0.114    30.777 r  U_timer/timer_cnt_reg[31]_i_331/CO[3]
                         net (fo=1, routed)           0.000    30.777    U_timer/timer_cnt_reg[31]_i_331_n_0
    SLICE_X51Y81         CARRY4 (Prop_carry4_CI_CO[3])
                                                      0.114    30.891 r  U_timer/timer_cnt_reg[31]_i_160/CO[3]
                         net (fo=1, routed)           0.000    30.891    U_timer/timer_cnt_reg[31]_i_160_n_0
    SLICE_X51Y82         CARRY4 (Prop_carry4_CI_CO[3])
                                                      0.114    31.005 r  U_timer/timer_cnt_reg[31]_i_67/CO[3]
                         net (fo=1, routed)           0.000    31.005    U_timer/timer_cnt_reg[31]_i_67_n_0
    SLICE_X51Y83         CARRY4 (Prop_carry4_CI_CO[1])
                                                      0.157    31.162 r  U_timer/timer_cnt_reg[31]_i_64/CO[1]
                         net (fo=37, routed)          1.062    32.225    U_timer/freq_div_reg[31]_18[0]
    SLICE_X45Y76         LUT2 (Prop_lut2_I1_O)        0.329    32.554 r  U_timer/timer_cnt[31]_i_1262/O
                         net (fo=1, routed)           0.000    32.554    U_timer/timer_cnt[31]_i_1262_n_0
    SLICE_X45Y76         CARRY4 (Prop_carry4_S[1]_CO[3])
                                                      0.550    33.104 r  U_timer/timer_cnt_reg[31]_i_1120/CO[3]
                         net (fo=1, routed)           0.000    33.104    U_timer/timer_cnt_reg[31]_i_1120_n_0
    SLICE_X45Y77         CARRY4 (Prop_carry4_CI_CO[3])
                                                      0.114    33.218 r  U_timer/timer_cnt_reg[31]_i_966/CO[3]
                         net (fo=1, routed)           0.000    33.218    U_timer/timer_cnt_reg[31]_i_966_n_0
    SLICE_X45Y78         CARRY4 (Prop_carry4_CI_CO[3])
                                                      0.114    33.332 r  U_timer/timer_cnt_reg[31]_i_812/CO[3]
                         net (fo=1, routed)           0.000    33.332    U_timer/timer_cnt_reg[31]_i_812_n_0
    SLICE_X45Y79         CARRY4 (Prop_carry4_CI_CO[3])
                                                      0.114    33.446 r  U_timer/timer_cnt_reg[31]_i_658/CO[3]
                         net (fo=1, routed)           0.000    33.446    U_timer/timer_cnt_reg[31]_i_658_n_0
    SLICE_X45Y80         CARRY4 (Prop_carry4_CI_CO[3])
                                                      0.114    33.560 r  U_timer/timer_cnt_reg[31]_i_504/CO[3]
                         net (fo=1, routed)           0.000    33.560    U_timer/timer_cnt_reg[31]_i_504_n_0
    SLICE_X45Y81         CARRY4 (Prop_carry4_CI_CO[3])
                                                      0.114    33.674 r  U_timer/timer_cnt_reg[31]_i_330/CO[3]
                         net (fo=1, routed)           0.000    33.674    U_timer/timer_cnt_reg[31]_i_330_n_0
    SLICE_X45Y82         CARRY4 (Prop_carry4_CI_CO[3])
                                                      0.114    33.788 r  U_timer/timer_cnt_reg[31]_i_159/CO[3]
                         net (fo=1, routed)           0.000    33.788    U_timer/timer_cnt_reg[31]_i_159_n_0
    SLICE_X45Y83         CARRY4 (Prop_carry4_CI_CO[3])
                                                      0.114    33.902 r  U_timer/timer_cnt_reg[31]_i_66/CO[3]
                         net (fo=1, routed)           0.000    33.902    U_timer/timer_cnt_reg[31]_i_66_n_0
    SLICE_X45Y84         CARRY4 (Prop_carry4_CI_CO[1])
                                                      0.157    34.059 r  U_timer/timer_cnt_reg[31]_i_29/CO[1]
                         net (fo=36, routed)          0.916    34.975    U_timer/freq_div_reg[31]_20[0]
    SLICE_X46Y76         LUT2 (Prop_lut2_I1_O)        0.329    35.304 r  U_timer/timer_cnt[31]_i_1278/O
                         net (fo=1, routed)           0.000    35.304    U_timer/timer_cnt[31]_i_1278_n_0
    SLICE_X46Y76         CARRY4 (Prop_carry4_S[1]_CO[3])
                                                      0.533    35.837 r  U_timer/timer_cnt_reg[31]_i_1141/CO[3]
                         net (fo=1, routed)           0.000    35.837    U_timer/timer_cnt_reg[31]_i_1141_n_0
    SLICE_X46Y77         CARRY4 (Prop_carry4_CI_CO[3])
                                                      0.117    35.954 r  U_timer/timer_cnt_reg[31]_i_987/CO[3]
                         net (fo=1, routed)           0.000    35.954    U_timer/timer_cnt_reg[31]_i_987_n_0
    SLICE_X46Y78         CARRY4 (Prop_carry4_CI_CO[3])
                                                      0.117    36.071 r  U_timer/timer_cnt_reg[31]_i_833/CO[3]
                         net (fo=1, routed)           0.000    36.071    U_timer/timer_cnt_reg[31]_i_833_n_0
    SLICE_X46Y79         CARRY4 (Prop_carry4_CI_CO[3])
                                                      0.117    36.188 r  U_timer/timer_cnt_reg[31]_i_679/CO[3]
                         net (fo=1, routed)           0.000    36.188    U_timer/timer_cnt_reg[31]_i_679_n_0
    SLICE_X46Y80         CARRY4 (Prop_carry4_CI_CO[3])
                                                      0.117    36.305 r  U_timer/timer_cnt_reg[31]_i_525/CO[3]
                         net (fo=1, routed)           0.000    36.305    U_timer/timer_cnt_reg[31]_i_525_n_0
    SLICE_X46Y81         CARRY4 (Prop_carry4_CI_CO[3])
                                                      0.117    36.422 r  U_timer/timer_cnt_reg[31]_i_355/CO[3]
                         net (fo=1, routed)           0.000    36.422    U_timer/timer_cnt_reg[31]_i_355_n_0
    SLICE_X46Y82         CARRY4 (Prop_carry4_CI_CO[3])
                                                      0.117    36.539 r  U_timer/timer_cnt_reg[31]_i_181/CO[3]
                         net (fo=1, routed)           0.000    36.539    U_timer/timer_cnt_reg[31]_i_181_n_0
    SLICE_X46Y83         CARRY4 (Prop_carry4_CI_CO[3])
                                                      0.117    36.656 r  U_timer/timer_cnt_reg[31]_i_170/CO[3]
                         net (fo=1, routed)           0.000    36.656    U_timer/timer_cnt_reg[31]_i_170_n_0
    SLICE_X46Y84         CARRY4 (Prop_carry4_CI_CO[1])
                                                      0.157    36.813 r  U_timer/timer_cnt_reg[31]_i_71/CO[1]
                         net (fo=37, routed)          0.860    37.673    U_timer/freq_div_reg[31]_22[0]
    SLICE_X49Y78         LUT2 (Prop_lut2_I1_O)        0.332    38.005 r  U_timer/timer_cnt[31]_i_1275/O
                         net (fo=1, routed)           0.000    38.005    U_timer/timer_cnt[31]_i_1275_n_0
    SLICE_X49Y78         CARRY4 (Prop_carry4_S[1]_CO[3])
                                                      0.550    38.555 r  U_timer/timer_cnt_reg[31]_i_1136/CO[3]
                         net (fo=1, routed)           0.000    38.555    U_timer/timer_cnt_reg[31]_i_1136_n_0
    SLICE_X49Y79         CARRY4 (Prop_carry4_CI_CO[3])
                                                      0.114    38.669 r  U_timer/timer_cnt_reg[31]_i_982/CO[3]
                         net (fo=1, routed)           0.000    38.669    U_timer/timer_cnt_reg[31]_i_982_n_0
    SLICE_X49Y80         CARRY4 (Prop_carry4_CI_CO[3])
                                                      0.114    38.783 r  U_timer/timer_cnt_reg[31]_i_828/CO[3]
                         net (fo=1, routed)           0.000    38.783    U_timer/timer_cnt_reg[31]_i_828_n_0
    SLICE_X49Y81         CARRY4 (Prop_carry4_CI_CO[3])
                                                      0.114    38.897 r  U_timer/timer_cnt_reg[31]_i_674/CO[3]
                         net (fo=1, routed)           0.000    38.897    U_timer/timer_cnt_reg[31]_i_674_n_0
    SLICE_X49Y82         CARRY4 (Prop_carry4_CI_CO[3])
                                                      0.114    39.011 r  U_timer/timer_cnt_reg[31]_i_520/CO[3]
                         net (fo=1, routed)           0.000    39.011    U_timer/timer_cnt_reg[31]_i_520_n_0
    SLICE_X49Y83         CARRY4 (Prop_carry4_CI_CO[3])
                                                      0.114    39.125 r  U_timer/timer_cnt_reg[31]_i_350/CO[3]
                         net (fo=1, routed)           0.000    39.125    U_timer/timer_cnt_reg[31]_i_350_n_0
    SLICE_X49Y84         CARRY4 (Prop_carry4_CI_CO[3])
                                                      0.114    39.239 r  U_timer/timer_cnt_reg[31]_i_176/CO[3]
                         net (fo=1, routed)           0.000    39.239    U_timer/timer_cnt_reg[31]_i_176_n_0
    SLICE_X49Y85         CARRY4 (Prop_carry4_CI_CO[3])
                                                      0.114    39.353 r  U_timer/timer_cnt_reg[31]_i_73/CO[3]
                         net (fo=1, routed)           0.000    39.353    U_timer/timer_cnt_reg[31]_i_73_n_0
    SLICE_X49Y86         CARRY4 (Prop_carry4_CI_CO[1])
                                                      0.157    39.510 r  U_timer/timer_cnt_reg[31]_i_70/CO[1]
                         net (fo=36, routed)          0.895    40.405    U_timer/freq_div_reg[31]_24[0]
    SLICE_X53Y77         LUT2 (Prop_lut2_I1_O)        0.329    40.734 r  U_timer/timer_cnt[31]_i_1271/O
                         net (fo=1, routed)           0.000    40.734    U_timer/timer_cnt[31]_i_1271_n_0
    SLICE_X53Y77         CARRY4 (Prop_carry4_S[1]_CO[3])
                                                      0.550    41.284 r  U_timer/timer_cnt_reg[31]_i_1135/CO[3]
                         net (fo=1, routed)           0.000    41.284    U_timer/timer_cnt_reg[31]_i_1135_n_0
    SLICE_X53Y78         CARRY4 (Prop_carry4_CI_CO[3])
                                                      0.114    41.398 r  U_timer/timer_cnt_reg[31]_i_981/CO[3]
                         net (fo=1, routed)           0.000    41.398    U_timer/timer_cnt_reg[31]_i_981_n_0
    SLICE_X53Y79         CARRY4 (Prop_carry4_CI_CO[3])
                                                      0.114    41.512 r  U_timer/timer_cnt_reg[31]_i_827/CO[3]
                         net (fo=1, routed)           0.000    41.512    U_timer/timer_cnt_reg[31]_i_827_n_0
    SLICE_X53Y80         CARRY4 (Prop_carry4_CI_CO[3])
                                                      0.114    41.626 r  U_timer/timer_cnt_reg[31]_i_673/CO[3]
                         net (fo=1, routed)           0.000    41.626    U_timer/timer_cnt_reg[31]_i_673_n_0
    SLICE_X53Y81         CARRY4 (Prop_carry4_CI_CO[3])
                                                      0.114    41.740 r  U_timer/timer_cnt_reg[31]_i_519/CO[3]
                         net (fo=1, routed)           0.000    41.740    U_timer/timer_cnt_reg[31]_i_519_n_0
    SLICE_X53Y82         CARRY4 (Prop_carry4_CI_CO[3])
                                                      0.114    41.854 r  U_timer/timer_cnt_reg[31]_i_349/CO[3]
                         net (fo=1, routed)           0.000    41.854    U_timer/timer_cnt_reg[31]_i_349_n_0
    SLICE_X53Y83         CARRY4 (Prop_carry4_CI_CO[3])
                                                      0.114    41.968 r  U_timer/timer_cnt_reg[31]_i_175/CO[3]
                         net (fo=1, routed)           0.000    41.968    U_timer/timer_cnt_reg[31]_i_175_n_0
    SLICE_X53Y84         CARRY4 (Prop_carry4_CI_CO[3])
                                                      0.114    42.082 r  U_timer/timer_cnt_reg[31]_i_72/CO[3]
                         net (fo=1, routed)           0.000    42.082    U_timer/timer_cnt_reg[31]_i_72_n_0
    SLICE_X53Y85         CARRY4 (Prop_carry4_CI_CO[1])
                                                      0.157    42.239 r  U_timer/timer_cnt_reg[31]_i_31/CO[1]
                         net (fo=36, routed)          0.909    43.148    U_timer/freq_div_reg[31]_26[0]
    SLICE_X52Y76         LUT2 (Prop_lut2_I1_O)        0.329    43.477 r  U_timer/timer_cnt[31]_i_1289/O
                         net (fo=1, routed)           0.000    43.477    U_timer/timer_cnt[31]_i_1289_n_0
    SLICE_X52Y76         CARRY4 (Prop_carry4_S[1]_CO[3])
                                                      0.550    44.027 r  U_timer/timer_cnt_reg[31]_i_1156/CO[3]
                         net (fo=1, routed)           0.000    44.027    U_timer/timer_cnt_reg[31]_i_1156_n_0
    SLICE_X52Y77         CARRY4 (Prop_carry4_CI_CO[3])
                                                      0.114    44.141 r  U_timer/timer_cnt_reg[31]_i_1002/CO[3]
                         net (fo=1, routed)           0.000    44.141    U_timer/timer_cnt_reg[31]_i_1002_n_0
    SLICE_X52Y78         CARRY4 (Prop_carry4_CI_CO[3])
                                                      0.114    44.255 r  U_timer/timer_cnt_reg[31]_i_848/CO[3]
                         net (fo=1, routed)           0.000    44.255    U_timer/timer_cnt_reg[31]_i_848_n_0
    SLICE_X52Y79         CARRY4 (Prop_carry4_CI_CO[3])
                                                      0.114    44.369 r  U_timer/timer_cnt_reg[31]_i_694/CO[3]
                         net (fo=1, routed)           0.000    44.369    U_timer/timer_cnt_reg[31]_i_694_n_0
    SLICE_X52Y80         CARRY4 (Prop_carry4_CI_CO[3])
                                                      0.114    44.483 r  U_timer/timer_cnt_reg[31]_i_540/CO[3]
                         net (fo=1, routed)           0.000    44.483    U_timer/timer_cnt_reg[31]_i_540_n_0
    SLICE_X52Y81         CARRY4 (Prop_carry4_CI_CO[3])
                                                      0.114    44.597 r  U_timer/timer_cnt_reg[31]_i_374/CO[3]
                         net (fo=1, routed)           0.000    44.597    U_timer/timer_cnt_reg[31]_i_374_n_0
    SLICE_X52Y82         CARRY4 (Prop_carry4_CI_CO[3])
                                                      0.114    44.711 r  U_timer/timer_cnt_reg[31]_i_197/CO[3]
                         net (fo=1, routed)           0.000    44.711    U_timer/timer_cnt_reg[31]_i_197_n_0
    SLICE_X52Y83         CARRY4 (Prop_carry4_CI_CO[3])
                                                      0.114    44.825 r  U_timer/timer_cnt_reg[31]_i_186/CO[3]
                         net (fo=1, routed)           0.000    44.825    U_timer/timer_cnt_reg[31]_i_186_n_0
    SLICE_X52Y84         CARRY4 (Prop_carry4_CI_CO[1])
                                                      0.157    44.982 r  U_timer/timer_cnt_reg[31]_i_77/CO[1]
                         net (fo=37, routed)          1.278    46.259    U_timer/freq_div_reg[31]_28[0]
    SLICE_X44Y75         LUT2 (Prop_lut2_I1_O)        0.329    46.588 r  U_timer/timer_cnt[31]_i_1286/O
                         net (fo=1, routed)           0.000    46.588    U_timer/timer_cnt[31]_i_1286_n_0
    SLICE_X44Y75         CARRY4 (Prop_carry4_S[1]_CO[3])
                                                      0.550    47.138 r  U_timer/timer_cnt_reg[31]_i_1151/CO[3]
                         net (fo=1, routed)           0.000    47.138    U_timer/timer_cnt_reg[31]_i_1151_n_0
    SLICE_X44Y76         CARRY4 (Prop_carry4_CI_CO[3])
                                                      0.114    47.252 r  U_timer/timer_cnt_reg[31]_i_997/CO[3]
                         net (fo=1, routed)           0.000    47.252    U_timer/timer_cnt_reg[31]_i_997_n_0
    SLICE_X44Y77         CARRY4 (Prop_carry4_CI_CO[3])
                                                      0.114    47.366 r  U_timer/timer_cnt_reg[31]_i_843/CO[3]
                         net (fo=1, routed)           0.000    47.366    U_timer/timer_cnt_reg[31]_i_843_n_0
    SLICE_X44Y78         CARRY4 (Prop_carry4_CI_CO[3])
                                                      0.114    47.480 r  U_timer/timer_cnt_reg[31]_i_689/CO[3]
                         net (fo=1, routed)           0.000    47.480    U_timer/timer_cnt_reg[31]_i_689_n_0
    SLICE_X44Y79         CARRY4 (Prop_carry4_CI_CO[3])
                                                      0.114    47.594 r  U_timer/timer_cnt_reg[31]_i_535/CO[3]
                         net (fo=1, routed)           0.000    47.594    U_timer/timer_cnt_reg[31]_i_535_n_0
    SLICE_X44Y80         CARRY4 (Prop_carry4_CI_CO[3])
                                                      0.114    47.708 r  U_timer/timer_cnt_reg[31]_i_369/CO[3]
                         net (fo=1, routed)           0.000    47.708    U_timer/timer_cnt_reg[31]_i_369_n_0
    SLICE_X44Y81         CARRY4 (Prop_carry4_CI_CO[3])
                                                      0.114    47.822 r  U_timer/timer_cnt_reg[31]_i_192/CO[3]
                         net (fo=1, routed)           0.000    47.822    U_timer/timer_cnt_reg[31]_i_192_n_0
    SLICE_X44Y82         CARRY4 (Prop_carry4_CI_CO[3])
                                                      0.114    47.936 r  U_timer/timer_cnt_reg[31]_i_79/CO[3]
                         net (fo=1, routed)           0.000    47.936    U_timer/timer_cnt_reg[31]_i_79_n_0
    SLICE_X44Y83         CARRY4 (Prop_carry4_CI_CO[1])
                                                      0.157    48.093 r  U_timer/timer_cnt_reg[31]_i_76/CO[1]
                         net (fo=37, routed)          0.983    49.077    U_timer/freq_div_reg[31]_30[0]
    SLICE_X41Y73         LUT2 (Prop_lut2_I1_O)        0.329    49.406 r  U_timer/timer_cnt[31]_i_1282/O
                         net (fo=1, routed)           0.000    49.406    U_timer/timer_cnt[31]_i_1282_n_0
    SLICE_X41Y73         CARRY4 (Prop_carry4_S[1]_CO[3])
                                                      0.550    49.956 r  U_timer/timer_cnt_reg[31]_i_1150/CO[3]
                         net (fo=1, routed)           0.000    49.956    U_timer/timer_cnt_reg[31]_i_1150_n_0
    SLICE_X41Y74         CARRY4 (Prop_carry4_CI_CO[3])
                                                      0.114    50.070 r  U_timer/timer_cnt_reg[31]_i_996/CO[3]
                         net (fo=1, routed)           0.009    50.079    U_timer/timer_cnt_reg[31]_i_996_n_0
    SLICE_X41Y75         CARRY4 (Prop_carry4_CI_CO[3])
                                                      0.114    50.193 r  U_timer/timer_cnt_reg[31]_i_842/CO[3]
                         net (fo=1, routed)           0.000    50.193    U_timer/timer_cnt_reg[31]_i_842_n_0
    SLICE_X41Y76         CARRY4 (Prop_carry4_CI_CO[3])
                                                      0.114    50.307 r  U_timer/timer_cnt_reg[31]_i_688/CO[3]
                         net (fo=1, routed)           0.000    50.307    U_timer/timer_cnt_reg[31]_i_688_n_0
    SLICE_X41Y77         CARRY4 (Prop_carry4_CI_CO[3])
                                                      0.114    50.421 r  U_timer/timer_cnt_reg[31]_i_534/CO[3]
                         net (fo=1, routed)           0.000    50.421    U_timer/timer_cnt_reg[31]_i_534_n_0
    SLICE_X41Y78         CARRY4 (Prop_carry4_CI_CO[3])
                                                      0.114    50.535 r  U_timer/timer_cnt_reg[31]_i_368/CO[3]
                         net (fo=1, routed)           0.000    50.535    U_timer/timer_cnt_reg[31]_i_368_n_0
    SLICE_X41Y79         CARRY4 (Prop_carry4_CI_CO[3])
                                                      0.114    50.649 r  U_timer/timer_cnt_reg[31]_i_191/CO[3]
                         net (fo=1, routed)           0.000    50.649    U_timer/timer_cnt_reg[31]_i_191_n_0
    SLICE_X41Y80         CARRY4 (Prop_carry4_CI_CO[3])
                                                      0.114    50.763 r  U_timer/timer_cnt_reg[31]_i_78/CO[3]
                         net (fo=1, routed)           0.000    50.763    U_timer/timer_cnt_reg[31]_i_78_n_0
    SLICE_X41Y81         CARRY4 (Prop_carry4_CI_CO[1])
                                                      0.157    50.920 r  U_timer/timer_cnt_reg[31]_i_33/CO[1]
                         net (fo=36, routed)          0.919    51.839    U_timer/freq_div_reg[31]_32[0]
    SLICE_X40Y76         CARRY4 (Prop_carry4_CYINIT_CO[3])
                                                      0.785    52.624 r  U_timer/timer_cnt_reg[31]_i_1194/CO[3]
                         net (fo=1, routed)           0.000    52.624    U_timer/timer_cnt_reg[31]_i_1194_n_0
    SLICE_X40Y77         CARRY4 (Prop_carry4_CI_CO[3])
                                                      0.114    52.738 r  U_timer/timer_cnt_reg[31]_i_1051/CO[3]
                         net (fo=1, routed)           0.000    52.738    U_timer/timer_cnt_reg[31]_i_1051_n_0
    SLICE_X40Y78         CARRY4 (Prop_carry4_CI_CO[3])
                                                      0.114    52.852 r  U_timer/timer_cnt_reg[31]_i_897/CO[3]
                         net (fo=1, routed)           0.000    52.852    U_timer/timer_cnt_reg[31]_i_897_n_0
    SLICE_X40Y79         CARRY4 (Prop_carry4_CI_CO[3])
                                                      0.114    52.966 r  U_timer/timer_cnt_reg[31]_i_743/CO[3]
                         net (fo=1, routed)           0.000    52.966    U_timer/timer_cnt_reg[31]_i_743_n_0
    SLICE_X40Y80         CARRY4 (Prop_carry4_CI_CO[3])
                                                      0.114    53.080 r  U_timer/timer_cnt_reg[31]_i_589/CO[3]
                         net (fo=1, routed)           0.000    53.080    U_timer/timer_cnt_reg[31]_i_589_n_0
    SLICE_X40Y81         CARRY4 (Prop_carry4_CI_CO[3])
                                                      0.114    53.194 r  U_timer/timer_cnt_reg[31]_i_427/CO[3]
                         net (fo=1, routed)           0.000    53.194    U_timer/timer_cnt_reg[31]_i_427_n_0
    SLICE_X40Y82         CARRY4 (Prop_carry4_CI_CO[3])
                                                      0.114    53.308 r  U_timer/timer_cnt_reg[31]_i_259/CO[3]
                         net (fo=1, routed)           0.000    53.308    U_timer/timer_cnt_reg[31]_i_259_n_0
    SLICE_X40Y83         CARRY4 (Prop_carry4_CI_CO[3])
                                                      0.114    53.422 r  U_timer/timer_cnt_reg[31]_i_248/CO[3]
                         net (fo=1, routed)           0.000    53.422    U_timer/timer_cnt_reg[31]_i_248_n_0
    SLICE_X40Y84         CARRY4 (Prop_carry4_CI_CO[1])
                                                      0.157    53.579 r  U_timer/timer_cnt_reg[31]_i_117/CO[1]
                         net (fo=37, routed)          0.970    54.549    U_timer/freq_div_reg[31]_34[0]
    SLICE_X39Y80         LUT2 (Prop_lut2_I1_O)        0.329    54.878 r  U_timer/timer_cnt[31]_i_1296/O
                         net (fo=1, routed)           0.000    54.878    U_timer/timer_cnt[31]_i_1296_n_0
    SLICE_X39Y80         CARRY4 (Prop_carry4_S[1]_CO[3])
                                                      0.550    55.428 r  U_timer/timer_cnt_reg[31]_i_1189/CO[3]
                         net (fo=1, routed)           0.000    55.428    U_timer/timer_cnt_reg[31]_i_1189_n_0
    SLICE_X39Y81         CARRY4 (Prop_carry4_CI_CO[3])
                                                      0.114    55.542 r  U_timer/timer_cnt_reg[31]_i_1046/CO[3]
                         net (fo=1, routed)           0.000    55.542    U_timer/timer_cnt_reg[31]_i_1046_n_0
    SLICE_X39Y82         CARRY4 (Prop_carry4_CI_CO[3])
                                                      0.114    55.656 r  U_timer/timer_cnt_reg[31]_i_892/CO[3]
                         net (fo=1, routed)           0.000    55.656    U_timer/timer_cnt_reg[31]_i_892_n_0
    SLICE_X39Y83         CARRY4 (Prop_carry4_CI_CO[3])
                                                      0.114    55.770 r  U_timer/timer_cnt_reg[31]_i_738/CO[3]
                         net (fo=1, routed)           0.000    55.770    U_timer/timer_cnt_reg[31]_i_738_n_0
    SLICE_X39Y84         CARRY4 (Prop_carry4_CI_CO[3])
                                                      0.114    55.884 r  U_timer/timer_cnt_reg[31]_i_584/CO[3]
                         net (fo=1, routed)           0.000    55.884    U_timer/timer_cnt_reg[31]_i_584_n_0
    SLICE_X39Y85         CARRY4 (Prop_carry4_CI_CO[3])
                                                      0.114    55.998 r  U_timer/timer_cnt_reg[31]_i_422/CO[3]
                         net (fo=1, routed)           0.000    55.998    U_timer/timer_cnt_reg[31]_i_422_n_0
    SLICE_X39Y86         CARRY4 (Prop_carry4_CI_CO[3])
                                                      0.114    56.112 r  U_timer/timer_cnt_reg[31]_i_254/CO[3]
                         net (fo=1, routed)           0.000    56.112    U_timer/timer_cnt_reg[31]_i_254_n_0
    SLICE_X39Y87         CARRY4 (Prop_carry4_CI_CO[3])
                                                      0.114    56.226 r  U_timer/timer_cnt_reg[31]_i_119/CO[3]
                         net (fo=1, routed)           0.000    56.226    U_timer/timer_cnt_reg[31]_i_119_n_0
    SLICE_X39Y88         CARRY4 (Prop_carry4_CI_CO[1])
                                                      0.157    56.383 r  U_timer/timer_cnt_reg[31]_i_116/CO[1]
                         net (fo=36, routed)          0.796    57.178    U_timer/freq_div_reg[31]_36[0]
    SLICE_X41Y82         LUT2 (Prop_lut2_I1_O)        0.329    57.507 r  U_timer/timer_cnt[31]_i_1292/O
                         net (fo=1, routed)           0.000    57.507    U_timer/timer_cnt[31]_i_1292_n_0
    SLICE_X41Y82         CARRY4 (Prop_carry4_S[1]_CO[3])
                                                      0.550    58.057 r  U_timer/timer_cnt_reg[31]_i_1188/CO[3]
                         net (fo=1, routed)           0.000    58.057    U_timer/timer_cnt_reg[31]_i_1188_n_0
    SLICE_X41Y83         CARRY4 (Prop_carry4_CI_CO[3])
                                                      0.114    58.171 r  U_timer/timer_cnt_reg[31]_i_1045/CO[3]
                         net (fo=1, routed)           0.000    58.171    U_timer/timer_cnt_reg[31]_i_1045_n_0
    SLICE_X41Y84         CARRY4 (Prop_carry4_CI_CO[3])
                                                      0.114    58.285 r  U_timer/timer_cnt_reg[31]_i_891/CO[3]
                         net (fo=1, routed)           0.000    58.285    U_timer/timer_cnt_reg[31]_i_891_n_0
    SLICE_X41Y85         CARRY4 (Prop_carry4_CI_CO[3])
                                                      0.114    58.399 r  U_timer/timer_cnt_reg[31]_i_737/CO[3]
                         net (fo=1, routed)           0.000    58.399    U_timer/timer_cnt_reg[31]_i_737_n_0
    SLICE_X41Y86         CARRY4 (Prop_carry4_CI_CO[3])
                                                      0.114    58.513 r  U_timer/timer_cnt_reg[31]_i_583/CO[3]
                         net (fo=1, routed)           0.000    58.513    U_timer/timer_cnt_reg[31]_i_583_n_0
    SLICE_X41Y87         CARRY4 (Prop_carry4_CI_CO[3])
                                                      0.114    58.627 r  U_timer/timer_cnt_reg[31]_i_421/CO[3]
                         net (fo=1, routed)           0.000    58.627    U_timer/timer_cnt_reg[31]_i_421_n_0
    SLICE_X41Y88         CARRY4 (Prop_carry4_CI_CO[3])
                                                      0.114    58.741 r  U_timer/timer_cnt_reg[31]_i_253/CO[3]
                         net (fo=1, routed)           0.000    58.741    U_timer/timer_cnt_reg[31]_i_253_n_0
    SLICE_X41Y89         CARRY4 (Prop_carry4_CI_CO[3])
                                                      0.114    58.855 r  U_timer/timer_cnt_reg[31]_i_118/CO[3]
                         net (fo=1, routed)           0.000    58.855    U_timer/timer_cnt_reg[31]_i_118_n_0
    SLICE_X41Y90         CARRY4 (Prop_carry4_CI_CO[1])
                                                      0.157    59.012 r  U_timer/timer_cnt_reg[31]_i_51/CO[1]
                         net (fo=37, routed)          1.234    60.246    U_timer/freq_div_reg[31]_38[0]
    SLICE_X48Y79         LUT2 (Prop_lut2_I1_O)        0.329    60.575 r  U_timer/timer_cnt[31]_i_1311/O
                         net (fo=1, routed)           0.000    60.575    U_timer/timer_cnt[31]_i_1311_n_0
    SLICE_X48Y79         CARRY4 (Prop_carry4_S[1]_CO[3])
                                                      0.550    61.125 r  U_timer/timer_cnt_reg[31]_i_1209/CO[3]
                         net (fo=1, routed)           0.000    61.125    U_timer/timer_cnt_reg[31]_i_1209_n_0
    SLICE_X48Y80         CARRY4 (Prop_carry4_CI_CO[3])
                                                      0.114    61.239 r  U_timer/timer_cnt_reg[31]_i_1066/CO[3]
                         net (fo=1, routed)           0.000    61.239    U_timer/timer_cnt_reg[31]_i_1066_n_0
    SLICE_X48Y81         CARRY4 (Prop_carry4_CI_CO[3])
                                                      0.114    61.353 r  U_timer/timer_cnt_reg[31]_i_912/CO[3]
                         net (fo=1, routed)           0.000    61.353    U_timer/timer_cnt_reg[31]_i_912_n_0
    SLICE_X48Y82         CARRY4 (Prop_carry4_CI_CO[3])
                                                      0.114    61.467 r  U_timer/timer_cnt_reg[31]_i_758/CO[3]
                         net (fo=1, routed)           0.000    61.467    U_timer/timer_cnt_reg[31]_i_758_n_0
    SLICE_X48Y83         CARRY4 (Prop_carry4_CI_CO[3])
                                                      0.114    61.581 r  U_timer/timer_cnt_reg[31]_i_604/CO[3]
                         net (fo=1, routed)           0.000    61.581    U_timer/timer_cnt_reg[31]_i_604_n_0
    SLICE_X48Y84         CARRY4 (Prop_carry4_CI_CO[3])
                                                      0.114    61.695 r  U_timer/timer_cnt_reg[31]_i_446/CO[3]
                         net (fo=1, routed)           0.000    61.695    U_timer/timer_cnt_reg[31]_i_446_n_0
    SLICE_X48Y85         CARRY4 (Prop_carry4_CI_CO[3])
                                                      0.114    61.809 r  U_timer/timer_cnt_reg[31]_i_275/CO[3]
                         net (fo=1, routed)           0.000    61.809    U_timer/timer_cnt_reg[31]_i_275_n_0
    SLICE_X48Y86         CARRY4 (Prop_carry4_CI_CO[3])
                                                      0.114    61.923 r  U_timer/timer_cnt_reg[31]_i_264/CO[3]
                         net (fo=1, routed)           0.000    61.923    U_timer/timer_cnt_reg[31]_i_264_n_0
    SLICE_X48Y87         CARRY4 (Prop_carry4_CI_CO[1])
                                                      0.157    62.080 r  U_timer/timer_cnt_reg[31]_i_123/CO[1]
                         net (fo=37, routed)          0.957    63.037    U_timer/freq_div_reg[31]_40[0]
    SLICE_X47Y82         LUT2 (Prop_lut2_I1_O)        0.329    63.366 r  U_timer/timer_cnt[31]_i_1307/O
                         net (fo=1, routed)           0.000    63.366    U_timer/timer_cnt[31]_i_1307_n_0
    SLICE_X47Y82         CARRY4 (Prop_carry4_S[1]_CO[3])
                                                      0.550    63.916 r  U_timer/timer_cnt_reg[31]_i_1204/CO[3]
                         net (fo=1, routed)           0.000    63.916    U_timer/timer_cnt_reg[31]_i_1204_n_0
    SLICE_X47Y83         CARRY4 (Prop_carry4_CI_CO[3])
                                                      0.114    64.030 r  U_timer/timer_cnt_reg[31]_i_1061/CO[3]
                         net (fo=1, routed)           0.000    64.030    U_timer/timer_cnt_reg[31]_i_1061_n_0
    SLICE_X47Y84         CARRY4 (Prop_carry4_CI_CO[3])
                                                      0.114    64.144 r  U_timer/timer_cnt_reg[31]_i_907/CO[3]
                         net (fo=1, routed)           0.000    64.144    U_timer/timer_cnt_reg[31]_i_907_n_0
    SLICE_X47Y85         CARRY4 (Prop_carry4_CI_CO[3])
                                                      0.114    64.258 r  U_timer/timer_cnt_reg[31]_i_753/CO[3]
                         net (fo=1, routed)           0.000    64.258    U_timer/timer_cnt_reg[31]_i_753_n_0
    SLICE_X47Y86         CARRY4 (Prop_carry4_CI_CO[3])
                                                      0.114    64.372 r  U_timer/timer_cnt_reg[31]_i_599/CO[3]
                         net (fo=1, routed)           0.000    64.372    U_timer/timer_cnt_reg[31]_i_599_n_0
    SLICE_X47Y87         CARRY4 (Prop_carry4_CI_CO[3])
                                                      0.114    64.486 r  U_timer/timer_cnt_reg[31]_i_441/CO[3]
                         net (fo=1, routed)           0.000    64.486    U_timer/timer_cnt_reg[31]_i_441_n_0
    SLICE_X47Y88         CARRY4 (Prop_carry4_CI_CO[3])
                                                      0.114    64.600 r  U_timer/timer_cnt_reg[31]_i_270/CO[3]
                         net (fo=1, routed)           0.000    64.600    U_timer/timer_cnt_reg[31]_i_270_n_0
    SLICE_X47Y89         CARRY4 (Prop_carry4_CI_CO[3])
                                                      0.114    64.714 r  U_timer/timer_cnt_reg[31]_i_125/CO[3]
                         net (fo=1, routed)           0.000    64.714    U_timer/timer_cnt_reg[31]_i_125_n_0
    SLICE_X47Y90         CARRY4 (Prop_carry4_CI_CO[1])
                                                      0.157    64.871 r  U_timer/timer_cnt_reg[31]_i_122/CO[1]
                         net (fo=37, routed)          1.030    65.901    U_timer/freq_div_reg[31]_42[0]
    SLICE_X50Y83         LUT2 (Prop_lut2_I1_O)        0.329    66.230 r  U_timer/timer_cnt[31]_i_1303/O
                         net (fo=1, routed)           0.000    66.230    U_timer/timer_cnt[31]_i_1303_n_0
    SLICE_X50Y83         CARRY4 (Prop_carry4_S[1]_CO[3])
                                                      0.533    66.763 r  U_timer/timer_cnt_reg[31]_i_1203/CO[3]
                         net (fo=1, routed)           0.000    66.763    U_timer/timer_cnt_reg[31]_i_1203_n_0
    SLICE_X50Y84         CARRY4 (Prop_carry4_CI_CO[3])
                                                      0.117    66.880 r  U_timer/timer_cnt_reg[31]_i_1060/CO[3]
                         net (fo=1, routed)           0.000    66.880    U_timer/timer_cnt_reg[31]_i_1060_n_0
    SLICE_X50Y85         CARRY4 (Prop_carry4_CI_CO[3])
                                                      0.117    66.997 r  U_timer/timer_cnt_reg[31]_i_906/CO[3]
                         net (fo=1, routed)           0.000    66.997    U_timer/timer_cnt_reg[31]_i_906_n_0
    SLICE_X50Y86         CARRY4 (Prop_carry4_CI_CO[3])
                                                      0.117    67.114 r  U_timer/timer_cnt_reg[31]_i_752/CO[3]
                         net (fo=1, routed)           0.000    67.114    U_timer/timer_cnt_reg[31]_i_752_n_0
    SLICE_X50Y87         CARRY4 (Prop_carry4_CI_CO[3])
                                                      0.117    67.231 r  U_timer/timer_cnt_reg[31]_i_598/CO[3]
                         net (fo=1, routed)           0.000    67.231    U_timer/timer_cnt_reg[31]_i_598_n_0
    SLICE_X50Y88         CARRY4 (Prop_carry4_CI_CO[3])
                                                      0.117    67.348 r  U_timer/timer_cnt_reg[31]_i_440/CO[3]
                         net (fo=1, routed)           0.000    67.348    U_timer/timer_cnt_reg[31]_i_440_n_0
    SLICE_X50Y89         CARRY4 (Prop_carry4_CI_CO[3])
                                                      0.117    67.465 r  U_timer/timer_cnt_reg[31]_i_269/CO[3]
                         net (fo=1, routed)           0.000    67.465    U_timer/timer_cnt_reg[31]_i_269_n_0
    SLICE_X50Y90         CARRY4 (Prop_carry4_CI_CO[3])
                                                      0.117    67.582 r  U_timer/timer_cnt_reg[31]_i_124/CO[3]
                         net (fo=1, routed)           0.000    67.582    U_timer/timer_cnt_reg[31]_i_124_n_0
    SLICE_X50Y91         CARRY4 (Prop_carry4_CI_CO[1])
                                                      0.157    67.739 r  U_timer/timer_cnt_reg[31]_i_53/CO[1]
                         net (fo=37, routed)          0.905    68.644    U_timer/freq_div_reg[31]_44[0]
    SLICE_X49Y87         LUT2 (Prop_lut2_I1_O)        0.332    68.976 r  U_timer/timer_cnt[31]_i_1323/O
                         net (fo=1, routed)           0.000    68.976    U_timer/timer_cnt[31]_i_1323_n_0
    SLICE_X49Y87         CARRY4 (Prop_carry4_S[1]_CO[3])
                                                      0.550    69.526 r  U_timer/timer_cnt_reg[31]_i_1224/CO[3]
                         net (fo=1, routed)           0.000    69.526    U_timer/timer_cnt_reg[31]_i_1224_n_0
    SLICE_X49Y88         CARRY4 (Prop_carry4_CI_CO[3])
                                                      0.114    69.640 r  U_timer/timer_cnt_reg[31]_i_1081/CO[3]
                         net (fo=1, routed)           0.000    69.640    U_timer/timer_cnt_reg[31]_i_1081_n_0
    SLICE_X49Y89         CARRY4 (Prop_carry4_CI_CO[3])
                                                      0.114    69.754 r  U_timer/timer_cnt_reg[31]_i_927/CO[3]
                         net (fo=1, routed)           0.000    69.754    U_timer/timer_cnt_reg[31]_i_927_n_0
    SLICE_X49Y90         CARRY4 (Prop_carry4_CI_CO[3])
                                                      0.114    69.868 r  U_timer/timer_cnt_reg[31]_i_773/CO[3]
                         net (fo=1, routed)           0.000    69.868    U_timer/timer_cnt_reg[31]_i_773_n_0
    SLICE_X49Y91         CARRY4 (Prop_carry4_CI_CO[3])
                                                      0.114    69.982 r  U_timer/timer_cnt_reg[31]_i_619/CO[3]
                         net (fo=1, routed)           0.000    69.982    U_timer/timer_cnt_reg[31]_i_619_n_0
    SLICE_X49Y92         CARRY4 (Prop_carry4_CI_CO[3])
                                                      0.114    70.096 r  U_timer/timer_cnt_reg[31]_i_465/CO[3]
                         net (fo=1, routed)           0.000    70.096    U_timer/timer_cnt_reg[31]_i_465_n_0
    SLICE_X49Y93         CARRY4 (Prop_carry4_CI_CO[3])
                                                      0.114    70.210 r  U_timer/timer_cnt_reg[31]_i_291/CO[3]
                         net (fo=1, routed)           0.000    70.210    U_timer/timer_cnt_reg[31]_i_291_n_0
    SLICE_X49Y94         CARRY4 (Prop_carry4_CI_CO[3])
                                                      0.114    70.324 r  U_timer/timer_cnt_reg[31]_i_280/CO[3]
                         net (fo=1, routed)           0.000    70.324    U_timer/timer_cnt_reg[31]_i_280_n_0
    SLICE_X49Y95         CARRY4 (Prop_carry4_CI_CO[1])
                                                      0.157    70.481 r  U_timer/timer_cnt_reg[31]_i_129/CO[1]
                         net (fo=37, routed)          0.917    71.398    U_timer/freq_div_reg[31]_46[0]
    SLICE_X48Y88         LUT2 (Prop_lut2_I1_O)        0.329    71.727 r  U_timer/timer_cnt[31]_i_1319/O
                         net (fo=1, routed)           0.000    71.727    U_timer/timer_cnt[31]_i_1319_n_0
    SLICE_X48Y88         CARRY4 (Prop_carry4_S[1]_CO[3])
                                                      0.550    72.277 r  U_timer/timer_cnt_reg[31]_i_1219/CO[3]
                         net (fo=1, routed)           0.000    72.277    U_timer/timer_cnt_reg[31]_i_1219_n_0
    SLICE_X48Y89         CARRY4 (Prop_carry4_CI_CO[3])
                                                      0.114    72.391 r  U_timer/timer_cnt_reg[31]_i_1076/CO[3]
                         net (fo=1, routed)           0.000    72.391    U_timer/timer_cnt_reg[31]_i_1076_n_0
    SLICE_X48Y90         CARRY4 (Prop_carry4_CI_CO[3])
                                                      0.114    72.505 r  U_timer/timer_cnt_reg[31]_i_922/CO[3]
                         net (fo=1, routed)           0.000    72.505    U_timer/timer_cnt_reg[31]_i_922_n_0
    SLICE_X48Y91         CARRY4 (Prop_carry4_CI_CO[3])
                                                      0.114    72.619 r  U_timer/timer_cnt_reg[31]_i_768/CO[3]
                         net (fo=1, routed)           0.000    72.619    U_timer/timer_cnt_reg[31]_i_768_n_0
    SLICE_X48Y92         CARRY4 (Prop_carry4_CI_CO[3])
                                                      0.114    72.733 r  U_timer/timer_cnt_reg[31]_i_614/CO[3]
                         net (fo=1, routed)           0.000    72.733    U_timer/timer_cnt_reg[31]_i_614_n_0
    SLICE_X48Y93         CARRY4 (Prop_carry4_CI_CO[3])
                                                      0.114    72.847 r  U_timer/timer_cnt_reg[31]_i_460/CO[3]
                         net (fo=1, routed)           0.000    72.847    U_timer/timer_cnt_reg[31]_i_460_n_0
    SLICE_X48Y94         CARRY4 (Prop_carry4_CI_CO[3])
                                                      0.114    72.961 r  U_timer/timer_cnt_reg[31]_i_286/CO[3]
                         net (fo=1, routed)           0.000    72.961    U_timer/timer_cnt_reg[31]_i_286_n_0
    SLICE_X48Y95         CARRY4 (Prop_carry4_CI_CO[3])
                                                      0.114    73.075 r  U_timer/timer_cnt_reg[31]_i_131/CO[3]
                         net (fo=1, routed)           0.000    73.075    U_timer/timer_cnt_reg[31]_i_131_n_0
    SLICE_X48Y96         CARRY4 (Prop_carry4_CI_CO[1])
                                                      0.157    73.232 r  U_timer/timer_cnt_reg[31]_i_128/CO[1]
                         net (fo=37, routed)          1.103    74.336    U_timer/freq_div_reg[31]_48[0]
    SLICE_X46Y85         LUT2 (Prop_lut2_I1_O)        0.329    74.665 r  U_timer/timer_cnt[31]_i_1315/O
                         net (fo=1, routed)           0.000    74.665    U_timer/timer_cnt[31]_i_1315_n_0
    SLICE_X46Y85         CARRY4 (Prop_carry4_S[1]_CO[3])
                                                      0.533    75.198 r  U_timer/timer_cnt_reg[31]_i_1218/CO[3]
                         net (fo=1, routed)           0.000    75.198    U_timer/timer_cnt_reg[31]_i_1218_n_0
    SLICE_X46Y86         CARRY4 (Prop_carry4_CI_CO[3])
                                                      0.117    75.315 r  U_timer/timer_cnt_reg[31]_i_1075/CO[3]
                         net (fo=1, routed)           0.000    75.315    U_timer/timer_cnt_reg[31]_i_1075_n_0
    SLICE_X46Y87         CARRY4 (Prop_carry4_CI_CO[3])
                                                      0.117    75.432 r  U_timer/timer_cnt_reg[31]_i_921/CO[3]
                         net (fo=1, routed)           0.000    75.432    U_timer/timer_cnt_reg[31]_i_921_n_0
    SLICE_X46Y88         CARRY4 (Prop_carry4_CI_CO[3])
                                                      0.117    75.549 r  U_timer/timer_cnt_reg[31]_i_767/CO[3]
                         net (fo=1, routed)           0.000    75.549    U_timer/timer_cnt_reg[31]_i_767_n_0
    SLICE_X46Y89         CARRY4 (Prop_carry4_CI_CO[3])
                                                      0.117    75.666 r  U_timer/timer_cnt_reg[31]_i_613/CO[3]
                         net (fo=1, routed)           0.000    75.666    U_timer/timer_cnt_reg[31]_i_613_n_0
    SLICE_X46Y90         CARRY4 (Prop_carry4_CI_CO[3])
                                                      0.117    75.783 r  U_timer/timer_cnt_reg[31]_i_459/CO[3]
                         net (fo=1, routed)           0.000    75.783    U_timer/timer_cnt_reg[31]_i_459_n_0
    SLICE_X46Y91         CARRY4 (Prop_carry4_CI_CO[3])
                                                      0.117    75.900 r  U_timer/timer_cnt_reg[31]_i_285/CO[3]
                         net (fo=1, routed)           0.000    75.900    U_timer/timer_cnt_reg[31]_i_285_n_0
    SLICE_X46Y92         CARRY4 (Prop_carry4_CI_CO[3])
                                                      0.117    76.017 r  U_timer/timer_cnt_reg[31]_i_130/CO[3]
                         net (fo=1, routed)           0.000    76.017    U_timer/timer_cnt_reg[31]_i_130_n_0
    SLICE_X46Y93         CARRY4 (Prop_carry4_CI_CO[1])
                                                      0.157    76.174 r  U_timer/timer_cnt_reg[31]_i_55/CO[1]
                         net (fo=37, routed)          1.066    77.240    U_timer/freq_div_reg[31]_50[0]
    SLICE_X45Y85         LUT2 (Prop_lut2_I1_O)        0.332    77.572 r  U_timer/timer_cnt[31]_i_1346/O
                         net (fo=1, routed)           0.000    77.572    U_timer/timer_cnt[31]_i_1346_n_0
    SLICE_X45Y85         CARRY4 (Prop_carry4_S[1]_CO[3])
                                                      0.550    78.122 r  U_timer/timer_cnt_reg[31]_i_1325/CO[3]
                         net (fo=1, routed)           0.000    78.122    U_timer/timer_cnt_reg[31]_i_1325_n_0
    SLICE_X45Y86         CARRY4 (Prop_carry4_CI_CO[3])
                                                      0.114    78.236 r  U_timer/timer_cnt_reg[31]_i_1234/CO[3]
                         net (fo=1, routed)           0.000    78.236    U_timer/timer_cnt_reg[31]_i_1234_n_0
    SLICE_X45Y87         CARRY4 (Prop_carry4_CI_CO[3])
                                                      0.114    78.350 r  U_timer/timer_cnt_reg[31]_i_1091/CO[3]
                         net (fo=1, routed)           0.000    78.350    U_timer/timer_cnt_reg[31]_i_1091_n_0
    SLICE_X45Y88         CARRY4 (Prop_carry4_CI_CO[3])
                                                      0.114    78.464 r  U_timer/timer_cnt_reg[31]_i_937/CO[3]
                         net (fo=1, routed)           0.000    78.464    U_timer/timer_cnt_reg[31]_i_937_n_0
    SLICE_X45Y89         CARRY4 (Prop_carry4_CI_CO[3])
                                                      0.114    78.578 r  U_timer/timer_cnt_reg[31]_i_783/CO[3]
                         net (fo=1, routed)           0.000    78.578    U_timer/timer_cnt_reg[31]_i_783_n_0
    SLICE_X45Y90         CARRY4 (Prop_carry4_CI_CO[3])
                                                      0.114    78.692 r  U_timer/timer_cnt_reg[31]_i_629/CO[3]
                         net (fo=1, routed)           0.000    78.692    U_timer/timer_cnt_reg[31]_i_629_n_0
    SLICE_X45Y91         CARRY4 (Prop_carry4_CI_CO[3])
                                                      0.114    78.806 r  U_timer/timer_cnt_reg[31]_i_475/CO[3]
                         net (fo=1, routed)           0.000    78.806    U_timer/timer_cnt_reg[31]_i_475_n_0
    SLICE_X45Y92         CARRY4 (Prop_carry4_CI_CO[3])
                                                      0.114    78.920 r  U_timer/timer_cnt_reg[31]_i_297/CO[3]
                         net (fo=1, routed)           0.000    78.920    U_timer/timer_cnt_reg[31]_i_297_n_0
    SLICE_X45Y93         CARRY4 (Prop_carry4_CI_CO[1])
                                                      0.157    79.077 r  U_timer/timer_cnt_reg[31]_i_135/CO[1]
                         net (fo=37, routed)          0.917    79.994    U_timer/freq_div_reg[31]_52[0]
    SLICE_X44Y86         LUT2 (Prop_lut2_I1_O)        0.329    80.323 r  U_timer/timer_cnt[31]_i_1342/O
                         net (fo=1, routed)           0.000    80.323    U_timer/timer_cnt[31]_i_1342_n_0
    SLICE_X44Y86         CARRY4 (Prop_carry4_S[1]_CO[3])
                                                      0.550    80.873 r  U_timer/timer_cnt_reg[31]_i_1324/CO[3]
                         net (fo=1, routed)           0.000    80.873    U_timer/timer_cnt_reg[31]_i_1324_n_0
    SLICE_X44Y87         CARRY4 (Prop_carry4_CI_CO[3])
                                                      0.114    80.987 r  U_timer/timer_cnt_reg[31]_i_1233/CO[3]
                         net (fo=1, routed)           0.000    80.987    U_timer/timer_cnt_reg[31]_i_1233_n_0
    SLICE_X44Y88         CARRY4 (Prop_carry4_CI_CO[3])
                                                      0.114    81.101 r  U_timer/timer_cnt_reg[31]_i_1090/CO[3]
                         net (fo=1, routed)           0.000    81.101    U_timer/timer_cnt_reg[31]_i_1090_n_0
    SLICE_X44Y89         CARRY4 (Prop_carry4_CI_CO[3])
                                                      0.114    81.215 r  U_timer/timer_cnt_reg[31]_i_936/CO[3]
                         net (fo=1, routed)           0.000    81.215    U_timer/timer_cnt_reg[31]_i_936_n_0
    SLICE_X44Y90         CARRY4 (Prop_carry4_CI_CO[3])
                                                      0.114    81.329 r  U_timer/timer_cnt_reg[31]_i_782/CO[3]
                         net (fo=1, routed)           0.000    81.329    U_timer/timer_cnt_reg[31]_i_782_n_0
    SLICE_X44Y91         CARRY4 (Prop_carry4_CI_CO[3])
                                                      0.114    81.443 r  U_timer/timer_cnt_reg[31]_i_628/CO[3]
                         net (fo=1, routed)           0.000    81.443    U_timer/timer_cnt_reg[31]_i_628_n_0
    SLICE_X44Y92         CARRY4 (Prop_carry4_CI_CO[3])
                                                      0.114    81.557 r  U_timer/timer_cnt_reg[31]_i_474/CO[3]
                         net (fo=1, routed)           0.000    81.557    U_timer/timer_cnt_reg[31]_i_474_n_0
    SLICE_X44Y93         CARRY4 (Prop_carry4_CI_CO[3])
                                                      0.114    81.671 r  U_timer/timer_cnt_reg[31]_i_296/CO[3]
                         net (fo=1, routed)           0.000    81.671    U_timer/timer_cnt_reg[31]_i_296_n_0
    SLICE_X44Y94         CARRY4 (Prop_carry4_CI_CO[1])
                                                      0.157    81.828 r  U_timer/timer_cnt_reg[31]_i_134/CO[1]
                         net (fo=37, routed)          1.042    82.869    U_timer/freq_div_reg[31]_54[0]
    SLICE_X43Y86         LUT2 (Prop_lut2_I1_O)        0.329    83.198 r  U_timer/timer_cnt[31]_i_1338/O
                         net (fo=1, routed)           0.000    83.198    U_timer/timer_cnt[31]_i_1338_n_0
    SLICE_X43Y86         CARRY4 (Prop_carry4_S[0]_CO[3])
                                                      0.532    83.730 r  U_timer/timer_cnt_reg[31]_i_1243/CO[3]
                         net (fo=1, routed)           0.000    83.730    U_timer/timer_cnt_reg[31]_i_1243_n_0
    SLICE_X43Y87         CARRY4 (Prop_carry4_CI_CO[3])
                                                      0.114    83.844 r  U_timer/timer_cnt_reg[31]_i_1100/CO[3]
                         net (fo=1, routed)           0.000    83.844    U_timer/timer_cnt_reg[31]_i_1100_n_0
    SLICE_X43Y88         CARRY4 (Prop_carry4_CI_CO[3])
                                                      0.114    83.958 r  U_timer/timer_cnt_reg[31]_i_946/CO[3]
                         net (fo=1, routed)           0.000    83.958    U_timer/timer_cnt_reg[31]_i_946_n_0
    SLICE_X43Y89         CARRY4 (Prop_carry4_CI_CO[3])
                                                      0.114    84.072 r  U_timer/timer_cnt_reg[31]_i_792/CO[3]
                         net (fo=1, routed)           0.000    84.072    U_timer/timer_cnt_reg[31]_i_792_n_0
    SLICE_X43Y90         CARRY4 (Prop_carry4_CI_CO[3])
                                                      0.114    84.186 r  U_timer/timer_cnt_reg[31]_i_638/CO[3]
                         net (fo=1, routed)           0.000    84.186    U_timer/timer_cnt_reg[31]_i_638_n_0
    SLICE_X43Y91         CARRY4 (Prop_carry4_CI_CO[3])
                                                      0.114    84.300 r  U_timer/timer_cnt_reg[31]_i_484/CO[3]
                         net (fo=1, routed)           0.000    84.300    U_timer/timer_cnt_reg[31]_i_484_n_0
    SLICE_X43Y92         CARRY4 (Prop_carry4_CI_CO[3])
                                                      0.114    84.414 r  U_timer/timer_cnt_reg[31]_i_302/CO[3]
                         net (fo=1, routed)           0.000    84.414    U_timer/timer_cnt_reg[31]_i_302_n_0
    SLICE_X43Y93         CARRY4 (Prop_carry4_CI_CO[3])
                                                      0.114    84.528 r  U_timer/timer_cnt_reg[31]_i_136/CO[3]
                         net (fo=1, routed)           0.000    84.528    U_timer/timer_cnt_reg[31]_i_136_n_0
    SLICE_X43Y94         CARRY4 (Prop_carry4_CI_CO[0])
                                                      0.271    84.799 r  U_timer/timer_cnt_reg[31]_i_57/CO[0]
                         net (fo=1, routed)           0.307    85.106    U_timer/timer_cnt_reg[31]_i_57_n_3
    SLICE_X45Y95         LUT4 (Prop_lut4_I3_O)        0.373    85.479 r  U_timer/timer_cnt[31]_i_25/O
                         net (fo=1, routed)           0.000    85.479    U_timer/timer_cnt[31]_i_25_n_0
    SLICE_X45Y95         CARRY4 (Prop_carry4_S[0]_CO[3])
                                                      0.532    86.011 r  U_timer/timer_cnt_reg[31]_i_12/CO[3]
                         net (fo=1, routed)           0.000    86.011    U_timer/timer_cnt_reg[31]_i_12_n_0
    SLICE_X45Y96         CARRY4 (Prop_carry4_CI_CO[3])
                                                      0.114    86.125 r  U_timer/timer_cnt_reg[31]_i_8/CO[3]
                         net (fo=1, routed)           0.000    86.125    U_timer/timer_cnt_reg[31]_i_8_n_0
    SLICE_X45Y97         CARRY4 (Prop_carry4_CI_CO[2])
                                                      0.228    86.353 f  U_timer/timer_cnt_reg[31]_i_3/CO[2]
                         net (fo=34, routed)          0.859    87.213    U_timer/cnt_reg[31]_0[0]
    SLICE_X47Y92         LUT2 (Prop_lut2_I1_O)        0.313    87.526 r  U_timer/cnt[0]_i_6/O
                         net (fo=1, routed)           0.000    87.526    U_timer/cnt[0]_i_6_n_0
    SLICE_X47Y92         CARRY4 (Prop_carry4_S[1]_CO[3])
                                                      0.550    88.076 r  U_timer/cnt_reg[0]_i_2/CO[3]
                         net (fo=1, routed)           0.000    88.076    U_timer/cnt_reg[0]_i_2_n_0
    SLICE_X47Y93         CARRY4 (Prop_carry4_CI_CO[3])
                                                      0.114    88.190 r  U_timer/cnt_reg[4]_i_1/CO[3]
                         net (fo=1, routed)           0.000    88.190    U_timer/cnt_reg[4]_i_1_n_0
    SLICE_X47Y94         CARRY4 (Prop_carry4_CI_CO[3])
                                                      0.114    88.304 r  U_timer/cnt_reg[8]_i_1/CO[3]
                         net (fo=1, routed)           0.000    88.304    U_timer/cnt_reg[8]_i_1_n_0
    SLICE_X47Y95         CARRY4 (Prop_carry4_CI_CO[3])
                                                      0.114    88.418 r  U_timer/cnt_reg[12]_i_1/CO[3]
                         net (fo=1, routed)           0.000    88.418    U_timer/cnt_reg[12]_i_1_n_0
    SLICE_X47Y96         CARRY4 (Prop_carry4_CI_CO[3])
                                                      0.114    88.532 r  U_timer/cnt_reg[16]_i_1/CO[3]
                         net (fo=1, routed)           0.000    88.532    U_timer/cnt_reg[16]_i_1_n_0
    SLICE_X47Y97         CARRY4 (Prop_carry4_CI_CO[3])
                                                      0.114    88.646 r  U_timer/cnt_reg[20]_i_1/CO[3]
                         net (fo=1, routed)           0.000    88.646    U_timer/cnt_reg[20]_i_1_n_0
    SLICE_X47Y98         CARRY4 (Prop_carry4_CI_O[1])
                                                      0.334    88.980 r  U_timer/cnt_reg[24]_i_1/O[1]
                         net (fo=1, routed)           0.000    88.980    U_timer/cnt_reg[24]_i_1_n_6
    SLICE_X47Y98         FDCE                                         r  U_timer/cnt_reg[25]/D
  -------------------------------------------------------------------    -------------------

                         (clock clk_out1_cpuclk rise edge)
                                                     40.000    40.000 r  
    Y18                                               0.000    40.000 r  fpga_clk (IN)
                         net (fo=0)                   0.000    40.000    Clkgen/inst/clk_in1
    Y18                  IBUF (Prop_ibuf_I_O)         1.474    41.474 r  Clkgen/inst/clkin1_ibufg/O
                         net (fo=1, routed)           1.181    42.655    Clkgen/inst/clk_in1_cpuclk
    PLLE2_ADV_X0Y1       PLLE2_ADV (Prop_plle2_adv_CLKIN1_CLKOUT0)
                                                     -7.855    34.800 r  Clkgen/inst/plle2_adv_inst/CLKOUT0
                         net (fo=1, routed)           1.625    36.425    Clkgen/inst/clk_out1_cpuclk
    BUFGCTRL_X0Y2        BUFG (Prop_bufg_I_O)         0.091    36.516 r  Clkgen/inst/clkout1_buf/O
                         net (fo=1, routed)           1.895    38.411    pll_clk
    SLICE_X52Y96         LUT2 (Prop_lut2_I0_O)        0.100    38.511 r  cpu_clk_BUFG_inst_i_1/O
                         net (fo=1, routed)           0.511    39.023    cpu_clk
    BUFGCTRL_X0Y0        BUFG (Prop_bufg_I_O)         0.091    39.114 r  cpu_clk_BUFG_inst/O
                         net (fo=8506, routed)        1.511    40.625    U_timer/cpu_clk_BUFG
    SLICE_X47Y98         FDCE                                         r  U_timer/cnt_reg[25]/C
                         clock pessimism             -0.195    40.431    
                         clock uncertainty           -0.180    40.251    
    SLICE_X47Y98         FDCE (Setup_fdce_C_D)        0.062    40.313    U_timer/cnt_reg[25]
  -------------------------------------------------------------------
                         required time                         40.313    
                         arrival time                         -88.980    
  -------------------------------------------------------------------
                         slack                                -48.667    

Slack (VIOLATED) :        -48.646ns  (required time - arrival time)
  Source:                 U_timer/freq_div_reg[1]/C
                            (rising edge-triggered cell FDCE clocked by clk_out1_cpuclk  {rise@0.000ns fall@20.000ns period=40.000ns})
  Destination:            U_timer/cnt_reg[27]/D
                            (rising edge-triggered cell FDCE clocked by clk_out1_cpuclk  {rise@0.000ns fall@20.000ns period=40.000ns})
  Path Group:             clk_out1_cpuclk
  Path Type:              Setup (Max at Slow Process Corner)
  Requirement:            40.000ns  (clk_out1_cpuclk rise@40.000ns - clk_out1_cpuclk rise@0.000ns)
  Data Path Delay:        88.429ns  (logic 58.290ns (65.917%)  route 30.139ns (34.083%))
  Logic Levels:           309  (CARRY4=279 LUT1=1 LUT2=27 LUT3=1 LUT4=1)
  Clock Path Skew:        -0.099ns (DCD - SCD + CPR)
    Destination Clock Delay (DCD):    0.625ns = ( 40.625 - 40.000 ) 
    Source Clock Delay      (SCD):    0.530ns
    Clock Pessimism Removal (CPR):    -0.195ns
  Clock Uncertainty:      0.180ns  ((TSJ^2 + DJ^2)^1/2) / 2 + PE
    Total System Jitter     (TSJ):    0.071ns
    Discrete Jitter          (DJ):    0.352ns
    Phase Error              (PE):    0.000ns

    Location             Delay type                Incr(ns)  Path(ns)    Netlist Resource(s)
  -------------------------------------------------------------------    -------------------
                         (clock clk_out1_cpuclk rise edge)
                                                      0.000     0.000 r  
    Y18                                               0.000     0.000 r  fpga_clk (IN)
                         net (fo=0)                   0.000     0.000    Clkgen/inst/clk_in1
    Y18                  IBUF (Prop_ibuf_I_O)         1.545     1.545 r  Clkgen/inst/clkin1_ibufg/O
                         net (fo=1, routed)           1.253     2.798    Clkgen/inst/clk_in1_cpuclk
    PLLE2_ADV_X0Y1       PLLE2_ADV (Prop_plle2_adv_CLKIN1_CLKOUT0)
                                                     -8.590    -5.792 r  Clkgen/inst/plle2_adv_inst/CLKOUT0
                         net (fo=1, routed)           1.704    -4.087    Clkgen/inst/clk_out1_cpuclk
    BUFGCTRL_X0Y2        BUFG (Prop_bufg_I_O)         0.096    -3.991 r  Clkgen/inst/clkout1_buf/O
                         net (fo=1, routed)           2.115    -1.876    pll_clk
    SLICE_X52Y96         LUT2 (Prop_lut2_I0_O)        0.124    -1.752 r  cpu_clk_BUFG_inst_i_1/O
                         net (fo=1, routed)           0.567    -1.185    cpu_clk
    BUFGCTRL_X0Y0        BUFG (Prop_bufg_I_O)         0.096    -1.089 r  cpu_clk_BUFG_inst/O
                         net (fo=8506, routed)        1.618     0.530    U_timer/cpu_clk_BUFG
    SLICE_X55Y63         FDCE                                         r  U_timer/freq_div_reg[1]/C
  -------------------------------------------------------------------    -------------------
    SLICE_X55Y63         FDCE (Prop_fdce_C_Q)         0.456     0.986 f  U_timer/freq_div_reg[1]/Q
                         net (fo=32, routed)          0.449     1.435    U_timer/freq_div_reg_n_0_[1]
    SLICE_X53Y63         LUT1 (Prop_lut1_I0_O)        0.124     1.559 r  U_timer/timer_cnt[31]_i_1177/O
                         net (fo=1, routed)           0.000     1.559    U_timer/timer_cnt[31]_i_1177_n_0
    SLICE_X53Y63         CARRY4 (Prop_carry4_S[1]_CO[3])
                                                      0.550     2.109 r  U_timer/timer_cnt_reg[31]_i_1017/CO[3]
                         net (fo=1, routed)           0.000     2.109    U_timer/timer_cnt_reg[31]_i_1017_n_0
    SLICE_X53Y64         CARRY4 (Prop_carry4_CI_CO[3])
                                                      0.114     2.223 r  U_timer/timer_cnt_reg[31]_i_863/CO[3]
                         net (fo=1, routed)           0.000     2.223    U_timer/timer_cnt_reg[31]_i_863_n_0
    SLICE_X53Y65         CARRY4 (Prop_carry4_CI_CO[3])
                                                      0.114     2.337 r  U_timer/timer_cnt_reg[31]_i_709/CO[3]
                         net (fo=1, routed)           0.000     2.337    U_timer/timer_cnt_reg[31]_i_709_n_0
    SLICE_X53Y66         CARRY4 (Prop_carry4_CI_CO[3])
                                                      0.114     2.451 r  U_timer/timer_cnt_reg[31]_i_555/CO[3]
                         net (fo=1, routed)           0.000     2.451    U_timer/timer_cnt_reg[31]_i_555_n_0
    SLICE_X53Y67         CARRY4 (Prop_carry4_CI_CO[3])
                                                      0.114     2.565 r  U_timer/timer_cnt_reg[31]_i_389/CO[3]
                         net (fo=1, routed)           0.000     2.565    U_timer/timer_cnt_reg[31]_i_389_n_0
    SLICE_X53Y68         CARRY4 (Prop_carry4_CI_CO[3])
                                                      0.114     2.679 r  U_timer/timer_cnt_reg[31]_i_216/CO[3]
                         net (fo=1, routed)           0.000     2.679    U_timer/timer_cnt_reg[31]_i_216_n_0
    SLICE_X53Y69         CARRY4 (Prop_carry4_CI_CO[3])
                                                      0.114     2.793 r  U_timer/timer_cnt_reg[31]_i_95/CO[3]
                         net (fo=1, routed)           0.000     2.793    U_timer/timer_cnt_reg[31]_i_95_n_0
    SLICE_X53Y70         CARRY4 (Prop_carry4_CI_CO[3])
                                                      0.114     2.907 r  U_timer/timer_cnt_reg[31]_i_82/CO[3]
                         net (fo=1, routed)           0.000     2.907    U_timer/timer_cnt_reg[31]_i_82_n_0
    SLICE_X53Y71         CARRY4 (Prop_carry4_CI_CO[0])
                                                      0.271     3.178 r  U_timer/timer_cnt_reg[31]_i_35/CO[0]
                         net (fo=36, routed)          0.951     4.129    U_timer/CO[0]
    SLICE_X54Y67         CARRY4 (Prop_carry4_CYINIT_CO[3])
                                                      0.844     4.973 r  U_timer/timer_cnt_reg[31]_i_1012/CO[3]
                         net (fo=1, routed)           0.000     4.973    U_timer/timer_cnt_reg[31]_i_1012_n_0
    SLICE_X54Y68         CARRY4 (Prop_carry4_CI_CO[3])
                                                      0.117     5.090 r  U_timer/timer_cnt_reg[31]_i_858/CO[3]
                         net (fo=1, routed)           0.000     5.090    U_timer/timer_cnt_reg[31]_i_858_n_0
    SLICE_X54Y69         CARRY4 (Prop_carry4_CI_CO[3])
                                                      0.117     5.207 r  U_timer/timer_cnt_reg[31]_i_704/CO[3]
                         net (fo=1, routed)           0.000     5.207    U_timer/timer_cnt_reg[31]_i_704_n_0
    SLICE_X54Y70         CARRY4 (Prop_carry4_CI_CO[3])
                                                      0.117     5.324 r  U_timer/timer_cnt_reg[31]_i_550/CO[3]
                         net (fo=1, routed)           0.000     5.324    U_timer/timer_cnt_reg[31]_i_550_n_0
    SLICE_X54Y71         CARRY4 (Prop_carry4_CI_CO[3])
                                                      0.117     5.441 r  U_timer/timer_cnt_reg[31]_i_384/CO[3]
                         net (fo=1, routed)           0.000     5.441    U_timer/timer_cnt_reg[31]_i_384_n_0
    SLICE_X54Y72         CARRY4 (Prop_carry4_CI_CO[3])
                                                      0.117     5.558 r  U_timer/timer_cnt_reg[31]_i_211/CO[3]
                         net (fo=1, routed)           0.000     5.558    U_timer/timer_cnt_reg[31]_i_211_n_0
    SLICE_X54Y73         CARRY4 (Prop_carry4_CI_CO[3])
                                                      0.117     5.675 r  U_timer/timer_cnt_reg[31]_i_90/CO[3]
                         net (fo=1, routed)           0.000     5.675    U_timer/timer_cnt_reg[31]_i_90_n_0
    SLICE_X54Y74         CARRY4 (Prop_carry4_CI_CO[3])
                                                      0.117     5.792 r  U_timer/timer_cnt_reg[31]_i_41/CO[3]
                         net (fo=1, routed)           0.009     5.801    U_timer/timer_cnt_reg[31]_i_41_n_0
    SLICE_X54Y75         CARRY4 (Prop_carry4_CI_CO[1])
                                                      0.157     5.958 r  U_timer/timer_cnt_reg[31]_i_34/CO[1]
                         net (fo=36, routed)          1.178     7.136    U_timer/freq_div_reg[31]_0[0]
    SLICE_X55Y68         LUT3 (Prop_lut3_I0_O)        0.332     7.468 r  U_timer/timer_cnt[31]_i_1015/O
                         net (fo=1, routed)           0.000     7.468    U_timer/timer_cnt[31]_i_1015_n_0
    SLICE_X55Y68         CARRY4 (Prop_carry4_S[1]_CO[3])
                                                      0.550     8.018 r  U_timer/timer_cnt_reg[31]_i_857/CO[3]
                         net (fo=1, routed)           0.000     8.018    U_timer/timer_cnt_reg[31]_i_857_n_0
    SLICE_X55Y69         CARRY4 (Prop_carry4_CI_CO[3])
                                                      0.114     8.132 r  U_timer/timer_cnt_reg[31]_i_703/CO[3]
                         net (fo=1, routed)           0.000     8.132    U_timer/timer_cnt_reg[31]_i_703_n_0
    SLICE_X55Y70         CARRY4 (Prop_carry4_CI_CO[3])
                                                      0.114     8.246 r  U_timer/timer_cnt_reg[31]_i_549/CO[3]
                         net (fo=1, routed)           0.000     8.246    U_timer/timer_cnt_reg[31]_i_549_n_0
    SLICE_X55Y71         CARRY4 (Prop_carry4_CI_CO[3])
                                                      0.114     8.360 r  U_timer/timer_cnt_reg[31]_i_383/CO[3]
                         net (fo=1, routed)           0.000     8.360    U_timer/timer_cnt_reg[31]_i_383_n_0
    SLICE_X55Y72         CARRY4 (Prop_carry4_CI_CO[3])
                                                      0.114     8.474 r  U_timer/timer_cnt_reg[31]_i_210/CO[3]
                         net (fo=1, routed)           0.000     8.474    U_timer/timer_cnt_reg[31]_i_210_n_0
    SLICE_X55Y73         CARRY4 (Prop_carry4_CI_CO[3])
                                                      0.114     8.588 r  U_timer/timer_cnt_reg[31]_i_89/CO[3]
                         net (fo=1, routed)           0.000     8.588    U_timer/timer_cnt_reg[31]_i_89_n_0
    SLICE_X55Y74         CARRY4 (Prop_carry4_CI_CO[3])
                                                      0.114     8.702 r  U_timer/timer_cnt_reg[31]_i_40/CO[3]
                         net (fo=1, routed)           0.009     8.711    U_timer/timer_cnt_reg[31]_i_40_n_0
    SLICE_X55Y75         CARRY4 (Prop_carry4_CI_CO[1])
                                                      0.157     8.868 r  U_timer/timer_cnt_reg[31]_i_19/CO[1]
                         net (fo=37, routed)          0.953     9.821    U_timer/freq_div_reg[31]_2[0]
    SLICE_X52Y66         LUT2 (Prop_lut2_I1_O)        0.329    10.150 r  U_timer/timer_cnt[31]_i_1187/O
                         net (fo=1, routed)           0.000    10.150    U_timer/timer_cnt[31]_i_1187_n_0
    SLICE_X52Y66         CARRY4 (Prop_carry4_S[1]_CO[3])
                                                      0.550    10.700 r  U_timer/timer_cnt_reg[31]_i_1036/CO[3]
                         net (fo=1, routed)           0.000    10.700    U_timer/timer_cnt_reg[31]_i_1036_n_0
    SLICE_X52Y67         CARRY4 (Prop_carry4_CI_CO[3])
                                                      0.114    10.814 r  U_timer/timer_cnt_reg[31]_i_882/CO[3]
                         net (fo=1, routed)           0.000    10.814    U_timer/timer_cnt_reg[31]_i_882_n_0
    SLICE_X52Y68         CARRY4 (Prop_carry4_CI_CO[3])
                                                      0.114    10.928 r  U_timer/timer_cnt_reg[31]_i_728/CO[3]
                         net (fo=1, routed)           0.000    10.928    U_timer/timer_cnt_reg[31]_i_728_n_0
    SLICE_X52Y69         CARRY4 (Prop_carry4_CI_CO[3])
                                                      0.114    11.042 r  U_timer/timer_cnt_reg[31]_i_574/CO[3]
                         net (fo=1, routed)           0.000    11.042    U_timer/timer_cnt_reg[31]_i_574_n_0
    SLICE_X52Y70         CARRY4 (Prop_carry4_CI_CO[3])
                                                      0.114    11.156 r  U_timer/timer_cnt_reg[31]_i_408/CO[3]
                         net (fo=1, routed)           0.000    11.156    U_timer/timer_cnt_reg[31]_i_408_n_0
    SLICE_X52Y71         CARRY4 (Prop_carry4_CI_CO[3])
                                                      0.114    11.270 r  U_timer/timer_cnt_reg[31]_i_239/CO[3]
                         net (fo=1, routed)           0.000    11.270    U_timer/timer_cnt_reg[31]_i_239_n_0
    SLICE_X52Y72         CARRY4 (Prop_carry4_CI_CO[3])
                                                      0.114    11.384 r  U_timer/timer_cnt_reg[31]_i_111/CO[3]
                         net (fo=1, routed)           0.000    11.384    U_timer/timer_cnt_reg[31]_i_111_n_0
    SLICE_X52Y73         CARRY4 (Prop_carry4_CI_CO[3])
                                                      0.114    11.498 r  U_timer/timer_cnt_reg[31]_i_100/CO[3]
                         net (fo=1, routed)           0.000    11.498    U_timer/timer_cnt_reg[31]_i_100_n_0
    SLICE_X52Y74         CARRY4 (Prop_carry4_CI_CO[1])
                                                      0.157    11.655 r  U_timer/timer_cnt_reg[31]_i_45/CO[1]
                         net (fo=36, routed)          1.050    12.705    U_timer/freq_div_reg[31]_4[0]
    SLICE_X48Y65         LUT2 (Prop_lut2_I1_O)        0.329    13.034 r  U_timer/timer_cnt[31]_i_1183/O
                         net (fo=1, routed)           0.000    13.034    U_timer/timer_cnt[31]_i_1183_n_0
    SLICE_X48Y65         CARRY4 (Prop_carry4_S[1]_CO[3])
                                                      0.550    13.584 r  U_timer/timer_cnt_reg[31]_i_1031/CO[3]
                         net (fo=1, routed)           0.000    13.584    U_timer/timer_cnt_reg[31]_i_1031_n_0
    SLICE_X48Y66         CARRY4 (Prop_carry4_CI_CO[3])
                                                      0.114    13.698 r  U_timer/timer_cnt_reg[31]_i_877/CO[3]
                         net (fo=1, routed)           0.000    13.698    U_timer/timer_cnt_reg[31]_i_877_n_0
    SLICE_X48Y67         CARRY4 (Prop_carry4_CI_CO[3])
                                                      0.114    13.812 r  U_timer/timer_cnt_reg[31]_i_723/CO[3]
                         net (fo=1, routed)           0.000    13.812    U_timer/timer_cnt_reg[31]_i_723_n_0
    SLICE_X48Y68         CARRY4 (Prop_carry4_CI_CO[3])
                                                      0.114    13.926 r  U_timer/timer_cnt_reg[31]_i_569/CO[3]
                         net (fo=1, routed)           0.000    13.926    U_timer/timer_cnt_reg[31]_i_569_n_0
    SLICE_X48Y69         CARRY4 (Prop_carry4_CI_CO[3])
                                                      0.114    14.040 r  U_timer/timer_cnt_reg[31]_i_403/CO[3]
                         net (fo=1, routed)           0.000    14.040    U_timer/timer_cnt_reg[31]_i_403_n_0
    SLICE_X48Y70         CARRY4 (Prop_carry4_CI_CO[3])
                                                      0.114    14.154 r  U_timer/timer_cnt_reg[31]_i_234/CO[3]
                         net (fo=1, routed)           0.000    14.154    U_timer/timer_cnt_reg[31]_i_234_n_0
    SLICE_X48Y71         CARRY4 (Prop_carry4_CI_CO[3])
                                                      0.114    14.268 r  U_timer/timer_cnt_reg[31]_i_106/CO[3]
                         net (fo=1, routed)           0.000    14.268    U_timer/timer_cnt_reg[31]_i_106_n_0
    SLICE_X48Y72         CARRY4 (Prop_carry4_CI_CO[3])
                                                      0.114    14.382 r  U_timer/timer_cnt_reg[31]_i_47/CO[3]
                         net (fo=1, routed)           0.000    14.382    U_timer/timer_cnt_reg[31]_i_47_n_0
    SLICE_X48Y73         CARRY4 (Prop_carry4_CI_CO[1])
                                                      0.157    14.539 r  U_timer/timer_cnt_reg[31]_i_44/CO[1]
                         net (fo=36, routed)          0.901    15.440    U_timer/freq_div_reg[31]_6[0]
    SLICE_X49Y64         LUT2 (Prop_lut2_I1_O)        0.329    15.769 r  U_timer/timer_cnt[31]_i_1180/O
                         net (fo=1, routed)           0.000    15.769    U_timer/timer_cnt[31]_i_1180_n_0
    SLICE_X49Y64         CARRY4 (Prop_carry4_S[1]_CO[3])
                                                      0.550    16.319 r  U_timer/timer_cnt_reg[31]_i_1030/CO[3]
                         net (fo=1, routed)           0.000    16.319    U_timer/timer_cnt_reg[31]_i_1030_n_0
    SLICE_X49Y65         CARRY4 (Prop_carry4_CI_CO[3])
                                                      0.114    16.433 r  U_timer/timer_cnt_reg[31]_i_876/CO[3]
                         net (fo=1, routed)           0.000    16.433    U_timer/timer_cnt_reg[31]_i_876_n_0
    SLICE_X49Y66         CARRY4 (Prop_carry4_CI_CO[3])
                                                      0.114    16.547 r  U_timer/timer_cnt_reg[31]_i_722/CO[3]
                         net (fo=1, routed)           0.000    16.547    U_timer/timer_cnt_reg[31]_i_722_n_0
    SLICE_X49Y67         CARRY4 (Prop_carry4_CI_CO[3])
                                                      0.114    16.661 r  U_timer/timer_cnt_reg[31]_i_568/CO[3]
                         net (fo=1, routed)           0.000    16.661    U_timer/timer_cnt_reg[31]_i_568_n_0
    SLICE_X49Y68         CARRY4 (Prop_carry4_CI_CO[3])
                                                      0.114    16.775 r  U_timer/timer_cnt_reg[31]_i_402/CO[3]
                         net (fo=1, routed)           0.000    16.775    U_timer/timer_cnt_reg[31]_i_402_n_0
    SLICE_X49Y69         CARRY4 (Prop_carry4_CI_CO[3])
                                                      0.114    16.889 r  U_timer/timer_cnt_reg[31]_i_233/CO[3]
                         net (fo=1, routed)           0.000    16.889    U_timer/timer_cnt_reg[31]_i_233_n_0
    SLICE_X49Y70         CARRY4 (Prop_carry4_CI_CO[3])
                                                      0.114    17.003 r  U_timer/timer_cnt_reg[31]_i_105/CO[3]
                         net (fo=1, routed)           0.000    17.003    U_timer/timer_cnt_reg[31]_i_105_n_0
    SLICE_X49Y71         CARRY4 (Prop_carry4_CI_CO[3])
                                                      0.114    17.117 r  U_timer/timer_cnt_reg[31]_i_46/CO[3]
                         net (fo=1, routed)           0.000    17.117    U_timer/timer_cnt_reg[31]_i_46_n_0
    SLICE_X49Y72         CARRY4 (Prop_carry4_CI_CO[1])
                                                      0.157    17.274 r  U_timer/timer_cnt_reg[31]_i_21/CO[1]
                         net (fo=36, routed)          0.887    18.161    U_timer/freq_div_reg[31]_8[0]
    SLICE_X47Y64         LUT2 (Prop_lut2_I1_O)        0.329    18.490 r  U_timer/timer_cnt[31]_i_1258/O
                         net (fo=1, routed)           0.000    18.490    U_timer/timer_cnt[31]_i_1258_n_0
    SLICE_X47Y64         CARRY4 (Prop_carry4_S[1]_CO[3])
                                                      0.550    19.040 r  U_timer/timer_cnt_reg[31]_i_1111/CO[3]
                         net (fo=1, routed)           0.000    19.040    U_timer/timer_cnt_reg[31]_i_1111_n_0
    SLICE_X47Y65         CARRY4 (Prop_carry4_CI_CO[3])
                                                      0.114    19.154 r  U_timer/timer_cnt_reg[31]_i_957/CO[3]
                         net (fo=1, routed)           0.000    19.154    U_timer/timer_cnt_reg[31]_i_957_n_0
    SLICE_X47Y66         CARRY4 (Prop_carry4_CI_CO[3])
                                                      0.114    19.268 r  U_timer/timer_cnt_reg[31]_i_803/CO[3]
                         net (fo=1, routed)           0.000    19.268    U_timer/timer_cnt_reg[31]_i_803_n_0
    SLICE_X47Y67         CARRY4 (Prop_carry4_CI_CO[3])
                                                      0.114    19.382 r  U_timer/timer_cnt_reg[31]_i_649/CO[3]
                         net (fo=1, routed)           0.000    19.382    U_timer/timer_cnt_reg[31]_i_649_n_0
    SLICE_X47Y68         CARRY4 (Prop_carry4_CI_CO[3])
                                                      0.114    19.496 r  U_timer/timer_cnt_reg[31]_i_495/CO[3]
                         net (fo=1, routed)           0.000    19.496    U_timer/timer_cnt_reg[31]_i_495_n_0
    SLICE_X47Y69         CARRY4 (Prop_carry4_CI_CO[3])
                                                      0.114    19.610 r  U_timer/timer_cnt_reg[31]_i_317/CO[3]
                         net (fo=1, routed)           0.000    19.610    U_timer/timer_cnt_reg[31]_i_317_n_0
    SLICE_X47Y70         CARRY4 (Prop_carry4_CI_CO[3])
                                                      0.114    19.724 r  U_timer/timer_cnt_reg[31]_i_149/CO[3]
                         net (fo=1, routed)           0.000    19.724    U_timer/timer_cnt_reg[31]_i_149_n_0
    SLICE_X47Y71         CARRY4 (Prop_carry4_CI_CO[3])
                                                      0.114    19.838 r  U_timer/timer_cnt_reg[31]_i_138/CO[3]
                         net (fo=1, routed)           0.000    19.838    U_timer/timer_cnt_reg[31]_i_138_n_0
    SLICE_X47Y72         CARRY4 (Prop_carry4_CI_CO[1])
                                                      0.157    19.995 r  U_timer/timer_cnt_reg[31]_i_59/CO[1]
                         net (fo=37, routed)          1.015    21.011    U_timer/freq_div_reg[31]_10[0]
    SLICE_X46Y67         LUT2 (Prop_lut2_I1_O)        0.329    21.340 r  U_timer/timer_cnt[31]_i_1255/O
                         net (fo=1, routed)           0.000    21.340    U_timer/timer_cnt[31]_i_1255_n_0
    SLICE_X46Y67         CARRY4 (Prop_carry4_S[1]_CO[3])
                                                      0.533    21.873 r  U_timer/timer_cnt_reg[31]_i_1106/CO[3]
                         net (fo=1, routed)           0.000    21.873    U_timer/timer_cnt_reg[31]_i_1106_n_0
    SLICE_X46Y68         CARRY4 (Prop_carry4_CI_CO[3])
                                                      0.117    21.990 r  U_timer/timer_cnt_reg[31]_i_952/CO[3]
                         net (fo=1, routed)           0.000    21.990    U_timer/timer_cnt_reg[31]_i_952_n_0
    SLICE_X46Y69         CARRY4 (Prop_carry4_CI_CO[3])
                                                      0.117    22.107 r  U_timer/timer_cnt_reg[31]_i_798/CO[3]
                         net (fo=1, routed)           0.000    22.107    U_timer/timer_cnt_reg[31]_i_798_n_0
    SLICE_X46Y70         CARRY4 (Prop_carry4_CI_CO[3])
                                                      0.117    22.224 r  U_timer/timer_cnt_reg[31]_i_644/CO[3]
                         net (fo=1, routed)           0.000    22.224    U_timer/timer_cnt_reg[31]_i_644_n_0
    SLICE_X46Y71         CARRY4 (Prop_carry4_CI_CO[3])
                                                      0.117    22.341 r  U_timer/timer_cnt_reg[31]_i_490/CO[3]
                         net (fo=1, routed)           0.000    22.341    U_timer/timer_cnt_reg[31]_i_490_n_0
    SLICE_X46Y72         CARRY4 (Prop_carry4_CI_CO[3])
                                                      0.117    22.458 r  U_timer/timer_cnt_reg[31]_i_312/CO[3]
                         net (fo=1, routed)           0.000    22.458    U_timer/timer_cnt_reg[31]_i_312_n_0
    SLICE_X46Y73         CARRY4 (Prop_carry4_CI_CO[3])
                                                      0.117    22.575 r  U_timer/timer_cnt_reg[31]_i_144/CO[3]
                         net (fo=1, routed)           0.000    22.575    U_timer/timer_cnt_reg[31]_i_144_n_0
    SLICE_X46Y74         CARRY4 (Prop_carry4_CI_CO[3])
                                                      0.117    22.692 r  U_timer/timer_cnt_reg[31]_i_61/CO[3]
                         net (fo=1, routed)           0.009    22.701    U_timer/timer_cnt_reg[31]_i_61_n_0
    SLICE_X46Y75         CARRY4 (Prop_carry4_CI_CO[1])
                                                      0.157    22.858 r  U_timer/timer_cnt_reg[31]_i_58/CO[1]
                         net (fo=37, routed)          0.999    23.856    U_timer/freq_div_reg[31]_12[0]
    SLICE_X50Y72         LUT2 (Prop_lut2_I1_O)        0.332    24.188 r  U_timer/timer_cnt[31]_i_1251/O
                         net (fo=1, routed)           0.000    24.188    U_timer/timer_cnt[31]_i_1251_n_0
    SLICE_X50Y72         CARRY4 (Prop_carry4_S[1]_CO[3])
                                                      0.533    24.721 r  U_timer/timer_cnt_reg[31]_i_1105/CO[3]
                         net (fo=1, routed)           0.000    24.721    U_timer/timer_cnt_reg[31]_i_1105_n_0
    SLICE_X50Y73         CARRY4 (Prop_carry4_CI_CO[3])
                                                      0.117    24.838 r  U_timer/timer_cnt_reg[31]_i_951/CO[3]
                         net (fo=1, routed)           0.000    24.838    U_timer/timer_cnt_reg[31]_i_951_n_0
    SLICE_X50Y74         CARRY4 (Prop_carry4_CI_CO[3])
                                                      0.117    24.955 r  U_timer/timer_cnt_reg[31]_i_797/CO[3]
                         net (fo=1, routed)           0.009    24.964    U_timer/timer_cnt_reg[31]_i_797_n_0
    SLICE_X50Y75         CARRY4 (Prop_carry4_CI_CO[3])
                                                      0.117    25.081 r  U_timer/timer_cnt_reg[31]_i_643/CO[3]
                         net (fo=1, routed)           0.000    25.081    U_timer/timer_cnt_reg[31]_i_643_n_0
    SLICE_X50Y76         CARRY4 (Prop_carry4_CI_CO[3])
                                                      0.117    25.198 r  U_timer/timer_cnt_reg[31]_i_489/CO[3]
                         net (fo=1, routed)           0.000    25.198    U_timer/timer_cnt_reg[31]_i_489_n_0
    SLICE_X50Y77         CARRY4 (Prop_carry4_CI_CO[3])
                                                      0.117    25.315 r  U_timer/timer_cnt_reg[31]_i_311/CO[3]
                         net (fo=1, routed)           0.000    25.315    U_timer/timer_cnt_reg[31]_i_311_n_0
    SLICE_X50Y78         CARRY4 (Prop_carry4_CI_CO[3])
                                                      0.117    25.432 r  U_timer/timer_cnt_reg[31]_i_143/CO[3]
                         net (fo=1, routed)           0.000    25.432    U_timer/timer_cnt_reg[31]_i_143_n_0
    SLICE_X50Y79         CARRY4 (Prop_carry4_CI_CO[3])
                                                      0.117    25.549 r  U_timer/timer_cnt_reg[31]_i_60/CO[3]
                         net (fo=1, routed)           0.000    25.549    U_timer/timer_cnt_reg[31]_i_60_n_0
    SLICE_X50Y80         CARRY4 (Prop_carry4_CI_CO[1])
                                                      0.157    25.706 r  U_timer/timer_cnt_reg[31]_i_27/CO[1]
                         net (fo=36, routed)          0.921    26.628    U_timer/freq_div_reg[31]_14[0]
    SLICE_X47Y73         LUT2 (Prop_lut2_I1_O)        0.332    26.960 r  U_timer/timer_cnt[31]_i_1268/O
                         net (fo=1, routed)           0.000    26.960    U_timer/timer_cnt[31]_i_1268_n_0
    SLICE_X47Y73         CARRY4 (Prop_carry4_S[1]_CO[3])
                                                      0.550    27.510 r  U_timer/timer_cnt_reg[31]_i_1126/CO[3]
                         net (fo=1, routed)           0.000    27.510    U_timer/timer_cnt_reg[31]_i_1126_n_0
    SLICE_X47Y74         CARRY4 (Prop_carry4_CI_CO[3])
                                                      0.114    27.624 r  U_timer/timer_cnt_reg[31]_i_972/CO[3]
                         net (fo=1, routed)           0.009    27.633    U_timer/timer_cnt_reg[31]_i_972_n_0
    SLICE_X47Y75         CARRY4 (Prop_carry4_CI_CO[3])
                                                      0.114    27.747 r  U_timer/timer_cnt_reg[31]_i_818/CO[3]
                         net (fo=1, routed)           0.000    27.747    U_timer/timer_cnt_reg[31]_i_818_n_0
    SLICE_X47Y76         CARRY4 (Prop_carry4_CI_CO[3])
                                                      0.114    27.861 r  U_timer/timer_cnt_reg[31]_i_664/CO[3]
                         net (fo=1, routed)           0.000    27.861    U_timer/timer_cnt_reg[31]_i_664_n_0
    SLICE_X47Y77         CARRY4 (Prop_carry4_CI_CO[3])
                                                      0.114    27.975 r  U_timer/timer_cnt_reg[31]_i_510/CO[3]
                         net (fo=1, routed)           0.000    27.975    U_timer/timer_cnt_reg[31]_i_510_n_0
    SLICE_X47Y78         CARRY4 (Prop_carry4_CI_CO[3])
                                                      0.114    28.089 r  U_timer/timer_cnt_reg[31]_i_336/CO[3]
                         net (fo=1, routed)           0.000    28.089    U_timer/timer_cnt_reg[31]_i_336_n_0
    SLICE_X47Y79         CARRY4 (Prop_carry4_CI_CO[3])
                                                      0.114    28.203 r  U_timer/timer_cnt_reg[31]_i_165/CO[3]
                         net (fo=1, routed)           0.000    28.203    U_timer/timer_cnt_reg[31]_i_165_n_0
    SLICE_X47Y80         CARRY4 (Prop_carry4_CI_CO[3])
                                                      0.114    28.317 r  U_timer/timer_cnt_reg[31]_i_154/CO[3]
                         net (fo=1, routed)           0.000    28.317    U_timer/timer_cnt_reg[31]_i_154_n_0
    SLICE_X47Y81         CARRY4 (Prop_carry4_CI_CO[1])
                                                      0.157    28.474 r  U_timer/timer_cnt_reg[31]_i_65/CO[1]
                         net (fo=36, routed)          0.855    29.328    U_timer/freq_div_reg[31]_16[0]
    SLICE_X51Y75         LUT2 (Prop_lut2_I1_O)        0.329    29.657 r  U_timer/timer_cnt[31]_i_1265/O
                         net (fo=1, routed)           0.000    29.657    U_timer/timer_cnt[31]_i_1265_n_0
    SLICE_X51Y75         CARRY4 (Prop_carry4_S[1]_CO[3])
                                                      0.550    30.207 r  U_timer/timer_cnt_reg[31]_i_1121/CO[3]
                         net (fo=1, routed)           0.000    30.207    U_timer/timer_cnt_reg[31]_i_1121_n_0
    SLICE_X51Y76         CARRY4 (Prop_carry4_CI_CO[3])
                                                      0.114    30.321 r  U_timer/timer_cnt_reg[31]_i_967/CO[3]
                         net (fo=1, routed)           0.000    30.321    U_timer/timer_cnt_reg[31]_i_967_n_0
    SLICE_X51Y77         CARRY4 (Prop_carry4_CI_CO[3])
                                                      0.114    30.435 r  U_timer/timer_cnt_reg[31]_i_813/CO[3]
                         net (fo=1, routed)           0.000    30.435    U_timer/timer_cnt_reg[31]_i_813_n_0
    SLICE_X51Y78         CARRY4 (Prop_carry4_CI_CO[3])
                                                      0.114    30.549 r  U_timer/timer_cnt_reg[31]_i_659/CO[3]
                         net (fo=1, routed)           0.000    30.549    U_timer/timer_cnt_reg[31]_i_659_n_0
    SLICE_X51Y79         CARRY4 (Prop_carry4_CI_CO[3])
                                                      0.114    30.663 r  U_timer/timer_cnt_reg[31]_i_505/CO[3]
                         net (fo=1, routed)           0.000    30.663    U_timer/timer_cnt_reg[31]_i_505_n_0
    SLICE_X51Y80         CARRY4 (Prop_carry4_CI_CO[3])
                                                      0.114    30.777 r  U_timer/timer_cnt_reg[31]_i_331/CO[3]
                         net (fo=1, routed)           0.000    30.777    U_timer/timer_cnt_reg[31]_i_331_n_0
    SLICE_X51Y81         CARRY4 (Prop_carry4_CI_CO[3])
                                                      0.114    30.891 r  U_timer/timer_cnt_reg[31]_i_160/CO[3]
                         net (fo=1, routed)           0.000    30.891    U_timer/timer_cnt_reg[31]_i_160_n_0
    SLICE_X51Y82         CARRY4 (Prop_carry4_CI_CO[3])
                                                      0.114    31.005 r  U_timer/timer_cnt_reg[31]_i_67/CO[3]
                         net (fo=1, routed)           0.000    31.005    U_timer/timer_cnt_reg[31]_i_67_n_0
    SLICE_X51Y83         CARRY4 (Prop_carry4_CI_CO[1])
                                                      0.157    31.162 r  U_timer/timer_cnt_reg[31]_i_64/CO[1]
                         net (fo=37, routed)          1.062    32.225    U_timer/freq_div_reg[31]_18[0]
    SLICE_X45Y76         LUT2 (Prop_lut2_I1_O)        0.329    32.554 r  U_timer/timer_cnt[31]_i_1262/O
                         net (fo=1, routed)           0.000    32.554    U_timer/timer_cnt[31]_i_1262_n_0
    SLICE_X45Y76         CARRY4 (Prop_carry4_S[1]_CO[3])
                                                      0.550    33.104 r  U_timer/timer_cnt_reg[31]_i_1120/CO[3]
                         net (fo=1, routed)           0.000    33.104    U_timer/timer_cnt_reg[31]_i_1120_n_0
    SLICE_X45Y77         CARRY4 (Prop_carry4_CI_CO[3])
                                                      0.114    33.218 r  U_timer/timer_cnt_reg[31]_i_966/CO[3]
                         net (fo=1, routed)           0.000    33.218    U_timer/timer_cnt_reg[31]_i_966_n_0
    SLICE_X45Y78         CARRY4 (Prop_carry4_CI_CO[3])
                                                      0.114    33.332 r  U_timer/timer_cnt_reg[31]_i_812/CO[3]
                         net (fo=1, routed)           0.000    33.332    U_timer/timer_cnt_reg[31]_i_812_n_0
    SLICE_X45Y79         CARRY4 (Prop_carry4_CI_CO[3])
                                                      0.114    33.446 r  U_timer/timer_cnt_reg[31]_i_658/CO[3]
                         net (fo=1, routed)           0.000    33.446    U_timer/timer_cnt_reg[31]_i_658_n_0
    SLICE_X45Y80         CARRY4 (Prop_carry4_CI_CO[3])
                                                      0.114    33.560 r  U_timer/timer_cnt_reg[31]_i_504/CO[3]
                         net (fo=1, routed)           0.000    33.560    U_timer/timer_cnt_reg[31]_i_504_n_0
    SLICE_X45Y81         CARRY4 (Prop_carry4_CI_CO[3])
                                                      0.114    33.674 r  U_timer/timer_cnt_reg[31]_i_330/CO[3]
                         net (fo=1, routed)           0.000    33.674    U_timer/timer_cnt_reg[31]_i_330_n_0
    SLICE_X45Y82         CARRY4 (Prop_carry4_CI_CO[3])
                                                      0.114    33.788 r  U_timer/timer_cnt_reg[31]_i_159/CO[3]
                         net (fo=1, routed)           0.000    33.788    U_timer/timer_cnt_reg[31]_i_159_n_0
    SLICE_X45Y83         CARRY4 (Prop_carry4_CI_CO[3])
                                                      0.114    33.902 r  U_timer/timer_cnt_reg[31]_i_66/CO[3]
                         net (fo=1, routed)           0.000    33.902    U_timer/timer_cnt_reg[31]_i_66_n_0
    SLICE_X45Y84         CARRY4 (Prop_carry4_CI_CO[1])
                                                      0.157    34.059 r  U_timer/timer_cnt_reg[31]_i_29/CO[1]
                         net (fo=36, routed)          0.916    34.975    U_timer/freq_div_reg[31]_20[0]
    SLICE_X46Y76         LUT2 (Prop_lut2_I1_O)        0.329    35.304 r  U_timer/timer_cnt[31]_i_1278/O
                         net (fo=1, routed)           0.000    35.304    U_timer/timer_cnt[31]_i_1278_n_0
    SLICE_X46Y76         CARRY4 (Prop_carry4_S[1]_CO[3])
                                                      0.533    35.837 r  U_timer/timer_cnt_reg[31]_i_1141/CO[3]
                         net (fo=1, routed)           0.000    35.837    U_timer/timer_cnt_reg[31]_i_1141_n_0
    SLICE_X46Y77         CARRY4 (Prop_carry4_CI_CO[3])
                                                      0.117    35.954 r  U_timer/timer_cnt_reg[31]_i_987/CO[3]
                         net (fo=1, routed)           0.000    35.954    U_timer/timer_cnt_reg[31]_i_987_n_0
    SLICE_X46Y78         CARRY4 (Prop_carry4_CI_CO[3])
                                                      0.117    36.071 r  U_timer/timer_cnt_reg[31]_i_833/CO[3]
                         net (fo=1, routed)           0.000    36.071    U_timer/timer_cnt_reg[31]_i_833_n_0
    SLICE_X46Y79         CARRY4 (Prop_carry4_CI_CO[3])
                                                      0.117    36.188 r  U_timer/timer_cnt_reg[31]_i_679/CO[3]
                         net (fo=1, routed)           0.000    36.188    U_timer/timer_cnt_reg[31]_i_679_n_0
    SLICE_X46Y80         CARRY4 (Prop_carry4_CI_CO[3])
                                                      0.117    36.305 r  U_timer/timer_cnt_reg[31]_i_525/CO[3]
                         net (fo=1, routed)           0.000    36.305    U_timer/timer_cnt_reg[31]_i_525_n_0
    SLICE_X46Y81         CARRY4 (Prop_carry4_CI_CO[3])
                                                      0.117    36.422 r  U_timer/timer_cnt_reg[31]_i_355/CO[3]
                         net (fo=1, routed)           0.000    36.422    U_timer/timer_cnt_reg[31]_i_355_n_0
    SLICE_X46Y82         CARRY4 (Prop_carry4_CI_CO[3])
                                                      0.117    36.539 r  U_timer/timer_cnt_reg[31]_i_181/CO[3]
                         net (fo=1, routed)           0.000    36.539    U_timer/timer_cnt_reg[31]_i_181_n_0
    SLICE_X46Y83         CARRY4 (Prop_carry4_CI_CO[3])
                                                      0.117    36.656 r  U_timer/timer_cnt_reg[31]_i_170/CO[3]
                         net (fo=1, routed)           0.000    36.656    U_timer/timer_cnt_reg[31]_i_170_n_0
    SLICE_X46Y84         CARRY4 (Prop_carry4_CI_CO[1])
                                                      0.157    36.813 r  U_timer/timer_cnt_reg[31]_i_71/CO[1]
                         net (fo=37, routed)          0.860    37.673    U_timer/freq_div_reg[31]_22[0]
    SLICE_X49Y78         LUT2 (Prop_lut2_I1_O)        0.332    38.005 r  U_timer/timer_cnt[31]_i_1275/O
                         net (fo=1, routed)           0.000    38.005    U_timer/timer_cnt[31]_i_1275_n_0
    SLICE_X49Y78         CARRY4 (Prop_carry4_S[1]_CO[3])
                                                      0.550    38.555 r  U_timer/timer_cnt_reg[31]_i_1136/CO[3]
                         net (fo=1, routed)           0.000    38.555    U_timer/timer_cnt_reg[31]_i_1136_n_0
    SLICE_X49Y79         CARRY4 (Prop_carry4_CI_CO[3])
                                                      0.114    38.669 r  U_timer/timer_cnt_reg[31]_i_982/CO[3]
                         net (fo=1, routed)           0.000    38.669    U_timer/timer_cnt_reg[31]_i_982_n_0
    SLICE_X49Y80         CARRY4 (Prop_carry4_CI_CO[3])
                                                      0.114    38.783 r  U_timer/timer_cnt_reg[31]_i_828/CO[3]
                         net (fo=1, routed)           0.000    38.783    U_timer/timer_cnt_reg[31]_i_828_n_0
    SLICE_X49Y81         CARRY4 (Prop_carry4_CI_CO[3])
                                                      0.114    38.897 r  U_timer/timer_cnt_reg[31]_i_674/CO[3]
                         net (fo=1, routed)           0.000    38.897    U_timer/timer_cnt_reg[31]_i_674_n_0
    SLICE_X49Y82         CARRY4 (Prop_carry4_CI_CO[3])
                                                      0.114    39.011 r  U_timer/timer_cnt_reg[31]_i_520/CO[3]
                         net (fo=1, routed)           0.000    39.011    U_timer/timer_cnt_reg[31]_i_520_n_0
    SLICE_X49Y83         CARRY4 (Prop_carry4_CI_CO[3])
                                                      0.114    39.125 r  U_timer/timer_cnt_reg[31]_i_350/CO[3]
                         net (fo=1, routed)           0.000    39.125    U_timer/timer_cnt_reg[31]_i_350_n_0
    SLICE_X49Y84         CARRY4 (Prop_carry4_CI_CO[3])
                                                      0.114    39.239 r  U_timer/timer_cnt_reg[31]_i_176/CO[3]
                         net (fo=1, routed)           0.000    39.239    U_timer/timer_cnt_reg[31]_i_176_n_0
    SLICE_X49Y85         CARRY4 (Prop_carry4_CI_CO[3])
                                                      0.114    39.353 r  U_timer/timer_cnt_reg[31]_i_73/CO[3]
                         net (fo=1, routed)           0.000    39.353    U_timer/timer_cnt_reg[31]_i_73_n_0
    SLICE_X49Y86         CARRY4 (Prop_carry4_CI_CO[1])
                                                      0.157    39.510 r  U_timer/timer_cnt_reg[31]_i_70/CO[1]
                         net (fo=36, routed)          0.895    40.405    U_timer/freq_div_reg[31]_24[0]
    SLICE_X53Y77         LUT2 (Prop_lut2_I1_O)        0.329    40.734 r  U_timer/timer_cnt[31]_i_1271/O
                         net (fo=1, routed)           0.000    40.734    U_timer/timer_cnt[31]_i_1271_n_0
    SLICE_X53Y77         CARRY4 (Prop_carry4_S[1]_CO[3])
                                                      0.550    41.284 r  U_timer/timer_cnt_reg[31]_i_1135/CO[3]
                         net (fo=1, routed)           0.000    41.284    U_timer/timer_cnt_reg[31]_i_1135_n_0
    SLICE_X53Y78         CARRY4 (Prop_carry4_CI_CO[3])
                                                      0.114    41.398 r  U_timer/timer_cnt_reg[31]_i_981/CO[3]
                         net (fo=1, routed)           0.000    41.398    U_timer/timer_cnt_reg[31]_i_981_n_0
    SLICE_X53Y79         CARRY4 (Prop_carry4_CI_CO[3])
                                                      0.114    41.512 r  U_timer/timer_cnt_reg[31]_i_827/CO[3]
                         net (fo=1, routed)           0.000    41.512    U_timer/timer_cnt_reg[31]_i_827_n_0
    SLICE_X53Y80         CARRY4 (Prop_carry4_CI_CO[3])
                                                      0.114    41.626 r  U_timer/timer_cnt_reg[31]_i_673/CO[3]
                         net (fo=1, routed)           0.000    41.626    U_timer/timer_cnt_reg[31]_i_673_n_0
    SLICE_X53Y81         CARRY4 (Prop_carry4_CI_CO[3])
                                                      0.114    41.740 r  U_timer/timer_cnt_reg[31]_i_519/CO[3]
                         net (fo=1, routed)           0.000    41.740    U_timer/timer_cnt_reg[31]_i_519_n_0
    SLICE_X53Y82         CARRY4 (Prop_carry4_CI_CO[3])
                                                      0.114    41.854 r  U_timer/timer_cnt_reg[31]_i_349/CO[3]
                         net (fo=1, routed)           0.000    41.854    U_timer/timer_cnt_reg[31]_i_349_n_0
    SLICE_X53Y83         CARRY4 (Prop_carry4_CI_CO[3])
                                                      0.114    41.968 r  U_timer/timer_cnt_reg[31]_i_175/CO[3]
                         net (fo=1, routed)           0.000    41.968    U_timer/timer_cnt_reg[31]_i_175_n_0
    SLICE_X53Y84         CARRY4 (Prop_carry4_CI_CO[3])
                                                      0.114    42.082 r  U_timer/timer_cnt_reg[31]_i_72/CO[3]
                         net (fo=1, routed)           0.000    42.082    U_timer/timer_cnt_reg[31]_i_72_n_0
    SLICE_X53Y85         CARRY4 (Prop_carry4_CI_CO[1])
                                                      0.157    42.239 r  U_timer/timer_cnt_reg[31]_i_31/CO[1]
                         net (fo=36, routed)          0.909    43.148    U_timer/freq_div_reg[31]_26[0]
    SLICE_X52Y76         LUT2 (Prop_lut2_I1_O)        0.329    43.477 r  U_timer/timer_cnt[31]_i_1289/O
                         net (fo=1, routed)           0.000    43.477    U_timer/timer_cnt[31]_i_1289_n_0
    SLICE_X52Y76         CARRY4 (Prop_carry4_S[1]_CO[3])
                                                      0.550    44.027 r  U_timer/timer_cnt_reg[31]_i_1156/CO[3]
                         net (fo=1, routed)           0.000    44.027    U_timer/timer_cnt_reg[31]_i_1156_n_0
    SLICE_X52Y77         CARRY4 (Prop_carry4_CI_CO[3])
                                                      0.114    44.141 r  U_timer/timer_cnt_reg[31]_i_1002/CO[3]
                         net (fo=1, routed)           0.000    44.141    U_timer/timer_cnt_reg[31]_i_1002_n_0
    SLICE_X52Y78         CARRY4 (Prop_carry4_CI_CO[3])
                                                      0.114    44.255 r  U_timer/timer_cnt_reg[31]_i_848/CO[3]
                         net (fo=1, routed)           0.000    44.255    U_timer/timer_cnt_reg[31]_i_848_n_0
    SLICE_X52Y79         CARRY4 (Prop_carry4_CI_CO[3])
                                                      0.114    44.369 r  U_timer/timer_cnt_reg[31]_i_694/CO[3]
                         net (fo=1, routed)           0.000    44.369    U_timer/timer_cnt_reg[31]_i_694_n_0
    SLICE_X52Y80         CARRY4 (Prop_carry4_CI_CO[3])
                                                      0.114    44.483 r  U_timer/timer_cnt_reg[31]_i_540/CO[3]
                         net (fo=1, routed)           0.000    44.483    U_timer/timer_cnt_reg[31]_i_540_n_0
    SLICE_X52Y81         CARRY4 (Prop_carry4_CI_CO[3])
                                                      0.114    44.597 r  U_timer/timer_cnt_reg[31]_i_374/CO[3]
                         net (fo=1, routed)           0.000    44.597    U_timer/timer_cnt_reg[31]_i_374_n_0
    SLICE_X52Y82         CARRY4 (Prop_carry4_CI_CO[3])
                                                      0.114    44.711 r  U_timer/timer_cnt_reg[31]_i_197/CO[3]
                         net (fo=1, routed)           0.000    44.711    U_timer/timer_cnt_reg[31]_i_197_n_0
    SLICE_X52Y83         CARRY4 (Prop_carry4_CI_CO[3])
                                                      0.114    44.825 r  U_timer/timer_cnt_reg[31]_i_186/CO[3]
                         net (fo=1, routed)           0.000    44.825    U_timer/timer_cnt_reg[31]_i_186_n_0
    SLICE_X52Y84         CARRY4 (Prop_carry4_CI_CO[1])
                                                      0.157    44.982 r  U_timer/timer_cnt_reg[31]_i_77/CO[1]
                         net (fo=37, routed)          1.278    46.259    U_timer/freq_div_reg[31]_28[0]
    SLICE_X44Y75         LUT2 (Prop_lut2_I1_O)        0.329    46.588 r  U_timer/timer_cnt[31]_i_1286/O
                         net (fo=1, routed)           0.000    46.588    U_timer/timer_cnt[31]_i_1286_n_0
    SLICE_X44Y75         CARRY4 (Prop_carry4_S[1]_CO[3])
                                                      0.550    47.138 r  U_timer/timer_cnt_reg[31]_i_1151/CO[3]
                         net (fo=1, routed)           0.000    47.138    U_timer/timer_cnt_reg[31]_i_1151_n_0
    SLICE_X44Y76         CARRY4 (Prop_carry4_CI_CO[3])
                                                      0.114    47.252 r  U_timer/timer_cnt_reg[31]_i_997/CO[3]
                         net (fo=1, routed)           0.000    47.252    U_timer/timer_cnt_reg[31]_i_997_n_0
    SLICE_X44Y77         CARRY4 (Prop_carry4_CI_CO[3])
                                                      0.114    47.366 r  U_timer/timer_cnt_reg[31]_i_843/CO[3]
                         net (fo=1, routed)           0.000    47.366    U_timer/timer_cnt_reg[31]_i_843_n_0
    SLICE_X44Y78         CARRY4 (Prop_carry4_CI_CO[3])
                                                      0.114    47.480 r  U_timer/timer_cnt_reg[31]_i_689/CO[3]
                         net (fo=1, routed)           0.000    47.480    U_timer/timer_cnt_reg[31]_i_689_n_0
    SLICE_X44Y79         CARRY4 (Prop_carry4_CI_CO[3])
                                                      0.114    47.594 r  U_timer/timer_cnt_reg[31]_i_535/CO[3]
                         net (fo=1, routed)           0.000    47.594    U_timer/timer_cnt_reg[31]_i_535_n_0
    SLICE_X44Y80         CARRY4 (Prop_carry4_CI_CO[3])
                                                      0.114    47.708 r  U_timer/timer_cnt_reg[31]_i_369/CO[3]
                         net (fo=1, routed)           0.000    47.708    U_timer/timer_cnt_reg[31]_i_369_n_0
    SLICE_X44Y81         CARRY4 (Prop_carry4_CI_CO[3])
                                                      0.114    47.822 r  U_timer/timer_cnt_reg[31]_i_192/CO[3]
                         net (fo=1, routed)           0.000    47.822    U_timer/timer_cnt_reg[31]_i_192_n_0
    SLICE_X44Y82         CARRY4 (Prop_carry4_CI_CO[3])
                                                      0.114    47.936 r  U_timer/timer_cnt_reg[31]_i_79/CO[3]
                         net (fo=1, routed)           0.000    47.936    U_timer/timer_cnt_reg[31]_i_79_n_0
    SLICE_X44Y83         CARRY4 (Prop_carry4_CI_CO[1])
                                                      0.157    48.093 r  U_timer/timer_cnt_reg[31]_i_76/CO[1]
                         net (fo=37, routed)          0.983    49.077    U_timer/freq_div_reg[31]_30[0]
    SLICE_X41Y73         LUT2 (Prop_lut2_I1_O)        0.329    49.406 r  U_timer/timer_cnt[31]_i_1282/O
                         net (fo=1, routed)           0.000    49.406    U_timer/timer_cnt[31]_i_1282_n_0
    SLICE_X41Y73         CARRY4 (Prop_carry4_S[1]_CO[3])
                                                      0.550    49.956 r  U_timer/timer_cnt_reg[31]_i_1150/CO[3]
                         net (fo=1, routed)           0.000    49.956    U_timer/timer_cnt_reg[31]_i_1150_n_0
    SLICE_X41Y74         CARRY4 (Prop_carry4_CI_CO[3])
                                                      0.114    50.070 r  U_timer/timer_cnt_reg[31]_i_996/CO[3]
                         net (fo=1, routed)           0.009    50.079    U_timer/timer_cnt_reg[31]_i_996_n_0
    SLICE_X41Y75         CARRY4 (Prop_carry4_CI_CO[3])
                                                      0.114    50.193 r  U_timer/timer_cnt_reg[31]_i_842/CO[3]
                         net (fo=1, routed)           0.000    50.193    U_timer/timer_cnt_reg[31]_i_842_n_0
    SLICE_X41Y76         CARRY4 (Prop_carry4_CI_CO[3])
                                                      0.114    50.307 r  U_timer/timer_cnt_reg[31]_i_688/CO[3]
                         net (fo=1, routed)           0.000    50.307    U_timer/timer_cnt_reg[31]_i_688_n_0
    SLICE_X41Y77         CARRY4 (Prop_carry4_CI_CO[3])
                                                      0.114    50.421 r  U_timer/timer_cnt_reg[31]_i_534/CO[3]
                         net (fo=1, routed)           0.000    50.421    U_timer/timer_cnt_reg[31]_i_534_n_0
    SLICE_X41Y78         CARRY4 (Prop_carry4_CI_CO[3])
                                                      0.114    50.535 r  U_timer/timer_cnt_reg[31]_i_368/CO[3]
                         net (fo=1, routed)           0.000    50.535    U_timer/timer_cnt_reg[31]_i_368_n_0
    SLICE_X41Y79         CARRY4 (Prop_carry4_CI_CO[3])
                                                      0.114    50.649 r  U_timer/timer_cnt_reg[31]_i_191/CO[3]
                         net (fo=1, routed)           0.000    50.649    U_timer/timer_cnt_reg[31]_i_191_n_0
    SLICE_X41Y80         CARRY4 (Prop_carry4_CI_CO[3])
                                                      0.114    50.763 r  U_timer/timer_cnt_reg[31]_i_78/CO[3]
                         net (fo=1, routed)           0.000    50.763    U_timer/timer_cnt_reg[31]_i_78_n_0
    SLICE_X41Y81         CARRY4 (Prop_carry4_CI_CO[1])
                                                      0.157    50.920 r  U_timer/timer_cnt_reg[31]_i_33/CO[1]
                         net (fo=36, routed)          0.919    51.839    U_timer/freq_div_reg[31]_32[0]
    SLICE_X40Y76         CARRY4 (Prop_carry4_CYINIT_CO[3])
                                                      0.785    52.624 r  U_timer/timer_cnt_reg[31]_i_1194/CO[3]
                         net (fo=1, routed)           0.000    52.624    U_timer/timer_cnt_reg[31]_i_1194_n_0
    SLICE_X40Y77         CARRY4 (Prop_carry4_CI_CO[3])
                                                      0.114    52.738 r  U_timer/timer_cnt_reg[31]_i_1051/CO[3]
                         net (fo=1, routed)           0.000    52.738    U_timer/timer_cnt_reg[31]_i_1051_n_0
    SLICE_X40Y78         CARRY4 (Prop_carry4_CI_CO[3])
                                                      0.114    52.852 r  U_timer/timer_cnt_reg[31]_i_897/CO[3]
                         net (fo=1, routed)           0.000    52.852    U_timer/timer_cnt_reg[31]_i_897_n_0
    SLICE_X40Y79         CARRY4 (Prop_carry4_CI_CO[3])
                                                      0.114    52.966 r  U_timer/timer_cnt_reg[31]_i_743/CO[3]
                         net (fo=1, routed)           0.000    52.966    U_timer/timer_cnt_reg[31]_i_743_n_0
    SLICE_X40Y80         CARRY4 (Prop_carry4_CI_CO[3])
                                                      0.114    53.080 r  U_timer/timer_cnt_reg[31]_i_589/CO[3]
                         net (fo=1, routed)           0.000    53.080    U_timer/timer_cnt_reg[31]_i_589_n_0
    SLICE_X40Y81         CARRY4 (Prop_carry4_CI_CO[3])
                                                      0.114    53.194 r  U_timer/timer_cnt_reg[31]_i_427/CO[3]
                         net (fo=1, routed)           0.000    53.194    U_timer/timer_cnt_reg[31]_i_427_n_0
    SLICE_X40Y82         CARRY4 (Prop_carry4_CI_CO[3])
                                                      0.114    53.308 r  U_timer/timer_cnt_reg[31]_i_259/CO[3]
                         net (fo=1, routed)           0.000    53.308    U_timer/timer_cnt_reg[31]_i_259_n_0
    SLICE_X40Y83         CARRY4 (Prop_carry4_CI_CO[3])
                                                      0.114    53.422 r  U_timer/timer_cnt_reg[31]_i_248/CO[3]
                         net (fo=1, routed)           0.000    53.422    U_timer/timer_cnt_reg[31]_i_248_n_0
    SLICE_X40Y84         CARRY4 (Prop_carry4_CI_CO[1])
                                                      0.157    53.579 r  U_timer/timer_cnt_reg[31]_i_117/CO[1]
                         net (fo=37, routed)          0.970    54.549    U_timer/freq_div_reg[31]_34[0]
    SLICE_X39Y80         LUT2 (Prop_lut2_I1_O)        0.329    54.878 r  U_timer/timer_cnt[31]_i_1296/O
                         net (fo=1, routed)           0.000    54.878    U_timer/timer_cnt[31]_i_1296_n_0
    SLICE_X39Y80         CARRY4 (Prop_carry4_S[1]_CO[3])
                                                      0.550    55.428 r  U_timer/timer_cnt_reg[31]_i_1189/CO[3]
                         net (fo=1, routed)           0.000    55.428    U_timer/timer_cnt_reg[31]_i_1189_n_0
    SLICE_X39Y81         CARRY4 (Prop_carry4_CI_CO[3])
                                                      0.114    55.542 r  U_timer/timer_cnt_reg[31]_i_1046/CO[3]
                         net (fo=1, routed)           0.000    55.542    U_timer/timer_cnt_reg[31]_i_1046_n_0
    SLICE_X39Y82         CARRY4 (Prop_carry4_CI_CO[3])
                                                      0.114    55.656 r  U_timer/timer_cnt_reg[31]_i_892/CO[3]
                         net (fo=1, routed)           0.000    55.656    U_timer/timer_cnt_reg[31]_i_892_n_0
    SLICE_X39Y83         CARRY4 (Prop_carry4_CI_CO[3])
                                                      0.114    55.770 r  U_timer/timer_cnt_reg[31]_i_738/CO[3]
                         net (fo=1, routed)           0.000    55.770    U_timer/timer_cnt_reg[31]_i_738_n_0
    SLICE_X39Y84         CARRY4 (Prop_carry4_CI_CO[3])
                                                      0.114    55.884 r  U_timer/timer_cnt_reg[31]_i_584/CO[3]
                         net (fo=1, routed)           0.000    55.884    U_timer/timer_cnt_reg[31]_i_584_n_0
    SLICE_X39Y85         CARRY4 (Prop_carry4_CI_CO[3])
                                                      0.114    55.998 r  U_timer/timer_cnt_reg[31]_i_422/CO[3]
                         net (fo=1, routed)           0.000    55.998    U_timer/timer_cnt_reg[31]_i_422_n_0
    SLICE_X39Y86         CARRY4 (Prop_carry4_CI_CO[3])
                                                      0.114    56.112 r  U_timer/timer_cnt_reg[31]_i_254/CO[3]
                         net (fo=1, routed)           0.000    56.112    U_timer/timer_cnt_reg[31]_i_254_n_0
    SLICE_X39Y87         CARRY4 (Prop_carry4_CI_CO[3])
                                                      0.114    56.226 r  U_timer/timer_cnt_reg[31]_i_119/CO[3]
                         net (fo=1, routed)           0.000    56.226    U_timer/timer_cnt_reg[31]_i_119_n_0
    SLICE_X39Y88         CARRY4 (Prop_carry4_CI_CO[1])
                                                      0.157    56.383 r  U_timer/timer_cnt_reg[31]_i_116/CO[1]
                         net (fo=36, routed)          0.796    57.178    U_timer/freq_div_reg[31]_36[0]
    SLICE_X41Y82         LUT2 (Prop_lut2_I1_O)        0.329    57.507 r  U_timer/timer_cnt[31]_i_1292/O
                         net (fo=1, routed)           0.000    57.507    U_timer/timer_cnt[31]_i_1292_n_0
    SLICE_X41Y82         CARRY4 (Prop_carry4_S[1]_CO[3])
                                                      0.550    58.057 r  U_timer/timer_cnt_reg[31]_i_1188/CO[3]
                         net (fo=1, routed)           0.000    58.057    U_timer/timer_cnt_reg[31]_i_1188_n_0
    SLICE_X41Y83         CARRY4 (Prop_carry4_CI_CO[3])
                                                      0.114    58.171 r  U_timer/timer_cnt_reg[31]_i_1045/CO[3]
                         net (fo=1, routed)           0.000    58.171    U_timer/timer_cnt_reg[31]_i_1045_n_0
    SLICE_X41Y84         CARRY4 (Prop_carry4_CI_CO[3])
                                                      0.114    58.285 r  U_timer/timer_cnt_reg[31]_i_891/CO[3]
                         net (fo=1, routed)           0.000    58.285    U_timer/timer_cnt_reg[31]_i_891_n_0
    SLICE_X41Y85         CARRY4 (Prop_carry4_CI_CO[3])
                                                      0.114    58.399 r  U_timer/timer_cnt_reg[31]_i_737/CO[3]
                         net (fo=1, routed)           0.000    58.399    U_timer/timer_cnt_reg[31]_i_737_n_0
    SLICE_X41Y86         CARRY4 (Prop_carry4_CI_CO[3])
                                                      0.114    58.513 r  U_timer/timer_cnt_reg[31]_i_583/CO[3]
                         net (fo=1, routed)           0.000    58.513    U_timer/timer_cnt_reg[31]_i_583_n_0
    SLICE_X41Y87         CARRY4 (Prop_carry4_CI_CO[3])
                                                      0.114    58.627 r  U_timer/timer_cnt_reg[31]_i_421/CO[3]
                         net (fo=1, routed)           0.000    58.627    U_timer/timer_cnt_reg[31]_i_421_n_0
    SLICE_X41Y88         CARRY4 (Prop_carry4_CI_CO[3])
                                                      0.114    58.741 r  U_timer/timer_cnt_reg[31]_i_253/CO[3]
                         net (fo=1, routed)           0.000    58.741    U_timer/timer_cnt_reg[31]_i_253_n_0
    SLICE_X41Y89         CARRY4 (Prop_carry4_CI_CO[3])
                                                      0.114    58.855 r  U_timer/timer_cnt_reg[31]_i_118/CO[3]
                         net (fo=1, routed)           0.000    58.855    U_timer/timer_cnt_reg[31]_i_118_n_0
    SLICE_X41Y90         CARRY4 (Prop_carry4_CI_CO[1])
                                                      0.157    59.012 r  U_timer/timer_cnt_reg[31]_i_51/CO[1]
                         net (fo=37, routed)          1.234    60.246    U_timer/freq_div_reg[31]_38[0]
    SLICE_X48Y79         LUT2 (Prop_lut2_I1_O)        0.329    60.575 r  U_timer/timer_cnt[31]_i_1311/O
                         net (fo=1, routed)           0.000    60.575    U_timer/timer_cnt[31]_i_1311_n_0
    SLICE_X48Y79         CARRY4 (Prop_carry4_S[1]_CO[3])
                                                      0.550    61.125 r  U_timer/timer_cnt_reg[31]_i_1209/CO[3]
                         net (fo=1, routed)           0.000    61.125    U_timer/timer_cnt_reg[31]_i_1209_n_0
    SLICE_X48Y80         CARRY4 (Prop_carry4_CI_CO[3])
                                                      0.114    61.239 r  U_timer/timer_cnt_reg[31]_i_1066/CO[3]
                         net (fo=1, routed)           0.000    61.239    U_timer/timer_cnt_reg[31]_i_1066_n_0
    SLICE_X48Y81         CARRY4 (Prop_carry4_CI_CO[3])
                                                      0.114    61.353 r  U_timer/timer_cnt_reg[31]_i_912/CO[3]
                         net (fo=1, routed)           0.000    61.353    U_timer/timer_cnt_reg[31]_i_912_n_0
    SLICE_X48Y82         CARRY4 (Prop_carry4_CI_CO[3])
                                                      0.114    61.467 r  U_timer/timer_cnt_reg[31]_i_758/CO[3]
                         net (fo=1, routed)           0.000    61.467    U_timer/timer_cnt_reg[31]_i_758_n_0
    SLICE_X48Y83         CARRY4 (Prop_carry4_CI_CO[3])
                                                      0.114    61.581 r  U_timer/timer_cnt_reg[31]_i_604/CO[3]
                         net (fo=1, routed)           0.000    61.581    U_timer/timer_cnt_reg[31]_i_604_n_0
    SLICE_X48Y84         CARRY4 (Prop_carry4_CI_CO[3])
                                                      0.114    61.695 r  U_timer/timer_cnt_reg[31]_i_446/CO[3]
                         net (fo=1, routed)           0.000    61.695    U_timer/timer_cnt_reg[31]_i_446_n_0
    SLICE_X48Y85         CARRY4 (Prop_carry4_CI_CO[3])
                                                      0.114    61.809 r  U_timer/timer_cnt_reg[31]_i_275/CO[3]
                         net (fo=1, routed)           0.000    61.809    U_timer/timer_cnt_reg[31]_i_275_n_0
    SLICE_X48Y86         CARRY4 (Prop_carry4_CI_CO[3])
                                                      0.114    61.923 r  U_timer/timer_cnt_reg[31]_i_264/CO[3]
                         net (fo=1, routed)           0.000    61.923    U_timer/timer_cnt_reg[31]_i_264_n_0
    SLICE_X48Y87         CARRY4 (Prop_carry4_CI_CO[1])
                                                      0.157    62.080 r  U_timer/timer_cnt_reg[31]_i_123/CO[1]
                         net (fo=37, routed)          0.957    63.037    U_timer/freq_div_reg[31]_40[0]
    SLICE_X47Y82         LUT2 (Prop_lut2_I1_O)        0.329    63.366 r  U_timer/timer_cnt[31]_i_1307/O
                         net (fo=1, routed)           0.000    63.366    U_timer/timer_cnt[31]_i_1307_n_0
    SLICE_X47Y82         CARRY4 (Prop_carry4_S[1]_CO[3])
                                                      0.550    63.916 r  U_timer/timer_cnt_reg[31]_i_1204/CO[3]
                         net (fo=1, routed)           0.000    63.916    U_timer/timer_cnt_reg[31]_i_1204_n_0
    SLICE_X47Y83         CARRY4 (Prop_carry4_CI_CO[3])
                                                      0.114    64.030 r  U_timer/timer_cnt_reg[31]_i_1061/CO[3]
                         net (fo=1, routed)           0.000    64.030    U_timer/timer_cnt_reg[31]_i_1061_n_0
    SLICE_X47Y84         CARRY4 (Prop_carry4_CI_CO[3])
                                                      0.114    64.144 r  U_timer/timer_cnt_reg[31]_i_907/CO[3]
                         net (fo=1, routed)           0.000    64.144    U_timer/timer_cnt_reg[31]_i_907_n_0
    SLICE_X47Y85         CARRY4 (Prop_carry4_CI_CO[3])
                                                      0.114    64.258 r  U_timer/timer_cnt_reg[31]_i_753/CO[3]
                         net (fo=1, routed)           0.000    64.258    U_timer/timer_cnt_reg[31]_i_753_n_0
    SLICE_X47Y86         CARRY4 (Prop_carry4_CI_CO[3])
                                                      0.114    64.372 r  U_timer/timer_cnt_reg[31]_i_599/CO[3]
                         net (fo=1, routed)           0.000    64.372    U_timer/timer_cnt_reg[31]_i_599_n_0
    SLICE_X47Y87         CARRY4 (Prop_carry4_CI_CO[3])
                                                      0.114    64.486 r  U_timer/timer_cnt_reg[31]_i_441/CO[3]
                         net (fo=1, routed)           0.000    64.486    U_timer/timer_cnt_reg[31]_i_441_n_0
    SLICE_X47Y88         CARRY4 (Prop_carry4_CI_CO[3])
                                                      0.114    64.600 r  U_timer/timer_cnt_reg[31]_i_270/CO[3]
                         net (fo=1, routed)           0.000    64.600    U_timer/timer_cnt_reg[31]_i_270_n_0
    SLICE_X47Y89         CARRY4 (Prop_carry4_CI_CO[3])
                                                      0.114    64.714 r  U_timer/timer_cnt_reg[31]_i_125/CO[3]
                         net (fo=1, routed)           0.000    64.714    U_timer/timer_cnt_reg[31]_i_125_n_0
    SLICE_X47Y90         CARRY4 (Prop_carry4_CI_CO[1])
                                                      0.157    64.871 r  U_timer/timer_cnt_reg[31]_i_122/CO[1]
                         net (fo=37, routed)          1.030    65.901    U_timer/freq_div_reg[31]_42[0]
    SLICE_X50Y83         LUT2 (Prop_lut2_I1_O)        0.329    66.230 r  U_timer/timer_cnt[31]_i_1303/O
                         net (fo=1, routed)           0.000    66.230    U_timer/timer_cnt[31]_i_1303_n_0
    SLICE_X50Y83         CARRY4 (Prop_carry4_S[1]_CO[3])
                                                      0.533    66.763 r  U_timer/timer_cnt_reg[31]_i_1203/CO[3]
                         net (fo=1, routed)           0.000    66.763    U_timer/timer_cnt_reg[31]_i_1203_n_0
    SLICE_X50Y84         CARRY4 (Prop_carry4_CI_CO[3])
                                                      0.117    66.880 r  U_timer/timer_cnt_reg[31]_i_1060/CO[3]
                         net (fo=1, routed)           0.000    66.880    U_timer/timer_cnt_reg[31]_i_1060_n_0
    SLICE_X50Y85         CARRY4 (Prop_carry4_CI_CO[3])
                                                      0.117    66.997 r  U_timer/timer_cnt_reg[31]_i_906/CO[3]
                         net (fo=1, routed)           0.000    66.997    U_timer/timer_cnt_reg[31]_i_906_n_0
    SLICE_X50Y86         CARRY4 (Prop_carry4_CI_CO[3])
                                                      0.117    67.114 r  U_timer/timer_cnt_reg[31]_i_752/CO[3]
                         net (fo=1, routed)           0.000    67.114    U_timer/timer_cnt_reg[31]_i_752_n_0
    SLICE_X50Y87         CARRY4 (Prop_carry4_CI_CO[3])
                                                      0.117    67.231 r  U_timer/timer_cnt_reg[31]_i_598/CO[3]
                         net (fo=1, routed)           0.000    67.231    U_timer/timer_cnt_reg[31]_i_598_n_0
    SLICE_X50Y88         CARRY4 (Prop_carry4_CI_CO[3])
                                                      0.117    67.348 r  U_timer/timer_cnt_reg[31]_i_440/CO[3]
                         net (fo=1, routed)           0.000    67.348    U_timer/timer_cnt_reg[31]_i_440_n_0
    SLICE_X50Y89         CARRY4 (Prop_carry4_CI_CO[3])
                                                      0.117    67.465 r  U_timer/timer_cnt_reg[31]_i_269/CO[3]
                         net (fo=1, routed)           0.000    67.465    U_timer/timer_cnt_reg[31]_i_269_n_0
    SLICE_X50Y90         CARRY4 (Prop_carry4_CI_CO[3])
                                                      0.117    67.582 r  U_timer/timer_cnt_reg[31]_i_124/CO[3]
                         net (fo=1, routed)           0.000    67.582    U_timer/timer_cnt_reg[31]_i_124_n_0
    SLICE_X50Y91         CARRY4 (Prop_carry4_CI_CO[1])
                                                      0.157    67.739 r  U_timer/timer_cnt_reg[31]_i_53/CO[1]
                         net (fo=37, routed)          0.905    68.644    U_timer/freq_div_reg[31]_44[0]
    SLICE_X49Y87         LUT2 (Prop_lut2_I1_O)        0.332    68.976 r  U_timer/timer_cnt[31]_i_1323/O
                         net (fo=1, routed)           0.000    68.976    U_timer/timer_cnt[31]_i_1323_n_0
    SLICE_X49Y87         CARRY4 (Prop_carry4_S[1]_CO[3])
                                                      0.550    69.526 r  U_timer/timer_cnt_reg[31]_i_1224/CO[3]
                         net (fo=1, routed)           0.000    69.526    U_timer/timer_cnt_reg[31]_i_1224_n_0
    SLICE_X49Y88         CARRY4 (Prop_carry4_CI_CO[3])
                                                      0.114    69.640 r  U_timer/timer_cnt_reg[31]_i_1081/CO[3]
                         net (fo=1, routed)           0.000    69.640    U_timer/timer_cnt_reg[31]_i_1081_n_0
    SLICE_X49Y89         CARRY4 (Prop_carry4_CI_CO[3])
                                                      0.114    69.754 r  U_timer/timer_cnt_reg[31]_i_927/CO[3]
                         net (fo=1, routed)           0.000    69.754    U_timer/timer_cnt_reg[31]_i_927_n_0
    SLICE_X49Y90         CARRY4 (Prop_carry4_CI_CO[3])
                                                      0.114    69.868 r  U_timer/timer_cnt_reg[31]_i_773/CO[3]
                         net (fo=1, routed)           0.000    69.868    U_timer/timer_cnt_reg[31]_i_773_n_0
    SLICE_X49Y91         CARRY4 (Prop_carry4_CI_CO[3])
                                                      0.114    69.982 r  U_timer/timer_cnt_reg[31]_i_619/CO[3]
                         net (fo=1, routed)           0.000    69.982    U_timer/timer_cnt_reg[31]_i_619_n_0
    SLICE_X49Y92         CARRY4 (Prop_carry4_CI_CO[3])
                                                      0.114    70.096 r  U_timer/timer_cnt_reg[31]_i_465/CO[3]
                         net (fo=1, routed)           0.000    70.096    U_timer/timer_cnt_reg[31]_i_465_n_0
    SLICE_X49Y93         CARRY4 (Prop_carry4_CI_CO[3])
                                                      0.114    70.210 r  U_timer/timer_cnt_reg[31]_i_291/CO[3]
                         net (fo=1, routed)           0.000    70.210    U_timer/timer_cnt_reg[31]_i_291_n_0
    SLICE_X49Y94         CARRY4 (Prop_carry4_CI_CO[3])
                                                      0.114    70.324 r  U_timer/timer_cnt_reg[31]_i_280/CO[3]
                         net (fo=1, routed)           0.000    70.324    U_timer/timer_cnt_reg[31]_i_280_n_0
    SLICE_X49Y95         CARRY4 (Prop_carry4_CI_CO[1])
                                                      0.157    70.481 r  U_timer/timer_cnt_reg[31]_i_129/CO[1]
                         net (fo=37, routed)          0.917    71.398    U_timer/freq_div_reg[31]_46[0]
    SLICE_X48Y88         LUT2 (Prop_lut2_I1_O)        0.329    71.727 r  U_timer/timer_cnt[31]_i_1319/O
                         net (fo=1, routed)           0.000    71.727    U_timer/timer_cnt[31]_i_1319_n_0
    SLICE_X48Y88         CARRY4 (Prop_carry4_S[1]_CO[3])
                                                      0.550    72.277 r  U_timer/timer_cnt_reg[31]_i_1219/CO[3]
                         net (fo=1, routed)           0.000    72.277    U_timer/timer_cnt_reg[31]_i_1219_n_0
    SLICE_X48Y89         CARRY4 (Prop_carry4_CI_CO[3])
                                                      0.114    72.391 r  U_timer/timer_cnt_reg[31]_i_1076/CO[3]
                         net (fo=1, routed)           0.000    72.391    U_timer/timer_cnt_reg[31]_i_1076_n_0
    SLICE_X48Y90         CARRY4 (Prop_carry4_CI_CO[3])
                                                      0.114    72.505 r  U_timer/timer_cnt_reg[31]_i_922/CO[3]
                         net (fo=1, routed)           0.000    72.505    U_timer/timer_cnt_reg[31]_i_922_n_0
    SLICE_X48Y91         CARRY4 (Prop_carry4_CI_CO[3])
                                                      0.114    72.619 r  U_timer/timer_cnt_reg[31]_i_768/CO[3]
                         net (fo=1, routed)           0.000    72.619    U_timer/timer_cnt_reg[31]_i_768_n_0
    SLICE_X48Y92         CARRY4 (Prop_carry4_CI_CO[3])
                                                      0.114    72.733 r  U_timer/timer_cnt_reg[31]_i_614/CO[3]
                         net (fo=1, routed)           0.000    72.733    U_timer/timer_cnt_reg[31]_i_614_n_0
    SLICE_X48Y93         CARRY4 (Prop_carry4_CI_CO[3])
                                                      0.114    72.847 r  U_timer/timer_cnt_reg[31]_i_460/CO[3]
                         net (fo=1, routed)           0.000    72.847    U_timer/timer_cnt_reg[31]_i_460_n_0
    SLICE_X48Y94         CARRY4 (Prop_carry4_CI_CO[3])
                                                      0.114    72.961 r  U_timer/timer_cnt_reg[31]_i_286/CO[3]
                         net (fo=1, routed)           0.000    72.961    U_timer/timer_cnt_reg[31]_i_286_n_0
    SLICE_X48Y95         CARRY4 (Prop_carry4_CI_CO[3])
                                                      0.114    73.075 r  U_timer/timer_cnt_reg[31]_i_131/CO[3]
                         net (fo=1, routed)           0.000    73.075    U_timer/timer_cnt_reg[31]_i_131_n_0
    SLICE_X48Y96         CARRY4 (Prop_carry4_CI_CO[1])
                                                      0.157    73.232 r  U_timer/timer_cnt_reg[31]_i_128/CO[1]
                         net (fo=37, routed)          1.103    74.336    U_timer/freq_div_reg[31]_48[0]
    SLICE_X46Y85         LUT2 (Prop_lut2_I1_O)        0.329    74.665 r  U_timer/timer_cnt[31]_i_1315/O
                         net (fo=1, routed)           0.000    74.665    U_timer/timer_cnt[31]_i_1315_n_0
    SLICE_X46Y85         CARRY4 (Prop_carry4_S[1]_CO[3])
                                                      0.533    75.198 r  U_timer/timer_cnt_reg[31]_i_1218/CO[3]
                         net (fo=1, routed)           0.000    75.198    U_timer/timer_cnt_reg[31]_i_1218_n_0
    SLICE_X46Y86         CARRY4 (Prop_carry4_CI_CO[3])
                                                      0.117    75.315 r  U_timer/timer_cnt_reg[31]_i_1075/CO[3]
                         net (fo=1, routed)           0.000    75.315    U_timer/timer_cnt_reg[31]_i_1075_n_0
    SLICE_X46Y87         CARRY4 (Prop_carry4_CI_CO[3])
                                                      0.117    75.432 r  U_timer/timer_cnt_reg[31]_i_921/CO[3]
                         net (fo=1, routed)           0.000    75.432    U_timer/timer_cnt_reg[31]_i_921_n_0
    SLICE_X46Y88         CARRY4 (Prop_carry4_CI_CO[3])
                                                      0.117    75.549 r  U_timer/timer_cnt_reg[31]_i_767/CO[3]
                         net (fo=1, routed)           0.000    75.549    U_timer/timer_cnt_reg[31]_i_767_n_0
    SLICE_X46Y89         CARRY4 (Prop_carry4_CI_CO[3])
                                                      0.117    75.666 r  U_timer/timer_cnt_reg[31]_i_613/CO[3]
                         net (fo=1, routed)           0.000    75.666    U_timer/timer_cnt_reg[31]_i_613_n_0
    SLICE_X46Y90         CARRY4 (Prop_carry4_CI_CO[3])
                                                      0.117    75.783 r  U_timer/timer_cnt_reg[31]_i_459/CO[3]
                         net (fo=1, routed)           0.000    75.783    U_timer/timer_cnt_reg[31]_i_459_n_0
    SLICE_X46Y91         CARRY4 (Prop_carry4_CI_CO[3])
                                                      0.117    75.900 r  U_timer/timer_cnt_reg[31]_i_285/CO[3]
                         net (fo=1, routed)           0.000    75.900    U_timer/timer_cnt_reg[31]_i_285_n_0
    SLICE_X46Y92         CARRY4 (Prop_carry4_CI_CO[3])
                                                      0.117    76.017 r  U_timer/timer_cnt_reg[31]_i_130/CO[3]
                         net (fo=1, routed)           0.000    76.017    U_timer/timer_cnt_reg[31]_i_130_n_0
    SLICE_X46Y93         CARRY4 (Prop_carry4_CI_CO[1])
                                                      0.157    76.174 r  U_timer/timer_cnt_reg[31]_i_55/CO[1]
                         net (fo=37, routed)          1.066    77.240    U_timer/freq_div_reg[31]_50[0]
    SLICE_X45Y85         LUT2 (Prop_lut2_I1_O)        0.332    77.572 r  U_timer/timer_cnt[31]_i_1346/O
                         net (fo=1, routed)           0.000    77.572    U_timer/timer_cnt[31]_i_1346_n_0
    SLICE_X45Y85         CARRY4 (Prop_carry4_S[1]_CO[3])
                                                      0.550    78.122 r  U_timer/timer_cnt_reg[31]_i_1325/CO[3]
                         net (fo=1, routed)           0.000    78.122    U_timer/timer_cnt_reg[31]_i_1325_n_0
    SLICE_X45Y86         CARRY4 (Prop_carry4_CI_CO[3])
                                                      0.114    78.236 r  U_timer/timer_cnt_reg[31]_i_1234/CO[3]
                         net (fo=1, routed)           0.000    78.236    U_timer/timer_cnt_reg[31]_i_1234_n_0
    SLICE_X45Y87         CARRY4 (Prop_carry4_CI_CO[3])
                                                      0.114    78.350 r  U_timer/timer_cnt_reg[31]_i_1091/CO[3]
                         net (fo=1, routed)           0.000    78.350    U_timer/timer_cnt_reg[31]_i_1091_n_0
    SLICE_X45Y88         CARRY4 (Prop_carry4_CI_CO[3])
                                                      0.114    78.464 r  U_timer/timer_cnt_reg[31]_i_937/CO[3]
                         net (fo=1, routed)           0.000    78.464    U_timer/timer_cnt_reg[31]_i_937_n_0
    SLICE_X45Y89         CARRY4 (Prop_carry4_CI_CO[3])
                                                      0.114    78.578 r  U_timer/timer_cnt_reg[31]_i_783/CO[3]
                         net (fo=1, routed)           0.000    78.578    U_timer/timer_cnt_reg[31]_i_783_n_0
    SLICE_X45Y90         CARRY4 (Prop_carry4_CI_CO[3])
                                                      0.114    78.692 r  U_timer/timer_cnt_reg[31]_i_629/CO[3]
                         net (fo=1, routed)           0.000    78.692    U_timer/timer_cnt_reg[31]_i_629_n_0
    SLICE_X45Y91         CARRY4 (Prop_carry4_CI_CO[3])
                                                      0.114    78.806 r  U_timer/timer_cnt_reg[31]_i_475/CO[3]
                         net (fo=1, routed)           0.000    78.806    U_timer/timer_cnt_reg[31]_i_475_n_0
    SLICE_X45Y92         CARRY4 (Prop_carry4_CI_CO[3])
                                                      0.114    78.920 r  U_timer/timer_cnt_reg[31]_i_297/CO[3]
                         net (fo=1, routed)           0.000    78.920    U_timer/timer_cnt_reg[31]_i_297_n_0
    SLICE_X45Y93         CARRY4 (Prop_carry4_CI_CO[1])
                                                      0.157    79.077 r  U_timer/timer_cnt_reg[31]_i_135/CO[1]
                         net (fo=37, routed)          0.917    79.994    U_timer/freq_div_reg[31]_52[0]
    SLICE_X44Y86         LUT2 (Prop_lut2_I1_O)        0.329    80.323 r  U_timer/timer_cnt[31]_i_1342/O
                         net (fo=1, routed)           0.000    80.323    U_timer/timer_cnt[31]_i_1342_n_0
    SLICE_X44Y86         CARRY4 (Prop_carry4_S[1]_CO[3])
                                                      0.550    80.873 r  U_timer/timer_cnt_reg[31]_i_1324/CO[3]
                         net (fo=1, routed)           0.000    80.873    U_timer/timer_cnt_reg[31]_i_1324_n_0
    SLICE_X44Y87         CARRY4 (Prop_carry4_CI_CO[3])
                                                      0.114    80.987 r  U_timer/timer_cnt_reg[31]_i_1233/CO[3]
                         net (fo=1, routed)           0.000    80.987    U_timer/timer_cnt_reg[31]_i_1233_n_0
    SLICE_X44Y88         CARRY4 (Prop_carry4_CI_CO[3])
                                                      0.114    81.101 r  U_timer/timer_cnt_reg[31]_i_1090/CO[3]
                         net (fo=1, routed)           0.000    81.101    U_timer/timer_cnt_reg[31]_i_1090_n_0
    SLICE_X44Y89         CARRY4 (Prop_carry4_CI_CO[3])
                                                      0.114    81.215 r  U_timer/timer_cnt_reg[31]_i_936/CO[3]
                         net (fo=1, routed)           0.000    81.215    U_timer/timer_cnt_reg[31]_i_936_n_0
    SLICE_X44Y90         CARRY4 (Prop_carry4_CI_CO[3])
                                                      0.114    81.329 r  U_timer/timer_cnt_reg[31]_i_782/CO[3]
                         net (fo=1, routed)           0.000    81.329    U_timer/timer_cnt_reg[31]_i_782_n_0
    SLICE_X44Y91         CARRY4 (Prop_carry4_CI_CO[3])
                                                      0.114    81.443 r  U_timer/timer_cnt_reg[31]_i_628/CO[3]
                         net (fo=1, routed)           0.000    81.443    U_timer/timer_cnt_reg[31]_i_628_n_0
    SLICE_X44Y92         CARRY4 (Prop_carry4_CI_CO[3])
                                                      0.114    81.557 r  U_timer/timer_cnt_reg[31]_i_474/CO[3]
                         net (fo=1, routed)           0.000    81.557    U_timer/timer_cnt_reg[31]_i_474_n_0
    SLICE_X44Y93         CARRY4 (Prop_carry4_CI_CO[3])
                                                      0.114    81.671 r  U_timer/timer_cnt_reg[31]_i_296/CO[3]
                         net (fo=1, routed)           0.000    81.671    U_timer/timer_cnt_reg[31]_i_296_n_0
    SLICE_X44Y94         CARRY4 (Prop_carry4_CI_CO[1])
                                                      0.157    81.828 r  U_timer/timer_cnt_reg[31]_i_134/CO[1]
                         net (fo=37, routed)          1.042    82.869    U_timer/freq_div_reg[31]_54[0]
    SLICE_X43Y86         LUT2 (Prop_lut2_I1_O)        0.329    83.198 r  U_timer/timer_cnt[31]_i_1338/O
                         net (fo=1, routed)           0.000    83.198    U_timer/timer_cnt[31]_i_1338_n_0
    SLICE_X43Y86         CARRY4 (Prop_carry4_S[0]_CO[3])
                                                      0.532    83.730 r  U_timer/timer_cnt_reg[31]_i_1243/CO[3]
                         net (fo=1, routed)           0.000    83.730    U_timer/timer_cnt_reg[31]_i_1243_n_0
    SLICE_X43Y87         CARRY4 (Prop_carry4_CI_CO[3])
                                                      0.114    83.844 r  U_timer/timer_cnt_reg[31]_i_1100/CO[3]
                         net (fo=1, routed)           0.000    83.844    U_timer/timer_cnt_reg[31]_i_1100_n_0
    SLICE_X43Y88         CARRY4 (Prop_carry4_CI_CO[3])
                                                      0.114    83.958 r  U_timer/timer_cnt_reg[31]_i_946/CO[3]
                         net (fo=1, routed)           0.000    83.958    U_timer/timer_cnt_reg[31]_i_946_n_0
    SLICE_X43Y89         CARRY4 (Prop_carry4_CI_CO[3])
                                                      0.114    84.072 r  U_timer/timer_cnt_reg[31]_i_792/CO[3]
                         net (fo=1, routed)           0.000    84.072    U_timer/timer_cnt_reg[31]_i_792_n_0
    SLICE_X43Y90         CARRY4 (Prop_carry4_CI_CO[3])
                                                      0.114    84.186 r  U_timer/timer_cnt_reg[31]_i_638/CO[3]
                         net (fo=1, routed)           0.000    84.186    U_timer/timer_cnt_reg[31]_i_638_n_0
    SLICE_X43Y91         CARRY4 (Prop_carry4_CI_CO[3])
                                                      0.114    84.300 r  U_timer/timer_cnt_reg[31]_i_484/CO[3]
                         net (fo=1, routed)           0.000    84.300    U_timer/timer_cnt_reg[31]_i_484_n_0
    SLICE_X43Y92         CARRY4 (Prop_carry4_CI_CO[3])
                                                      0.114    84.414 r  U_timer/timer_cnt_reg[31]_i_302/CO[3]
                         net (fo=1, routed)           0.000    84.414    U_timer/timer_cnt_reg[31]_i_302_n_0
    SLICE_X43Y93         CARRY4 (Prop_carry4_CI_CO[3])
                                                      0.114    84.528 r  U_timer/timer_cnt_reg[31]_i_136/CO[3]
                         net (fo=1, routed)           0.000    84.528    U_timer/timer_cnt_reg[31]_i_136_n_0
    SLICE_X43Y94         CARRY4 (Prop_carry4_CI_CO[0])
                                                      0.271    84.799 r  U_timer/timer_cnt_reg[31]_i_57/CO[0]
                         net (fo=1, routed)           0.307    85.106    U_timer/timer_cnt_reg[31]_i_57_n_3
    SLICE_X45Y95         LUT4 (Prop_lut4_I3_O)        0.373    85.479 r  U_timer/timer_cnt[31]_i_25/O
                         net (fo=1, routed)           0.000    85.479    U_timer/timer_cnt[31]_i_25_n_0
    SLICE_X45Y95         CARRY4 (Prop_carry4_S[0]_CO[3])
                                                      0.532    86.011 r  U_timer/timer_cnt_reg[31]_i_12/CO[3]
                         net (fo=1, routed)           0.000    86.011    U_timer/timer_cnt_reg[31]_i_12_n_0
    SLICE_X45Y96         CARRY4 (Prop_carry4_CI_CO[3])
                                                      0.114    86.125 r  U_timer/timer_cnt_reg[31]_i_8/CO[3]
                         net (fo=1, routed)           0.000    86.125    U_timer/timer_cnt_reg[31]_i_8_n_0
    SLICE_X45Y97         CARRY4 (Prop_carry4_CI_CO[2])
                                                      0.228    86.353 f  U_timer/timer_cnt_reg[31]_i_3/CO[2]
                         net (fo=34, routed)          0.859    87.213    U_timer/cnt_reg[31]_0[0]
    SLICE_X47Y92         LUT2 (Prop_lut2_I1_O)        0.313    87.526 r  U_timer/cnt[0]_i_6/O
                         net (fo=1, routed)           0.000    87.526    U_timer/cnt[0]_i_6_n_0
    SLICE_X47Y92         CARRY4 (Prop_carry4_S[1]_CO[3])
                                                      0.550    88.076 r  U_timer/cnt_reg[0]_i_2/CO[3]
                         net (fo=1, routed)           0.000    88.076    U_timer/cnt_reg[0]_i_2_n_0
    SLICE_X47Y93         CARRY4 (Prop_carry4_CI_CO[3])
                                                      0.114    88.190 r  U_timer/cnt_reg[4]_i_1/CO[3]
                         net (fo=1, routed)           0.000    88.190    U_timer/cnt_reg[4]_i_1_n_0
    SLICE_X47Y94         CARRY4 (Prop_carry4_CI_CO[3])
                                                      0.114    88.304 r  U_timer/cnt_reg[8]_i_1/CO[3]
                         net (fo=1, routed)           0.000    88.304    U_timer/cnt_reg[8]_i_1_n_0
    SLICE_X47Y95         CARRY4 (Prop_carry4_CI_CO[3])
                                                      0.114    88.418 r  U_timer/cnt_reg[12]_i_1/CO[3]
                         net (fo=1, routed)           0.000    88.418    U_timer/cnt_reg[12]_i_1_n_0
    SLICE_X47Y96         CARRY4 (Prop_carry4_CI_CO[3])
                                                      0.114    88.532 r  U_timer/cnt_reg[16]_i_1/CO[3]
                         net (fo=1, routed)           0.000    88.532    U_timer/cnt_reg[16]_i_1_n_0
    SLICE_X47Y97         CARRY4 (Prop_carry4_CI_CO[3])
                                                      0.114    88.646 r  U_timer/cnt_reg[20]_i_1/CO[3]
                         net (fo=1, routed)           0.000    88.646    U_timer/cnt_reg[20]_i_1_n_0
    SLICE_X47Y98         CARRY4 (Prop_carry4_CI_O[3])
                                                      0.313    88.959 r  U_timer/cnt_reg[24]_i_1/O[3]
                         net (fo=1, routed)           0.000    88.959    U_timer/cnt_reg[24]_i_1_n_4
    SLICE_X47Y98         FDCE                                         r  U_timer/cnt_reg[27]/D
  -------------------------------------------------------------------    -------------------

                         (clock clk_out1_cpuclk rise edge)
                                                     40.000    40.000 r  
    Y18                                               0.000    40.000 r  fpga_clk (IN)
                         net (fo=0)                   0.000    40.000    Clkgen/inst/clk_in1
    Y18                  IBUF (Prop_ibuf_I_O)         1.474    41.474 r  Clkgen/inst/clkin1_ibufg/O
                         net (fo=1, routed)           1.181    42.655    Clkgen/inst/clk_in1_cpuclk
    PLLE2_ADV_X0Y1       PLLE2_ADV (Prop_plle2_adv_CLKIN1_CLKOUT0)
                                                     -7.855    34.800 r  Clkgen/inst/plle2_adv_inst/CLKOUT0
                         net (fo=1, routed)           1.625    36.425    Clkgen/inst/clk_out1_cpuclk
    BUFGCTRL_X0Y2        BUFG (Prop_bufg_I_O)         0.091    36.516 r  Clkgen/inst/clkout1_buf/O
                         net (fo=1, routed)           1.895    38.411    pll_clk
    SLICE_X52Y96         LUT2 (Prop_lut2_I0_O)        0.100    38.511 r  cpu_clk_BUFG_inst_i_1/O
                         net (fo=1, routed)           0.511    39.023    cpu_clk
    BUFGCTRL_X0Y0        BUFG (Prop_bufg_I_O)         0.091    39.114 r  cpu_clk_BUFG_inst/O
                         net (fo=8506, routed)        1.511    40.625    U_timer/cpu_clk_BUFG
    SLICE_X47Y98         FDCE                                         r  U_timer/cnt_reg[27]/C
                         clock pessimism             -0.195    40.431    
                         clock uncertainty           -0.180    40.251    
    SLICE_X47Y98         FDCE (Setup_fdce_C_D)        0.062    40.313    U_timer/cnt_reg[27]
  -------------------------------------------------------------------
                         required time                         40.313    
                         arrival time                         -88.959    
  -------------------------------------------------------------------
                         slack                                -48.646    

Slack (VIOLATED) :        -48.572ns  (required time - arrival time)
  Source:                 U_timer/freq_div_reg[1]/C
                            (rising edge-triggered cell FDCE clocked by clk_out1_cpuclk  {rise@0.000ns fall@20.000ns period=40.000ns})
  Destination:            U_timer/cnt_reg[26]/D
                            (rising edge-triggered cell FDCE clocked by clk_out1_cpuclk  {rise@0.000ns fall@20.000ns period=40.000ns})
  Path Group:             clk_out1_cpuclk
  Path Type:              Setup (Max at Slow Process Corner)
  Requirement:            40.000ns  (clk_out1_cpuclk rise@40.000ns - clk_out1_cpuclk rise@0.000ns)
  Data Path Delay:        88.355ns  (logic 58.216ns (65.889%)  route 30.139ns (34.111%))
  Logic Levels:           309  (CARRY4=279 LUT1=1 LUT2=27 LUT3=1 LUT4=1)
  Clock Path Skew:        -0.099ns (DCD - SCD + CPR)
    Destination Clock Delay (DCD):    0.625ns = ( 40.625 - 40.000 ) 
    Source Clock Delay      (SCD):    0.530ns
    Clock Pessimism Removal (CPR):    -0.195ns
  Clock Uncertainty:      0.180ns  ((TSJ^2 + DJ^2)^1/2) / 2 + PE
    Total System Jitter     (TSJ):    0.071ns
    Discrete Jitter          (DJ):    0.352ns
    Phase Error              (PE):    0.000ns

    Location             Delay type                Incr(ns)  Path(ns)    Netlist Resource(s)
  -------------------------------------------------------------------    -------------------
                         (clock clk_out1_cpuclk rise edge)
                                                      0.000     0.000 r  
    Y18                                               0.000     0.000 r  fpga_clk (IN)
                         net (fo=0)                   0.000     0.000    Clkgen/inst/clk_in1
    Y18                  IBUF (Prop_ibuf_I_O)         1.545     1.545 r  Clkgen/inst/clkin1_ibufg/O
                         net (fo=1, routed)           1.253     2.798    Clkgen/inst/clk_in1_cpuclk
    PLLE2_ADV_X0Y1       PLLE2_ADV (Prop_plle2_adv_CLKIN1_CLKOUT0)
                                                     -8.590    -5.792 r  Clkgen/inst/plle2_adv_inst/CLKOUT0
                         net (fo=1, routed)           1.704    -4.087    Clkgen/inst/clk_out1_cpuclk
    BUFGCTRL_X0Y2        BUFG (Prop_bufg_I_O)         0.096    -3.991 r  Clkgen/inst/clkout1_buf/O
                         net (fo=1, routed)           2.115    -1.876    pll_clk
    SLICE_X52Y96         LUT2 (Prop_lut2_I0_O)        0.124    -1.752 r  cpu_clk_BUFG_inst_i_1/O
                         net (fo=1, routed)           0.567    -1.185    cpu_clk
    BUFGCTRL_X0Y0        BUFG (Prop_bufg_I_O)         0.096    -1.089 r  cpu_clk_BUFG_inst/O
                         net (fo=8506, routed)        1.618     0.530    U_timer/cpu_clk_BUFG
    SLICE_X55Y63         FDCE                                         r  U_timer/freq_div_reg[1]/C
  -------------------------------------------------------------------    -------------------
    SLICE_X55Y63         FDCE (Prop_fdce_C_Q)         0.456     0.986 f  U_timer/freq_div_reg[1]/Q
                         net (fo=32, routed)          0.449     1.435    U_timer/freq_div_reg_n_0_[1]
    SLICE_X53Y63         LUT1 (Prop_lut1_I0_O)        0.124     1.559 r  U_timer/timer_cnt[31]_i_1177/O
                         net (fo=1, routed)           0.000     1.559    U_timer/timer_cnt[31]_i_1177_n_0
    SLICE_X53Y63         CARRY4 (Prop_carry4_S[1]_CO[3])
                                                      0.550     2.109 r  U_timer/timer_cnt_reg[31]_i_1017/CO[3]
                         net (fo=1, routed)           0.000     2.109    U_timer/timer_cnt_reg[31]_i_1017_n_0
    SLICE_X53Y64         CARRY4 (Prop_carry4_CI_CO[3])
                                                      0.114     2.223 r  U_timer/timer_cnt_reg[31]_i_863/CO[3]
                         net (fo=1, routed)           0.000     2.223    U_timer/timer_cnt_reg[31]_i_863_n_0
    SLICE_X53Y65         CARRY4 (Prop_carry4_CI_CO[3])
                                                      0.114     2.337 r  U_timer/timer_cnt_reg[31]_i_709/CO[3]
                         net (fo=1, routed)           0.000     2.337    U_timer/timer_cnt_reg[31]_i_709_n_0
    SLICE_X53Y66         CARRY4 (Prop_carry4_CI_CO[3])
                                                      0.114     2.451 r  U_timer/timer_cnt_reg[31]_i_555/CO[3]
                         net (fo=1, routed)           0.000     2.451    U_timer/timer_cnt_reg[31]_i_555_n_0
    SLICE_X53Y67         CARRY4 (Prop_carry4_CI_CO[3])
                                                      0.114     2.565 r  U_timer/timer_cnt_reg[31]_i_389/CO[3]
                         net (fo=1, routed)           0.000     2.565    U_timer/timer_cnt_reg[31]_i_389_n_0
    SLICE_X53Y68         CARRY4 (Prop_carry4_CI_CO[3])
                                                      0.114     2.679 r  U_timer/timer_cnt_reg[31]_i_216/CO[3]
                         net (fo=1, routed)           0.000     2.679    U_timer/timer_cnt_reg[31]_i_216_n_0
    SLICE_X53Y69         CARRY4 (Prop_carry4_CI_CO[3])
                                                      0.114     2.793 r  U_timer/timer_cnt_reg[31]_i_95/CO[3]
                         net (fo=1, routed)           0.000     2.793    U_timer/timer_cnt_reg[31]_i_95_n_0
    SLICE_X53Y70         CARRY4 (Prop_carry4_CI_CO[3])
                                                      0.114     2.907 r  U_timer/timer_cnt_reg[31]_i_82/CO[3]
                         net (fo=1, routed)           0.000     2.907    U_timer/timer_cnt_reg[31]_i_82_n_0
    SLICE_X53Y71         CARRY4 (Prop_carry4_CI_CO[0])
                                                      0.271     3.178 r  U_timer/timer_cnt_reg[31]_i_35/CO[0]
                         net (fo=36, routed)          0.951     4.129    U_timer/CO[0]
    SLICE_X54Y67         CARRY4 (Prop_carry4_CYINIT_CO[3])
                                                      0.844     4.973 r  U_timer/timer_cnt_reg[31]_i_1012/CO[3]
                         net (fo=1, routed)           0.000     4.973    U_timer/timer_cnt_reg[31]_i_1012_n_0
    SLICE_X54Y68         CARRY4 (Prop_carry4_CI_CO[3])
                                                      0.117     5.090 r  U_timer/timer_cnt_reg[31]_i_858/CO[3]
                         net (fo=1, routed)           0.000     5.090    U_timer/timer_cnt_reg[31]_i_858_n_0
    SLICE_X54Y69         CARRY4 (Prop_carry4_CI_CO[3])
                                                      0.117     5.207 r  U_timer/timer_cnt_reg[31]_i_704/CO[3]
                         net (fo=1, routed)           0.000     5.207    U_timer/timer_cnt_reg[31]_i_704_n_0
    SLICE_X54Y70         CARRY4 (Prop_carry4_CI_CO[3])
                                                      0.117     5.324 r  U_timer/timer_cnt_reg[31]_i_550/CO[3]
                         net (fo=1, routed)           0.000     5.324    U_timer/timer_cnt_reg[31]_i_550_n_0
    SLICE_X54Y71         CARRY4 (Prop_carry4_CI_CO[3])
                                                      0.117     5.441 r  U_timer/timer_cnt_reg[31]_i_384/CO[3]
                         net (fo=1, routed)           0.000     5.441    U_timer/timer_cnt_reg[31]_i_384_n_0
    SLICE_X54Y72         CARRY4 (Prop_carry4_CI_CO[3])
                                                      0.117     5.558 r  U_timer/timer_cnt_reg[31]_i_211/CO[3]
                         net (fo=1, routed)           0.000     5.558    U_timer/timer_cnt_reg[31]_i_211_n_0
    SLICE_X54Y73         CARRY4 (Prop_carry4_CI_CO[3])
                                                      0.117     5.675 r  U_timer/timer_cnt_reg[31]_i_90/CO[3]
                         net (fo=1, routed)           0.000     5.675    U_timer/timer_cnt_reg[31]_i_90_n_0
    SLICE_X54Y74         CARRY4 (Prop_carry4_CI_CO[3])
                                                      0.117     5.792 r  U_timer/timer_cnt_reg[31]_i_41/CO[3]
                         net (fo=1, routed)           0.009     5.801    U_timer/timer_cnt_reg[31]_i_41_n_0
    SLICE_X54Y75         CARRY4 (Prop_carry4_CI_CO[1])
                                                      0.157     5.958 r  U_timer/timer_cnt_reg[31]_i_34/CO[1]
                         net (fo=36, routed)          1.178     7.136    U_timer/freq_div_reg[31]_0[0]
    SLICE_X55Y68         LUT3 (Prop_lut3_I0_O)        0.332     7.468 r  U_timer/timer_cnt[31]_i_1015/O
                         net (fo=1, routed)           0.000     7.468    U_timer/timer_cnt[31]_i_1015_n_0
    SLICE_X55Y68         CARRY4 (Prop_carry4_S[1]_CO[3])
                                                      0.550     8.018 r  U_timer/timer_cnt_reg[31]_i_857/CO[3]
                         net (fo=1, routed)           0.000     8.018    U_timer/timer_cnt_reg[31]_i_857_n_0
    SLICE_X55Y69         CARRY4 (Prop_carry4_CI_CO[3])
                                                      0.114     8.132 r  U_timer/timer_cnt_reg[31]_i_703/CO[3]
                         net (fo=1, routed)           0.000     8.132    U_timer/timer_cnt_reg[31]_i_703_n_0
    SLICE_X55Y70         CARRY4 (Prop_carry4_CI_CO[3])
                                                      0.114     8.246 r  U_timer/timer_cnt_reg[31]_i_549/CO[3]
                         net (fo=1, routed)           0.000     8.246    U_timer/timer_cnt_reg[31]_i_549_n_0
    SLICE_X55Y71         CARRY4 (Prop_carry4_CI_CO[3])
                                                      0.114     8.360 r  U_timer/timer_cnt_reg[31]_i_383/CO[3]
                         net (fo=1, routed)           0.000     8.360    U_timer/timer_cnt_reg[31]_i_383_n_0
    SLICE_X55Y72         CARRY4 (Prop_carry4_CI_CO[3])
                                                      0.114     8.474 r  U_timer/timer_cnt_reg[31]_i_210/CO[3]
                         net (fo=1, routed)           0.000     8.474    U_timer/timer_cnt_reg[31]_i_210_n_0
    SLICE_X55Y73         CARRY4 (Prop_carry4_CI_CO[3])
                                                      0.114     8.588 r  U_timer/timer_cnt_reg[31]_i_89/CO[3]
                         net (fo=1, routed)           0.000     8.588    U_timer/timer_cnt_reg[31]_i_89_n_0
    SLICE_X55Y74         CARRY4 (Prop_carry4_CI_CO[3])
                                                      0.114     8.702 r  U_timer/timer_cnt_reg[31]_i_40/CO[3]
                         net (fo=1, routed)           0.009     8.711    U_timer/timer_cnt_reg[31]_i_40_n_0
    SLICE_X55Y75         CARRY4 (Prop_carry4_CI_CO[1])
                                                      0.157     8.868 r  U_timer/timer_cnt_reg[31]_i_19/CO[1]
                         net (fo=37, routed)          0.953     9.821    U_timer/freq_div_reg[31]_2[0]
    SLICE_X52Y66         LUT2 (Prop_lut2_I1_O)        0.329    10.150 r  U_timer/timer_cnt[31]_i_1187/O
                         net (fo=1, routed)           0.000    10.150    U_timer/timer_cnt[31]_i_1187_n_0
    SLICE_X52Y66         CARRY4 (Prop_carry4_S[1]_CO[3])
                                                      0.550    10.700 r  U_timer/timer_cnt_reg[31]_i_1036/CO[3]
                         net (fo=1, routed)           0.000    10.700    U_timer/timer_cnt_reg[31]_i_1036_n_0
    SLICE_X52Y67         CARRY4 (Prop_carry4_CI_CO[3])
                                                      0.114    10.814 r  U_timer/timer_cnt_reg[31]_i_882/CO[3]
                         net (fo=1, routed)           0.000    10.814    U_timer/timer_cnt_reg[31]_i_882_n_0
    SLICE_X52Y68         CARRY4 (Prop_carry4_CI_CO[3])
                                                      0.114    10.928 r  U_timer/timer_cnt_reg[31]_i_728/CO[3]
                         net (fo=1, routed)           0.000    10.928    U_timer/timer_cnt_reg[31]_i_728_n_0
    SLICE_X52Y69         CARRY4 (Prop_carry4_CI_CO[3])
                                                      0.114    11.042 r  U_timer/timer_cnt_reg[31]_i_574/CO[3]
                         net (fo=1, routed)           0.000    11.042    U_timer/timer_cnt_reg[31]_i_574_n_0
    SLICE_X52Y70         CARRY4 (Prop_carry4_CI_CO[3])
                                                      0.114    11.156 r  U_timer/timer_cnt_reg[31]_i_408/CO[3]
                         net (fo=1, routed)           0.000    11.156    U_timer/timer_cnt_reg[31]_i_408_n_0
    SLICE_X52Y71         CARRY4 (Prop_carry4_CI_CO[3])
                                                      0.114    11.270 r  U_timer/timer_cnt_reg[31]_i_239/CO[3]
                         net (fo=1, routed)           0.000    11.270    U_timer/timer_cnt_reg[31]_i_239_n_0
    SLICE_X52Y72         CARRY4 (Prop_carry4_CI_CO[3])
                                                      0.114    11.384 r  U_timer/timer_cnt_reg[31]_i_111/CO[3]
                         net (fo=1, routed)           0.000    11.384    U_timer/timer_cnt_reg[31]_i_111_n_0
    SLICE_X52Y73         CARRY4 (Prop_carry4_CI_CO[3])
                                                      0.114    11.498 r  U_timer/timer_cnt_reg[31]_i_100/CO[3]
                         net (fo=1, routed)           0.000    11.498    U_timer/timer_cnt_reg[31]_i_100_n_0
    SLICE_X52Y74         CARRY4 (Prop_carry4_CI_CO[1])
                                                      0.157    11.655 r  U_timer/timer_cnt_reg[31]_i_45/CO[1]
                         net (fo=36, routed)          1.050    12.705    U_timer/freq_div_reg[31]_4[0]
    SLICE_X48Y65         LUT2 (Prop_lut2_I1_O)        0.329    13.034 r  U_timer/timer_cnt[31]_i_1183/O
                         net (fo=1, routed)           0.000    13.034    U_timer/timer_cnt[31]_i_1183_n_0
    SLICE_X48Y65         CARRY4 (Prop_carry4_S[1]_CO[3])
                                                      0.550    13.584 r  U_timer/timer_cnt_reg[31]_i_1031/CO[3]
                         net (fo=1, routed)           0.000    13.584    U_timer/timer_cnt_reg[31]_i_1031_n_0
    SLICE_X48Y66         CARRY4 (Prop_carry4_CI_CO[3])
                                                      0.114    13.698 r  U_timer/timer_cnt_reg[31]_i_877/CO[3]
                         net (fo=1, routed)           0.000    13.698    U_timer/timer_cnt_reg[31]_i_877_n_0
    SLICE_X48Y67         CARRY4 (Prop_carry4_CI_CO[3])
                                                      0.114    13.812 r  U_timer/timer_cnt_reg[31]_i_723/CO[3]
                         net (fo=1, routed)           0.000    13.812    U_timer/timer_cnt_reg[31]_i_723_n_0
    SLICE_X48Y68         CARRY4 (Prop_carry4_CI_CO[3])
                                                      0.114    13.926 r  U_timer/timer_cnt_reg[31]_i_569/CO[3]
                         net (fo=1, routed)           0.000    13.926    U_timer/timer_cnt_reg[31]_i_569_n_0
    SLICE_X48Y69         CARRY4 (Prop_carry4_CI_CO[3])
                                                      0.114    14.040 r  U_timer/timer_cnt_reg[31]_i_403/CO[3]
                         net (fo=1, routed)           0.000    14.040    U_timer/timer_cnt_reg[31]_i_403_n_0
    SLICE_X48Y70         CARRY4 (Prop_carry4_CI_CO[3])
                                                      0.114    14.154 r  U_timer/timer_cnt_reg[31]_i_234/CO[3]
                         net (fo=1, routed)           0.000    14.154    U_timer/timer_cnt_reg[31]_i_234_n_0
    SLICE_X48Y71         CARRY4 (Prop_carry4_CI_CO[3])
                                                      0.114    14.268 r  U_timer/timer_cnt_reg[31]_i_106/CO[3]
                         net (fo=1, routed)           0.000    14.268    U_timer/timer_cnt_reg[31]_i_106_n_0
    SLICE_X48Y72         CARRY4 (Prop_carry4_CI_CO[3])
                                                      0.114    14.382 r  U_timer/timer_cnt_reg[31]_i_47/CO[3]
                         net (fo=1, routed)           0.000    14.382    U_timer/timer_cnt_reg[31]_i_47_n_0
    SLICE_X48Y73         CARRY4 (Prop_carry4_CI_CO[1])
                                                      0.157    14.539 r  U_timer/timer_cnt_reg[31]_i_44/CO[1]
                         net (fo=36, routed)          0.901    15.440    U_timer/freq_div_reg[31]_6[0]
    SLICE_X49Y64         LUT2 (Prop_lut2_I1_O)        0.329    15.769 r  U_timer/timer_cnt[31]_i_1180/O
                         net (fo=1, routed)           0.000    15.769    U_timer/timer_cnt[31]_i_1180_n_0
    SLICE_X49Y64         CARRY4 (Prop_carry4_S[1]_CO[3])
                                                      0.550    16.319 r  U_timer/timer_cnt_reg[31]_i_1030/CO[3]
                         net (fo=1, routed)           0.000    16.319    U_timer/timer_cnt_reg[31]_i_1030_n_0
    SLICE_X49Y65         CARRY4 (Prop_carry4_CI_CO[3])
                                                      0.114    16.433 r  U_timer/timer_cnt_reg[31]_i_876/CO[3]
                         net (fo=1, routed)           0.000    16.433    U_timer/timer_cnt_reg[31]_i_876_n_0
    SLICE_X49Y66         CARRY4 (Prop_carry4_CI_CO[3])
                                                      0.114    16.547 r  U_timer/timer_cnt_reg[31]_i_722/CO[3]
                         net (fo=1, routed)           0.000    16.547    U_timer/timer_cnt_reg[31]_i_722_n_0
    SLICE_X49Y67         CARRY4 (Prop_carry4_CI_CO[3])
                                                      0.114    16.661 r  U_timer/timer_cnt_reg[31]_i_568/CO[3]
                         net (fo=1, routed)           0.000    16.661    U_timer/timer_cnt_reg[31]_i_568_n_0
    SLICE_X49Y68         CARRY4 (Prop_carry4_CI_CO[3])
                                                      0.114    16.775 r  U_timer/timer_cnt_reg[31]_i_402/CO[3]
                         net (fo=1, routed)           0.000    16.775    U_timer/timer_cnt_reg[31]_i_402_n_0
    SLICE_X49Y69         CARRY4 (Prop_carry4_CI_CO[3])
                                                      0.114    16.889 r  U_timer/timer_cnt_reg[31]_i_233/CO[3]
                         net (fo=1, routed)           0.000    16.889    U_timer/timer_cnt_reg[31]_i_233_n_0
    SLICE_X49Y70         CARRY4 (Prop_carry4_CI_CO[3])
                                                      0.114    17.003 r  U_timer/timer_cnt_reg[31]_i_105/CO[3]
                         net (fo=1, routed)           0.000    17.003    U_timer/timer_cnt_reg[31]_i_105_n_0
    SLICE_X49Y71         CARRY4 (Prop_carry4_CI_CO[3])
                                                      0.114    17.117 r  U_timer/timer_cnt_reg[31]_i_46/CO[3]
                         net (fo=1, routed)           0.000    17.117    U_timer/timer_cnt_reg[31]_i_46_n_0
    SLICE_X49Y72         CARRY4 (Prop_carry4_CI_CO[1])
                                                      0.157    17.274 r  U_timer/timer_cnt_reg[31]_i_21/CO[1]
                         net (fo=36, routed)          0.887    18.161    U_timer/freq_div_reg[31]_8[0]
    SLICE_X47Y64         LUT2 (Prop_lut2_I1_O)        0.329    18.490 r  U_timer/timer_cnt[31]_i_1258/O
                         net (fo=1, routed)           0.000    18.490    U_timer/timer_cnt[31]_i_1258_n_0
    SLICE_X47Y64         CARRY4 (Prop_carry4_S[1]_CO[3])
                                                      0.550    19.040 r  U_timer/timer_cnt_reg[31]_i_1111/CO[3]
                         net (fo=1, routed)           0.000    19.040    U_timer/timer_cnt_reg[31]_i_1111_n_0
    SLICE_X47Y65         CARRY4 (Prop_carry4_CI_CO[3])
                                                      0.114    19.154 r  U_timer/timer_cnt_reg[31]_i_957/CO[3]
                         net (fo=1, routed)           0.000    19.154    U_timer/timer_cnt_reg[31]_i_957_n_0
    SLICE_X47Y66         CARRY4 (Prop_carry4_CI_CO[3])
                                                      0.114    19.268 r  U_timer/timer_cnt_reg[31]_i_803/CO[3]
                         net (fo=1, routed)           0.000    19.268    U_timer/timer_cnt_reg[31]_i_803_n_0
    SLICE_X47Y67         CARRY4 (Prop_carry4_CI_CO[3])
                                                      0.114    19.382 r  U_timer/timer_cnt_reg[31]_i_649/CO[3]
                         net (fo=1, routed)           0.000    19.382    U_timer/timer_cnt_reg[31]_i_649_n_0
    SLICE_X47Y68         CARRY4 (Prop_carry4_CI_CO[3])
                                                      0.114    19.496 r  U_timer/timer_cnt_reg[31]_i_495/CO[3]
                         net (fo=1, routed)           0.000    19.496    U_timer/timer_cnt_reg[31]_i_495_n_0
    SLICE_X47Y69         CARRY4 (Prop_carry4_CI_CO[3])
                                                      0.114    19.610 r  U_timer/timer_cnt_reg[31]_i_317/CO[3]
                         net (fo=1, routed)           0.000    19.610    U_timer/timer_cnt_reg[31]_i_317_n_0
    SLICE_X47Y70         CARRY4 (Prop_carry4_CI_CO[3])
                                                      0.114    19.724 r  U_timer/timer_cnt_reg[31]_i_149/CO[3]
                         net (fo=1, routed)           0.000    19.724    U_timer/timer_cnt_reg[31]_i_149_n_0
    SLICE_X47Y71         CARRY4 (Prop_carry4_CI_CO[3])
                                                      0.114    19.838 r  U_timer/timer_cnt_reg[31]_i_138/CO[3]
                         net (fo=1, routed)           0.000    19.838    U_timer/timer_cnt_reg[31]_i_138_n_0
    SLICE_X47Y72         CARRY4 (Prop_carry4_CI_CO[1])
                                                      0.157    19.995 r  U_timer/timer_cnt_reg[31]_i_59/CO[1]
                         net (fo=37, routed)          1.015    21.011    U_timer/freq_div_reg[31]_10[0]
    SLICE_X46Y67         LUT2 (Prop_lut2_I1_O)        0.329    21.340 r  U_timer/timer_cnt[31]_i_1255/O
                         net (fo=1, routed)           0.000    21.340    U_timer/timer_cnt[31]_i_1255_n_0
    SLICE_X46Y67         CARRY4 (Prop_carry4_S[1]_CO[3])
                                                      0.533    21.873 r  U_timer/timer_cnt_reg[31]_i_1106/CO[3]
                         net (fo=1, routed)           0.000    21.873    U_timer/timer_cnt_reg[31]_i_1106_n_0
    SLICE_X46Y68         CARRY4 (Prop_carry4_CI_CO[3])
                                                      0.117    21.990 r  U_timer/timer_cnt_reg[31]_i_952/CO[3]
                         net (fo=1, routed)           0.000    21.990    U_timer/timer_cnt_reg[31]_i_952_n_0
    SLICE_X46Y69         CARRY4 (Prop_carry4_CI_CO[3])
                                                      0.117    22.107 r  U_timer/timer_cnt_reg[31]_i_798/CO[3]
                         net (fo=1, routed)           0.000    22.107    U_timer/timer_cnt_reg[31]_i_798_n_0
    SLICE_X46Y70         CARRY4 (Prop_carry4_CI_CO[3])
                                                      0.117    22.224 r  U_timer/timer_cnt_reg[31]_i_644/CO[3]
                         net (fo=1, routed)           0.000    22.224    U_timer/timer_cnt_reg[31]_i_644_n_0
    SLICE_X46Y71         CARRY4 (Prop_carry4_CI_CO[3])
                                                      0.117    22.341 r  U_timer/timer_cnt_reg[31]_i_490/CO[3]
                         net (fo=1, routed)           0.000    22.341    U_timer/timer_cnt_reg[31]_i_490_n_0
    SLICE_X46Y72         CARRY4 (Prop_carry4_CI_CO[3])
                                                      0.117    22.458 r  U_timer/timer_cnt_reg[31]_i_312/CO[3]
                         net (fo=1, routed)           0.000    22.458    U_timer/timer_cnt_reg[31]_i_312_n_0
    SLICE_X46Y73         CARRY4 (Prop_carry4_CI_CO[3])
                                                      0.117    22.575 r  U_timer/timer_cnt_reg[31]_i_144/CO[3]
                         net (fo=1, routed)           0.000    22.575    U_timer/timer_cnt_reg[31]_i_144_n_0
    SLICE_X46Y74         CARRY4 (Prop_carry4_CI_CO[3])
                                                      0.117    22.692 r  U_timer/timer_cnt_reg[31]_i_61/CO[3]
                         net (fo=1, routed)           0.009    22.701    U_timer/timer_cnt_reg[31]_i_61_n_0
    SLICE_X46Y75         CARRY4 (Prop_carry4_CI_CO[1])
                                                      0.157    22.858 r  U_timer/timer_cnt_reg[31]_i_58/CO[1]
                         net (fo=37, routed)          0.999    23.856    U_timer/freq_div_reg[31]_12[0]
    SLICE_X50Y72         LUT2 (Prop_lut2_I1_O)        0.332    24.188 r  U_timer/timer_cnt[31]_i_1251/O
                         net (fo=1, routed)           0.000    24.188    U_timer/timer_cnt[31]_i_1251_n_0
    SLICE_X50Y72         CARRY4 (Prop_carry4_S[1]_CO[3])
                                                      0.533    24.721 r  U_timer/timer_cnt_reg[31]_i_1105/CO[3]
                         net (fo=1, routed)           0.000    24.721    U_timer/timer_cnt_reg[31]_i_1105_n_0
    SLICE_X50Y73         CARRY4 (Prop_carry4_CI_CO[3])
                                                      0.117    24.838 r  U_timer/timer_cnt_reg[31]_i_951/CO[3]
                         net (fo=1, routed)           0.000    24.838    U_timer/timer_cnt_reg[31]_i_951_n_0
    SLICE_X50Y74         CARRY4 (Prop_carry4_CI_CO[3])
                                                      0.117    24.955 r  U_timer/timer_cnt_reg[31]_i_797/CO[3]
                         net (fo=1, routed)           0.009    24.964    U_timer/timer_cnt_reg[31]_i_797_n_0
    SLICE_X50Y75         CARRY4 (Prop_carry4_CI_CO[3])
                                                      0.117    25.081 r  U_timer/timer_cnt_reg[31]_i_643/CO[3]
                         net (fo=1, routed)           0.000    25.081    U_timer/timer_cnt_reg[31]_i_643_n_0
    SLICE_X50Y76         CARRY4 (Prop_carry4_CI_CO[3])
                                                      0.117    25.198 r  U_timer/timer_cnt_reg[31]_i_489/CO[3]
                         net (fo=1, routed)           0.000    25.198    U_timer/timer_cnt_reg[31]_i_489_n_0
    SLICE_X50Y77         CARRY4 (Prop_carry4_CI_CO[3])
                                                      0.117    25.315 r  U_timer/timer_cnt_reg[31]_i_311/CO[3]
                         net (fo=1, routed)           0.000    25.315    U_timer/timer_cnt_reg[31]_i_311_n_0
    SLICE_X50Y78         CARRY4 (Prop_carry4_CI_CO[3])
                                                      0.117    25.432 r  U_timer/timer_cnt_reg[31]_i_143/CO[3]
                         net (fo=1, routed)           0.000    25.432    U_timer/timer_cnt_reg[31]_i_143_n_0
    SLICE_X50Y79         CARRY4 (Prop_carry4_CI_CO[3])
                                                      0.117    25.549 r  U_timer/timer_cnt_reg[31]_i_60/CO[3]
                         net (fo=1, routed)           0.000    25.549    U_timer/timer_cnt_reg[31]_i_60_n_0
    SLICE_X50Y80         CARRY4 (Prop_carry4_CI_CO[1])
                                                      0.157    25.706 r  U_timer/timer_cnt_reg[31]_i_27/CO[1]
                         net (fo=36, routed)          0.921    26.628    U_timer/freq_div_reg[31]_14[0]
    SLICE_X47Y73         LUT2 (Prop_lut2_I1_O)        0.332    26.960 r  U_timer/timer_cnt[31]_i_1268/O
                         net (fo=1, routed)           0.000    26.960    U_timer/timer_cnt[31]_i_1268_n_0
    SLICE_X47Y73         CARRY4 (Prop_carry4_S[1]_CO[3])
                                                      0.550    27.510 r  U_timer/timer_cnt_reg[31]_i_1126/CO[3]
                         net (fo=1, routed)           0.000    27.510    U_timer/timer_cnt_reg[31]_i_1126_n_0
    SLICE_X47Y74         CARRY4 (Prop_carry4_CI_CO[3])
                                                      0.114    27.624 r  U_timer/timer_cnt_reg[31]_i_972/CO[3]
                         net (fo=1, routed)           0.009    27.633    U_timer/timer_cnt_reg[31]_i_972_n_0
    SLICE_X47Y75         CARRY4 (Prop_carry4_CI_CO[3])
                                                      0.114    27.747 r  U_timer/timer_cnt_reg[31]_i_818/CO[3]
                         net (fo=1, routed)           0.000    27.747    U_timer/timer_cnt_reg[31]_i_818_n_0
    SLICE_X47Y76         CARRY4 (Prop_carry4_CI_CO[3])
                                                      0.114    27.861 r  U_timer/timer_cnt_reg[31]_i_664/CO[3]
                         net (fo=1, routed)           0.000    27.861    U_timer/timer_cnt_reg[31]_i_664_n_0
    SLICE_X47Y77         CARRY4 (Prop_carry4_CI_CO[3])
                                                      0.114    27.975 r  U_timer/timer_cnt_reg[31]_i_510/CO[3]
                         net (fo=1, routed)           0.000    27.975    U_timer/timer_cnt_reg[31]_i_510_n_0
    SLICE_X47Y78         CARRY4 (Prop_carry4_CI_CO[3])
                                                      0.114    28.089 r  U_timer/timer_cnt_reg[31]_i_336/CO[3]
                         net (fo=1, routed)           0.000    28.089    U_timer/timer_cnt_reg[31]_i_336_n_0
    SLICE_X47Y79         CARRY4 (Prop_carry4_CI_CO[3])
                                                      0.114    28.203 r  U_timer/timer_cnt_reg[31]_i_165/CO[3]
                         net (fo=1, routed)           0.000    28.203    U_timer/timer_cnt_reg[31]_i_165_n_0
    SLICE_X47Y80         CARRY4 (Prop_carry4_CI_CO[3])
                                                      0.114    28.317 r  U_timer/timer_cnt_reg[31]_i_154/CO[3]
                         net (fo=1, routed)           0.000    28.317    U_timer/timer_cnt_reg[31]_i_154_n_0
    SLICE_X47Y81         CARRY4 (Prop_carry4_CI_CO[1])
                                                      0.157    28.474 r  U_timer/timer_cnt_reg[31]_i_65/CO[1]
                         net (fo=36, routed)          0.855    29.328    U_timer/freq_div_reg[31]_16[0]
    SLICE_X51Y75         LUT2 (Prop_lut2_I1_O)        0.329    29.657 r  U_timer/timer_cnt[31]_i_1265/O
                         net (fo=1, routed)           0.000    29.657    U_timer/timer_cnt[31]_i_1265_n_0
    SLICE_X51Y75         CARRY4 (Prop_carry4_S[1]_CO[3])
                                                      0.550    30.207 r  U_timer/timer_cnt_reg[31]_i_1121/CO[3]
                         net (fo=1, routed)           0.000    30.207    U_timer/timer_cnt_reg[31]_i_1121_n_0
    SLICE_X51Y76         CARRY4 (Prop_carry4_CI_CO[3])
                                                      0.114    30.321 r  U_timer/timer_cnt_reg[31]_i_967/CO[3]
                         net (fo=1, routed)           0.000    30.321    U_timer/timer_cnt_reg[31]_i_967_n_0
    SLICE_X51Y77         CARRY4 (Prop_carry4_CI_CO[3])
                                                      0.114    30.435 r  U_timer/timer_cnt_reg[31]_i_813/CO[3]
                         net (fo=1, routed)           0.000    30.435    U_timer/timer_cnt_reg[31]_i_813_n_0
    SLICE_X51Y78         CARRY4 (Prop_carry4_CI_CO[3])
                                                      0.114    30.549 r  U_timer/timer_cnt_reg[31]_i_659/CO[3]
                         net (fo=1, routed)           0.000    30.549    U_timer/timer_cnt_reg[31]_i_659_n_0
    SLICE_X51Y79         CARRY4 (Prop_carry4_CI_CO[3])
                                                      0.114    30.663 r  U_timer/timer_cnt_reg[31]_i_505/CO[3]
                         net (fo=1, routed)           0.000    30.663    U_timer/timer_cnt_reg[31]_i_505_n_0
    SLICE_X51Y80         CARRY4 (Prop_carry4_CI_CO[3])
                                                      0.114    30.777 r  U_timer/timer_cnt_reg[31]_i_331/CO[3]
                         net (fo=1, routed)           0.000    30.777    U_timer/timer_cnt_reg[31]_i_331_n_0
    SLICE_X51Y81         CARRY4 (Prop_carry4_CI_CO[3])
                                                      0.114    30.891 r  U_timer/timer_cnt_reg[31]_i_160/CO[3]
                         net (fo=1, routed)           0.000    30.891    U_timer/timer_cnt_reg[31]_i_160_n_0
    SLICE_X51Y82         CARRY4 (Prop_carry4_CI_CO[3])
                                                      0.114    31.005 r  U_timer/timer_cnt_reg[31]_i_67/CO[3]
                         net (fo=1, routed)           0.000    31.005    U_timer/timer_cnt_reg[31]_i_67_n_0
    SLICE_X51Y83         CARRY4 (Prop_carry4_CI_CO[1])
                                                      0.157    31.162 r  U_timer/timer_cnt_reg[31]_i_64/CO[1]
                         net (fo=37, routed)          1.062    32.225    U_timer/freq_div_reg[31]_18[0]
    SLICE_X45Y76         LUT2 (Prop_lut2_I1_O)        0.329    32.554 r  U_timer/timer_cnt[31]_i_1262/O
                         net (fo=1, routed)           0.000    32.554    U_timer/timer_cnt[31]_i_1262_n_0
    SLICE_X45Y76         CARRY4 (Prop_carry4_S[1]_CO[3])
                                                      0.550    33.104 r  U_timer/timer_cnt_reg[31]_i_1120/CO[3]
                         net (fo=1, routed)           0.000    33.104    U_timer/timer_cnt_reg[31]_i_1120_n_0
    SLICE_X45Y77         CARRY4 (Prop_carry4_CI_CO[3])
                                                      0.114    33.218 r  U_timer/timer_cnt_reg[31]_i_966/CO[3]
                         net (fo=1, routed)           0.000    33.218    U_timer/timer_cnt_reg[31]_i_966_n_0
    SLICE_X45Y78         CARRY4 (Prop_carry4_CI_CO[3])
                                                      0.114    33.332 r  U_timer/timer_cnt_reg[31]_i_812/CO[3]
                         net (fo=1, routed)           0.000    33.332    U_timer/timer_cnt_reg[31]_i_812_n_0
    SLICE_X45Y79         CARRY4 (Prop_carry4_CI_CO[3])
                                                      0.114    33.446 r  U_timer/timer_cnt_reg[31]_i_658/CO[3]
                         net (fo=1, routed)           0.000    33.446    U_timer/timer_cnt_reg[31]_i_658_n_0
    SLICE_X45Y80         CARRY4 (Prop_carry4_CI_CO[3])
                                                      0.114    33.560 r  U_timer/timer_cnt_reg[31]_i_504/CO[3]
                         net (fo=1, routed)           0.000    33.560    U_timer/timer_cnt_reg[31]_i_504_n_0
    SLICE_X45Y81         CARRY4 (Prop_carry4_CI_CO[3])
                                                      0.114    33.674 r  U_timer/timer_cnt_reg[31]_i_330/CO[3]
                         net (fo=1, routed)           0.000    33.674    U_timer/timer_cnt_reg[31]_i_330_n_0
    SLICE_X45Y82         CARRY4 (Prop_carry4_CI_CO[3])
                                                      0.114    33.788 r  U_timer/timer_cnt_reg[31]_i_159/CO[3]
                         net (fo=1, routed)           0.000    33.788    U_timer/timer_cnt_reg[31]_i_159_n_0
    SLICE_X45Y83         CARRY4 (Prop_carry4_CI_CO[3])
                                                      0.114    33.902 r  U_timer/timer_cnt_reg[31]_i_66/CO[3]
                         net (fo=1, routed)           0.000    33.902    U_timer/timer_cnt_reg[31]_i_66_n_0
    SLICE_X45Y84         CARRY4 (Prop_carry4_CI_CO[1])
                                                      0.157    34.059 r  U_timer/timer_cnt_reg[31]_i_29/CO[1]
                         net (fo=36, routed)          0.916    34.975    U_timer/freq_div_reg[31]_20[0]
    SLICE_X46Y76         LUT2 (Prop_lut2_I1_O)        0.329    35.304 r  U_timer/timer_cnt[31]_i_1278/O
                         net (fo=1, routed)           0.000    35.304    U_timer/timer_cnt[31]_i_1278_n_0
    SLICE_X46Y76         CARRY4 (Prop_carry4_S[1]_CO[3])
                                                      0.533    35.837 r  U_timer/timer_cnt_reg[31]_i_1141/CO[3]
                         net (fo=1, routed)           0.000    35.837    U_timer/timer_cnt_reg[31]_i_1141_n_0
    SLICE_X46Y77         CARRY4 (Prop_carry4_CI_CO[3])
                                                      0.117    35.954 r  U_timer/timer_cnt_reg[31]_i_987/CO[3]
                         net (fo=1, routed)           0.000    35.954    U_timer/timer_cnt_reg[31]_i_987_n_0
    SLICE_X46Y78         CARRY4 (Prop_carry4_CI_CO[3])
                                                      0.117    36.071 r  U_timer/timer_cnt_reg[31]_i_833/CO[3]
                         net (fo=1, routed)           0.000    36.071    U_timer/timer_cnt_reg[31]_i_833_n_0
    SLICE_X46Y79         CARRY4 (Prop_carry4_CI_CO[3])
                                                      0.117    36.188 r  U_timer/timer_cnt_reg[31]_i_679/CO[3]
                         net (fo=1, routed)           0.000    36.188    U_timer/timer_cnt_reg[31]_i_679_n_0
    SLICE_X46Y80         CARRY4 (Prop_carry4_CI_CO[3])
                                                      0.117    36.305 r  U_timer/timer_cnt_reg[31]_i_525/CO[3]
                         net (fo=1, routed)           0.000    36.305    U_timer/timer_cnt_reg[31]_i_525_n_0
    SLICE_X46Y81         CARRY4 (Prop_carry4_CI_CO[3])
                                                      0.117    36.422 r  U_timer/timer_cnt_reg[31]_i_355/CO[3]
                         net (fo=1, routed)           0.000    36.422    U_timer/timer_cnt_reg[31]_i_355_n_0
    SLICE_X46Y82         CARRY4 (Prop_carry4_CI_CO[3])
                                                      0.117    36.539 r  U_timer/timer_cnt_reg[31]_i_181/CO[3]
                         net (fo=1, routed)           0.000    36.539    U_timer/timer_cnt_reg[31]_i_181_n_0
    SLICE_X46Y83         CARRY4 (Prop_carry4_CI_CO[3])
                                                      0.117    36.656 r  U_timer/timer_cnt_reg[31]_i_170/CO[3]
                         net (fo=1, routed)           0.000    36.656    U_timer/timer_cnt_reg[31]_i_170_n_0
    SLICE_X46Y84         CARRY4 (Prop_carry4_CI_CO[1])
                                                      0.157    36.813 r  U_timer/timer_cnt_reg[31]_i_71/CO[1]
                         net (fo=37, routed)          0.860    37.673    U_timer/freq_div_reg[31]_22[0]
    SLICE_X49Y78         LUT2 (Prop_lut2_I1_O)        0.332    38.005 r  U_timer/timer_cnt[31]_i_1275/O
                         net (fo=1, routed)           0.000    38.005    U_timer/timer_cnt[31]_i_1275_n_0
    SLICE_X49Y78         CARRY4 (Prop_carry4_S[1]_CO[3])
                                                      0.550    38.555 r  U_timer/timer_cnt_reg[31]_i_1136/CO[3]
                         net (fo=1, routed)           0.000    38.555    U_timer/timer_cnt_reg[31]_i_1136_n_0
    SLICE_X49Y79         CARRY4 (Prop_carry4_CI_CO[3])
                                                      0.114    38.669 r  U_timer/timer_cnt_reg[31]_i_982/CO[3]
                         net (fo=1, routed)           0.000    38.669    U_timer/timer_cnt_reg[31]_i_982_n_0
    SLICE_X49Y80         CARRY4 (Prop_carry4_CI_CO[3])
                                                      0.114    38.783 r  U_timer/timer_cnt_reg[31]_i_828/CO[3]
                         net (fo=1, routed)           0.000    38.783    U_timer/timer_cnt_reg[31]_i_828_n_0
    SLICE_X49Y81         CARRY4 (Prop_carry4_CI_CO[3])
                                                      0.114    38.897 r  U_timer/timer_cnt_reg[31]_i_674/CO[3]
                         net (fo=1, routed)           0.000    38.897    U_timer/timer_cnt_reg[31]_i_674_n_0
    SLICE_X49Y82         CARRY4 (Prop_carry4_CI_CO[3])
                                                      0.114    39.011 r  U_timer/timer_cnt_reg[31]_i_520/CO[3]
                         net (fo=1, routed)           0.000    39.011    U_timer/timer_cnt_reg[31]_i_520_n_0
    SLICE_X49Y83         CARRY4 (Prop_carry4_CI_CO[3])
                                                      0.114    39.125 r  U_timer/timer_cnt_reg[31]_i_350/CO[3]
                         net (fo=1, routed)           0.000    39.125    U_timer/timer_cnt_reg[31]_i_350_n_0
    SLICE_X49Y84         CARRY4 (Prop_carry4_CI_CO[3])
                                                      0.114    39.239 r  U_timer/timer_cnt_reg[31]_i_176/CO[3]
                         net (fo=1, routed)           0.000    39.239    U_timer/timer_cnt_reg[31]_i_176_n_0
    SLICE_X49Y85         CARRY4 (Prop_carry4_CI_CO[3])
                                                      0.114    39.353 r  U_timer/timer_cnt_reg[31]_i_73/CO[3]
                         net (fo=1, routed)           0.000    39.353    U_timer/timer_cnt_reg[31]_i_73_n_0
    SLICE_X49Y86         CARRY4 (Prop_carry4_CI_CO[1])
                                                      0.157    39.510 r  U_timer/timer_cnt_reg[31]_i_70/CO[1]
                         net (fo=36, routed)          0.895    40.405    U_timer/freq_div_reg[31]_24[0]
    SLICE_X53Y77         LUT2 (Prop_lut2_I1_O)        0.329    40.734 r  U_timer/timer_cnt[31]_i_1271/O
                         net (fo=1, routed)           0.000    40.734    U_timer/timer_cnt[31]_i_1271_n_0
    SLICE_X53Y77         CARRY4 (Prop_carry4_S[1]_CO[3])
                                                      0.550    41.284 r  U_timer/timer_cnt_reg[31]_i_1135/CO[3]
                         net (fo=1, routed)           0.000    41.284    U_timer/timer_cnt_reg[31]_i_1135_n_0
    SLICE_X53Y78         CARRY4 (Prop_carry4_CI_CO[3])
                                                      0.114    41.398 r  U_timer/timer_cnt_reg[31]_i_981/CO[3]
                         net (fo=1, routed)           0.000    41.398    U_timer/timer_cnt_reg[31]_i_981_n_0
    SLICE_X53Y79         CARRY4 (Prop_carry4_CI_CO[3])
                                                      0.114    41.512 r  U_timer/timer_cnt_reg[31]_i_827/CO[3]
                         net (fo=1, routed)           0.000    41.512    U_timer/timer_cnt_reg[31]_i_827_n_0
    SLICE_X53Y80         CARRY4 (Prop_carry4_CI_CO[3])
                                                      0.114    41.626 r  U_timer/timer_cnt_reg[31]_i_673/CO[3]
                         net (fo=1, routed)           0.000    41.626    U_timer/timer_cnt_reg[31]_i_673_n_0
    SLICE_X53Y81         CARRY4 (Prop_carry4_CI_CO[3])
                                                      0.114    41.740 r  U_timer/timer_cnt_reg[31]_i_519/CO[3]
                         net (fo=1, routed)           0.000    41.740    U_timer/timer_cnt_reg[31]_i_519_n_0
    SLICE_X53Y82         CARRY4 (Prop_carry4_CI_CO[3])
                                                      0.114    41.854 r  U_timer/timer_cnt_reg[31]_i_349/CO[3]
                         net (fo=1, routed)           0.000    41.854    U_timer/timer_cnt_reg[31]_i_349_n_0
    SLICE_X53Y83         CARRY4 (Prop_carry4_CI_CO[3])
                                                      0.114    41.968 r  U_timer/timer_cnt_reg[31]_i_175/CO[3]
                         net (fo=1, routed)           0.000    41.968    U_timer/timer_cnt_reg[31]_i_175_n_0
    SLICE_X53Y84         CARRY4 (Prop_carry4_CI_CO[3])
                                                      0.114    42.082 r  U_timer/timer_cnt_reg[31]_i_72/CO[3]
                         net (fo=1, routed)           0.000    42.082    U_timer/timer_cnt_reg[31]_i_72_n_0
    SLICE_X53Y85         CARRY4 (Prop_carry4_CI_CO[1])
                                                      0.157    42.239 r  U_timer/timer_cnt_reg[31]_i_31/CO[1]
                         net (fo=36, routed)          0.909    43.148    U_timer/freq_div_reg[31]_26[0]
    SLICE_X52Y76         LUT2 (Prop_lut2_I1_O)        0.329    43.477 r  U_timer/timer_cnt[31]_i_1289/O
                         net (fo=1, routed)           0.000    43.477    U_timer/timer_cnt[31]_i_1289_n_0
    SLICE_X52Y76         CARRY4 (Prop_carry4_S[1]_CO[3])
                                                      0.550    44.027 r  U_timer/timer_cnt_reg[31]_i_1156/CO[3]
                         net (fo=1, routed)           0.000    44.027    U_timer/timer_cnt_reg[31]_i_1156_n_0
    SLICE_X52Y77         CARRY4 (Prop_carry4_CI_CO[3])
                                                      0.114    44.141 r  U_timer/timer_cnt_reg[31]_i_1002/CO[3]
                         net (fo=1, routed)           0.000    44.141    U_timer/timer_cnt_reg[31]_i_1002_n_0
    SLICE_X52Y78         CARRY4 (Prop_carry4_CI_CO[3])
                                                      0.114    44.255 r  U_timer/timer_cnt_reg[31]_i_848/CO[3]
                         net (fo=1, routed)           0.000    44.255    U_timer/timer_cnt_reg[31]_i_848_n_0
    SLICE_X52Y79         CARRY4 (Prop_carry4_CI_CO[3])
                                                      0.114    44.369 r  U_timer/timer_cnt_reg[31]_i_694/CO[3]
                         net (fo=1, routed)           0.000    44.369    U_timer/timer_cnt_reg[31]_i_694_n_0
    SLICE_X52Y80         CARRY4 (Prop_carry4_CI_CO[3])
                                                      0.114    44.483 r  U_timer/timer_cnt_reg[31]_i_540/CO[3]
                         net (fo=1, routed)           0.000    44.483    U_timer/timer_cnt_reg[31]_i_540_n_0
    SLICE_X52Y81         CARRY4 (Prop_carry4_CI_CO[3])
                                                      0.114    44.597 r  U_timer/timer_cnt_reg[31]_i_374/CO[3]
                         net (fo=1, routed)           0.000    44.597    U_timer/timer_cnt_reg[31]_i_374_n_0
    SLICE_X52Y82         CARRY4 (Prop_carry4_CI_CO[3])
                                                      0.114    44.711 r  U_timer/timer_cnt_reg[31]_i_197/CO[3]
                         net (fo=1, routed)           0.000    44.711    U_timer/timer_cnt_reg[31]_i_197_n_0
    SLICE_X52Y83         CARRY4 (Prop_carry4_CI_CO[3])
                                                      0.114    44.825 r  U_timer/timer_cnt_reg[31]_i_186/CO[3]
                         net (fo=1, routed)           0.000    44.825    U_timer/timer_cnt_reg[31]_i_186_n_0
    SLICE_X52Y84         CARRY4 (Prop_carry4_CI_CO[1])
                                                      0.157    44.982 r  U_timer/timer_cnt_reg[31]_i_77/CO[1]
                         net (fo=37, routed)          1.278    46.259    U_timer/freq_div_reg[31]_28[0]
    SLICE_X44Y75         LUT2 (Prop_lut2_I1_O)        0.329    46.588 r  U_timer/timer_cnt[31]_i_1286/O
                         net (fo=1, routed)           0.000    46.588    U_timer/timer_cnt[31]_i_1286_n_0
    SLICE_X44Y75         CARRY4 (Prop_carry4_S[1]_CO[3])
                                                      0.550    47.138 r  U_timer/timer_cnt_reg[31]_i_1151/CO[3]
                         net (fo=1, routed)           0.000    47.138    U_timer/timer_cnt_reg[31]_i_1151_n_0
    SLICE_X44Y76         CARRY4 (Prop_carry4_CI_CO[3])
                                                      0.114    47.252 r  U_timer/timer_cnt_reg[31]_i_997/CO[3]
                         net (fo=1, routed)           0.000    47.252    U_timer/timer_cnt_reg[31]_i_997_n_0
    SLICE_X44Y77         CARRY4 (Prop_carry4_CI_CO[3])
                                                      0.114    47.366 r  U_timer/timer_cnt_reg[31]_i_843/CO[3]
                         net (fo=1, routed)           0.000    47.366    U_timer/timer_cnt_reg[31]_i_843_n_0
    SLICE_X44Y78         CARRY4 (Prop_carry4_CI_CO[3])
                                                      0.114    47.480 r  U_timer/timer_cnt_reg[31]_i_689/CO[3]
                         net (fo=1, routed)           0.000    47.480    U_timer/timer_cnt_reg[31]_i_689_n_0
    SLICE_X44Y79         CARRY4 (Prop_carry4_CI_CO[3])
                                                      0.114    47.594 r  U_timer/timer_cnt_reg[31]_i_535/CO[3]
                         net (fo=1, routed)           0.000    47.594    U_timer/timer_cnt_reg[31]_i_535_n_0
    SLICE_X44Y80         CARRY4 (Prop_carry4_CI_CO[3])
                                                      0.114    47.708 r  U_timer/timer_cnt_reg[31]_i_369/CO[3]
                         net (fo=1, routed)           0.000    47.708    U_timer/timer_cnt_reg[31]_i_369_n_0
    SLICE_X44Y81         CARRY4 (Prop_carry4_CI_CO[3])
                                                      0.114    47.822 r  U_timer/timer_cnt_reg[31]_i_192/CO[3]
                         net (fo=1, routed)           0.000    47.822    U_timer/timer_cnt_reg[31]_i_192_n_0
    SLICE_X44Y82         CARRY4 (Prop_carry4_CI_CO[3])
                                                      0.114    47.936 r  U_timer/timer_cnt_reg[31]_i_79/CO[3]
                         net (fo=1, routed)           0.000    47.936    U_timer/timer_cnt_reg[31]_i_79_n_0
    SLICE_X44Y83         CARRY4 (Prop_carry4_CI_CO[1])
                                                      0.157    48.093 r  U_timer/timer_cnt_reg[31]_i_76/CO[1]
                         net (fo=37, routed)          0.983    49.077    U_timer/freq_div_reg[31]_30[0]
    SLICE_X41Y73         LUT2 (Prop_lut2_I1_O)        0.329    49.406 r  U_timer/timer_cnt[31]_i_1282/O
                         net (fo=1, routed)           0.000    49.406    U_timer/timer_cnt[31]_i_1282_n_0
    SLICE_X41Y73         CARRY4 (Prop_carry4_S[1]_CO[3])
                                                      0.550    49.956 r  U_timer/timer_cnt_reg[31]_i_1150/CO[3]
                         net (fo=1, routed)           0.000    49.956    U_timer/timer_cnt_reg[31]_i_1150_n_0
    SLICE_X41Y74         CARRY4 (Prop_carry4_CI_CO[3])
                                                      0.114    50.070 r  U_timer/timer_cnt_reg[31]_i_996/CO[3]
                         net (fo=1, routed)           0.009    50.079    U_timer/timer_cnt_reg[31]_i_996_n_0
    SLICE_X41Y75         CARRY4 (Prop_carry4_CI_CO[3])
                                                      0.114    50.193 r  U_timer/timer_cnt_reg[31]_i_842/CO[3]
                         net (fo=1, routed)           0.000    50.193    U_timer/timer_cnt_reg[31]_i_842_n_0
    SLICE_X41Y76         CARRY4 (Prop_carry4_CI_CO[3])
                                                      0.114    50.307 r  U_timer/timer_cnt_reg[31]_i_688/CO[3]
                         net (fo=1, routed)           0.000    50.307    U_timer/timer_cnt_reg[31]_i_688_n_0
    SLICE_X41Y77         CARRY4 (Prop_carry4_CI_CO[3])
                                                      0.114    50.421 r  U_timer/timer_cnt_reg[31]_i_534/CO[3]
                         net (fo=1, routed)           0.000    50.421    U_timer/timer_cnt_reg[31]_i_534_n_0
    SLICE_X41Y78         CARRY4 (Prop_carry4_CI_CO[3])
                                                      0.114    50.535 r  U_timer/timer_cnt_reg[31]_i_368/CO[3]
                         net (fo=1, routed)           0.000    50.535    U_timer/timer_cnt_reg[31]_i_368_n_0
    SLICE_X41Y79         CARRY4 (Prop_carry4_CI_CO[3])
                                                      0.114    50.649 r  U_timer/timer_cnt_reg[31]_i_191/CO[3]
                         net (fo=1, routed)           0.000    50.649    U_timer/timer_cnt_reg[31]_i_191_n_0
    SLICE_X41Y80         CARRY4 (Prop_carry4_CI_CO[3])
                                                      0.114    50.763 r  U_timer/timer_cnt_reg[31]_i_78/CO[3]
                         net (fo=1, routed)           0.000    50.763    U_timer/timer_cnt_reg[31]_i_78_n_0
    SLICE_X41Y81         CARRY4 (Prop_carry4_CI_CO[1])
                                                      0.157    50.920 r  U_timer/timer_cnt_reg[31]_i_33/CO[1]
                         net (fo=36, routed)          0.919    51.839    U_timer/freq_div_reg[31]_32[0]
    SLICE_X40Y76         CARRY4 (Prop_carry4_CYINIT_CO[3])
                                                      0.785    52.624 r  U_timer/timer_cnt_reg[31]_i_1194/CO[3]
                         net (fo=1, routed)           0.000    52.624    U_timer/timer_cnt_reg[31]_i_1194_n_0
    SLICE_X40Y77         CARRY4 (Prop_carry4_CI_CO[3])
                                                      0.114    52.738 r  U_timer/timer_cnt_reg[31]_i_1051/CO[3]
                         net (fo=1, routed)           0.000    52.738    U_timer/timer_cnt_reg[31]_i_1051_n_0
    SLICE_X40Y78         CARRY4 (Prop_carry4_CI_CO[3])
                                                      0.114    52.852 r  U_timer/timer_cnt_reg[31]_i_897/CO[3]
                         net (fo=1, routed)           0.000    52.852    U_timer/timer_cnt_reg[31]_i_897_n_0
    SLICE_X40Y79         CARRY4 (Prop_carry4_CI_CO[3])
                                                      0.114    52.966 r  U_timer/timer_cnt_reg[31]_i_743/CO[3]
                         net (fo=1, routed)           0.000    52.966    U_timer/timer_cnt_reg[31]_i_743_n_0
    SLICE_X40Y80         CARRY4 (Prop_carry4_CI_CO[3])
                                                      0.114    53.080 r  U_timer/timer_cnt_reg[31]_i_589/CO[3]
                         net (fo=1, routed)           0.000    53.080    U_timer/timer_cnt_reg[31]_i_589_n_0
    SLICE_X40Y81         CARRY4 (Prop_carry4_CI_CO[3])
                                                      0.114    53.194 r  U_timer/timer_cnt_reg[31]_i_427/CO[3]
                         net (fo=1, routed)           0.000    53.194    U_timer/timer_cnt_reg[31]_i_427_n_0
    SLICE_X40Y82         CARRY4 (Prop_carry4_CI_CO[3])
                                                      0.114    53.308 r  U_timer/timer_cnt_reg[31]_i_259/CO[3]
                         net (fo=1, routed)           0.000    53.308    U_timer/timer_cnt_reg[31]_i_259_n_0
    SLICE_X40Y83         CARRY4 (Prop_carry4_CI_CO[3])
                                                      0.114    53.422 r  U_timer/timer_cnt_reg[31]_i_248/CO[3]
                         net (fo=1, routed)           0.000    53.422    U_timer/timer_cnt_reg[31]_i_248_n_0
    SLICE_X40Y84         CARRY4 (Prop_carry4_CI_CO[1])
                                                      0.157    53.579 r  U_timer/timer_cnt_reg[31]_i_117/CO[1]
                         net (fo=37, routed)          0.970    54.549    U_timer/freq_div_reg[31]_34[0]
    SLICE_X39Y80         LUT2 (Prop_lut2_I1_O)        0.329    54.878 r  U_timer/timer_cnt[31]_i_1296/O
                         net (fo=1, routed)           0.000    54.878    U_timer/timer_cnt[31]_i_1296_n_0
    SLICE_X39Y80         CARRY4 (Prop_carry4_S[1]_CO[3])
                                                      0.550    55.428 r  U_timer/timer_cnt_reg[31]_i_1189/CO[3]
                         net (fo=1, routed)           0.000    55.428    U_timer/timer_cnt_reg[31]_i_1189_n_0
    SLICE_X39Y81         CARRY4 (Prop_carry4_CI_CO[3])
                                                      0.114    55.542 r  U_timer/timer_cnt_reg[31]_i_1046/CO[3]
                         net (fo=1, routed)           0.000    55.542    U_timer/timer_cnt_reg[31]_i_1046_n_0
    SLICE_X39Y82         CARRY4 (Prop_carry4_CI_CO[3])
                                                      0.114    55.656 r  U_timer/timer_cnt_reg[31]_i_892/CO[3]
                         net (fo=1, routed)           0.000    55.656    U_timer/timer_cnt_reg[31]_i_892_n_0
    SLICE_X39Y83         CARRY4 (Prop_carry4_CI_CO[3])
                                                      0.114    55.770 r  U_timer/timer_cnt_reg[31]_i_738/CO[3]
                         net (fo=1, routed)           0.000    55.770    U_timer/timer_cnt_reg[31]_i_738_n_0
    SLICE_X39Y84         CARRY4 (Prop_carry4_CI_CO[3])
                                                      0.114    55.884 r  U_timer/timer_cnt_reg[31]_i_584/CO[3]
                         net (fo=1, routed)           0.000    55.884    U_timer/timer_cnt_reg[31]_i_584_n_0
    SLICE_X39Y85         CARRY4 (Prop_carry4_CI_CO[3])
                                                      0.114    55.998 r  U_timer/timer_cnt_reg[31]_i_422/CO[3]
                         net (fo=1, routed)           0.000    55.998    U_timer/timer_cnt_reg[31]_i_422_n_0
    SLICE_X39Y86         CARRY4 (Prop_carry4_CI_CO[3])
                                                      0.114    56.112 r  U_timer/timer_cnt_reg[31]_i_254/CO[3]
                         net (fo=1, routed)           0.000    56.112    U_timer/timer_cnt_reg[31]_i_254_n_0
    SLICE_X39Y87         CARRY4 (Prop_carry4_CI_CO[3])
                                                      0.114    56.226 r  U_timer/timer_cnt_reg[31]_i_119/CO[3]
                         net (fo=1, routed)           0.000    56.226    U_timer/timer_cnt_reg[31]_i_119_n_0
    SLICE_X39Y88         CARRY4 (Prop_carry4_CI_CO[1])
                                                      0.157    56.383 r  U_timer/timer_cnt_reg[31]_i_116/CO[1]
                         net (fo=36, routed)          0.796    57.178    U_timer/freq_div_reg[31]_36[0]
    SLICE_X41Y82         LUT2 (Prop_lut2_I1_O)        0.329    57.507 r  U_timer/timer_cnt[31]_i_1292/O
                         net (fo=1, routed)           0.000    57.507    U_timer/timer_cnt[31]_i_1292_n_0
    SLICE_X41Y82         CARRY4 (Prop_carry4_S[1]_CO[3])
                                                      0.550    58.057 r  U_timer/timer_cnt_reg[31]_i_1188/CO[3]
                         net (fo=1, routed)           0.000    58.057    U_timer/timer_cnt_reg[31]_i_1188_n_0
    SLICE_X41Y83         CARRY4 (Prop_carry4_CI_CO[3])
                                                      0.114    58.171 r  U_timer/timer_cnt_reg[31]_i_1045/CO[3]
                         net (fo=1, routed)           0.000    58.171    U_timer/timer_cnt_reg[31]_i_1045_n_0
    SLICE_X41Y84         CARRY4 (Prop_carry4_CI_CO[3])
                                                      0.114    58.285 r  U_timer/timer_cnt_reg[31]_i_891/CO[3]
                         net (fo=1, routed)           0.000    58.285    U_timer/timer_cnt_reg[31]_i_891_n_0
    SLICE_X41Y85         CARRY4 (Prop_carry4_CI_CO[3])
                                                      0.114    58.399 r  U_timer/timer_cnt_reg[31]_i_737/CO[3]
                         net (fo=1, routed)           0.000    58.399    U_timer/timer_cnt_reg[31]_i_737_n_0
    SLICE_X41Y86         CARRY4 (Prop_carry4_CI_CO[3])
                                                      0.114    58.513 r  U_timer/timer_cnt_reg[31]_i_583/CO[3]
                         net (fo=1, routed)           0.000    58.513    U_timer/timer_cnt_reg[31]_i_583_n_0
    SLICE_X41Y87         CARRY4 (Prop_carry4_CI_CO[3])
                                                      0.114    58.627 r  U_timer/timer_cnt_reg[31]_i_421/CO[3]
                         net (fo=1, routed)           0.000    58.627    U_timer/timer_cnt_reg[31]_i_421_n_0
    SLICE_X41Y88         CARRY4 (Prop_carry4_CI_CO[3])
                                                      0.114    58.741 r  U_timer/timer_cnt_reg[31]_i_253/CO[3]
                         net (fo=1, routed)           0.000    58.741    U_timer/timer_cnt_reg[31]_i_253_n_0
    SLICE_X41Y89         CARRY4 (Prop_carry4_CI_CO[3])
                                                      0.114    58.855 r  U_timer/timer_cnt_reg[31]_i_118/CO[3]
                         net (fo=1, routed)           0.000    58.855    U_timer/timer_cnt_reg[31]_i_118_n_0
    SLICE_X41Y90         CARRY4 (Prop_carry4_CI_CO[1])
                                                      0.157    59.012 r  U_timer/timer_cnt_reg[31]_i_51/CO[1]
                         net (fo=37, routed)          1.234    60.246    U_timer/freq_div_reg[31]_38[0]
    SLICE_X48Y79         LUT2 (Prop_lut2_I1_O)        0.329    60.575 r  U_timer/timer_cnt[31]_i_1311/O
                         net (fo=1, routed)           0.000    60.575    U_timer/timer_cnt[31]_i_1311_n_0
    SLICE_X48Y79         CARRY4 (Prop_carry4_S[1]_CO[3])
                                                      0.550    61.125 r  U_timer/timer_cnt_reg[31]_i_1209/CO[3]
                         net (fo=1, routed)           0.000    61.125    U_timer/timer_cnt_reg[31]_i_1209_n_0
    SLICE_X48Y80         CARRY4 (Prop_carry4_CI_CO[3])
                                                      0.114    61.239 r  U_timer/timer_cnt_reg[31]_i_1066/CO[3]
                         net (fo=1, routed)           0.000    61.239    U_timer/timer_cnt_reg[31]_i_1066_n_0
    SLICE_X48Y81         CARRY4 (Prop_carry4_CI_CO[3])
                                                      0.114    61.353 r  U_timer/timer_cnt_reg[31]_i_912/CO[3]
                         net (fo=1, routed)           0.000    61.353    U_timer/timer_cnt_reg[31]_i_912_n_0
    SLICE_X48Y82         CARRY4 (Prop_carry4_CI_CO[3])
                                                      0.114    61.467 r  U_timer/timer_cnt_reg[31]_i_758/CO[3]
                         net (fo=1, routed)           0.000    61.467    U_timer/timer_cnt_reg[31]_i_758_n_0
    SLICE_X48Y83         CARRY4 (Prop_carry4_CI_CO[3])
                                                      0.114    61.581 r  U_timer/timer_cnt_reg[31]_i_604/CO[3]
                         net (fo=1, routed)           0.000    61.581    U_timer/timer_cnt_reg[31]_i_604_n_0
    SLICE_X48Y84         CARRY4 (Prop_carry4_CI_CO[3])
                                                      0.114    61.695 r  U_timer/timer_cnt_reg[31]_i_446/CO[3]
                         net (fo=1, routed)           0.000    61.695    U_timer/timer_cnt_reg[31]_i_446_n_0
    SLICE_X48Y85         CARRY4 (Prop_carry4_CI_CO[3])
                                                      0.114    61.809 r  U_timer/timer_cnt_reg[31]_i_275/CO[3]
                         net (fo=1, routed)           0.000    61.809    U_timer/timer_cnt_reg[31]_i_275_n_0
    SLICE_X48Y86         CARRY4 (Prop_carry4_CI_CO[3])
                                                      0.114    61.923 r  U_timer/timer_cnt_reg[31]_i_264/CO[3]
                         net (fo=1, routed)           0.000    61.923    U_timer/timer_cnt_reg[31]_i_264_n_0
    SLICE_X48Y87         CARRY4 (Prop_carry4_CI_CO[1])
                                                      0.157    62.080 r  U_timer/timer_cnt_reg[31]_i_123/CO[1]
                         net (fo=37, routed)          0.957    63.037    U_timer/freq_div_reg[31]_40[0]
    SLICE_X47Y82         LUT2 (Prop_lut2_I1_O)        0.329    63.366 r  U_timer/timer_cnt[31]_i_1307/O
                         net (fo=1, routed)           0.000    63.366    U_timer/timer_cnt[31]_i_1307_n_0
    SLICE_X47Y82         CARRY4 (Prop_carry4_S[1]_CO[3])
                                                      0.550    63.916 r  U_timer/timer_cnt_reg[31]_i_1204/CO[3]
                         net (fo=1, routed)           0.000    63.916    U_timer/timer_cnt_reg[31]_i_1204_n_0
    SLICE_X47Y83         CARRY4 (Prop_carry4_CI_CO[3])
                                                      0.114    64.030 r  U_timer/timer_cnt_reg[31]_i_1061/CO[3]
                         net (fo=1, routed)           0.000    64.030    U_timer/timer_cnt_reg[31]_i_1061_n_0
    SLICE_X47Y84         CARRY4 (Prop_carry4_CI_CO[3])
                                                      0.114    64.144 r  U_timer/timer_cnt_reg[31]_i_907/CO[3]
                         net (fo=1, routed)           0.000    64.144    U_timer/timer_cnt_reg[31]_i_907_n_0
    SLICE_X47Y85         CARRY4 (Prop_carry4_CI_CO[3])
                                                      0.114    64.258 r  U_timer/timer_cnt_reg[31]_i_753/CO[3]
                         net (fo=1, routed)           0.000    64.258    U_timer/timer_cnt_reg[31]_i_753_n_0
    SLICE_X47Y86         CARRY4 (Prop_carry4_CI_CO[3])
                                                      0.114    64.372 r  U_timer/timer_cnt_reg[31]_i_599/CO[3]
                         net (fo=1, routed)           0.000    64.372    U_timer/timer_cnt_reg[31]_i_599_n_0
    SLICE_X47Y87         CARRY4 (Prop_carry4_CI_CO[3])
                                                      0.114    64.486 r  U_timer/timer_cnt_reg[31]_i_441/CO[3]
                         net (fo=1, routed)           0.000    64.486    U_timer/timer_cnt_reg[31]_i_441_n_0
    SLICE_X47Y88         CARRY4 (Prop_carry4_CI_CO[3])
                                                      0.114    64.600 r  U_timer/timer_cnt_reg[31]_i_270/CO[3]
                         net (fo=1, routed)           0.000    64.600    U_timer/timer_cnt_reg[31]_i_270_n_0
    SLICE_X47Y89         CARRY4 (Prop_carry4_CI_CO[3])
                                                      0.114    64.714 r  U_timer/timer_cnt_reg[31]_i_125/CO[3]
                         net (fo=1, routed)           0.000    64.714    U_timer/timer_cnt_reg[31]_i_125_n_0
    SLICE_X47Y90         CARRY4 (Prop_carry4_CI_CO[1])
                                                      0.157    64.871 r  U_timer/timer_cnt_reg[31]_i_122/CO[1]
                         net (fo=37, routed)          1.030    65.901    U_timer/freq_div_reg[31]_42[0]
    SLICE_X50Y83         LUT2 (Prop_lut2_I1_O)        0.329    66.230 r  U_timer/timer_cnt[31]_i_1303/O
                         net (fo=1, routed)           0.000    66.230    U_timer/timer_cnt[31]_i_1303_n_0
    SLICE_X50Y83         CARRY4 (Prop_carry4_S[1]_CO[3])
                                                      0.533    66.763 r  U_timer/timer_cnt_reg[31]_i_1203/CO[3]
                         net (fo=1, routed)           0.000    66.763    U_timer/timer_cnt_reg[31]_i_1203_n_0
    SLICE_X50Y84         CARRY4 (Prop_carry4_CI_CO[3])
                                                      0.117    66.880 r  U_timer/timer_cnt_reg[31]_i_1060/CO[3]
                         net (fo=1, routed)           0.000    66.880    U_timer/timer_cnt_reg[31]_i_1060_n_0
    SLICE_X50Y85         CARRY4 (Prop_carry4_CI_CO[3])
                                                      0.117    66.997 r  U_timer/timer_cnt_reg[31]_i_906/CO[3]
                         net (fo=1, routed)           0.000    66.997    U_timer/timer_cnt_reg[31]_i_906_n_0
    SLICE_X50Y86         CARRY4 (Prop_carry4_CI_CO[3])
                                                      0.117    67.114 r  U_timer/timer_cnt_reg[31]_i_752/CO[3]
                         net (fo=1, routed)           0.000    67.114    U_timer/timer_cnt_reg[31]_i_752_n_0
    SLICE_X50Y87         CARRY4 (Prop_carry4_CI_CO[3])
                                                      0.117    67.231 r  U_timer/timer_cnt_reg[31]_i_598/CO[3]
                         net (fo=1, routed)           0.000    67.231    U_timer/timer_cnt_reg[31]_i_598_n_0
    SLICE_X50Y88         CARRY4 (Prop_carry4_CI_CO[3])
                                                      0.117    67.348 r  U_timer/timer_cnt_reg[31]_i_440/CO[3]
                         net (fo=1, routed)           0.000    67.348    U_timer/timer_cnt_reg[31]_i_440_n_0
    SLICE_X50Y89         CARRY4 (Prop_carry4_CI_CO[3])
                                                      0.117    67.465 r  U_timer/timer_cnt_reg[31]_i_269/CO[3]
                         net (fo=1, routed)           0.000    67.465    U_timer/timer_cnt_reg[31]_i_269_n_0
    SLICE_X50Y90         CARRY4 (Prop_carry4_CI_CO[3])
                                                      0.117    67.582 r  U_timer/timer_cnt_reg[31]_i_124/CO[3]
                         net (fo=1, routed)           0.000    67.582    U_timer/timer_cnt_reg[31]_i_124_n_0
    SLICE_X50Y91         CARRY4 (Prop_carry4_CI_CO[1])
                                                      0.157    67.739 r  U_timer/timer_cnt_reg[31]_i_53/CO[1]
                         net (fo=37, routed)          0.905    68.644    U_timer/freq_div_reg[31]_44[0]
    SLICE_X49Y87         LUT2 (Prop_lut2_I1_O)        0.332    68.976 r  U_timer/timer_cnt[31]_i_1323/O
                         net (fo=1, routed)           0.000    68.976    U_timer/timer_cnt[31]_i_1323_n_0
    SLICE_X49Y87         CARRY4 (Prop_carry4_S[1]_CO[3])
                                                      0.550    69.526 r  U_timer/timer_cnt_reg[31]_i_1224/CO[3]
                         net (fo=1, routed)           0.000    69.526    U_timer/timer_cnt_reg[31]_i_1224_n_0
    SLICE_X49Y88         CARRY4 (Prop_carry4_CI_CO[3])
                                                      0.114    69.640 r  U_timer/timer_cnt_reg[31]_i_1081/CO[3]
                         net (fo=1, routed)           0.000    69.640    U_timer/timer_cnt_reg[31]_i_1081_n_0
    SLICE_X49Y89         CARRY4 (Prop_carry4_CI_CO[3])
                                                      0.114    69.754 r  U_timer/timer_cnt_reg[31]_i_927/CO[3]
                         net (fo=1, routed)           0.000    69.754    U_timer/timer_cnt_reg[31]_i_927_n_0
    SLICE_X49Y90         CARRY4 (Prop_carry4_CI_CO[3])
                                                      0.114    69.868 r  U_timer/timer_cnt_reg[31]_i_773/CO[3]
                         net (fo=1, routed)           0.000    69.868    U_timer/timer_cnt_reg[31]_i_773_n_0
    SLICE_X49Y91         CARRY4 (Prop_carry4_CI_CO[3])
                                                      0.114    69.982 r  U_timer/timer_cnt_reg[31]_i_619/CO[3]
                         net (fo=1, routed)           0.000    69.982    U_timer/timer_cnt_reg[31]_i_619_n_0
    SLICE_X49Y92         CARRY4 (Prop_carry4_CI_CO[3])
                                                      0.114    70.096 r  U_timer/timer_cnt_reg[31]_i_465/CO[3]
                         net (fo=1, routed)           0.000    70.096    U_timer/timer_cnt_reg[31]_i_465_n_0
    SLICE_X49Y93         CARRY4 (Prop_carry4_CI_CO[3])
                                                      0.114    70.210 r  U_timer/timer_cnt_reg[31]_i_291/CO[3]
                         net (fo=1, routed)           0.000    70.210    U_timer/timer_cnt_reg[31]_i_291_n_0
    SLICE_X49Y94         CARRY4 (Prop_carry4_CI_CO[3])
                                                      0.114    70.324 r  U_timer/timer_cnt_reg[31]_i_280/CO[3]
                         net (fo=1, routed)           0.000    70.324    U_timer/timer_cnt_reg[31]_i_280_n_0
    SLICE_X49Y95         CARRY4 (Prop_carry4_CI_CO[1])
                                                      0.157    70.481 r  U_timer/timer_cnt_reg[31]_i_129/CO[1]
                         net (fo=37, routed)          0.917    71.398    U_timer/freq_div_reg[31]_46[0]
    SLICE_X48Y88         LUT2 (Prop_lut2_I1_O)        0.329    71.727 r  U_timer/timer_cnt[31]_i_1319/O
                         net (fo=1, routed)           0.000    71.727    U_timer/timer_cnt[31]_i_1319_n_0
    SLICE_X48Y88         CARRY4 (Prop_carry4_S[1]_CO[3])
                                                      0.550    72.277 r  U_timer/timer_cnt_reg[31]_i_1219/CO[3]
                         net (fo=1, routed)           0.000    72.277    U_timer/timer_cnt_reg[31]_i_1219_n_0
    SLICE_X48Y89         CARRY4 (Prop_carry4_CI_CO[3])
                                                      0.114    72.391 r  U_timer/timer_cnt_reg[31]_i_1076/CO[3]
                         net (fo=1, routed)           0.000    72.391    U_timer/timer_cnt_reg[31]_i_1076_n_0
    SLICE_X48Y90         CARRY4 (Prop_carry4_CI_CO[3])
                                                      0.114    72.505 r  U_timer/timer_cnt_reg[31]_i_922/CO[3]
                         net (fo=1, routed)           0.000    72.505    U_timer/timer_cnt_reg[31]_i_922_n_0
    SLICE_X48Y91         CARRY4 (Prop_carry4_CI_CO[3])
                                                      0.114    72.619 r  U_timer/timer_cnt_reg[31]_i_768/CO[3]
                         net (fo=1, routed)           0.000    72.619    U_timer/timer_cnt_reg[31]_i_768_n_0
    SLICE_X48Y92         CARRY4 (Prop_carry4_CI_CO[3])
                                                      0.114    72.733 r  U_timer/timer_cnt_reg[31]_i_614/CO[3]
                         net (fo=1, routed)           0.000    72.733    U_timer/timer_cnt_reg[31]_i_614_n_0
    SLICE_X48Y93         CARRY4 (Prop_carry4_CI_CO[3])
                                                      0.114    72.847 r  U_timer/timer_cnt_reg[31]_i_460/CO[3]
                         net (fo=1, routed)           0.000    72.847    U_timer/timer_cnt_reg[31]_i_460_n_0
    SLICE_X48Y94         CARRY4 (Prop_carry4_CI_CO[3])
                                                      0.114    72.961 r  U_timer/timer_cnt_reg[31]_i_286/CO[3]
                         net (fo=1, routed)           0.000    72.961    U_timer/timer_cnt_reg[31]_i_286_n_0
    SLICE_X48Y95         CARRY4 (Prop_carry4_CI_CO[3])
                                                      0.114    73.075 r  U_timer/timer_cnt_reg[31]_i_131/CO[3]
                         net (fo=1, routed)           0.000    73.075    U_timer/timer_cnt_reg[31]_i_131_n_0
    SLICE_X48Y96         CARRY4 (Prop_carry4_CI_CO[1])
                                                      0.157    73.232 r  U_timer/timer_cnt_reg[31]_i_128/CO[1]
                         net (fo=37, routed)          1.103    74.336    U_timer/freq_div_reg[31]_48[0]
    SLICE_X46Y85         LUT2 (Prop_lut2_I1_O)        0.329    74.665 r  U_timer/timer_cnt[31]_i_1315/O
                         net (fo=1, routed)           0.000    74.665    U_timer/timer_cnt[31]_i_1315_n_0
    SLICE_X46Y85         CARRY4 (Prop_carry4_S[1]_CO[3])
                                                      0.533    75.198 r  U_timer/timer_cnt_reg[31]_i_1218/CO[3]
                         net (fo=1, routed)           0.000    75.198    U_timer/timer_cnt_reg[31]_i_1218_n_0
    SLICE_X46Y86         CARRY4 (Prop_carry4_CI_CO[3])
                                                      0.117    75.315 r  U_timer/timer_cnt_reg[31]_i_1075/CO[3]
                         net (fo=1, routed)           0.000    75.315    U_timer/timer_cnt_reg[31]_i_1075_n_0
    SLICE_X46Y87         CARRY4 (Prop_carry4_CI_CO[3])
                                                      0.117    75.432 r  U_timer/timer_cnt_reg[31]_i_921/CO[3]
                         net (fo=1, routed)           0.000    75.432    U_timer/timer_cnt_reg[31]_i_921_n_0
    SLICE_X46Y88         CARRY4 (Prop_carry4_CI_CO[3])
                                                      0.117    75.549 r  U_timer/timer_cnt_reg[31]_i_767/CO[3]
                         net (fo=1, routed)           0.000    75.549    U_timer/timer_cnt_reg[31]_i_767_n_0
    SLICE_X46Y89         CARRY4 (Prop_carry4_CI_CO[3])
                                                      0.117    75.666 r  U_timer/timer_cnt_reg[31]_i_613/CO[3]
                         net (fo=1, routed)           0.000    75.666    U_timer/timer_cnt_reg[31]_i_613_n_0
    SLICE_X46Y90         CARRY4 (Prop_carry4_CI_CO[3])
                                                      0.117    75.783 r  U_timer/timer_cnt_reg[31]_i_459/CO[3]
                         net (fo=1, routed)           0.000    75.783    U_timer/timer_cnt_reg[31]_i_459_n_0
    SLICE_X46Y91         CARRY4 (Prop_carry4_CI_CO[3])
                                                      0.117    75.900 r  U_timer/timer_cnt_reg[31]_i_285/CO[3]
                         net (fo=1, routed)           0.000    75.900    U_timer/timer_cnt_reg[31]_i_285_n_0
    SLICE_X46Y92         CARRY4 (Prop_carry4_CI_CO[3])
                                                      0.117    76.017 r  U_timer/timer_cnt_reg[31]_i_130/CO[3]
                         net (fo=1, routed)           0.000    76.017    U_timer/timer_cnt_reg[31]_i_130_n_0
    SLICE_X46Y93         CARRY4 (Prop_carry4_CI_CO[1])
                                                      0.157    76.174 r  U_timer/timer_cnt_reg[31]_i_55/CO[1]
                         net (fo=37, routed)          1.066    77.240    U_timer/freq_div_reg[31]_50[0]
    SLICE_X45Y85         LUT2 (Prop_lut2_I1_O)        0.332    77.572 r  U_timer/timer_cnt[31]_i_1346/O
                         net (fo=1, routed)           0.000    77.572    U_timer/timer_cnt[31]_i_1346_n_0
    SLICE_X45Y85         CARRY4 (Prop_carry4_S[1]_CO[3])
                                                      0.550    78.122 r  U_timer/timer_cnt_reg[31]_i_1325/CO[3]
                         net (fo=1, routed)           0.000    78.122    U_timer/timer_cnt_reg[31]_i_1325_n_0
    SLICE_X45Y86         CARRY4 (Prop_carry4_CI_CO[3])
                                                      0.114    78.236 r  U_timer/timer_cnt_reg[31]_i_1234/CO[3]
                         net (fo=1, routed)           0.000    78.236    U_timer/timer_cnt_reg[31]_i_1234_n_0
    SLICE_X45Y87         CARRY4 (Prop_carry4_CI_CO[3])
                                                      0.114    78.350 r  U_timer/timer_cnt_reg[31]_i_1091/CO[3]
                         net (fo=1, routed)           0.000    78.350    U_timer/timer_cnt_reg[31]_i_1091_n_0
    SLICE_X45Y88         CARRY4 (Prop_carry4_CI_CO[3])
                                                      0.114    78.464 r  U_timer/timer_cnt_reg[31]_i_937/CO[3]
                         net (fo=1, routed)           0.000    78.464    U_timer/timer_cnt_reg[31]_i_937_n_0
    SLICE_X45Y89         CARRY4 (Prop_carry4_CI_CO[3])
                                                      0.114    78.578 r  U_timer/timer_cnt_reg[31]_i_783/CO[3]
                         net (fo=1, routed)           0.000    78.578    U_timer/timer_cnt_reg[31]_i_783_n_0
    SLICE_X45Y90         CARRY4 (Prop_carry4_CI_CO[3])
                                                      0.114    78.692 r  U_timer/timer_cnt_reg[31]_i_629/CO[3]
                         net (fo=1, routed)           0.000    78.692    U_timer/timer_cnt_reg[31]_i_629_n_0
    SLICE_X45Y91         CARRY4 (Prop_carry4_CI_CO[3])
                                                      0.114    78.806 r  U_timer/timer_cnt_reg[31]_i_475/CO[3]
                         net (fo=1, routed)           0.000    78.806    U_timer/timer_cnt_reg[31]_i_475_n_0
    SLICE_X45Y92         CARRY4 (Prop_carry4_CI_CO[3])
                                                      0.114    78.920 r  U_timer/timer_cnt_reg[31]_i_297/CO[3]
                         net (fo=1, routed)           0.000    78.920    U_timer/timer_cnt_reg[31]_i_297_n_0
    SLICE_X45Y93         CARRY4 (Prop_carry4_CI_CO[1])
                                                      0.157    79.077 r  U_timer/timer_cnt_reg[31]_i_135/CO[1]
                         net (fo=37, routed)          0.917    79.994    U_timer/freq_div_reg[31]_52[0]
    SLICE_X44Y86         LUT2 (Prop_lut2_I1_O)        0.329    80.323 r  U_timer/timer_cnt[31]_i_1342/O
                         net (fo=1, routed)           0.000    80.323    U_timer/timer_cnt[31]_i_1342_n_0
    SLICE_X44Y86         CARRY4 (Prop_carry4_S[1]_CO[3])
                                                      0.550    80.873 r  U_timer/timer_cnt_reg[31]_i_1324/CO[3]
                         net (fo=1, routed)           0.000    80.873    U_timer/timer_cnt_reg[31]_i_1324_n_0
    SLICE_X44Y87         CARRY4 (Prop_carry4_CI_CO[3])
                                                      0.114    80.987 r  U_timer/timer_cnt_reg[31]_i_1233/CO[3]
                         net (fo=1, routed)           0.000    80.987    U_timer/timer_cnt_reg[31]_i_1233_n_0
    SLICE_X44Y88         CARRY4 (Prop_carry4_CI_CO[3])
                                                      0.114    81.101 r  U_timer/timer_cnt_reg[31]_i_1090/CO[3]
                         net (fo=1, routed)           0.000    81.101    U_timer/timer_cnt_reg[31]_i_1090_n_0
    SLICE_X44Y89         CARRY4 (Prop_carry4_CI_CO[3])
                                                      0.114    81.215 r  U_timer/timer_cnt_reg[31]_i_936/CO[3]
                         net (fo=1, routed)           0.000    81.215    U_timer/timer_cnt_reg[31]_i_936_n_0
    SLICE_X44Y90         CARRY4 (Prop_carry4_CI_CO[3])
                                                      0.114    81.329 r  U_timer/timer_cnt_reg[31]_i_782/CO[3]
                         net (fo=1, routed)           0.000    81.329    U_timer/timer_cnt_reg[31]_i_782_n_0
    SLICE_X44Y91         CARRY4 (Prop_carry4_CI_CO[3])
                                                      0.114    81.443 r  U_timer/timer_cnt_reg[31]_i_628/CO[3]
                         net (fo=1, routed)           0.000    81.443    U_timer/timer_cnt_reg[31]_i_628_n_0
    SLICE_X44Y92         CARRY4 (Prop_carry4_CI_CO[3])
                                                      0.114    81.557 r  U_timer/timer_cnt_reg[31]_i_474/CO[3]
                         net (fo=1, routed)           0.000    81.557    U_timer/timer_cnt_reg[31]_i_474_n_0
    SLICE_X44Y93         CARRY4 (Prop_carry4_CI_CO[3])
                                                      0.114    81.671 r  U_timer/timer_cnt_reg[31]_i_296/CO[3]
                         net (fo=1, routed)           0.000    81.671    U_timer/timer_cnt_reg[31]_i_296_n_0
    SLICE_X44Y94         CARRY4 (Prop_carry4_CI_CO[1])
                                                      0.157    81.828 r  U_timer/timer_cnt_reg[31]_i_134/CO[1]
                         net (fo=37, routed)          1.042    82.869    U_timer/freq_div_reg[31]_54[0]
    SLICE_X43Y86         LUT2 (Prop_lut2_I1_O)        0.329    83.198 r  U_timer/timer_cnt[31]_i_1338/O
                         net (fo=1, routed)           0.000    83.198    U_timer/timer_cnt[31]_i_1338_n_0
    SLICE_X43Y86         CARRY4 (Prop_carry4_S[0]_CO[3])
                                                      0.532    83.730 r  U_timer/timer_cnt_reg[31]_i_1243/CO[3]
                         net (fo=1, routed)           0.000    83.730    U_timer/timer_cnt_reg[31]_i_1243_n_0
    SLICE_X43Y87         CARRY4 (Prop_carry4_CI_CO[3])
                                                      0.114    83.844 r  U_timer/timer_cnt_reg[31]_i_1100/CO[3]
                         net (fo=1, routed)           0.000    83.844    U_timer/timer_cnt_reg[31]_i_1100_n_0
    SLICE_X43Y88         CARRY4 (Prop_carry4_CI_CO[3])
                                                      0.114    83.958 r  U_timer/timer_cnt_reg[31]_i_946/CO[3]
                         net (fo=1, routed)           0.000    83.958    U_timer/timer_cnt_reg[31]_i_946_n_0
    SLICE_X43Y89         CARRY4 (Prop_carry4_CI_CO[3])
                                                      0.114    84.072 r  U_timer/timer_cnt_reg[31]_i_792/CO[3]
                         net (fo=1, routed)           0.000    84.072    U_timer/timer_cnt_reg[31]_i_792_n_0
    SLICE_X43Y90         CARRY4 (Prop_carry4_CI_CO[3])
                                                      0.114    84.186 r  U_timer/timer_cnt_reg[31]_i_638/CO[3]
                         net (fo=1, routed)           0.000    84.186    U_timer/timer_cnt_reg[31]_i_638_n_0
    SLICE_X43Y91         CARRY4 (Prop_carry4_CI_CO[3])
                                                      0.114    84.300 r  U_timer/timer_cnt_reg[31]_i_484/CO[3]
                         net (fo=1, routed)           0.000    84.300    U_timer/timer_cnt_reg[31]_i_484_n_0
    SLICE_X43Y92         CARRY4 (Prop_carry4_CI_CO[3])
                                                      0.114    84.414 r  U_timer/timer_cnt_reg[31]_i_302/CO[3]
                         net (fo=1, routed)           0.000    84.414    U_timer/timer_cnt_reg[31]_i_302_n_0
    SLICE_X43Y93         CARRY4 (Prop_carry4_CI_CO[3])
                                                      0.114    84.528 r  U_timer/timer_cnt_reg[31]_i_136/CO[3]
                         net (fo=1, routed)           0.000    84.528    U_timer/timer_cnt_reg[31]_i_136_n_0
    SLICE_X43Y94         CARRY4 (Prop_carry4_CI_CO[0])
                                                      0.271    84.799 r  U_timer/timer_cnt_reg[31]_i_57/CO[0]
                         net (fo=1, routed)           0.307    85.106    U_timer/timer_cnt_reg[31]_i_57_n_3
    SLICE_X45Y95         LUT4 (Prop_lut4_I3_O)        0.373    85.479 r  U_timer/timer_cnt[31]_i_25/O
                         net (fo=1, routed)           0.000    85.479    U_timer/timer_cnt[31]_i_25_n_0
    SLICE_X45Y95         CARRY4 (Prop_carry4_S[0]_CO[3])
                                                      0.532    86.011 r  U_timer/timer_cnt_reg[31]_i_12/CO[3]
                         net (fo=1, routed)           0.000    86.011    U_timer/timer_cnt_reg[31]_i_12_n_0
    SLICE_X45Y96         CARRY4 (Prop_carry4_CI_CO[3])
                                                      0.114    86.125 r  U_timer/timer_cnt_reg[31]_i_8/CO[3]
                         net (fo=1, routed)           0.000    86.125    U_timer/timer_cnt_reg[31]_i_8_n_0
    SLICE_X45Y97         CARRY4 (Prop_carry4_CI_CO[2])
                                                      0.228    86.353 f  U_timer/timer_cnt_reg[31]_i_3/CO[2]
                         net (fo=34, routed)          0.859    87.213    U_timer/cnt_reg[31]_0[0]
    SLICE_X47Y92         LUT2 (Prop_lut2_I1_O)        0.313    87.526 r  U_timer/cnt[0]_i_6/O
                         net (fo=1, routed)           0.000    87.526    U_timer/cnt[0]_i_6_n_0
    SLICE_X47Y92         CARRY4 (Prop_carry4_S[1]_CO[3])
                                                      0.550    88.076 r  U_timer/cnt_reg[0]_i_2/CO[3]
                         net (fo=1, routed)           0.000    88.076    U_timer/cnt_reg[0]_i_2_n_0
    SLICE_X47Y93         CARRY4 (Prop_carry4_CI_CO[3])
                                                      0.114    88.190 r  U_timer/cnt_reg[4]_i_1/CO[3]
                         net (fo=1, routed)           0.000    88.190    U_timer/cnt_reg[4]_i_1_n_0
    SLICE_X47Y94         CARRY4 (Prop_carry4_CI_CO[3])
                                                      0.114    88.304 r  U_timer/cnt_reg[8]_i_1/CO[3]
                         net (fo=1, routed)           0.000    88.304    U_timer/cnt_reg[8]_i_1_n_0
    SLICE_X47Y95         CARRY4 (Prop_carry4_CI_CO[3])
                                                      0.114    88.418 r  U_timer/cnt_reg[12]_i_1/CO[3]
                         net (fo=1, routed)           0.000    88.418    U_timer/cnt_reg[12]_i_1_n_0
    SLICE_X47Y96         CARRY4 (Prop_carry4_CI_CO[3])
                                                      0.114    88.532 r  U_timer/cnt_reg[16]_i_1/CO[3]
                         net (fo=1, routed)           0.000    88.532    U_timer/cnt_reg[16]_i_1_n_0
    SLICE_X47Y97         CARRY4 (Prop_carry4_CI_CO[3])
                                                      0.114    88.646 r  U_timer/cnt_reg[20]_i_1/CO[3]
                         net (fo=1, routed)           0.000    88.646    U_timer/cnt_reg[20]_i_1_n_0
    SLICE_X47Y98         CARRY4 (Prop_carry4_CI_O[2])
                                                      0.239    88.885 r  U_timer/cnt_reg[24]_i_1/O[2]
                         net (fo=1, routed)           0.000    88.885    U_timer/cnt_reg[24]_i_1_n_5
    SLICE_X47Y98         FDCE                                         r  U_timer/cnt_reg[26]/D
  -------------------------------------------------------------------    -------------------

                         (clock clk_out1_cpuclk rise edge)
                                                     40.000    40.000 r  
    Y18                                               0.000    40.000 r  fpga_clk (IN)
                         net (fo=0)                   0.000    40.000    Clkgen/inst/clk_in1
    Y18                  IBUF (Prop_ibuf_I_O)         1.474    41.474 r  Clkgen/inst/clkin1_ibufg/O
                         net (fo=1, routed)           1.181    42.655    Clkgen/inst/clk_in1_cpuclk
    PLLE2_ADV_X0Y1       PLLE2_ADV (Prop_plle2_adv_CLKIN1_CLKOUT0)
                                                     -7.855    34.800 r  Clkgen/inst/plle2_adv_inst/CLKOUT0
                         net (fo=1, routed)           1.625    36.425    Clkgen/inst/clk_out1_cpuclk
    BUFGCTRL_X0Y2        BUFG (Prop_bufg_I_O)         0.091    36.516 r  Clkgen/inst/clkout1_buf/O
                         net (fo=1, routed)           1.895    38.411    pll_clk
    SLICE_X52Y96         LUT2 (Prop_lut2_I0_O)        0.100    38.511 r  cpu_clk_BUFG_inst_i_1/O
                         net (fo=1, routed)           0.511    39.023    cpu_clk
    BUFGCTRL_X0Y0        BUFG (Prop_bufg_I_O)         0.091    39.114 r  cpu_clk_BUFG_inst/O
                         net (fo=8506, routed)        1.511    40.625    U_timer/cpu_clk_BUFG
    SLICE_X47Y98         FDCE                                         r  U_timer/cnt_reg[26]/C
                         clock pessimism             -0.195    40.431    
                         clock uncertainty           -0.180    40.251    
    SLICE_X47Y98         FDCE (Setup_fdce_C_D)        0.062    40.313    U_timer/cnt_reg[26]
  -------------------------------------------------------------------
                         required time                         40.313    
                         arrival time                         -88.885    
  -------------------------------------------------------------------
                         slack                                -48.572    

Slack (VIOLATED) :        -48.556ns  (required time - arrival time)
  Source:                 U_timer/freq_div_reg[1]/C
                            (rising edge-triggered cell FDCE clocked by clk_out1_cpuclk  {rise@0.000ns fall@20.000ns period=40.000ns})
  Destination:            U_timer/cnt_reg[24]/D
                            (rising edge-triggered cell FDCE clocked by clk_out1_cpuclk  {rise@0.000ns fall@20.000ns period=40.000ns})
  Path Group:             clk_out1_cpuclk
  Path Type:              Setup (Max at Slow Process Corner)
  Requirement:            40.000ns  (clk_out1_cpuclk rise@40.000ns - clk_out1_cpuclk rise@0.000ns)
  Data Path Delay:        88.339ns  (logic 58.200ns (65.882%)  route 30.139ns (34.118%))
  Logic Levels:           309  (CARRY4=279 LUT1=1 LUT2=27 LUT3=1 LUT4=1)
  Clock Path Skew:        -0.099ns (DCD - SCD + CPR)
    Destination Clock Delay (DCD):    0.625ns = ( 40.625 - 40.000 ) 
    Source Clock Delay      (SCD):    0.530ns
    Clock Pessimism Removal (CPR):    -0.195ns
  Clock Uncertainty:      0.180ns  ((TSJ^2 + DJ^2)^1/2) / 2 + PE
    Total System Jitter     (TSJ):    0.071ns
    Discrete Jitter          (DJ):    0.352ns
    Phase Error              (PE):    0.000ns

    Location             Delay type                Incr(ns)  Path(ns)    Netlist Resource(s)
  -------------------------------------------------------------------    -------------------
                         (clock clk_out1_cpuclk rise edge)
                                                      0.000     0.000 r  
    Y18                                               0.000     0.000 r  fpga_clk (IN)
                         net (fo=0)                   0.000     0.000    Clkgen/inst/clk_in1
    Y18                  IBUF (Prop_ibuf_I_O)         1.545     1.545 r  Clkgen/inst/clkin1_ibufg/O
                         net (fo=1, routed)           1.253     2.798    Clkgen/inst/clk_in1_cpuclk
    PLLE2_ADV_X0Y1       PLLE2_ADV (Prop_plle2_adv_CLKIN1_CLKOUT0)
                                                     -8.590    -5.792 r  Clkgen/inst/plle2_adv_inst/CLKOUT0
                         net (fo=1, routed)           1.704    -4.087    Clkgen/inst/clk_out1_cpuclk
    BUFGCTRL_X0Y2        BUFG (Prop_bufg_I_O)         0.096    -3.991 r  Clkgen/inst/clkout1_buf/O
                         net (fo=1, routed)           2.115    -1.876    pll_clk
    SLICE_X52Y96         LUT2 (Prop_lut2_I0_O)        0.124    -1.752 r  cpu_clk_BUFG_inst_i_1/O
                         net (fo=1, routed)           0.567    -1.185    cpu_clk
    BUFGCTRL_X0Y0        BUFG (Prop_bufg_I_O)         0.096    -1.089 r  cpu_clk_BUFG_inst/O
                         net (fo=8506, routed)        1.618     0.530    U_timer/cpu_clk_BUFG
    SLICE_X55Y63         FDCE                                         r  U_timer/freq_div_reg[1]/C
  -------------------------------------------------------------------    -------------------
    SLICE_X55Y63         FDCE (Prop_fdce_C_Q)         0.456     0.986 f  U_timer/freq_div_reg[1]/Q
                         net (fo=32, routed)          0.449     1.435    U_timer/freq_div_reg_n_0_[1]
    SLICE_X53Y63         LUT1 (Prop_lut1_I0_O)        0.124     1.559 r  U_timer/timer_cnt[31]_i_1177/O
                         net (fo=1, routed)           0.000     1.559    U_timer/timer_cnt[31]_i_1177_n_0
    SLICE_X53Y63         CARRY4 (Prop_carry4_S[1]_CO[3])
                                                      0.550     2.109 r  U_timer/timer_cnt_reg[31]_i_1017/CO[3]
                         net (fo=1, routed)           0.000     2.109    U_timer/timer_cnt_reg[31]_i_1017_n_0
    SLICE_X53Y64         CARRY4 (Prop_carry4_CI_CO[3])
                                                      0.114     2.223 r  U_timer/timer_cnt_reg[31]_i_863/CO[3]
                         net (fo=1, routed)           0.000     2.223    U_timer/timer_cnt_reg[31]_i_863_n_0
    SLICE_X53Y65         CARRY4 (Prop_carry4_CI_CO[3])
                                                      0.114     2.337 r  U_timer/timer_cnt_reg[31]_i_709/CO[3]
                         net (fo=1, routed)           0.000     2.337    U_timer/timer_cnt_reg[31]_i_709_n_0
    SLICE_X53Y66         CARRY4 (Prop_carry4_CI_CO[3])
                                                      0.114     2.451 r  U_timer/timer_cnt_reg[31]_i_555/CO[3]
                         net (fo=1, routed)           0.000     2.451    U_timer/timer_cnt_reg[31]_i_555_n_0
    SLICE_X53Y67         CARRY4 (Prop_carry4_CI_CO[3])
                                                      0.114     2.565 r  U_timer/timer_cnt_reg[31]_i_389/CO[3]
                         net (fo=1, routed)           0.000     2.565    U_timer/timer_cnt_reg[31]_i_389_n_0
    SLICE_X53Y68         CARRY4 (Prop_carry4_CI_CO[3])
                                                      0.114     2.679 r  U_timer/timer_cnt_reg[31]_i_216/CO[3]
                         net (fo=1, routed)           0.000     2.679    U_timer/timer_cnt_reg[31]_i_216_n_0
    SLICE_X53Y69         CARRY4 (Prop_carry4_CI_CO[3])
                                                      0.114     2.793 r  U_timer/timer_cnt_reg[31]_i_95/CO[3]
                         net (fo=1, routed)           0.000     2.793    U_timer/timer_cnt_reg[31]_i_95_n_0
    SLICE_X53Y70         CARRY4 (Prop_carry4_CI_CO[3])
                                                      0.114     2.907 r  U_timer/timer_cnt_reg[31]_i_82/CO[3]
                         net (fo=1, routed)           0.000     2.907    U_timer/timer_cnt_reg[31]_i_82_n_0
    SLICE_X53Y71         CARRY4 (Prop_carry4_CI_CO[0])
                                                      0.271     3.178 r  U_timer/timer_cnt_reg[31]_i_35/CO[0]
                         net (fo=36, routed)          0.951     4.129    U_timer/CO[0]
    SLICE_X54Y67         CARRY4 (Prop_carry4_CYINIT_CO[3])
                                                      0.844     4.973 r  U_timer/timer_cnt_reg[31]_i_1012/CO[3]
                         net (fo=1, routed)           0.000     4.973    U_timer/timer_cnt_reg[31]_i_1012_n_0
    SLICE_X54Y68         CARRY4 (Prop_carry4_CI_CO[3])
                                                      0.117     5.090 r  U_timer/timer_cnt_reg[31]_i_858/CO[3]
                         net (fo=1, routed)           0.000     5.090    U_timer/timer_cnt_reg[31]_i_858_n_0
    SLICE_X54Y69         CARRY4 (Prop_carry4_CI_CO[3])
                                                      0.117     5.207 r  U_timer/timer_cnt_reg[31]_i_704/CO[3]
                         net (fo=1, routed)           0.000     5.207    U_timer/timer_cnt_reg[31]_i_704_n_0
    SLICE_X54Y70         CARRY4 (Prop_carry4_CI_CO[3])
                                                      0.117     5.324 r  U_timer/timer_cnt_reg[31]_i_550/CO[3]
                         net (fo=1, routed)           0.000     5.324    U_timer/timer_cnt_reg[31]_i_550_n_0
    SLICE_X54Y71         CARRY4 (Prop_carry4_CI_CO[3])
                                                      0.117     5.441 r  U_timer/timer_cnt_reg[31]_i_384/CO[3]
                         net (fo=1, routed)           0.000     5.441    U_timer/timer_cnt_reg[31]_i_384_n_0
    SLICE_X54Y72         CARRY4 (Prop_carry4_CI_CO[3])
                                                      0.117     5.558 r  U_timer/timer_cnt_reg[31]_i_211/CO[3]
                         net (fo=1, routed)           0.000     5.558    U_timer/timer_cnt_reg[31]_i_211_n_0
    SLICE_X54Y73         CARRY4 (Prop_carry4_CI_CO[3])
                                                      0.117     5.675 r  U_timer/timer_cnt_reg[31]_i_90/CO[3]
                         net (fo=1, routed)           0.000     5.675    U_timer/timer_cnt_reg[31]_i_90_n_0
    SLICE_X54Y74         CARRY4 (Prop_carry4_CI_CO[3])
                                                      0.117     5.792 r  U_timer/timer_cnt_reg[31]_i_41/CO[3]
                         net (fo=1, routed)           0.009     5.801    U_timer/timer_cnt_reg[31]_i_41_n_0
    SLICE_X54Y75         CARRY4 (Prop_carry4_CI_CO[1])
                                                      0.157     5.958 r  U_timer/timer_cnt_reg[31]_i_34/CO[1]
                         net (fo=36, routed)          1.178     7.136    U_timer/freq_div_reg[31]_0[0]
    SLICE_X55Y68         LUT3 (Prop_lut3_I0_O)        0.332     7.468 r  U_timer/timer_cnt[31]_i_1015/O
                         net (fo=1, routed)           0.000     7.468    U_timer/timer_cnt[31]_i_1015_n_0
    SLICE_X55Y68         CARRY4 (Prop_carry4_S[1]_CO[3])
                                                      0.550     8.018 r  U_timer/timer_cnt_reg[31]_i_857/CO[3]
                         net (fo=1, routed)           0.000     8.018    U_timer/timer_cnt_reg[31]_i_857_n_0
    SLICE_X55Y69         CARRY4 (Prop_carry4_CI_CO[3])
                                                      0.114     8.132 r  U_timer/timer_cnt_reg[31]_i_703/CO[3]
                         net (fo=1, routed)           0.000     8.132    U_timer/timer_cnt_reg[31]_i_703_n_0
    SLICE_X55Y70         CARRY4 (Prop_carry4_CI_CO[3])
                                                      0.114     8.246 r  U_timer/timer_cnt_reg[31]_i_549/CO[3]
                         net (fo=1, routed)           0.000     8.246    U_timer/timer_cnt_reg[31]_i_549_n_0
    SLICE_X55Y71         CARRY4 (Prop_carry4_CI_CO[3])
                                                      0.114     8.360 r  U_timer/timer_cnt_reg[31]_i_383/CO[3]
                         net (fo=1, routed)           0.000     8.360    U_timer/timer_cnt_reg[31]_i_383_n_0
    SLICE_X55Y72         CARRY4 (Prop_carry4_CI_CO[3])
                                                      0.114     8.474 r  U_timer/timer_cnt_reg[31]_i_210/CO[3]
                         net (fo=1, routed)           0.000     8.474    U_timer/timer_cnt_reg[31]_i_210_n_0
    SLICE_X55Y73         CARRY4 (Prop_carry4_CI_CO[3])
                                                      0.114     8.588 r  U_timer/timer_cnt_reg[31]_i_89/CO[3]
                         net (fo=1, routed)           0.000     8.588    U_timer/timer_cnt_reg[31]_i_89_n_0
    SLICE_X55Y74         CARRY4 (Prop_carry4_CI_CO[3])
                                                      0.114     8.702 r  U_timer/timer_cnt_reg[31]_i_40/CO[3]
                         net (fo=1, routed)           0.009     8.711    U_timer/timer_cnt_reg[31]_i_40_n_0
    SLICE_X55Y75         CARRY4 (Prop_carry4_CI_CO[1])
                                                      0.157     8.868 r  U_timer/timer_cnt_reg[31]_i_19/CO[1]
                         net (fo=37, routed)          0.953     9.821    U_timer/freq_div_reg[31]_2[0]
    SLICE_X52Y66         LUT2 (Prop_lut2_I1_O)        0.329    10.150 r  U_timer/timer_cnt[31]_i_1187/O
                         net (fo=1, routed)           0.000    10.150    U_timer/timer_cnt[31]_i_1187_n_0
    SLICE_X52Y66         CARRY4 (Prop_carry4_S[1]_CO[3])
                                                      0.550    10.700 r  U_timer/timer_cnt_reg[31]_i_1036/CO[3]
                         net (fo=1, routed)           0.000    10.700    U_timer/timer_cnt_reg[31]_i_1036_n_0
    SLICE_X52Y67         CARRY4 (Prop_carry4_CI_CO[3])
                                                      0.114    10.814 r  U_timer/timer_cnt_reg[31]_i_882/CO[3]
                         net (fo=1, routed)           0.000    10.814    U_timer/timer_cnt_reg[31]_i_882_n_0
    SLICE_X52Y68         CARRY4 (Prop_carry4_CI_CO[3])
                                                      0.114    10.928 r  U_timer/timer_cnt_reg[31]_i_728/CO[3]
                         net (fo=1, routed)           0.000    10.928    U_timer/timer_cnt_reg[31]_i_728_n_0
    SLICE_X52Y69         CARRY4 (Prop_carry4_CI_CO[3])
                                                      0.114    11.042 r  U_timer/timer_cnt_reg[31]_i_574/CO[3]
                         net (fo=1, routed)           0.000    11.042    U_timer/timer_cnt_reg[31]_i_574_n_0
    SLICE_X52Y70         CARRY4 (Prop_carry4_CI_CO[3])
                                                      0.114    11.156 r  U_timer/timer_cnt_reg[31]_i_408/CO[3]
                         net (fo=1, routed)           0.000    11.156    U_timer/timer_cnt_reg[31]_i_408_n_0
    SLICE_X52Y71         CARRY4 (Prop_carry4_CI_CO[3])
                                                      0.114    11.270 r  U_timer/timer_cnt_reg[31]_i_239/CO[3]
                         net (fo=1, routed)           0.000    11.270    U_timer/timer_cnt_reg[31]_i_239_n_0
    SLICE_X52Y72         CARRY4 (Prop_carry4_CI_CO[3])
                                                      0.114    11.384 r  U_timer/timer_cnt_reg[31]_i_111/CO[3]
                         net (fo=1, routed)           0.000    11.384    U_timer/timer_cnt_reg[31]_i_111_n_0
    SLICE_X52Y73         CARRY4 (Prop_carry4_CI_CO[3])
                                                      0.114    11.498 r  U_timer/timer_cnt_reg[31]_i_100/CO[3]
                         net (fo=1, routed)           0.000    11.498    U_timer/timer_cnt_reg[31]_i_100_n_0
    SLICE_X52Y74         CARRY4 (Prop_carry4_CI_CO[1])
                                                      0.157    11.655 r  U_timer/timer_cnt_reg[31]_i_45/CO[1]
                         net (fo=36, routed)          1.050    12.705    U_timer/freq_div_reg[31]_4[0]
    SLICE_X48Y65         LUT2 (Prop_lut2_I1_O)        0.329    13.034 r  U_timer/timer_cnt[31]_i_1183/O
                         net (fo=1, routed)           0.000    13.034    U_timer/timer_cnt[31]_i_1183_n_0
    SLICE_X48Y65         CARRY4 (Prop_carry4_S[1]_CO[3])
                                                      0.550    13.584 r  U_timer/timer_cnt_reg[31]_i_1031/CO[3]
                         net (fo=1, routed)           0.000    13.584    U_timer/timer_cnt_reg[31]_i_1031_n_0
    SLICE_X48Y66         CARRY4 (Prop_carry4_CI_CO[3])
                                                      0.114    13.698 r  U_timer/timer_cnt_reg[31]_i_877/CO[3]
                         net (fo=1, routed)           0.000    13.698    U_timer/timer_cnt_reg[31]_i_877_n_0
    SLICE_X48Y67         CARRY4 (Prop_carry4_CI_CO[3])
                                                      0.114    13.812 r  U_timer/timer_cnt_reg[31]_i_723/CO[3]
                         net (fo=1, routed)           0.000    13.812    U_timer/timer_cnt_reg[31]_i_723_n_0
    SLICE_X48Y68         CARRY4 (Prop_carry4_CI_CO[3])
                                                      0.114    13.926 r  U_timer/timer_cnt_reg[31]_i_569/CO[3]
                         net (fo=1, routed)           0.000    13.926    U_timer/timer_cnt_reg[31]_i_569_n_0
    SLICE_X48Y69         CARRY4 (Prop_carry4_CI_CO[3])
                                                      0.114    14.040 r  U_timer/timer_cnt_reg[31]_i_403/CO[3]
                         net (fo=1, routed)           0.000    14.040    U_timer/timer_cnt_reg[31]_i_403_n_0
    SLICE_X48Y70         CARRY4 (Prop_carry4_CI_CO[3])
                                                      0.114    14.154 r  U_timer/timer_cnt_reg[31]_i_234/CO[3]
                         net (fo=1, routed)           0.000    14.154    U_timer/timer_cnt_reg[31]_i_234_n_0
    SLICE_X48Y71         CARRY4 (Prop_carry4_CI_CO[3])
                                                      0.114    14.268 r  U_timer/timer_cnt_reg[31]_i_106/CO[3]
                         net (fo=1, routed)           0.000    14.268    U_timer/timer_cnt_reg[31]_i_106_n_0
    SLICE_X48Y72         CARRY4 (Prop_carry4_CI_CO[3])
                                                      0.114    14.382 r  U_timer/timer_cnt_reg[31]_i_47/CO[3]
                         net (fo=1, routed)           0.000    14.382    U_timer/timer_cnt_reg[31]_i_47_n_0
    SLICE_X48Y73         CARRY4 (Prop_carry4_CI_CO[1])
                                                      0.157    14.539 r  U_timer/timer_cnt_reg[31]_i_44/CO[1]
                         net (fo=36, routed)          0.901    15.440    U_timer/freq_div_reg[31]_6[0]
    SLICE_X49Y64         LUT2 (Prop_lut2_I1_O)        0.329    15.769 r  U_timer/timer_cnt[31]_i_1180/O
                         net (fo=1, routed)           0.000    15.769    U_timer/timer_cnt[31]_i_1180_n_0
    SLICE_X49Y64         CARRY4 (Prop_carry4_S[1]_CO[3])
                                                      0.550    16.319 r  U_timer/timer_cnt_reg[31]_i_1030/CO[3]
                         net (fo=1, routed)           0.000    16.319    U_timer/timer_cnt_reg[31]_i_1030_n_0
    SLICE_X49Y65         CARRY4 (Prop_carry4_CI_CO[3])
                                                      0.114    16.433 r  U_timer/timer_cnt_reg[31]_i_876/CO[3]
                         net (fo=1, routed)           0.000    16.433    U_timer/timer_cnt_reg[31]_i_876_n_0
    SLICE_X49Y66         CARRY4 (Prop_carry4_CI_CO[3])
                                                      0.114    16.547 r  U_timer/timer_cnt_reg[31]_i_722/CO[3]
                         net (fo=1, routed)           0.000    16.547    U_timer/timer_cnt_reg[31]_i_722_n_0
    SLICE_X49Y67         CARRY4 (Prop_carry4_CI_CO[3])
                                                      0.114    16.661 r  U_timer/timer_cnt_reg[31]_i_568/CO[3]
                         net (fo=1, routed)           0.000    16.661    U_timer/timer_cnt_reg[31]_i_568_n_0
    SLICE_X49Y68         CARRY4 (Prop_carry4_CI_CO[3])
                                                      0.114    16.775 r  U_timer/timer_cnt_reg[31]_i_402/CO[3]
                         net (fo=1, routed)           0.000    16.775    U_timer/timer_cnt_reg[31]_i_402_n_0
    SLICE_X49Y69         CARRY4 (Prop_carry4_CI_CO[3])
                                                      0.114    16.889 r  U_timer/timer_cnt_reg[31]_i_233/CO[3]
                         net (fo=1, routed)           0.000    16.889    U_timer/timer_cnt_reg[31]_i_233_n_0
    SLICE_X49Y70         CARRY4 (Prop_carry4_CI_CO[3])
                                                      0.114    17.003 r  U_timer/timer_cnt_reg[31]_i_105/CO[3]
                         net (fo=1, routed)           0.000    17.003    U_timer/timer_cnt_reg[31]_i_105_n_0
    SLICE_X49Y71         CARRY4 (Prop_carry4_CI_CO[3])
                                                      0.114    17.117 r  U_timer/timer_cnt_reg[31]_i_46/CO[3]
                         net (fo=1, routed)           0.000    17.117    U_timer/timer_cnt_reg[31]_i_46_n_0
    SLICE_X49Y72         CARRY4 (Prop_carry4_CI_CO[1])
                                                      0.157    17.274 r  U_timer/timer_cnt_reg[31]_i_21/CO[1]
                         net (fo=36, routed)          0.887    18.161    U_timer/freq_div_reg[31]_8[0]
    SLICE_X47Y64         LUT2 (Prop_lut2_I1_O)        0.329    18.490 r  U_timer/timer_cnt[31]_i_1258/O
                         net (fo=1, routed)           0.000    18.490    U_timer/timer_cnt[31]_i_1258_n_0
    SLICE_X47Y64         CARRY4 (Prop_carry4_S[1]_CO[3])
                                                      0.550    19.040 r  U_timer/timer_cnt_reg[31]_i_1111/CO[3]
                         net (fo=1, routed)           0.000    19.040    U_timer/timer_cnt_reg[31]_i_1111_n_0
    SLICE_X47Y65         CARRY4 (Prop_carry4_CI_CO[3])
                                                      0.114    19.154 r  U_timer/timer_cnt_reg[31]_i_957/CO[3]
                         net (fo=1, routed)           0.000    19.154    U_timer/timer_cnt_reg[31]_i_957_n_0
    SLICE_X47Y66         CARRY4 (Prop_carry4_CI_CO[3])
                                                      0.114    19.268 r  U_timer/timer_cnt_reg[31]_i_803/CO[3]
                         net (fo=1, routed)           0.000    19.268    U_timer/timer_cnt_reg[31]_i_803_n_0
    SLICE_X47Y67         CARRY4 (Prop_carry4_CI_CO[3])
                                                      0.114    19.382 r  U_timer/timer_cnt_reg[31]_i_649/CO[3]
                         net (fo=1, routed)           0.000    19.382    U_timer/timer_cnt_reg[31]_i_649_n_0
    SLICE_X47Y68         CARRY4 (Prop_carry4_CI_CO[3])
                                                      0.114    19.496 r  U_timer/timer_cnt_reg[31]_i_495/CO[3]
                         net (fo=1, routed)           0.000    19.496    U_timer/timer_cnt_reg[31]_i_495_n_0
    SLICE_X47Y69         CARRY4 (Prop_carry4_CI_CO[3])
                                                      0.114    19.610 r  U_timer/timer_cnt_reg[31]_i_317/CO[3]
                         net (fo=1, routed)           0.000    19.610    U_timer/timer_cnt_reg[31]_i_317_n_0
    SLICE_X47Y70         CARRY4 (Prop_carry4_CI_CO[3])
                                                      0.114    19.724 r  U_timer/timer_cnt_reg[31]_i_149/CO[3]
                         net (fo=1, routed)           0.000    19.724    U_timer/timer_cnt_reg[31]_i_149_n_0
    SLICE_X47Y71         CARRY4 (Prop_carry4_CI_CO[3])
                                                      0.114    19.838 r  U_timer/timer_cnt_reg[31]_i_138/CO[3]
                         net (fo=1, routed)           0.000    19.838    U_timer/timer_cnt_reg[31]_i_138_n_0
    SLICE_X47Y72         CARRY4 (Prop_carry4_CI_CO[1])
                                                      0.157    19.995 r  U_timer/timer_cnt_reg[31]_i_59/CO[1]
                         net (fo=37, routed)          1.015    21.011    U_timer/freq_div_reg[31]_10[0]
    SLICE_X46Y67         LUT2 (Prop_lut2_I1_O)        0.329    21.340 r  U_timer/timer_cnt[31]_i_1255/O
                         net (fo=1, routed)           0.000    21.340    U_timer/timer_cnt[31]_i_1255_n_0
    SLICE_X46Y67         CARRY4 (Prop_carry4_S[1]_CO[3])
                                                      0.533    21.873 r  U_timer/timer_cnt_reg[31]_i_1106/CO[3]
                         net (fo=1, routed)           0.000    21.873    U_timer/timer_cnt_reg[31]_i_1106_n_0
    SLICE_X46Y68         CARRY4 (Prop_carry4_CI_CO[3])
                                                      0.117    21.990 r  U_timer/timer_cnt_reg[31]_i_952/CO[3]
                         net (fo=1, routed)           0.000    21.990    U_timer/timer_cnt_reg[31]_i_952_n_0
    SLICE_X46Y69         CARRY4 (Prop_carry4_CI_CO[3])
                                                      0.117    22.107 r  U_timer/timer_cnt_reg[31]_i_798/CO[3]
                         net (fo=1, routed)           0.000    22.107    U_timer/timer_cnt_reg[31]_i_798_n_0
    SLICE_X46Y70         CARRY4 (Prop_carry4_CI_CO[3])
                                                      0.117    22.224 r  U_timer/timer_cnt_reg[31]_i_644/CO[3]
                         net (fo=1, routed)           0.000    22.224    U_timer/timer_cnt_reg[31]_i_644_n_0
    SLICE_X46Y71         CARRY4 (Prop_carry4_CI_CO[3])
                                                      0.117    22.341 r  U_timer/timer_cnt_reg[31]_i_490/CO[3]
                         net (fo=1, routed)           0.000    22.341    U_timer/timer_cnt_reg[31]_i_490_n_0
    SLICE_X46Y72         CARRY4 (Prop_carry4_CI_CO[3])
                                                      0.117    22.458 r  U_timer/timer_cnt_reg[31]_i_312/CO[3]
                         net (fo=1, routed)           0.000    22.458    U_timer/timer_cnt_reg[31]_i_312_n_0
    SLICE_X46Y73         CARRY4 (Prop_carry4_CI_CO[3])
                                                      0.117    22.575 r  U_timer/timer_cnt_reg[31]_i_144/CO[3]
                         net (fo=1, routed)           0.000    22.575    U_timer/timer_cnt_reg[31]_i_144_n_0
    SLICE_X46Y74         CARRY4 (Prop_carry4_CI_CO[3])
                                                      0.117    22.692 r  U_timer/timer_cnt_reg[31]_i_61/CO[3]
                         net (fo=1, routed)           0.009    22.701    U_timer/timer_cnt_reg[31]_i_61_n_0
    SLICE_X46Y75         CARRY4 (Prop_carry4_CI_CO[1])
                                                      0.157    22.858 r  U_timer/timer_cnt_reg[31]_i_58/CO[1]
                         net (fo=37, routed)          0.999    23.856    U_timer/freq_div_reg[31]_12[0]
    SLICE_X50Y72         LUT2 (Prop_lut2_I1_O)        0.332    24.188 r  U_timer/timer_cnt[31]_i_1251/O
                         net (fo=1, routed)           0.000    24.188    U_timer/timer_cnt[31]_i_1251_n_0
    SLICE_X50Y72         CARRY4 (Prop_carry4_S[1]_CO[3])
                                                      0.533    24.721 r  U_timer/timer_cnt_reg[31]_i_1105/CO[3]
                         net (fo=1, routed)           0.000    24.721    U_timer/timer_cnt_reg[31]_i_1105_n_0
    SLICE_X50Y73         CARRY4 (Prop_carry4_CI_CO[3])
                                                      0.117    24.838 r  U_timer/timer_cnt_reg[31]_i_951/CO[3]
                         net (fo=1, routed)           0.000    24.838    U_timer/timer_cnt_reg[31]_i_951_n_0
    SLICE_X50Y74         CARRY4 (Prop_carry4_CI_CO[3])
                                                      0.117    24.955 r  U_timer/timer_cnt_reg[31]_i_797/CO[3]
                         net (fo=1, routed)           0.009    24.964    U_timer/timer_cnt_reg[31]_i_797_n_0
    SLICE_X50Y75         CARRY4 (Prop_carry4_CI_CO[3])
                                                      0.117    25.081 r  U_timer/timer_cnt_reg[31]_i_643/CO[3]
                         net (fo=1, routed)           0.000    25.081    U_timer/timer_cnt_reg[31]_i_643_n_0
    SLICE_X50Y76         CARRY4 (Prop_carry4_CI_CO[3])
                                                      0.117    25.198 r  U_timer/timer_cnt_reg[31]_i_489/CO[3]
                         net (fo=1, routed)           0.000    25.198    U_timer/timer_cnt_reg[31]_i_489_n_0
    SLICE_X50Y77         CARRY4 (Prop_carry4_CI_CO[3])
                                                      0.117    25.315 r  U_timer/timer_cnt_reg[31]_i_311/CO[3]
                         net (fo=1, routed)           0.000    25.315    U_timer/timer_cnt_reg[31]_i_311_n_0
    SLICE_X50Y78         CARRY4 (Prop_carry4_CI_CO[3])
                                                      0.117    25.432 r  U_timer/timer_cnt_reg[31]_i_143/CO[3]
                         net (fo=1, routed)           0.000    25.432    U_timer/timer_cnt_reg[31]_i_143_n_0
    SLICE_X50Y79         CARRY4 (Prop_carry4_CI_CO[3])
                                                      0.117    25.549 r  U_timer/timer_cnt_reg[31]_i_60/CO[3]
                         net (fo=1, routed)           0.000    25.549    U_timer/timer_cnt_reg[31]_i_60_n_0
    SLICE_X50Y80         CARRY4 (Prop_carry4_CI_CO[1])
                                                      0.157    25.706 r  U_timer/timer_cnt_reg[31]_i_27/CO[1]
                         net (fo=36, routed)          0.921    26.628    U_timer/freq_div_reg[31]_14[0]
    SLICE_X47Y73         LUT2 (Prop_lut2_I1_O)        0.332    26.960 r  U_timer/timer_cnt[31]_i_1268/O
                         net (fo=1, routed)           0.000    26.960    U_timer/timer_cnt[31]_i_1268_n_0
    SLICE_X47Y73         CARRY4 (Prop_carry4_S[1]_CO[3])
                                                      0.550    27.510 r  U_timer/timer_cnt_reg[31]_i_1126/CO[3]
                         net (fo=1, routed)           0.000    27.510    U_timer/timer_cnt_reg[31]_i_1126_n_0
    SLICE_X47Y74         CARRY4 (Prop_carry4_CI_CO[3])
                                                      0.114    27.624 r  U_timer/timer_cnt_reg[31]_i_972/CO[3]
                         net (fo=1, routed)           0.009    27.633    U_timer/timer_cnt_reg[31]_i_972_n_0
    SLICE_X47Y75         CARRY4 (Prop_carry4_CI_CO[3])
                                                      0.114    27.747 r  U_timer/timer_cnt_reg[31]_i_818/CO[3]
                         net (fo=1, routed)           0.000    27.747    U_timer/timer_cnt_reg[31]_i_818_n_0
    SLICE_X47Y76         CARRY4 (Prop_carry4_CI_CO[3])
                                                      0.114    27.861 r  U_timer/timer_cnt_reg[31]_i_664/CO[3]
                         net (fo=1, routed)           0.000    27.861    U_timer/timer_cnt_reg[31]_i_664_n_0
    SLICE_X47Y77         CARRY4 (Prop_carry4_CI_CO[3])
                                                      0.114    27.975 r  U_timer/timer_cnt_reg[31]_i_510/CO[3]
                         net (fo=1, routed)           0.000    27.975    U_timer/timer_cnt_reg[31]_i_510_n_0
    SLICE_X47Y78         CARRY4 (Prop_carry4_CI_CO[3])
                                                      0.114    28.089 r  U_timer/timer_cnt_reg[31]_i_336/CO[3]
                         net (fo=1, routed)           0.000    28.089    U_timer/timer_cnt_reg[31]_i_336_n_0
    SLICE_X47Y79         CARRY4 (Prop_carry4_CI_CO[3])
                                                      0.114    28.203 r  U_timer/timer_cnt_reg[31]_i_165/CO[3]
                         net (fo=1, routed)           0.000    28.203    U_timer/timer_cnt_reg[31]_i_165_n_0
    SLICE_X47Y80         CARRY4 (Prop_carry4_CI_CO[3])
                                                      0.114    28.317 r  U_timer/timer_cnt_reg[31]_i_154/CO[3]
                         net (fo=1, routed)           0.000    28.317    U_timer/timer_cnt_reg[31]_i_154_n_0
    SLICE_X47Y81         CARRY4 (Prop_carry4_CI_CO[1])
                                                      0.157    28.474 r  U_timer/timer_cnt_reg[31]_i_65/CO[1]
                         net (fo=36, routed)          0.855    29.328    U_timer/freq_div_reg[31]_16[0]
    SLICE_X51Y75         LUT2 (Prop_lut2_I1_O)        0.329    29.657 r  U_timer/timer_cnt[31]_i_1265/O
                         net (fo=1, routed)           0.000    29.657    U_timer/timer_cnt[31]_i_1265_n_0
    SLICE_X51Y75         CARRY4 (Prop_carry4_S[1]_CO[3])
                                                      0.550    30.207 r  U_timer/timer_cnt_reg[31]_i_1121/CO[3]
                         net (fo=1, routed)           0.000    30.207    U_timer/timer_cnt_reg[31]_i_1121_n_0
    SLICE_X51Y76         CARRY4 (Prop_carry4_CI_CO[3])
                                                      0.114    30.321 r  U_timer/timer_cnt_reg[31]_i_967/CO[3]
                         net (fo=1, routed)           0.000    30.321    U_timer/timer_cnt_reg[31]_i_967_n_0
    SLICE_X51Y77         CARRY4 (Prop_carry4_CI_CO[3])
                                                      0.114    30.435 r  U_timer/timer_cnt_reg[31]_i_813/CO[3]
                         net (fo=1, routed)           0.000    30.435    U_timer/timer_cnt_reg[31]_i_813_n_0
    SLICE_X51Y78         CARRY4 (Prop_carry4_CI_CO[3])
                                                      0.114    30.549 r  U_timer/timer_cnt_reg[31]_i_659/CO[3]
                         net (fo=1, routed)           0.000    30.549    U_timer/timer_cnt_reg[31]_i_659_n_0
    SLICE_X51Y79         CARRY4 (Prop_carry4_CI_CO[3])
                                                      0.114    30.663 r  U_timer/timer_cnt_reg[31]_i_505/CO[3]
                         net (fo=1, routed)           0.000    30.663    U_timer/timer_cnt_reg[31]_i_505_n_0
    SLICE_X51Y80         CARRY4 (Prop_carry4_CI_CO[3])
                                                      0.114    30.777 r  U_timer/timer_cnt_reg[31]_i_331/CO[3]
                         net (fo=1, routed)           0.000    30.777    U_timer/timer_cnt_reg[31]_i_331_n_0
    SLICE_X51Y81         CARRY4 (Prop_carry4_CI_CO[3])
                                                      0.114    30.891 r  U_timer/timer_cnt_reg[31]_i_160/CO[3]
                         net (fo=1, routed)           0.000    30.891    U_timer/timer_cnt_reg[31]_i_160_n_0
    SLICE_X51Y82         CARRY4 (Prop_carry4_CI_CO[3])
                                                      0.114    31.005 r  U_timer/timer_cnt_reg[31]_i_67/CO[3]
                         net (fo=1, routed)           0.000    31.005    U_timer/timer_cnt_reg[31]_i_67_n_0
    SLICE_X51Y83         CARRY4 (Prop_carry4_CI_CO[1])
                                                      0.157    31.162 r  U_timer/timer_cnt_reg[31]_i_64/CO[1]
                         net (fo=37, routed)          1.062    32.225    U_timer/freq_div_reg[31]_18[0]
    SLICE_X45Y76         LUT2 (Prop_lut2_I1_O)        0.329    32.554 r  U_timer/timer_cnt[31]_i_1262/O
                         net (fo=1, routed)           0.000    32.554    U_timer/timer_cnt[31]_i_1262_n_0
    SLICE_X45Y76         CARRY4 (Prop_carry4_S[1]_CO[3])
                                                      0.550    33.104 r  U_timer/timer_cnt_reg[31]_i_1120/CO[3]
                         net (fo=1, routed)           0.000    33.104    U_timer/timer_cnt_reg[31]_i_1120_n_0
    SLICE_X45Y77         CARRY4 (Prop_carry4_CI_CO[3])
                                                      0.114    33.218 r  U_timer/timer_cnt_reg[31]_i_966/CO[3]
                         net (fo=1, routed)           0.000    33.218    U_timer/timer_cnt_reg[31]_i_966_n_0
    SLICE_X45Y78         CARRY4 (Prop_carry4_CI_CO[3])
                                                      0.114    33.332 r  U_timer/timer_cnt_reg[31]_i_812/CO[3]
                         net (fo=1, routed)           0.000    33.332    U_timer/timer_cnt_reg[31]_i_812_n_0
    SLICE_X45Y79         CARRY4 (Prop_carry4_CI_CO[3])
                                                      0.114    33.446 r  U_timer/timer_cnt_reg[31]_i_658/CO[3]
                         net (fo=1, routed)           0.000    33.446    U_timer/timer_cnt_reg[31]_i_658_n_0
    SLICE_X45Y80         CARRY4 (Prop_carry4_CI_CO[3])
                                                      0.114    33.560 r  U_timer/timer_cnt_reg[31]_i_504/CO[3]
                         net (fo=1, routed)           0.000    33.560    U_timer/timer_cnt_reg[31]_i_504_n_0
    SLICE_X45Y81         CARRY4 (Prop_carry4_CI_CO[3])
                                                      0.114    33.674 r  U_timer/timer_cnt_reg[31]_i_330/CO[3]
                         net (fo=1, routed)           0.000    33.674    U_timer/timer_cnt_reg[31]_i_330_n_0
    SLICE_X45Y82         CARRY4 (Prop_carry4_CI_CO[3])
                                                      0.114    33.788 r  U_timer/timer_cnt_reg[31]_i_159/CO[3]
                         net (fo=1, routed)           0.000    33.788    U_timer/timer_cnt_reg[31]_i_159_n_0
    SLICE_X45Y83         CARRY4 (Prop_carry4_CI_CO[3])
                                                      0.114    33.902 r  U_timer/timer_cnt_reg[31]_i_66/CO[3]
                         net (fo=1, routed)           0.000    33.902    U_timer/timer_cnt_reg[31]_i_66_n_0
    SLICE_X45Y84         CARRY4 (Prop_carry4_CI_CO[1])
                                                      0.157    34.059 r  U_timer/timer_cnt_reg[31]_i_29/CO[1]
                         net (fo=36, routed)          0.916    34.975    U_timer/freq_div_reg[31]_20[0]
    SLICE_X46Y76         LUT2 (Prop_lut2_I1_O)        0.329    35.304 r  U_timer/timer_cnt[31]_i_1278/O
                         net (fo=1, routed)           0.000    35.304    U_timer/timer_cnt[31]_i_1278_n_0
    SLICE_X46Y76         CARRY4 (Prop_carry4_S[1]_CO[3])
                                                      0.533    35.837 r  U_timer/timer_cnt_reg[31]_i_1141/CO[3]
                         net (fo=1, routed)           0.000    35.837    U_timer/timer_cnt_reg[31]_i_1141_n_0
    SLICE_X46Y77         CARRY4 (Prop_carry4_CI_CO[3])
                                                      0.117    35.954 r  U_timer/timer_cnt_reg[31]_i_987/CO[3]
                         net (fo=1, routed)           0.000    35.954    U_timer/timer_cnt_reg[31]_i_987_n_0
    SLICE_X46Y78         CARRY4 (Prop_carry4_CI_CO[3])
                                                      0.117    36.071 r  U_timer/timer_cnt_reg[31]_i_833/CO[3]
                         net (fo=1, routed)           0.000    36.071    U_timer/timer_cnt_reg[31]_i_833_n_0
    SLICE_X46Y79         CARRY4 (Prop_carry4_CI_CO[3])
                                                      0.117    36.188 r  U_timer/timer_cnt_reg[31]_i_679/CO[3]
                         net (fo=1, routed)           0.000    36.188    U_timer/timer_cnt_reg[31]_i_679_n_0
    SLICE_X46Y80         CARRY4 (Prop_carry4_CI_CO[3])
                                                      0.117    36.305 r  U_timer/timer_cnt_reg[31]_i_525/CO[3]
                         net (fo=1, routed)           0.000    36.305    U_timer/timer_cnt_reg[31]_i_525_n_0
    SLICE_X46Y81         CARRY4 (Prop_carry4_CI_CO[3])
                                                      0.117    36.422 r  U_timer/timer_cnt_reg[31]_i_355/CO[3]
                         net (fo=1, routed)           0.000    36.422    U_timer/timer_cnt_reg[31]_i_355_n_0
    SLICE_X46Y82         CARRY4 (Prop_carry4_CI_CO[3])
                                                      0.117    36.539 r  U_timer/timer_cnt_reg[31]_i_181/CO[3]
                         net (fo=1, routed)           0.000    36.539    U_timer/timer_cnt_reg[31]_i_181_n_0
    SLICE_X46Y83         CARRY4 (Prop_carry4_CI_CO[3])
                                                      0.117    36.656 r  U_timer/timer_cnt_reg[31]_i_170/CO[3]
                         net (fo=1, routed)           0.000    36.656    U_timer/timer_cnt_reg[31]_i_170_n_0
    SLICE_X46Y84         CARRY4 (Prop_carry4_CI_CO[1])
                                                      0.157    36.813 r  U_timer/timer_cnt_reg[31]_i_71/CO[1]
                         net (fo=37, routed)          0.860    37.673    U_timer/freq_div_reg[31]_22[0]
    SLICE_X49Y78         LUT2 (Prop_lut2_I1_O)        0.332    38.005 r  U_timer/timer_cnt[31]_i_1275/O
                         net (fo=1, routed)           0.000    38.005    U_timer/timer_cnt[31]_i_1275_n_0
    SLICE_X49Y78         CARRY4 (Prop_carry4_S[1]_CO[3])
                                                      0.550    38.555 r  U_timer/timer_cnt_reg[31]_i_1136/CO[3]
                         net (fo=1, routed)           0.000    38.555    U_timer/timer_cnt_reg[31]_i_1136_n_0
    SLICE_X49Y79         CARRY4 (Prop_carry4_CI_CO[3])
                                                      0.114    38.669 r  U_timer/timer_cnt_reg[31]_i_982/CO[3]
                         net (fo=1, routed)           0.000    38.669    U_timer/timer_cnt_reg[31]_i_982_n_0
    SLICE_X49Y80         CARRY4 (Prop_carry4_CI_CO[3])
                                                      0.114    38.783 r  U_timer/timer_cnt_reg[31]_i_828/CO[3]
                         net (fo=1, routed)           0.000    38.783    U_timer/timer_cnt_reg[31]_i_828_n_0
    SLICE_X49Y81         CARRY4 (Prop_carry4_CI_CO[3])
                                                      0.114    38.897 r  U_timer/timer_cnt_reg[31]_i_674/CO[3]
                         net (fo=1, routed)           0.000    38.897    U_timer/timer_cnt_reg[31]_i_674_n_0
    SLICE_X49Y82         CARRY4 (Prop_carry4_CI_CO[3])
                                                      0.114    39.011 r  U_timer/timer_cnt_reg[31]_i_520/CO[3]
                         net (fo=1, routed)           0.000    39.011    U_timer/timer_cnt_reg[31]_i_520_n_0
    SLICE_X49Y83         CARRY4 (Prop_carry4_CI_CO[3])
                                                      0.114    39.125 r  U_timer/timer_cnt_reg[31]_i_350/CO[3]
                         net (fo=1, routed)           0.000    39.125    U_timer/timer_cnt_reg[31]_i_350_n_0
    SLICE_X49Y84         CARRY4 (Prop_carry4_CI_CO[3])
                                                      0.114    39.239 r  U_timer/timer_cnt_reg[31]_i_176/CO[3]
                         net (fo=1, routed)           0.000    39.239    U_timer/timer_cnt_reg[31]_i_176_n_0
    SLICE_X49Y85         CARRY4 (Prop_carry4_CI_CO[3])
                                                      0.114    39.353 r  U_timer/timer_cnt_reg[31]_i_73/CO[3]
                         net (fo=1, routed)           0.000    39.353    U_timer/timer_cnt_reg[31]_i_73_n_0
    SLICE_X49Y86         CARRY4 (Prop_carry4_CI_CO[1])
                                                      0.157    39.510 r  U_timer/timer_cnt_reg[31]_i_70/CO[1]
                         net (fo=36, routed)          0.895    40.405    U_timer/freq_div_reg[31]_24[0]
    SLICE_X53Y77         LUT2 (Prop_lut2_I1_O)        0.329    40.734 r  U_timer/timer_cnt[31]_i_1271/O
                         net (fo=1, routed)           0.000    40.734    U_timer/timer_cnt[31]_i_1271_n_0
    SLICE_X53Y77         CARRY4 (Prop_carry4_S[1]_CO[3])
                                                      0.550    41.284 r  U_timer/timer_cnt_reg[31]_i_1135/CO[3]
                         net (fo=1, routed)           0.000    41.284    U_timer/timer_cnt_reg[31]_i_1135_n_0
    SLICE_X53Y78         CARRY4 (Prop_carry4_CI_CO[3])
                                                      0.114    41.398 r  U_timer/timer_cnt_reg[31]_i_981/CO[3]
                         net (fo=1, routed)           0.000    41.398    U_timer/timer_cnt_reg[31]_i_981_n_0
    SLICE_X53Y79         CARRY4 (Prop_carry4_CI_CO[3])
                                                      0.114    41.512 r  U_timer/timer_cnt_reg[31]_i_827/CO[3]
                         net (fo=1, routed)           0.000    41.512    U_timer/timer_cnt_reg[31]_i_827_n_0
    SLICE_X53Y80         CARRY4 (Prop_carry4_CI_CO[3])
                                                      0.114    41.626 r  U_timer/timer_cnt_reg[31]_i_673/CO[3]
                         net (fo=1, routed)           0.000    41.626    U_timer/timer_cnt_reg[31]_i_673_n_0
    SLICE_X53Y81         CARRY4 (Prop_carry4_CI_CO[3])
                                                      0.114    41.740 r  U_timer/timer_cnt_reg[31]_i_519/CO[3]
                         net (fo=1, routed)           0.000    41.740    U_timer/timer_cnt_reg[31]_i_519_n_0
    SLICE_X53Y82         CARRY4 (Prop_carry4_CI_CO[3])
                                                      0.114    41.854 r  U_timer/timer_cnt_reg[31]_i_349/CO[3]
                         net (fo=1, routed)           0.000    41.854    U_timer/timer_cnt_reg[31]_i_349_n_0
    SLICE_X53Y83         CARRY4 (Prop_carry4_CI_CO[3])
                                                      0.114    41.968 r  U_timer/timer_cnt_reg[31]_i_175/CO[3]
                         net (fo=1, routed)           0.000    41.968    U_timer/timer_cnt_reg[31]_i_175_n_0
    SLICE_X53Y84         CARRY4 (Prop_carry4_CI_CO[3])
                                                      0.114    42.082 r  U_timer/timer_cnt_reg[31]_i_72/CO[3]
                         net (fo=1, routed)           0.000    42.082    U_timer/timer_cnt_reg[31]_i_72_n_0
    SLICE_X53Y85         CARRY4 (Prop_carry4_CI_CO[1])
                                                      0.157    42.239 r  U_timer/timer_cnt_reg[31]_i_31/CO[1]
                         net (fo=36, routed)          0.909    43.148    U_timer/freq_div_reg[31]_26[0]
    SLICE_X52Y76         LUT2 (Prop_lut2_I1_O)        0.329    43.477 r  U_timer/timer_cnt[31]_i_1289/O
                         net (fo=1, routed)           0.000    43.477    U_timer/timer_cnt[31]_i_1289_n_0
    SLICE_X52Y76         CARRY4 (Prop_carry4_S[1]_CO[3])
                                                      0.550    44.027 r  U_timer/timer_cnt_reg[31]_i_1156/CO[3]
                         net (fo=1, routed)           0.000    44.027    U_timer/timer_cnt_reg[31]_i_1156_n_0
    SLICE_X52Y77         CARRY4 (Prop_carry4_CI_CO[3])
                                                      0.114    44.141 r  U_timer/timer_cnt_reg[31]_i_1002/CO[3]
                         net (fo=1, routed)           0.000    44.141    U_timer/timer_cnt_reg[31]_i_1002_n_0
    SLICE_X52Y78         CARRY4 (Prop_carry4_CI_CO[3])
                                                      0.114    44.255 r  U_timer/timer_cnt_reg[31]_i_848/CO[3]
                         net (fo=1, routed)           0.000    44.255    U_timer/timer_cnt_reg[31]_i_848_n_0
    SLICE_X52Y79         CARRY4 (Prop_carry4_CI_CO[3])
                                                      0.114    44.369 r  U_timer/timer_cnt_reg[31]_i_694/CO[3]
                         net (fo=1, routed)           0.000    44.369    U_timer/timer_cnt_reg[31]_i_694_n_0
    SLICE_X52Y80         CARRY4 (Prop_carry4_CI_CO[3])
                                                      0.114    44.483 r  U_timer/timer_cnt_reg[31]_i_540/CO[3]
                         net (fo=1, routed)           0.000    44.483    U_timer/timer_cnt_reg[31]_i_540_n_0
    SLICE_X52Y81         CARRY4 (Prop_carry4_CI_CO[3])
                                                      0.114    44.597 r  U_timer/timer_cnt_reg[31]_i_374/CO[3]
                         net (fo=1, routed)           0.000    44.597    U_timer/timer_cnt_reg[31]_i_374_n_0
    SLICE_X52Y82         CARRY4 (Prop_carry4_CI_CO[3])
                                                      0.114    44.711 r  U_timer/timer_cnt_reg[31]_i_197/CO[3]
                         net (fo=1, routed)           0.000    44.711    U_timer/timer_cnt_reg[31]_i_197_n_0
    SLICE_X52Y83         CARRY4 (Prop_carry4_CI_CO[3])
                                                      0.114    44.825 r  U_timer/timer_cnt_reg[31]_i_186/CO[3]
                         net (fo=1, routed)           0.000    44.825    U_timer/timer_cnt_reg[31]_i_186_n_0
    SLICE_X52Y84         CARRY4 (Prop_carry4_CI_CO[1])
                                                      0.157    44.982 r  U_timer/timer_cnt_reg[31]_i_77/CO[1]
                         net (fo=37, routed)          1.278    46.259    U_timer/freq_div_reg[31]_28[0]
    SLICE_X44Y75         LUT2 (Prop_lut2_I1_O)        0.329    46.588 r  U_timer/timer_cnt[31]_i_1286/O
                         net (fo=1, routed)           0.000    46.588    U_timer/timer_cnt[31]_i_1286_n_0
    SLICE_X44Y75         CARRY4 (Prop_carry4_S[1]_CO[3])
                                                      0.550    47.138 r  U_timer/timer_cnt_reg[31]_i_1151/CO[3]
                         net (fo=1, routed)           0.000    47.138    U_timer/timer_cnt_reg[31]_i_1151_n_0
    SLICE_X44Y76         CARRY4 (Prop_carry4_CI_CO[3])
                                                      0.114    47.252 r  U_timer/timer_cnt_reg[31]_i_997/CO[3]
                         net (fo=1, routed)           0.000    47.252    U_timer/timer_cnt_reg[31]_i_997_n_0
    SLICE_X44Y77         CARRY4 (Prop_carry4_CI_CO[3])
                                                      0.114    47.366 r  U_timer/timer_cnt_reg[31]_i_843/CO[3]
                         net (fo=1, routed)           0.000    47.366    U_timer/timer_cnt_reg[31]_i_843_n_0
    SLICE_X44Y78         CARRY4 (Prop_carry4_CI_CO[3])
                                                      0.114    47.480 r  U_timer/timer_cnt_reg[31]_i_689/CO[3]
                         net (fo=1, routed)           0.000    47.480    U_timer/timer_cnt_reg[31]_i_689_n_0
    SLICE_X44Y79         CARRY4 (Prop_carry4_CI_CO[3])
                                                      0.114    47.594 r  U_timer/timer_cnt_reg[31]_i_535/CO[3]
                         net (fo=1, routed)           0.000    47.594    U_timer/timer_cnt_reg[31]_i_535_n_0
    SLICE_X44Y80         CARRY4 (Prop_carry4_CI_CO[3])
                                                      0.114    47.708 r  U_timer/timer_cnt_reg[31]_i_369/CO[3]
                         net (fo=1, routed)           0.000    47.708    U_timer/timer_cnt_reg[31]_i_369_n_0
    SLICE_X44Y81         CARRY4 (Prop_carry4_CI_CO[3])
                                                      0.114    47.822 r  U_timer/timer_cnt_reg[31]_i_192/CO[3]
                         net (fo=1, routed)           0.000    47.822    U_timer/timer_cnt_reg[31]_i_192_n_0
    SLICE_X44Y82         CARRY4 (Prop_carry4_CI_CO[3])
                                                      0.114    47.936 r  U_timer/timer_cnt_reg[31]_i_79/CO[3]
                         net (fo=1, routed)           0.000    47.936    U_timer/timer_cnt_reg[31]_i_79_n_0
    SLICE_X44Y83         CARRY4 (Prop_carry4_CI_CO[1])
                                                      0.157    48.093 r  U_timer/timer_cnt_reg[31]_i_76/CO[1]
                         net (fo=37, routed)          0.983    49.077    U_timer/freq_div_reg[31]_30[0]
    SLICE_X41Y73         LUT2 (Prop_lut2_I1_O)        0.329    49.406 r  U_timer/timer_cnt[31]_i_1282/O
                         net (fo=1, routed)           0.000    49.406    U_timer/timer_cnt[31]_i_1282_n_0
    SLICE_X41Y73         CARRY4 (Prop_carry4_S[1]_CO[3])
                                                      0.550    49.956 r  U_timer/timer_cnt_reg[31]_i_1150/CO[3]
                         net (fo=1, routed)           0.000    49.956    U_timer/timer_cnt_reg[31]_i_1150_n_0
    SLICE_X41Y74         CARRY4 (Prop_carry4_CI_CO[3])
                                                      0.114    50.070 r  U_timer/timer_cnt_reg[31]_i_996/CO[3]
                         net (fo=1, routed)           0.009    50.079    U_timer/timer_cnt_reg[31]_i_996_n_0
    SLICE_X41Y75         CARRY4 (Prop_carry4_CI_CO[3])
                                                      0.114    50.193 r  U_timer/timer_cnt_reg[31]_i_842/CO[3]
                         net (fo=1, routed)           0.000    50.193    U_timer/timer_cnt_reg[31]_i_842_n_0
    SLICE_X41Y76         CARRY4 (Prop_carry4_CI_CO[3])
                                                      0.114    50.307 r  U_timer/timer_cnt_reg[31]_i_688/CO[3]
                         net (fo=1, routed)           0.000    50.307    U_timer/timer_cnt_reg[31]_i_688_n_0
    SLICE_X41Y77         CARRY4 (Prop_carry4_CI_CO[3])
                                                      0.114    50.421 r  U_timer/timer_cnt_reg[31]_i_534/CO[3]
                         net (fo=1, routed)           0.000    50.421    U_timer/timer_cnt_reg[31]_i_534_n_0
    SLICE_X41Y78         CARRY4 (Prop_carry4_CI_CO[3])
                                                      0.114    50.535 r  U_timer/timer_cnt_reg[31]_i_368/CO[3]
                         net (fo=1, routed)           0.000    50.535    U_timer/timer_cnt_reg[31]_i_368_n_0
    SLICE_X41Y79         CARRY4 (Prop_carry4_CI_CO[3])
                                                      0.114    50.649 r  U_timer/timer_cnt_reg[31]_i_191/CO[3]
                         net (fo=1, routed)           0.000    50.649    U_timer/timer_cnt_reg[31]_i_191_n_0
    SLICE_X41Y80         CARRY4 (Prop_carry4_CI_CO[3])
                                                      0.114    50.763 r  U_timer/timer_cnt_reg[31]_i_78/CO[3]
                         net (fo=1, routed)           0.000    50.763    U_timer/timer_cnt_reg[31]_i_78_n_0
    SLICE_X41Y81         CARRY4 (Prop_carry4_CI_CO[1])
                                                      0.157    50.920 r  U_timer/timer_cnt_reg[31]_i_33/CO[1]
                         net (fo=36, routed)          0.919    51.839    U_timer/freq_div_reg[31]_32[0]
    SLICE_X40Y76         CARRY4 (Prop_carry4_CYINIT_CO[3])
                                                      0.785    52.624 r  U_timer/timer_cnt_reg[31]_i_1194/CO[3]
                         net (fo=1, routed)           0.000    52.624    U_timer/timer_cnt_reg[31]_i_1194_n_0
    SLICE_X40Y77         CARRY4 (Prop_carry4_CI_CO[3])
                                                      0.114    52.738 r  U_timer/timer_cnt_reg[31]_i_1051/CO[3]
                         net (fo=1, routed)           0.000    52.738    U_timer/timer_cnt_reg[31]_i_1051_n_0
    SLICE_X40Y78         CARRY4 (Prop_carry4_CI_CO[3])
                                                      0.114    52.852 r  U_timer/timer_cnt_reg[31]_i_897/CO[3]
                         net (fo=1, routed)           0.000    52.852    U_timer/timer_cnt_reg[31]_i_897_n_0
    SLICE_X40Y79         CARRY4 (Prop_carry4_CI_CO[3])
                                                      0.114    52.966 r  U_timer/timer_cnt_reg[31]_i_743/CO[3]
                         net (fo=1, routed)           0.000    52.966    U_timer/timer_cnt_reg[31]_i_743_n_0
    SLICE_X40Y80         CARRY4 (Prop_carry4_CI_CO[3])
                                                      0.114    53.080 r  U_timer/timer_cnt_reg[31]_i_589/CO[3]
                         net (fo=1, routed)           0.000    53.080    U_timer/timer_cnt_reg[31]_i_589_n_0
    SLICE_X40Y81         CARRY4 (Prop_carry4_CI_CO[3])
                                                      0.114    53.194 r  U_timer/timer_cnt_reg[31]_i_427/CO[3]
                         net (fo=1, routed)           0.000    53.194    U_timer/timer_cnt_reg[31]_i_427_n_0
    SLICE_X40Y82         CARRY4 (Prop_carry4_CI_CO[3])
                                                      0.114    53.308 r  U_timer/timer_cnt_reg[31]_i_259/CO[3]
                         net (fo=1, routed)           0.000    53.308    U_timer/timer_cnt_reg[31]_i_259_n_0
    SLICE_X40Y83         CARRY4 (Prop_carry4_CI_CO[3])
                                                      0.114    53.422 r  U_timer/timer_cnt_reg[31]_i_248/CO[3]
                         net (fo=1, routed)           0.000    53.422    U_timer/timer_cnt_reg[31]_i_248_n_0
    SLICE_X40Y84         CARRY4 (Prop_carry4_CI_CO[1])
                                                      0.157    53.579 r  U_timer/timer_cnt_reg[31]_i_117/CO[1]
                         net (fo=37, routed)          0.970    54.549    U_timer/freq_div_reg[31]_34[0]
    SLICE_X39Y80         LUT2 (Prop_lut2_I1_O)        0.329    54.878 r  U_timer/timer_cnt[31]_i_1296/O
                         net (fo=1, routed)           0.000    54.878    U_timer/timer_cnt[31]_i_1296_n_0
    SLICE_X39Y80         CARRY4 (Prop_carry4_S[1]_CO[3])
                                                      0.550    55.428 r  U_timer/timer_cnt_reg[31]_i_1189/CO[3]
                         net (fo=1, routed)           0.000    55.428    U_timer/timer_cnt_reg[31]_i_1189_n_0
    SLICE_X39Y81         CARRY4 (Prop_carry4_CI_CO[3])
                                                      0.114    55.542 r  U_timer/timer_cnt_reg[31]_i_1046/CO[3]
                         net (fo=1, routed)           0.000    55.542    U_timer/timer_cnt_reg[31]_i_1046_n_0
    SLICE_X39Y82         CARRY4 (Prop_carry4_CI_CO[3])
                                                      0.114    55.656 r  U_timer/timer_cnt_reg[31]_i_892/CO[3]
                         net (fo=1, routed)           0.000    55.656    U_timer/timer_cnt_reg[31]_i_892_n_0
    SLICE_X39Y83         CARRY4 (Prop_carry4_CI_CO[3])
                                                      0.114    55.770 r  U_timer/timer_cnt_reg[31]_i_738/CO[3]
                         net (fo=1, routed)           0.000    55.770    U_timer/timer_cnt_reg[31]_i_738_n_0
    SLICE_X39Y84         CARRY4 (Prop_carry4_CI_CO[3])
                                                      0.114    55.884 r  U_timer/timer_cnt_reg[31]_i_584/CO[3]
                         net (fo=1, routed)           0.000    55.884    U_timer/timer_cnt_reg[31]_i_584_n_0
    SLICE_X39Y85         CARRY4 (Prop_carry4_CI_CO[3])
                                                      0.114    55.998 r  U_timer/timer_cnt_reg[31]_i_422/CO[3]
                         net (fo=1, routed)           0.000    55.998    U_timer/timer_cnt_reg[31]_i_422_n_0
    SLICE_X39Y86         CARRY4 (Prop_carry4_CI_CO[3])
                                                      0.114    56.112 r  U_timer/timer_cnt_reg[31]_i_254/CO[3]
                         net (fo=1, routed)           0.000    56.112    U_timer/timer_cnt_reg[31]_i_254_n_0
    SLICE_X39Y87         CARRY4 (Prop_carry4_CI_CO[3])
                                                      0.114    56.226 r  U_timer/timer_cnt_reg[31]_i_119/CO[3]
                         net (fo=1, routed)           0.000    56.226    U_timer/timer_cnt_reg[31]_i_119_n_0
    SLICE_X39Y88         CARRY4 (Prop_carry4_CI_CO[1])
                                                      0.157    56.383 r  U_timer/timer_cnt_reg[31]_i_116/CO[1]
                         net (fo=36, routed)          0.796    57.178    U_timer/freq_div_reg[31]_36[0]
    SLICE_X41Y82         LUT2 (Prop_lut2_I1_O)        0.329    57.507 r  U_timer/timer_cnt[31]_i_1292/O
                         net (fo=1, routed)           0.000    57.507    U_timer/timer_cnt[31]_i_1292_n_0
    SLICE_X41Y82         CARRY4 (Prop_carry4_S[1]_CO[3])
                                                      0.550    58.057 r  U_timer/timer_cnt_reg[31]_i_1188/CO[3]
                         net (fo=1, routed)           0.000    58.057    U_timer/timer_cnt_reg[31]_i_1188_n_0
    SLICE_X41Y83         CARRY4 (Prop_carry4_CI_CO[3])
                                                      0.114    58.171 r  U_timer/timer_cnt_reg[31]_i_1045/CO[3]
                         net (fo=1, routed)           0.000    58.171    U_timer/timer_cnt_reg[31]_i_1045_n_0
    SLICE_X41Y84         CARRY4 (Prop_carry4_CI_CO[3])
                                                      0.114    58.285 r  U_timer/timer_cnt_reg[31]_i_891/CO[3]
                         net (fo=1, routed)           0.000    58.285    U_timer/timer_cnt_reg[31]_i_891_n_0
    SLICE_X41Y85         CARRY4 (Prop_carry4_CI_CO[3])
                                                      0.114    58.399 r  U_timer/timer_cnt_reg[31]_i_737/CO[3]
                         net (fo=1, routed)           0.000    58.399    U_timer/timer_cnt_reg[31]_i_737_n_0
    SLICE_X41Y86         CARRY4 (Prop_carry4_CI_CO[3])
                                                      0.114    58.513 r  U_timer/timer_cnt_reg[31]_i_583/CO[3]
                         net (fo=1, routed)           0.000    58.513    U_timer/timer_cnt_reg[31]_i_583_n_0
    SLICE_X41Y87         CARRY4 (Prop_carry4_CI_CO[3])
                                                      0.114    58.627 r  U_timer/timer_cnt_reg[31]_i_421/CO[3]
                         net (fo=1, routed)           0.000    58.627    U_timer/timer_cnt_reg[31]_i_421_n_0
    SLICE_X41Y88         CARRY4 (Prop_carry4_CI_CO[3])
                                                      0.114    58.741 r  U_timer/timer_cnt_reg[31]_i_253/CO[3]
                         net (fo=1, routed)           0.000    58.741    U_timer/timer_cnt_reg[31]_i_253_n_0
    SLICE_X41Y89         CARRY4 (Prop_carry4_CI_CO[3])
                                                      0.114    58.855 r  U_timer/timer_cnt_reg[31]_i_118/CO[3]
                         net (fo=1, routed)           0.000    58.855    U_timer/timer_cnt_reg[31]_i_118_n_0
    SLICE_X41Y90         CARRY4 (Prop_carry4_CI_CO[1])
                                                      0.157    59.012 r  U_timer/timer_cnt_reg[31]_i_51/CO[1]
                         net (fo=37, routed)          1.234    60.246    U_timer/freq_div_reg[31]_38[0]
    SLICE_X48Y79         LUT2 (Prop_lut2_I1_O)        0.329    60.575 r  U_timer/timer_cnt[31]_i_1311/O
                         net (fo=1, routed)           0.000    60.575    U_timer/timer_cnt[31]_i_1311_n_0
    SLICE_X48Y79         CARRY4 (Prop_carry4_S[1]_CO[3])
                                                      0.550    61.125 r  U_timer/timer_cnt_reg[31]_i_1209/CO[3]
                         net (fo=1, routed)           0.000    61.125    U_timer/timer_cnt_reg[31]_i_1209_n_0
    SLICE_X48Y80         CARRY4 (Prop_carry4_CI_CO[3])
                                                      0.114    61.239 r  U_timer/timer_cnt_reg[31]_i_1066/CO[3]
                         net (fo=1, routed)           0.000    61.239    U_timer/timer_cnt_reg[31]_i_1066_n_0
    SLICE_X48Y81         CARRY4 (Prop_carry4_CI_CO[3])
                                                      0.114    61.353 r  U_timer/timer_cnt_reg[31]_i_912/CO[3]
                         net (fo=1, routed)           0.000    61.353    U_timer/timer_cnt_reg[31]_i_912_n_0
    SLICE_X48Y82         CARRY4 (Prop_carry4_CI_CO[3])
                                                      0.114    61.467 r  U_timer/timer_cnt_reg[31]_i_758/CO[3]
                         net (fo=1, routed)           0.000    61.467    U_timer/timer_cnt_reg[31]_i_758_n_0
    SLICE_X48Y83         CARRY4 (Prop_carry4_CI_CO[3])
                                                      0.114    61.581 r  U_timer/timer_cnt_reg[31]_i_604/CO[3]
                         net (fo=1, routed)           0.000    61.581    U_timer/timer_cnt_reg[31]_i_604_n_0
    SLICE_X48Y84         CARRY4 (Prop_carry4_CI_CO[3])
                                                      0.114    61.695 r  U_timer/timer_cnt_reg[31]_i_446/CO[3]
                         net (fo=1, routed)           0.000    61.695    U_timer/timer_cnt_reg[31]_i_446_n_0
    SLICE_X48Y85         CARRY4 (Prop_carry4_CI_CO[3])
                                                      0.114    61.809 r  U_timer/timer_cnt_reg[31]_i_275/CO[3]
                         net (fo=1, routed)           0.000    61.809    U_timer/timer_cnt_reg[31]_i_275_n_0
    SLICE_X48Y86         CARRY4 (Prop_carry4_CI_CO[3])
                                                      0.114    61.923 r  U_timer/timer_cnt_reg[31]_i_264/CO[3]
                         net (fo=1, routed)           0.000    61.923    U_timer/timer_cnt_reg[31]_i_264_n_0
    SLICE_X48Y87         CARRY4 (Prop_carry4_CI_CO[1])
                                                      0.157    62.080 r  U_timer/timer_cnt_reg[31]_i_123/CO[1]
                         net (fo=37, routed)          0.957    63.037    U_timer/freq_div_reg[31]_40[0]
    SLICE_X47Y82         LUT2 (Prop_lut2_I1_O)        0.329    63.366 r  U_timer/timer_cnt[31]_i_1307/O
                         net (fo=1, routed)           0.000    63.366    U_timer/timer_cnt[31]_i_1307_n_0
    SLICE_X47Y82         CARRY4 (Prop_carry4_S[1]_CO[3])
                                                      0.550    63.916 r  U_timer/timer_cnt_reg[31]_i_1204/CO[3]
                         net (fo=1, routed)           0.000    63.916    U_timer/timer_cnt_reg[31]_i_1204_n_0
    SLICE_X47Y83         CARRY4 (Prop_carry4_CI_CO[3])
                                                      0.114    64.030 r  U_timer/timer_cnt_reg[31]_i_1061/CO[3]
                         net (fo=1, routed)           0.000    64.030    U_timer/timer_cnt_reg[31]_i_1061_n_0
    SLICE_X47Y84         CARRY4 (Prop_carry4_CI_CO[3])
                                                      0.114    64.144 r  U_timer/timer_cnt_reg[31]_i_907/CO[3]
                         net (fo=1, routed)           0.000    64.144    U_timer/timer_cnt_reg[31]_i_907_n_0
    SLICE_X47Y85         CARRY4 (Prop_carry4_CI_CO[3])
                                                      0.114    64.258 r  U_timer/timer_cnt_reg[31]_i_753/CO[3]
                         net (fo=1, routed)           0.000    64.258    U_timer/timer_cnt_reg[31]_i_753_n_0
    SLICE_X47Y86         CARRY4 (Prop_carry4_CI_CO[3])
                                                      0.114    64.372 r  U_timer/timer_cnt_reg[31]_i_599/CO[3]
                         net (fo=1, routed)           0.000    64.372    U_timer/timer_cnt_reg[31]_i_599_n_0
    SLICE_X47Y87         CARRY4 (Prop_carry4_CI_CO[3])
                                                      0.114    64.486 r  U_timer/timer_cnt_reg[31]_i_441/CO[3]
                         net (fo=1, routed)           0.000    64.486    U_timer/timer_cnt_reg[31]_i_441_n_0
    SLICE_X47Y88         CARRY4 (Prop_carry4_CI_CO[3])
                                                      0.114    64.600 r  U_timer/timer_cnt_reg[31]_i_270/CO[3]
                         net (fo=1, routed)           0.000    64.600    U_timer/timer_cnt_reg[31]_i_270_n_0
    SLICE_X47Y89         CARRY4 (Prop_carry4_CI_CO[3])
                                                      0.114    64.714 r  U_timer/timer_cnt_reg[31]_i_125/CO[3]
                         net (fo=1, routed)           0.000    64.714    U_timer/timer_cnt_reg[31]_i_125_n_0
    SLICE_X47Y90         CARRY4 (Prop_carry4_CI_CO[1])
                                                      0.157    64.871 r  U_timer/timer_cnt_reg[31]_i_122/CO[1]
                         net (fo=37, routed)          1.030    65.901    U_timer/freq_div_reg[31]_42[0]
    SLICE_X50Y83         LUT2 (Prop_lut2_I1_O)        0.329    66.230 r  U_timer/timer_cnt[31]_i_1303/O
                         net (fo=1, routed)           0.000    66.230    U_timer/timer_cnt[31]_i_1303_n_0
    SLICE_X50Y83         CARRY4 (Prop_carry4_S[1]_CO[3])
                                                      0.533    66.763 r  U_timer/timer_cnt_reg[31]_i_1203/CO[3]
                         net (fo=1, routed)           0.000    66.763    U_timer/timer_cnt_reg[31]_i_1203_n_0
    SLICE_X50Y84         CARRY4 (Prop_carry4_CI_CO[3])
                                                      0.117    66.880 r  U_timer/timer_cnt_reg[31]_i_1060/CO[3]
                         net (fo=1, routed)           0.000    66.880    U_timer/timer_cnt_reg[31]_i_1060_n_0
    SLICE_X50Y85         CARRY4 (Prop_carry4_CI_CO[3])
                                                      0.117    66.997 r  U_timer/timer_cnt_reg[31]_i_906/CO[3]
                         net (fo=1, routed)           0.000    66.997    U_timer/timer_cnt_reg[31]_i_906_n_0
    SLICE_X50Y86         CARRY4 (Prop_carry4_CI_CO[3])
                                                      0.117    67.114 r  U_timer/timer_cnt_reg[31]_i_752/CO[3]
                         net (fo=1, routed)           0.000    67.114    U_timer/timer_cnt_reg[31]_i_752_n_0
    SLICE_X50Y87         CARRY4 (Prop_carry4_CI_CO[3])
                                                      0.117    67.231 r  U_timer/timer_cnt_reg[31]_i_598/CO[3]
                         net (fo=1, routed)           0.000    67.231    U_timer/timer_cnt_reg[31]_i_598_n_0
    SLICE_X50Y88         CARRY4 (Prop_carry4_CI_CO[3])
                                                      0.117    67.348 r  U_timer/timer_cnt_reg[31]_i_440/CO[3]
                         net (fo=1, routed)           0.000    67.348    U_timer/timer_cnt_reg[31]_i_440_n_0
    SLICE_X50Y89         CARRY4 (Prop_carry4_CI_CO[3])
                                                      0.117    67.465 r  U_timer/timer_cnt_reg[31]_i_269/CO[3]
                         net (fo=1, routed)           0.000    67.465    U_timer/timer_cnt_reg[31]_i_269_n_0
    SLICE_X50Y90         CARRY4 (Prop_carry4_CI_CO[3])
                                                      0.117    67.582 r  U_timer/timer_cnt_reg[31]_i_124/CO[3]
                         net (fo=1, routed)           0.000    67.582    U_timer/timer_cnt_reg[31]_i_124_n_0
    SLICE_X50Y91         CARRY4 (Prop_carry4_CI_CO[1])
                                                      0.157    67.739 r  U_timer/timer_cnt_reg[31]_i_53/CO[1]
                         net (fo=37, routed)          0.905    68.644    U_timer/freq_div_reg[31]_44[0]
    SLICE_X49Y87         LUT2 (Prop_lut2_I1_O)        0.332    68.976 r  U_timer/timer_cnt[31]_i_1323/O
                         net (fo=1, routed)           0.000    68.976    U_timer/timer_cnt[31]_i_1323_n_0
    SLICE_X49Y87         CARRY4 (Prop_carry4_S[1]_CO[3])
                                                      0.550    69.526 r  U_timer/timer_cnt_reg[31]_i_1224/CO[3]
                         net (fo=1, routed)           0.000    69.526    U_timer/timer_cnt_reg[31]_i_1224_n_0
    SLICE_X49Y88         CARRY4 (Prop_carry4_CI_CO[3])
                                                      0.114    69.640 r  U_timer/timer_cnt_reg[31]_i_1081/CO[3]
                         net (fo=1, routed)           0.000    69.640    U_timer/timer_cnt_reg[31]_i_1081_n_0
    SLICE_X49Y89         CARRY4 (Prop_carry4_CI_CO[3])
                                                      0.114    69.754 r  U_timer/timer_cnt_reg[31]_i_927/CO[3]
                         net (fo=1, routed)           0.000    69.754    U_timer/timer_cnt_reg[31]_i_927_n_0
    SLICE_X49Y90         CARRY4 (Prop_carry4_CI_CO[3])
                                                      0.114    69.868 r  U_timer/timer_cnt_reg[31]_i_773/CO[3]
                         net (fo=1, routed)           0.000    69.868    U_timer/timer_cnt_reg[31]_i_773_n_0
    SLICE_X49Y91         CARRY4 (Prop_carry4_CI_CO[3])
                                                      0.114    69.982 r  U_timer/timer_cnt_reg[31]_i_619/CO[3]
                         net (fo=1, routed)           0.000    69.982    U_timer/timer_cnt_reg[31]_i_619_n_0
    SLICE_X49Y92         CARRY4 (Prop_carry4_CI_CO[3])
                                                      0.114    70.096 r  U_timer/timer_cnt_reg[31]_i_465/CO[3]
                         net (fo=1, routed)           0.000    70.096    U_timer/timer_cnt_reg[31]_i_465_n_0
    SLICE_X49Y93         CARRY4 (Prop_carry4_CI_CO[3])
                                                      0.114    70.210 r  U_timer/timer_cnt_reg[31]_i_291/CO[3]
                         net (fo=1, routed)           0.000    70.210    U_timer/timer_cnt_reg[31]_i_291_n_0
    SLICE_X49Y94         CARRY4 (Prop_carry4_CI_CO[3])
                                                      0.114    70.324 r  U_timer/timer_cnt_reg[31]_i_280/CO[3]
                         net (fo=1, routed)           0.000    70.324    U_timer/timer_cnt_reg[31]_i_280_n_0
    SLICE_X49Y95         CARRY4 (Prop_carry4_CI_CO[1])
                                                      0.157    70.481 r  U_timer/timer_cnt_reg[31]_i_129/CO[1]
                         net (fo=37, routed)          0.917    71.398    U_timer/freq_div_reg[31]_46[0]
    SLICE_X48Y88         LUT2 (Prop_lut2_I1_O)        0.329    71.727 r  U_timer/timer_cnt[31]_i_1319/O
                         net (fo=1, routed)           0.000    71.727    U_timer/timer_cnt[31]_i_1319_n_0
    SLICE_X48Y88         CARRY4 (Prop_carry4_S[1]_CO[3])
                                                      0.550    72.277 r  U_timer/timer_cnt_reg[31]_i_1219/CO[3]
                         net (fo=1, routed)           0.000    72.277    U_timer/timer_cnt_reg[31]_i_1219_n_0
    SLICE_X48Y89         CARRY4 (Prop_carry4_CI_CO[3])
                                                      0.114    72.391 r  U_timer/timer_cnt_reg[31]_i_1076/CO[3]
                         net (fo=1, routed)           0.000    72.391    U_timer/timer_cnt_reg[31]_i_1076_n_0
    SLICE_X48Y90         CARRY4 (Prop_carry4_CI_CO[3])
                                                      0.114    72.505 r  U_timer/timer_cnt_reg[31]_i_922/CO[3]
                         net (fo=1, routed)           0.000    72.505    U_timer/timer_cnt_reg[31]_i_922_n_0
    SLICE_X48Y91         CARRY4 (Prop_carry4_CI_CO[3])
                                                      0.114    72.619 r  U_timer/timer_cnt_reg[31]_i_768/CO[3]
                         net (fo=1, routed)           0.000    72.619    U_timer/timer_cnt_reg[31]_i_768_n_0
    SLICE_X48Y92         CARRY4 (Prop_carry4_CI_CO[3])
                                                      0.114    72.733 r  U_timer/timer_cnt_reg[31]_i_614/CO[3]
                         net (fo=1, routed)           0.000    72.733    U_timer/timer_cnt_reg[31]_i_614_n_0
    SLICE_X48Y93         CARRY4 (Prop_carry4_CI_CO[3])
                                                      0.114    72.847 r  U_timer/timer_cnt_reg[31]_i_460/CO[3]
                         net (fo=1, routed)           0.000    72.847    U_timer/timer_cnt_reg[31]_i_460_n_0
    SLICE_X48Y94         CARRY4 (Prop_carry4_CI_CO[3])
                                                      0.114    72.961 r  U_timer/timer_cnt_reg[31]_i_286/CO[3]
                         net (fo=1, routed)           0.000    72.961    U_timer/timer_cnt_reg[31]_i_286_n_0
    SLICE_X48Y95         CARRY4 (Prop_carry4_CI_CO[3])
                                                      0.114    73.075 r  U_timer/timer_cnt_reg[31]_i_131/CO[3]
                         net (fo=1, routed)           0.000    73.075    U_timer/timer_cnt_reg[31]_i_131_n_0
    SLICE_X48Y96         CARRY4 (Prop_carry4_CI_CO[1])
                                                      0.157    73.232 r  U_timer/timer_cnt_reg[31]_i_128/CO[1]
                         net (fo=37, routed)          1.103    74.336    U_timer/freq_div_reg[31]_48[0]
    SLICE_X46Y85         LUT2 (Prop_lut2_I1_O)        0.329    74.665 r  U_timer/timer_cnt[31]_i_1315/O
                         net (fo=1, routed)           0.000    74.665    U_timer/timer_cnt[31]_i_1315_n_0
    SLICE_X46Y85         CARRY4 (Prop_carry4_S[1]_CO[3])
                                                      0.533    75.198 r  U_timer/timer_cnt_reg[31]_i_1218/CO[3]
                         net (fo=1, routed)           0.000    75.198    U_timer/timer_cnt_reg[31]_i_1218_n_0
    SLICE_X46Y86         CARRY4 (Prop_carry4_CI_CO[3])
                                                      0.117    75.315 r  U_timer/timer_cnt_reg[31]_i_1075/CO[3]
                         net (fo=1, routed)           0.000    75.315    U_timer/timer_cnt_reg[31]_i_1075_n_0
    SLICE_X46Y87         CARRY4 (Prop_carry4_CI_CO[3])
                                                      0.117    75.432 r  U_timer/timer_cnt_reg[31]_i_921/CO[3]
                         net (fo=1, routed)           0.000    75.432    U_timer/timer_cnt_reg[31]_i_921_n_0
    SLICE_X46Y88         CARRY4 (Prop_carry4_CI_CO[3])
                                                      0.117    75.549 r  U_timer/timer_cnt_reg[31]_i_767/CO[3]
                         net (fo=1, routed)           0.000    75.549    U_timer/timer_cnt_reg[31]_i_767_n_0
    SLICE_X46Y89         CARRY4 (Prop_carry4_CI_CO[3])
                                                      0.117    75.666 r  U_timer/timer_cnt_reg[31]_i_613/CO[3]
                         net (fo=1, routed)           0.000    75.666    U_timer/timer_cnt_reg[31]_i_613_n_0
    SLICE_X46Y90         CARRY4 (Prop_carry4_CI_CO[3])
                                                      0.117    75.783 r  U_timer/timer_cnt_reg[31]_i_459/CO[3]
                         net (fo=1, routed)           0.000    75.783    U_timer/timer_cnt_reg[31]_i_459_n_0
    SLICE_X46Y91         CARRY4 (Prop_carry4_CI_CO[3])
                                                      0.117    75.900 r  U_timer/timer_cnt_reg[31]_i_285/CO[3]
                         net (fo=1, routed)           0.000    75.900    U_timer/timer_cnt_reg[31]_i_285_n_0
    SLICE_X46Y92         CARRY4 (Prop_carry4_CI_CO[3])
                                                      0.117    76.017 r  U_timer/timer_cnt_reg[31]_i_130/CO[3]
                         net (fo=1, routed)           0.000    76.017    U_timer/timer_cnt_reg[31]_i_130_n_0
    SLICE_X46Y93         CARRY4 (Prop_carry4_CI_CO[1])
                                                      0.157    76.174 r  U_timer/timer_cnt_reg[31]_i_55/CO[1]
                         net (fo=37, routed)          1.066    77.240    U_timer/freq_div_reg[31]_50[0]
    SLICE_X45Y85         LUT2 (Prop_lut2_I1_O)        0.332    77.572 r  U_timer/timer_cnt[31]_i_1346/O
                         net (fo=1, routed)           0.000    77.572    U_timer/timer_cnt[31]_i_1346_n_0
    SLICE_X45Y85         CARRY4 (Prop_carry4_S[1]_CO[3])
                                                      0.550    78.122 r  U_timer/timer_cnt_reg[31]_i_1325/CO[3]
                         net (fo=1, routed)           0.000    78.122    U_timer/timer_cnt_reg[31]_i_1325_n_0
    SLICE_X45Y86         CARRY4 (Prop_carry4_CI_CO[3])
                                                      0.114    78.236 r  U_timer/timer_cnt_reg[31]_i_1234/CO[3]
                         net (fo=1, routed)           0.000    78.236    U_timer/timer_cnt_reg[31]_i_1234_n_0
    SLICE_X45Y87         CARRY4 (Prop_carry4_CI_CO[3])
                                                      0.114    78.350 r  U_timer/timer_cnt_reg[31]_i_1091/CO[3]
                         net (fo=1, routed)           0.000    78.350    U_timer/timer_cnt_reg[31]_i_1091_n_0
    SLICE_X45Y88         CARRY4 (Prop_carry4_CI_CO[3])
                                                      0.114    78.464 r  U_timer/timer_cnt_reg[31]_i_937/CO[3]
                         net (fo=1, routed)           0.000    78.464    U_timer/timer_cnt_reg[31]_i_937_n_0
    SLICE_X45Y89         CARRY4 (Prop_carry4_CI_CO[3])
                                                      0.114    78.578 r  U_timer/timer_cnt_reg[31]_i_783/CO[3]
                         net (fo=1, routed)           0.000    78.578    U_timer/timer_cnt_reg[31]_i_783_n_0
    SLICE_X45Y90         CARRY4 (Prop_carry4_CI_CO[3])
                                                      0.114    78.692 r  U_timer/timer_cnt_reg[31]_i_629/CO[3]
                         net (fo=1, routed)           0.000    78.692    U_timer/timer_cnt_reg[31]_i_629_n_0
    SLICE_X45Y91         CARRY4 (Prop_carry4_CI_CO[3])
                                                      0.114    78.806 r  U_timer/timer_cnt_reg[31]_i_475/CO[3]
                         net (fo=1, routed)           0.000    78.806    U_timer/timer_cnt_reg[31]_i_475_n_0
    SLICE_X45Y92         CARRY4 (Prop_carry4_CI_CO[3])
                                                      0.114    78.920 r  U_timer/timer_cnt_reg[31]_i_297/CO[3]
                         net (fo=1, routed)           0.000    78.920    U_timer/timer_cnt_reg[31]_i_297_n_0
    SLICE_X45Y93         CARRY4 (Prop_carry4_CI_CO[1])
                                                      0.157    79.077 r  U_timer/timer_cnt_reg[31]_i_135/CO[1]
                         net (fo=37, routed)          0.917    79.994    U_timer/freq_div_reg[31]_52[0]
    SLICE_X44Y86         LUT2 (Prop_lut2_I1_O)        0.329    80.323 r  U_timer/timer_cnt[31]_i_1342/O
                         net (fo=1, routed)           0.000    80.323    U_timer/timer_cnt[31]_i_1342_n_0
    SLICE_X44Y86         CARRY4 (Prop_carry4_S[1]_CO[3])
                                                      0.550    80.873 r  U_timer/timer_cnt_reg[31]_i_1324/CO[3]
                         net (fo=1, routed)           0.000    80.873    U_timer/timer_cnt_reg[31]_i_1324_n_0
    SLICE_X44Y87         CARRY4 (Prop_carry4_CI_CO[3])
                                                      0.114    80.987 r  U_timer/timer_cnt_reg[31]_i_1233/CO[3]
                         net (fo=1, routed)           0.000    80.987    U_timer/timer_cnt_reg[31]_i_1233_n_0
    SLICE_X44Y88         CARRY4 (Prop_carry4_CI_CO[3])
                                                      0.114    81.101 r  U_timer/timer_cnt_reg[31]_i_1090/CO[3]
                         net (fo=1, routed)           0.000    81.101    U_timer/timer_cnt_reg[31]_i_1090_n_0
    SLICE_X44Y89         CARRY4 (Prop_carry4_CI_CO[3])
                                                      0.114    81.215 r  U_timer/timer_cnt_reg[31]_i_936/CO[3]
                         net (fo=1, routed)           0.000    81.215    U_timer/timer_cnt_reg[31]_i_936_n_0
    SLICE_X44Y90         CARRY4 (Prop_carry4_CI_CO[3])
                                                      0.114    81.329 r  U_timer/timer_cnt_reg[31]_i_782/CO[3]
                         net (fo=1, routed)           0.000    81.329    U_timer/timer_cnt_reg[31]_i_782_n_0
    SLICE_X44Y91         CARRY4 (Prop_carry4_CI_CO[3])
                                                      0.114    81.443 r  U_timer/timer_cnt_reg[31]_i_628/CO[3]
                         net (fo=1, routed)           0.000    81.443    U_timer/timer_cnt_reg[31]_i_628_n_0
    SLICE_X44Y92         CARRY4 (Prop_carry4_CI_CO[3])
                                                      0.114    81.557 r  U_timer/timer_cnt_reg[31]_i_474/CO[3]
                         net (fo=1, routed)           0.000    81.557    U_timer/timer_cnt_reg[31]_i_474_n_0
    SLICE_X44Y93         CARRY4 (Prop_carry4_CI_CO[3])
                                                      0.114    81.671 r  U_timer/timer_cnt_reg[31]_i_296/CO[3]
                         net (fo=1, routed)           0.000    81.671    U_timer/timer_cnt_reg[31]_i_296_n_0
    SLICE_X44Y94         CARRY4 (Prop_carry4_CI_CO[1])
                                                      0.157    81.828 r  U_timer/timer_cnt_reg[31]_i_134/CO[1]
                         net (fo=37, routed)          1.042    82.869    U_timer/freq_div_reg[31]_54[0]
    SLICE_X43Y86         LUT2 (Prop_lut2_I1_O)        0.329    83.198 r  U_timer/timer_cnt[31]_i_1338/O
                         net (fo=1, routed)           0.000    83.198    U_timer/timer_cnt[31]_i_1338_n_0
    SLICE_X43Y86         CARRY4 (Prop_carry4_S[0]_CO[3])
                                                      0.532    83.730 r  U_timer/timer_cnt_reg[31]_i_1243/CO[3]
                         net (fo=1, routed)           0.000    83.730    U_timer/timer_cnt_reg[31]_i_1243_n_0
    SLICE_X43Y87         CARRY4 (Prop_carry4_CI_CO[3])
                                                      0.114    83.844 r  U_timer/timer_cnt_reg[31]_i_1100/CO[3]
                         net (fo=1, routed)           0.000    83.844    U_timer/timer_cnt_reg[31]_i_1100_n_0
    SLICE_X43Y88         CARRY4 (Prop_carry4_CI_CO[3])
                                                      0.114    83.958 r  U_timer/timer_cnt_reg[31]_i_946/CO[3]
                         net (fo=1, routed)           0.000    83.958    U_timer/timer_cnt_reg[31]_i_946_n_0
    SLICE_X43Y89         CARRY4 (Prop_carry4_CI_CO[3])
                                                      0.114    84.072 r  U_timer/timer_cnt_reg[31]_i_792/CO[3]
                         net (fo=1, routed)           0.000    84.072    U_timer/timer_cnt_reg[31]_i_792_n_0
    SLICE_X43Y90         CARRY4 (Prop_carry4_CI_CO[3])
                                                      0.114    84.186 r  U_timer/timer_cnt_reg[31]_i_638/CO[3]
                         net (fo=1, routed)           0.000    84.186    U_timer/timer_cnt_reg[31]_i_638_n_0
    SLICE_X43Y91         CARRY4 (Prop_carry4_CI_CO[3])
                                                      0.114    84.300 r  U_timer/timer_cnt_reg[31]_i_484/CO[3]
                         net (fo=1, routed)           0.000    84.300    U_timer/timer_cnt_reg[31]_i_484_n_0
    SLICE_X43Y92         CARRY4 (Prop_carry4_CI_CO[3])
                                                      0.114    84.414 r  U_timer/timer_cnt_reg[31]_i_302/CO[3]
                         net (fo=1, routed)           0.000    84.414    U_timer/timer_cnt_reg[31]_i_302_n_0
    SLICE_X43Y93         CARRY4 (Prop_carry4_CI_CO[3])
                                                      0.114    84.528 r  U_timer/timer_cnt_reg[31]_i_136/CO[3]
                         net (fo=1, routed)           0.000    84.528    U_timer/timer_cnt_reg[31]_i_136_n_0
    SLICE_X43Y94         CARRY4 (Prop_carry4_CI_CO[0])
                                                      0.271    84.799 r  U_timer/timer_cnt_reg[31]_i_57/CO[0]
                         net (fo=1, routed)           0.307    85.106    U_timer/timer_cnt_reg[31]_i_57_n_3
    SLICE_X45Y95         LUT4 (Prop_lut4_I3_O)        0.373    85.479 r  U_timer/timer_cnt[31]_i_25/O
                         net (fo=1, routed)           0.000    85.479    U_timer/timer_cnt[31]_i_25_n_0
    SLICE_X45Y95         CARRY4 (Prop_carry4_S[0]_CO[3])
                                                      0.532    86.011 r  U_timer/timer_cnt_reg[31]_i_12/CO[3]
                         net (fo=1, routed)           0.000    86.011    U_timer/timer_cnt_reg[31]_i_12_n_0
    SLICE_X45Y96         CARRY4 (Prop_carry4_CI_CO[3])
                                                      0.114    86.125 r  U_timer/timer_cnt_reg[31]_i_8/CO[3]
                         net (fo=1, routed)           0.000    86.125    U_timer/timer_cnt_reg[31]_i_8_n_0
    SLICE_X45Y97         CARRY4 (Prop_carry4_CI_CO[2])
                                                      0.228    86.353 f  U_timer/timer_cnt_reg[31]_i_3/CO[2]
                         net (fo=34, routed)          0.859    87.213    U_timer/cnt_reg[31]_0[0]
    SLICE_X47Y92         LUT2 (Prop_lut2_I1_O)        0.313    87.526 r  U_timer/cnt[0]_i_6/O
                         net (fo=1, routed)           0.000    87.526    U_timer/cnt[0]_i_6_n_0
    SLICE_X47Y92         CARRY4 (Prop_carry4_S[1]_CO[3])
                                                      0.550    88.076 r  U_timer/cnt_reg[0]_i_2/CO[3]
                         net (fo=1, routed)           0.000    88.076    U_timer/cnt_reg[0]_i_2_n_0
    SLICE_X47Y93         CARRY4 (Prop_carry4_CI_CO[3])
                                                      0.114    88.190 r  U_timer/cnt_reg[4]_i_1/CO[3]
                         net (fo=1, routed)           0.000    88.190    U_timer/cnt_reg[4]_i_1_n_0
    SLICE_X47Y94         CARRY4 (Prop_carry4_CI_CO[3])
                                                      0.114    88.304 r  U_timer/cnt_reg[8]_i_1/CO[3]
                         net (fo=1, routed)           0.000    88.304    U_timer/cnt_reg[8]_i_1_n_0
    SLICE_X47Y95         CARRY4 (Prop_carry4_CI_CO[3])
                                                      0.114    88.418 r  U_timer/cnt_reg[12]_i_1/CO[3]
                         net (fo=1, routed)           0.000    88.418    U_timer/cnt_reg[12]_i_1_n_0
    SLICE_X47Y96         CARRY4 (Prop_carry4_CI_CO[3])
                                                      0.114    88.532 r  U_timer/cnt_reg[16]_i_1/CO[3]
                         net (fo=1, routed)           0.000    88.532    U_timer/cnt_reg[16]_i_1_n_0
    SLICE_X47Y97         CARRY4 (Prop_carry4_CI_CO[3])
                                                      0.114    88.646 r  U_timer/cnt_reg[20]_i_1/CO[3]
                         net (fo=1, routed)           0.000    88.646    U_timer/cnt_reg[20]_i_1_n_0
    SLICE_X47Y98         CARRY4 (Prop_carry4_CI_O[0])
                                                      0.223    88.869 r  U_timer/cnt_reg[24]_i_1/O[0]
                         net (fo=1, routed)           0.000    88.869    U_timer/cnt_reg[24]_i_1_n_7
    SLICE_X47Y98         FDCE                                         r  U_timer/cnt_reg[24]/D
  -------------------------------------------------------------------    -------------------

                         (clock clk_out1_cpuclk rise edge)
                                                     40.000    40.000 r  
    Y18                                               0.000    40.000 r  fpga_clk (IN)
                         net (fo=0)                   0.000    40.000    Clkgen/inst/clk_in1
    Y18                  IBUF (Prop_ibuf_I_O)         1.474    41.474 r  Clkgen/inst/clkin1_ibufg/O
                         net (fo=1, routed)           1.181    42.655    Clkgen/inst/clk_in1_cpuclk
    PLLE2_ADV_X0Y1       PLLE2_ADV (Prop_plle2_adv_CLKIN1_CLKOUT0)
                                                     -7.855    34.800 r  Clkgen/inst/plle2_adv_inst/CLKOUT0
                         net (fo=1, routed)           1.625    36.425    Clkgen/inst/clk_out1_cpuclk
    BUFGCTRL_X0Y2        BUFG (Prop_bufg_I_O)         0.091    36.516 r  Clkgen/inst/clkout1_buf/O
                         net (fo=1, routed)           1.895    38.411    pll_clk
    SLICE_X52Y96         LUT2 (Prop_lut2_I0_O)        0.100    38.511 r  cpu_clk_BUFG_inst_i_1/O
                         net (fo=1, routed)           0.511    39.023    cpu_clk
    BUFGCTRL_X0Y0        BUFG (Prop_bufg_I_O)         0.091    39.114 r  cpu_clk_BUFG_inst/O
                         net (fo=8506, routed)        1.511    40.625    U_timer/cpu_clk_BUFG
    SLICE_X47Y98         FDCE                                         r  U_timer/cnt_reg[24]/C
                         clock pessimism             -0.195    40.431    
                         clock uncertainty           -0.180    40.251    
    SLICE_X47Y98         FDCE (Setup_fdce_C_D)        0.062    40.313    U_timer/cnt_reg[24]
  -------------------------------------------------------------------
                         required time                         40.313    
                         arrival time                         -88.869    
  -------------------------------------------------------------------
                         slack                                -48.556    

Slack (VIOLATED) :        -48.553ns  (required time - arrival time)
  Source:                 U_timer/freq_div_reg[1]/C
                            (rising edge-triggered cell FDCE clocked by clk_out1_cpuclk  {rise@0.000ns fall@20.000ns period=40.000ns})
  Destination:            U_timer/cnt_reg[21]/D
                            (rising edge-triggered cell FDCE clocked by clk_out1_cpuclk  {rise@0.000ns fall@20.000ns period=40.000ns})
  Path Group:             clk_out1_cpuclk
  Path Type:              Setup (Max at Slow Process Corner)
  Requirement:            40.000ns  (clk_out1_cpuclk rise@40.000ns - clk_out1_cpuclk rise@0.000ns)
  Data Path Delay:        88.336ns  (logic 58.197ns (65.881%)  route 30.139ns (34.119%))
  Logic Levels:           308  (CARRY4=278 LUT1=1 LUT2=27 LUT3=1 LUT4=1)
  Clock Path Skew:        -0.099ns (DCD - SCD + CPR)
    Destination Clock Delay (DCD):    0.625ns = ( 40.625 - 40.000 ) 
    Source Clock Delay      (SCD):    0.530ns
    Clock Pessimism Removal (CPR):    -0.195ns
  Clock Uncertainty:      0.180ns  ((TSJ^2 + DJ^2)^1/2) / 2 + PE
    Total System Jitter     (TSJ):    0.071ns
    Discrete Jitter          (DJ):    0.352ns
    Phase Error              (PE):    0.000ns

    Location             Delay type                Incr(ns)  Path(ns)    Netlist Resource(s)
  -------------------------------------------------------------------    -------------------
                         (clock clk_out1_cpuclk rise edge)
                                                      0.000     0.000 r  
    Y18                                               0.000     0.000 r  fpga_clk (IN)
                         net (fo=0)                   0.000     0.000    Clkgen/inst/clk_in1
    Y18                  IBUF (Prop_ibuf_I_O)         1.545     1.545 r  Clkgen/inst/clkin1_ibufg/O
                         net (fo=1, routed)           1.253     2.798    Clkgen/inst/clk_in1_cpuclk
    PLLE2_ADV_X0Y1       PLLE2_ADV (Prop_plle2_adv_CLKIN1_CLKOUT0)
                                                     -8.590    -5.792 r  Clkgen/inst/plle2_adv_inst/CLKOUT0
                         net (fo=1, routed)           1.704    -4.087    Clkgen/inst/clk_out1_cpuclk
    BUFGCTRL_X0Y2        BUFG (Prop_bufg_I_O)         0.096    -3.991 r  Clkgen/inst/clkout1_buf/O
                         net (fo=1, routed)           2.115    -1.876    pll_clk
    SLICE_X52Y96         LUT2 (Prop_lut2_I0_O)        0.124    -1.752 r  cpu_clk_BUFG_inst_i_1/O
                         net (fo=1, routed)           0.567    -1.185    cpu_clk
    BUFGCTRL_X0Y0        BUFG (Prop_bufg_I_O)         0.096    -1.089 r  cpu_clk_BUFG_inst/O
                         net (fo=8506, routed)        1.618     0.530    U_timer/cpu_clk_BUFG
    SLICE_X55Y63         FDCE                                         r  U_timer/freq_div_reg[1]/C
  -------------------------------------------------------------------    -------------------
    SLICE_X55Y63         FDCE (Prop_fdce_C_Q)         0.456     0.986 f  U_timer/freq_div_reg[1]/Q
                         net (fo=32, routed)          0.449     1.435    U_timer/freq_div_reg_n_0_[1]
    SLICE_X53Y63         LUT1 (Prop_lut1_I0_O)        0.124     1.559 r  U_timer/timer_cnt[31]_i_1177/O
                         net (fo=1, routed)           0.000     1.559    U_timer/timer_cnt[31]_i_1177_n_0
    SLICE_X53Y63         CARRY4 (Prop_carry4_S[1]_CO[3])
                                                      0.550     2.109 r  U_timer/timer_cnt_reg[31]_i_1017/CO[3]
                         net (fo=1, routed)           0.000     2.109    U_timer/timer_cnt_reg[31]_i_1017_n_0
    SLICE_X53Y64         CARRY4 (Prop_carry4_CI_CO[3])
                                                      0.114     2.223 r  U_timer/timer_cnt_reg[31]_i_863/CO[3]
                         net (fo=1, routed)           0.000     2.223    U_timer/timer_cnt_reg[31]_i_863_n_0
    SLICE_X53Y65         CARRY4 (Prop_carry4_CI_CO[3])
                                                      0.114     2.337 r  U_timer/timer_cnt_reg[31]_i_709/CO[3]
                         net (fo=1, routed)           0.000     2.337    U_timer/timer_cnt_reg[31]_i_709_n_0
    SLICE_X53Y66         CARRY4 (Prop_carry4_CI_CO[3])
                                                      0.114     2.451 r  U_timer/timer_cnt_reg[31]_i_555/CO[3]
                         net (fo=1, routed)           0.000     2.451    U_timer/timer_cnt_reg[31]_i_555_n_0
    SLICE_X53Y67         CARRY4 (Prop_carry4_CI_CO[3])
                                                      0.114     2.565 r  U_timer/timer_cnt_reg[31]_i_389/CO[3]
                         net (fo=1, routed)           0.000     2.565    U_timer/timer_cnt_reg[31]_i_389_n_0
    SLICE_X53Y68         CARRY4 (Prop_carry4_CI_CO[3])
                                                      0.114     2.679 r  U_timer/timer_cnt_reg[31]_i_216/CO[3]
                         net (fo=1, routed)           0.000     2.679    U_timer/timer_cnt_reg[31]_i_216_n_0
    SLICE_X53Y69         CARRY4 (Prop_carry4_CI_CO[3])
                                                      0.114     2.793 r  U_timer/timer_cnt_reg[31]_i_95/CO[3]
                         net (fo=1, routed)           0.000     2.793    U_timer/timer_cnt_reg[31]_i_95_n_0
    SLICE_X53Y70         CARRY4 (Prop_carry4_CI_CO[3])
                                                      0.114     2.907 r  U_timer/timer_cnt_reg[31]_i_82/CO[3]
                         net (fo=1, routed)           0.000     2.907    U_timer/timer_cnt_reg[31]_i_82_n_0
    SLICE_X53Y71         CARRY4 (Prop_carry4_CI_CO[0])
                                                      0.271     3.178 r  U_timer/timer_cnt_reg[31]_i_35/CO[0]
                         net (fo=36, routed)          0.951     4.129    U_timer/CO[0]
    SLICE_X54Y67         CARRY4 (Prop_carry4_CYINIT_CO[3])
                                                      0.844     4.973 r  U_timer/timer_cnt_reg[31]_i_1012/CO[3]
                         net (fo=1, routed)           0.000     4.973    U_timer/timer_cnt_reg[31]_i_1012_n_0
    SLICE_X54Y68         CARRY4 (Prop_carry4_CI_CO[3])
                                                      0.117     5.090 r  U_timer/timer_cnt_reg[31]_i_858/CO[3]
                         net (fo=1, routed)           0.000     5.090    U_timer/timer_cnt_reg[31]_i_858_n_0
    SLICE_X54Y69         CARRY4 (Prop_carry4_CI_CO[3])
                                                      0.117     5.207 r  U_timer/timer_cnt_reg[31]_i_704/CO[3]
                         net (fo=1, routed)           0.000     5.207    U_timer/timer_cnt_reg[31]_i_704_n_0
    SLICE_X54Y70         CARRY4 (Prop_carry4_CI_CO[3])
                                                      0.117     5.324 r  U_timer/timer_cnt_reg[31]_i_550/CO[3]
                         net (fo=1, routed)           0.000     5.324    U_timer/timer_cnt_reg[31]_i_550_n_0
    SLICE_X54Y71         CARRY4 (Prop_carry4_CI_CO[3])
                                                      0.117     5.441 r  U_timer/timer_cnt_reg[31]_i_384/CO[3]
                         net (fo=1, routed)           0.000     5.441    U_timer/timer_cnt_reg[31]_i_384_n_0
    SLICE_X54Y72         CARRY4 (Prop_carry4_CI_CO[3])
                                                      0.117     5.558 r  U_timer/timer_cnt_reg[31]_i_211/CO[3]
                         net (fo=1, routed)           0.000     5.558    U_timer/timer_cnt_reg[31]_i_211_n_0
    SLICE_X54Y73         CARRY4 (Prop_carry4_CI_CO[3])
                                                      0.117     5.675 r  U_timer/timer_cnt_reg[31]_i_90/CO[3]
                         net (fo=1, routed)           0.000     5.675    U_timer/timer_cnt_reg[31]_i_90_n_0
    SLICE_X54Y74         CARRY4 (Prop_carry4_CI_CO[3])
                                                      0.117     5.792 r  U_timer/timer_cnt_reg[31]_i_41/CO[3]
                         net (fo=1, routed)           0.009     5.801    U_timer/timer_cnt_reg[31]_i_41_n_0
    SLICE_X54Y75         CARRY4 (Prop_carry4_CI_CO[1])
                                                      0.157     5.958 r  U_timer/timer_cnt_reg[31]_i_34/CO[1]
                         net (fo=36, routed)          1.178     7.136    U_timer/freq_div_reg[31]_0[0]
    SLICE_X55Y68         LUT3 (Prop_lut3_I0_O)        0.332     7.468 r  U_timer/timer_cnt[31]_i_1015/O
                         net (fo=1, routed)           0.000     7.468    U_timer/timer_cnt[31]_i_1015_n_0
    SLICE_X55Y68         CARRY4 (Prop_carry4_S[1]_CO[3])
                                                      0.550     8.018 r  U_timer/timer_cnt_reg[31]_i_857/CO[3]
                         net (fo=1, routed)           0.000     8.018    U_timer/timer_cnt_reg[31]_i_857_n_0
    SLICE_X55Y69         CARRY4 (Prop_carry4_CI_CO[3])
                                                      0.114     8.132 r  U_timer/timer_cnt_reg[31]_i_703/CO[3]
                         net (fo=1, routed)           0.000     8.132    U_timer/timer_cnt_reg[31]_i_703_n_0
    SLICE_X55Y70         CARRY4 (Prop_carry4_CI_CO[3])
                                                      0.114     8.246 r  U_timer/timer_cnt_reg[31]_i_549/CO[3]
                         net (fo=1, routed)           0.000     8.246    U_timer/timer_cnt_reg[31]_i_549_n_0
    SLICE_X55Y71         CARRY4 (Prop_carry4_CI_CO[3])
                                                      0.114     8.360 r  U_timer/timer_cnt_reg[31]_i_383/CO[3]
                         net (fo=1, routed)           0.000     8.360    U_timer/timer_cnt_reg[31]_i_383_n_0
    SLICE_X55Y72         CARRY4 (Prop_carry4_CI_CO[3])
                                                      0.114     8.474 r  U_timer/timer_cnt_reg[31]_i_210/CO[3]
                         net (fo=1, routed)           0.000     8.474    U_timer/timer_cnt_reg[31]_i_210_n_0
    SLICE_X55Y73         CARRY4 (Prop_carry4_CI_CO[3])
                                                      0.114     8.588 r  U_timer/timer_cnt_reg[31]_i_89/CO[3]
                         net (fo=1, routed)           0.000     8.588    U_timer/timer_cnt_reg[31]_i_89_n_0
    SLICE_X55Y74         CARRY4 (Prop_carry4_CI_CO[3])
                                                      0.114     8.702 r  U_timer/timer_cnt_reg[31]_i_40/CO[3]
                         net (fo=1, routed)           0.009     8.711    U_timer/timer_cnt_reg[31]_i_40_n_0
    SLICE_X55Y75         CARRY4 (Prop_carry4_CI_CO[1])
                                                      0.157     8.868 r  U_timer/timer_cnt_reg[31]_i_19/CO[1]
                         net (fo=37, routed)          0.953     9.821    U_timer/freq_div_reg[31]_2[0]
    SLICE_X52Y66         LUT2 (Prop_lut2_I1_O)        0.329    10.150 r  U_timer/timer_cnt[31]_i_1187/O
                         net (fo=1, routed)           0.000    10.150    U_timer/timer_cnt[31]_i_1187_n_0
    SLICE_X52Y66         CARRY4 (Prop_carry4_S[1]_CO[3])
                                                      0.550    10.700 r  U_timer/timer_cnt_reg[31]_i_1036/CO[3]
                         net (fo=1, routed)           0.000    10.700    U_timer/timer_cnt_reg[31]_i_1036_n_0
    SLICE_X52Y67         CARRY4 (Prop_carry4_CI_CO[3])
                                                      0.114    10.814 r  U_timer/timer_cnt_reg[31]_i_882/CO[3]
                         net (fo=1, routed)           0.000    10.814    U_timer/timer_cnt_reg[31]_i_882_n_0
    SLICE_X52Y68         CARRY4 (Prop_carry4_CI_CO[3])
                                                      0.114    10.928 r  U_timer/timer_cnt_reg[31]_i_728/CO[3]
                         net (fo=1, routed)           0.000    10.928    U_timer/timer_cnt_reg[31]_i_728_n_0
    SLICE_X52Y69         CARRY4 (Prop_carry4_CI_CO[3])
                                                      0.114    11.042 r  U_timer/timer_cnt_reg[31]_i_574/CO[3]
                         net (fo=1, routed)           0.000    11.042    U_timer/timer_cnt_reg[31]_i_574_n_0
    SLICE_X52Y70         CARRY4 (Prop_carry4_CI_CO[3])
                                                      0.114    11.156 r  U_timer/timer_cnt_reg[31]_i_408/CO[3]
                         net (fo=1, routed)           0.000    11.156    U_timer/timer_cnt_reg[31]_i_408_n_0
    SLICE_X52Y71         CARRY4 (Prop_carry4_CI_CO[3])
                                                      0.114    11.270 r  U_timer/timer_cnt_reg[31]_i_239/CO[3]
                         net (fo=1, routed)           0.000    11.270    U_timer/timer_cnt_reg[31]_i_239_n_0
    SLICE_X52Y72         CARRY4 (Prop_carry4_CI_CO[3])
                                                      0.114    11.384 r  U_timer/timer_cnt_reg[31]_i_111/CO[3]
                         net (fo=1, routed)           0.000    11.384    U_timer/timer_cnt_reg[31]_i_111_n_0
    SLICE_X52Y73         CARRY4 (Prop_carry4_CI_CO[3])
                                                      0.114    11.498 r  U_timer/timer_cnt_reg[31]_i_100/CO[3]
                         net (fo=1, routed)           0.000    11.498    U_timer/timer_cnt_reg[31]_i_100_n_0
    SLICE_X52Y74         CARRY4 (Prop_carry4_CI_CO[1])
                                                      0.157    11.655 r  U_timer/timer_cnt_reg[31]_i_45/CO[1]
                         net (fo=36, routed)          1.050    12.705    U_timer/freq_div_reg[31]_4[0]
    SLICE_X48Y65         LUT2 (Prop_lut2_I1_O)        0.329    13.034 r  U_timer/timer_cnt[31]_i_1183/O
                         net (fo=1, routed)           0.000    13.034    U_timer/timer_cnt[31]_i_1183_n_0
    SLICE_X48Y65         CARRY4 (Prop_carry4_S[1]_CO[3])
                                                      0.550    13.584 r  U_timer/timer_cnt_reg[31]_i_1031/CO[3]
                         net (fo=1, routed)           0.000    13.584    U_timer/timer_cnt_reg[31]_i_1031_n_0
    SLICE_X48Y66         CARRY4 (Prop_carry4_CI_CO[3])
                                                      0.114    13.698 r  U_timer/timer_cnt_reg[31]_i_877/CO[3]
                         net (fo=1, routed)           0.000    13.698    U_timer/timer_cnt_reg[31]_i_877_n_0
    SLICE_X48Y67         CARRY4 (Prop_carry4_CI_CO[3])
                                                      0.114    13.812 r  U_timer/timer_cnt_reg[31]_i_723/CO[3]
                         net (fo=1, routed)           0.000    13.812    U_timer/timer_cnt_reg[31]_i_723_n_0
    SLICE_X48Y68         CARRY4 (Prop_carry4_CI_CO[3])
                                                      0.114    13.926 r  U_timer/timer_cnt_reg[31]_i_569/CO[3]
                         net (fo=1, routed)           0.000    13.926    U_timer/timer_cnt_reg[31]_i_569_n_0
    SLICE_X48Y69         CARRY4 (Prop_carry4_CI_CO[3])
                                                      0.114    14.040 r  U_timer/timer_cnt_reg[31]_i_403/CO[3]
                         net (fo=1, routed)           0.000    14.040    U_timer/timer_cnt_reg[31]_i_403_n_0
    SLICE_X48Y70         CARRY4 (Prop_carry4_CI_CO[3])
                                                      0.114    14.154 r  U_timer/timer_cnt_reg[31]_i_234/CO[3]
                         net (fo=1, routed)           0.000    14.154    U_timer/timer_cnt_reg[31]_i_234_n_0
    SLICE_X48Y71         CARRY4 (Prop_carry4_CI_CO[3])
                                                      0.114    14.268 r  U_timer/timer_cnt_reg[31]_i_106/CO[3]
                         net (fo=1, routed)           0.000    14.268    U_timer/timer_cnt_reg[31]_i_106_n_0
    SLICE_X48Y72         CARRY4 (Prop_carry4_CI_CO[3])
                                                      0.114    14.382 r  U_timer/timer_cnt_reg[31]_i_47/CO[3]
                         net (fo=1, routed)           0.000    14.382    U_timer/timer_cnt_reg[31]_i_47_n_0
    SLICE_X48Y73         CARRY4 (Prop_carry4_CI_CO[1])
                                                      0.157    14.539 r  U_timer/timer_cnt_reg[31]_i_44/CO[1]
                         net (fo=36, routed)          0.901    15.440    U_timer/freq_div_reg[31]_6[0]
    SLICE_X49Y64         LUT2 (Prop_lut2_I1_O)        0.329    15.769 r  U_timer/timer_cnt[31]_i_1180/O
                         net (fo=1, routed)           0.000    15.769    U_timer/timer_cnt[31]_i_1180_n_0
    SLICE_X49Y64         CARRY4 (Prop_carry4_S[1]_CO[3])
                                                      0.550    16.319 r  U_timer/timer_cnt_reg[31]_i_1030/CO[3]
                         net (fo=1, routed)           0.000    16.319    U_timer/timer_cnt_reg[31]_i_1030_n_0
    SLICE_X49Y65         CARRY4 (Prop_carry4_CI_CO[3])
                                                      0.114    16.433 r  U_timer/timer_cnt_reg[31]_i_876/CO[3]
                         net (fo=1, routed)           0.000    16.433    U_timer/timer_cnt_reg[31]_i_876_n_0
    SLICE_X49Y66         CARRY4 (Prop_carry4_CI_CO[3])
                                                      0.114    16.547 r  U_timer/timer_cnt_reg[31]_i_722/CO[3]
                         net (fo=1, routed)           0.000    16.547    U_timer/timer_cnt_reg[31]_i_722_n_0
    SLICE_X49Y67         CARRY4 (Prop_carry4_CI_CO[3])
                                                      0.114    16.661 r  U_timer/timer_cnt_reg[31]_i_568/CO[3]
                         net (fo=1, routed)           0.000    16.661    U_timer/timer_cnt_reg[31]_i_568_n_0
    SLICE_X49Y68         CARRY4 (Prop_carry4_CI_CO[3])
                                                      0.114    16.775 r  U_timer/timer_cnt_reg[31]_i_402/CO[3]
                         net (fo=1, routed)           0.000    16.775    U_timer/timer_cnt_reg[31]_i_402_n_0
    SLICE_X49Y69         CARRY4 (Prop_carry4_CI_CO[3])
                                                      0.114    16.889 r  U_timer/timer_cnt_reg[31]_i_233/CO[3]
                         net (fo=1, routed)           0.000    16.889    U_timer/timer_cnt_reg[31]_i_233_n_0
    SLICE_X49Y70         CARRY4 (Prop_carry4_CI_CO[3])
                                                      0.114    17.003 r  U_timer/timer_cnt_reg[31]_i_105/CO[3]
                         net (fo=1, routed)           0.000    17.003    U_timer/timer_cnt_reg[31]_i_105_n_0
    SLICE_X49Y71         CARRY4 (Prop_carry4_CI_CO[3])
                                                      0.114    17.117 r  U_timer/timer_cnt_reg[31]_i_46/CO[3]
                         net (fo=1, routed)           0.000    17.117    U_timer/timer_cnt_reg[31]_i_46_n_0
    SLICE_X49Y72         CARRY4 (Prop_carry4_CI_CO[1])
                                                      0.157    17.274 r  U_timer/timer_cnt_reg[31]_i_21/CO[1]
                         net (fo=36, routed)          0.887    18.161    U_timer/freq_div_reg[31]_8[0]
    SLICE_X47Y64         LUT2 (Prop_lut2_I1_O)        0.329    18.490 r  U_timer/timer_cnt[31]_i_1258/O
                         net (fo=1, routed)           0.000    18.490    U_timer/timer_cnt[31]_i_1258_n_0
    SLICE_X47Y64         CARRY4 (Prop_carry4_S[1]_CO[3])
                                                      0.550    19.040 r  U_timer/timer_cnt_reg[31]_i_1111/CO[3]
                         net (fo=1, routed)           0.000    19.040    U_timer/timer_cnt_reg[31]_i_1111_n_0
    SLICE_X47Y65         CARRY4 (Prop_carry4_CI_CO[3])
                                                      0.114    19.154 r  U_timer/timer_cnt_reg[31]_i_957/CO[3]
                         net (fo=1, routed)           0.000    19.154    U_timer/timer_cnt_reg[31]_i_957_n_0
    SLICE_X47Y66         CARRY4 (Prop_carry4_CI_CO[3])
                                                      0.114    19.268 r  U_timer/timer_cnt_reg[31]_i_803/CO[3]
                         net (fo=1, routed)           0.000    19.268    U_timer/timer_cnt_reg[31]_i_803_n_0
    SLICE_X47Y67         CARRY4 (Prop_carry4_CI_CO[3])
                                                      0.114    19.382 r  U_timer/timer_cnt_reg[31]_i_649/CO[3]
                         net (fo=1, routed)           0.000    19.382    U_timer/timer_cnt_reg[31]_i_649_n_0
    SLICE_X47Y68         CARRY4 (Prop_carry4_CI_CO[3])
                                                      0.114    19.496 r  U_timer/timer_cnt_reg[31]_i_495/CO[3]
                         net (fo=1, routed)           0.000    19.496    U_timer/timer_cnt_reg[31]_i_495_n_0
    SLICE_X47Y69         CARRY4 (Prop_carry4_CI_CO[3])
                                                      0.114    19.610 r  U_timer/timer_cnt_reg[31]_i_317/CO[3]
                         net (fo=1, routed)           0.000    19.610    U_timer/timer_cnt_reg[31]_i_317_n_0
    SLICE_X47Y70         CARRY4 (Prop_carry4_CI_CO[3])
                                                      0.114    19.724 r  U_timer/timer_cnt_reg[31]_i_149/CO[3]
                         net (fo=1, routed)           0.000    19.724    U_timer/timer_cnt_reg[31]_i_149_n_0
    SLICE_X47Y71         CARRY4 (Prop_carry4_CI_CO[3])
                                                      0.114    19.838 r  U_timer/timer_cnt_reg[31]_i_138/CO[3]
                         net (fo=1, routed)           0.000    19.838    U_timer/timer_cnt_reg[31]_i_138_n_0
    SLICE_X47Y72         CARRY4 (Prop_carry4_CI_CO[1])
                                                      0.157    19.995 r  U_timer/timer_cnt_reg[31]_i_59/CO[1]
                         net (fo=37, routed)          1.015    21.011    U_timer/freq_div_reg[31]_10[0]
    SLICE_X46Y67         LUT2 (Prop_lut2_I1_O)        0.329    21.340 r  U_timer/timer_cnt[31]_i_1255/O
                         net (fo=1, routed)           0.000    21.340    U_timer/timer_cnt[31]_i_1255_n_0
    SLICE_X46Y67         CARRY4 (Prop_carry4_S[1]_CO[3])
                                                      0.533    21.873 r  U_timer/timer_cnt_reg[31]_i_1106/CO[3]
                         net (fo=1, routed)           0.000    21.873    U_timer/timer_cnt_reg[31]_i_1106_n_0
    SLICE_X46Y68         CARRY4 (Prop_carry4_CI_CO[3])
                                                      0.117    21.990 r  U_timer/timer_cnt_reg[31]_i_952/CO[3]
                         net (fo=1, routed)           0.000    21.990    U_timer/timer_cnt_reg[31]_i_952_n_0
    SLICE_X46Y69         CARRY4 (Prop_carry4_CI_CO[3])
                                                      0.117    22.107 r  U_timer/timer_cnt_reg[31]_i_798/CO[3]
                         net (fo=1, routed)           0.000    22.107    U_timer/timer_cnt_reg[31]_i_798_n_0
    SLICE_X46Y70         CARRY4 (Prop_carry4_CI_CO[3])
                                                      0.117    22.224 r  U_timer/timer_cnt_reg[31]_i_644/CO[3]
                         net (fo=1, routed)           0.000    22.224    U_timer/timer_cnt_reg[31]_i_644_n_0
    SLICE_X46Y71         CARRY4 (Prop_carry4_CI_CO[3])
                                                      0.117    22.341 r  U_timer/timer_cnt_reg[31]_i_490/CO[3]
                         net (fo=1, routed)           0.000    22.341    U_timer/timer_cnt_reg[31]_i_490_n_0
    SLICE_X46Y72         CARRY4 (Prop_carry4_CI_CO[3])
                                                      0.117    22.458 r  U_timer/timer_cnt_reg[31]_i_312/CO[3]
                         net (fo=1, routed)           0.000    22.458    U_timer/timer_cnt_reg[31]_i_312_n_0
    SLICE_X46Y73         CARRY4 (Prop_carry4_CI_CO[3])
                                                      0.117    22.575 r  U_timer/timer_cnt_reg[31]_i_144/CO[3]
                         net (fo=1, routed)           0.000    22.575    U_timer/timer_cnt_reg[31]_i_144_n_0
    SLICE_X46Y74         CARRY4 (Prop_carry4_CI_CO[3])
                                                      0.117    22.692 r  U_timer/timer_cnt_reg[31]_i_61/CO[3]
                         net (fo=1, routed)           0.009    22.701    U_timer/timer_cnt_reg[31]_i_61_n_0
    SLICE_X46Y75         CARRY4 (Prop_carry4_CI_CO[1])
                                                      0.157    22.858 r  U_timer/timer_cnt_reg[31]_i_58/CO[1]
                         net (fo=37, routed)          0.999    23.856    U_timer/freq_div_reg[31]_12[0]
    SLICE_X50Y72         LUT2 (Prop_lut2_I1_O)        0.332    24.188 r  U_timer/timer_cnt[31]_i_1251/O
                         net (fo=1, routed)           0.000    24.188    U_timer/timer_cnt[31]_i_1251_n_0
    SLICE_X50Y72         CARRY4 (Prop_carry4_S[1]_CO[3])
                                                      0.533    24.721 r  U_timer/timer_cnt_reg[31]_i_1105/CO[3]
                         net (fo=1, routed)           0.000    24.721    U_timer/timer_cnt_reg[31]_i_1105_n_0
    SLICE_X50Y73         CARRY4 (Prop_carry4_CI_CO[3])
                                                      0.117    24.838 r  U_timer/timer_cnt_reg[31]_i_951/CO[3]
                         net (fo=1, routed)           0.000    24.838    U_timer/timer_cnt_reg[31]_i_951_n_0
    SLICE_X50Y74         CARRY4 (Prop_carry4_CI_CO[3])
                                                      0.117    24.955 r  U_timer/timer_cnt_reg[31]_i_797/CO[3]
                         net (fo=1, routed)           0.009    24.964    U_timer/timer_cnt_reg[31]_i_797_n_0
    SLICE_X50Y75         CARRY4 (Prop_carry4_CI_CO[3])
                                                      0.117    25.081 r  U_timer/timer_cnt_reg[31]_i_643/CO[3]
                         net (fo=1, routed)           0.000    25.081    U_timer/timer_cnt_reg[31]_i_643_n_0
    SLICE_X50Y76         CARRY4 (Prop_carry4_CI_CO[3])
                                                      0.117    25.198 r  U_timer/timer_cnt_reg[31]_i_489/CO[3]
                         net (fo=1, routed)           0.000    25.198    U_timer/timer_cnt_reg[31]_i_489_n_0
    SLICE_X50Y77         CARRY4 (Prop_carry4_CI_CO[3])
                                                      0.117    25.315 r  U_timer/timer_cnt_reg[31]_i_311/CO[3]
                         net (fo=1, routed)           0.000    25.315    U_timer/timer_cnt_reg[31]_i_311_n_0
    SLICE_X50Y78         CARRY4 (Prop_carry4_CI_CO[3])
                                                      0.117    25.432 r  U_timer/timer_cnt_reg[31]_i_143/CO[3]
                         net (fo=1, routed)           0.000    25.432    U_timer/timer_cnt_reg[31]_i_143_n_0
    SLICE_X50Y79         CARRY4 (Prop_carry4_CI_CO[3])
                                                      0.117    25.549 r  U_timer/timer_cnt_reg[31]_i_60/CO[3]
                         net (fo=1, routed)           0.000    25.549    U_timer/timer_cnt_reg[31]_i_60_n_0
    SLICE_X50Y80         CARRY4 (Prop_carry4_CI_CO[1])
                                                      0.157    25.706 r  U_timer/timer_cnt_reg[31]_i_27/CO[1]
                         net (fo=36, routed)          0.921    26.628    U_timer/freq_div_reg[31]_14[0]
    SLICE_X47Y73         LUT2 (Prop_lut2_I1_O)        0.332    26.960 r  U_timer/timer_cnt[31]_i_1268/O
                         net (fo=1, routed)           0.000    26.960    U_timer/timer_cnt[31]_i_1268_n_0
    SLICE_X47Y73         CARRY4 (Prop_carry4_S[1]_CO[3])
                                                      0.550    27.510 r  U_timer/timer_cnt_reg[31]_i_1126/CO[3]
                         net (fo=1, routed)           0.000    27.510    U_timer/timer_cnt_reg[31]_i_1126_n_0
    SLICE_X47Y74         CARRY4 (Prop_carry4_CI_CO[3])
                                                      0.114    27.624 r  U_timer/timer_cnt_reg[31]_i_972/CO[3]
                         net (fo=1, routed)           0.009    27.633    U_timer/timer_cnt_reg[31]_i_972_n_0
    SLICE_X47Y75         CARRY4 (Prop_carry4_CI_CO[3])
                                                      0.114    27.747 r  U_timer/timer_cnt_reg[31]_i_818/CO[3]
                         net (fo=1, routed)           0.000    27.747    U_timer/timer_cnt_reg[31]_i_818_n_0
    SLICE_X47Y76         CARRY4 (Prop_carry4_CI_CO[3])
                                                      0.114    27.861 r  U_timer/timer_cnt_reg[31]_i_664/CO[3]
                         net (fo=1, routed)           0.000    27.861    U_timer/timer_cnt_reg[31]_i_664_n_0
    SLICE_X47Y77         CARRY4 (Prop_carry4_CI_CO[3])
                                                      0.114    27.975 r  U_timer/timer_cnt_reg[31]_i_510/CO[3]
                         net (fo=1, routed)           0.000    27.975    U_timer/timer_cnt_reg[31]_i_510_n_0
    SLICE_X47Y78         CARRY4 (Prop_carry4_CI_CO[3])
                                                      0.114    28.089 r  U_timer/timer_cnt_reg[31]_i_336/CO[3]
                         net (fo=1, routed)           0.000    28.089    U_timer/timer_cnt_reg[31]_i_336_n_0
    SLICE_X47Y79         CARRY4 (Prop_carry4_CI_CO[3])
                                                      0.114    28.203 r  U_timer/timer_cnt_reg[31]_i_165/CO[3]
                         net (fo=1, routed)           0.000    28.203    U_timer/timer_cnt_reg[31]_i_165_n_0
    SLICE_X47Y80         CARRY4 (Prop_carry4_CI_CO[3])
                                                      0.114    28.317 r  U_timer/timer_cnt_reg[31]_i_154/CO[3]
                         net (fo=1, routed)           0.000    28.317    U_timer/timer_cnt_reg[31]_i_154_n_0
    SLICE_X47Y81         CARRY4 (Prop_carry4_CI_CO[1])
                                                      0.157    28.474 r  U_timer/timer_cnt_reg[31]_i_65/CO[1]
                         net (fo=36, routed)          0.855    29.328    U_timer/freq_div_reg[31]_16[0]
    SLICE_X51Y75         LUT2 (Prop_lut2_I1_O)        0.329    29.657 r  U_timer/timer_cnt[31]_i_1265/O
                         net (fo=1, routed)           0.000    29.657    U_timer/timer_cnt[31]_i_1265_n_0
    SLICE_X51Y75         CARRY4 (Prop_carry4_S[1]_CO[3])
                                                      0.550    30.207 r  U_timer/timer_cnt_reg[31]_i_1121/CO[3]
                         net (fo=1, routed)           0.000    30.207    U_timer/timer_cnt_reg[31]_i_1121_n_0
    SLICE_X51Y76         CARRY4 (Prop_carry4_CI_CO[3])
                                                      0.114    30.321 r  U_timer/timer_cnt_reg[31]_i_967/CO[3]
                         net (fo=1, routed)           0.000    30.321    U_timer/timer_cnt_reg[31]_i_967_n_0
    SLICE_X51Y77         CARRY4 (Prop_carry4_CI_CO[3])
                                                      0.114    30.435 r  U_timer/timer_cnt_reg[31]_i_813/CO[3]
                         net (fo=1, routed)           0.000    30.435    U_timer/timer_cnt_reg[31]_i_813_n_0
    SLICE_X51Y78         CARRY4 (Prop_carry4_CI_CO[3])
                                                      0.114    30.549 r  U_timer/timer_cnt_reg[31]_i_659/CO[3]
                         net (fo=1, routed)           0.000    30.549    U_timer/timer_cnt_reg[31]_i_659_n_0
    SLICE_X51Y79         CARRY4 (Prop_carry4_CI_CO[3])
                                                      0.114    30.663 r  U_timer/timer_cnt_reg[31]_i_505/CO[3]
                         net (fo=1, routed)           0.000    30.663    U_timer/timer_cnt_reg[31]_i_505_n_0
    SLICE_X51Y80         CARRY4 (Prop_carry4_CI_CO[3])
                                                      0.114    30.777 r  U_timer/timer_cnt_reg[31]_i_331/CO[3]
                         net (fo=1, routed)           0.000    30.777    U_timer/timer_cnt_reg[31]_i_331_n_0
    SLICE_X51Y81         CARRY4 (Prop_carry4_CI_CO[3])
                                                      0.114    30.891 r  U_timer/timer_cnt_reg[31]_i_160/CO[3]
                         net (fo=1, routed)           0.000    30.891    U_timer/timer_cnt_reg[31]_i_160_n_0
    SLICE_X51Y82         CARRY4 (Prop_carry4_CI_CO[3])
                                                      0.114    31.005 r  U_timer/timer_cnt_reg[31]_i_67/CO[3]
                         net (fo=1, routed)           0.000    31.005    U_timer/timer_cnt_reg[31]_i_67_n_0
    SLICE_X51Y83         CARRY4 (Prop_carry4_CI_CO[1])
                                                      0.157    31.162 r  U_timer/timer_cnt_reg[31]_i_64/CO[1]
                         net (fo=37, routed)          1.062    32.225    U_timer/freq_div_reg[31]_18[0]
    SLICE_X45Y76         LUT2 (Prop_lut2_I1_O)        0.329    32.554 r  U_timer/timer_cnt[31]_i_1262/O
                         net (fo=1, routed)           0.000    32.554    U_timer/timer_cnt[31]_i_1262_n_0
    SLICE_X45Y76         CARRY4 (Prop_carry4_S[1]_CO[3])
                                                      0.550    33.104 r  U_timer/timer_cnt_reg[31]_i_1120/CO[3]
                         net (fo=1, routed)           0.000    33.104    U_timer/timer_cnt_reg[31]_i_1120_n_0
    SLICE_X45Y77         CARRY4 (Prop_carry4_CI_CO[3])
                                                      0.114    33.218 r  U_timer/timer_cnt_reg[31]_i_966/CO[3]
                         net (fo=1, routed)           0.000    33.218    U_timer/timer_cnt_reg[31]_i_966_n_0
    SLICE_X45Y78         CARRY4 (Prop_carry4_CI_CO[3])
                                                      0.114    33.332 r  U_timer/timer_cnt_reg[31]_i_812/CO[3]
                         net (fo=1, routed)           0.000    33.332    U_timer/timer_cnt_reg[31]_i_812_n_0
    SLICE_X45Y79         CARRY4 (Prop_carry4_CI_CO[3])
                                                      0.114    33.446 r  U_timer/timer_cnt_reg[31]_i_658/CO[3]
                         net (fo=1, routed)           0.000    33.446    U_timer/timer_cnt_reg[31]_i_658_n_0
    SLICE_X45Y80         CARRY4 (Prop_carry4_CI_CO[3])
                                                      0.114    33.560 r  U_timer/timer_cnt_reg[31]_i_504/CO[3]
                         net (fo=1, routed)           0.000    33.560    U_timer/timer_cnt_reg[31]_i_504_n_0
    SLICE_X45Y81         CARRY4 (Prop_carry4_CI_CO[3])
                                                      0.114    33.674 r  U_timer/timer_cnt_reg[31]_i_330/CO[3]
                         net (fo=1, routed)           0.000    33.674    U_timer/timer_cnt_reg[31]_i_330_n_0
    SLICE_X45Y82         CARRY4 (Prop_carry4_CI_CO[3])
                                                      0.114    33.788 r  U_timer/timer_cnt_reg[31]_i_159/CO[3]
                         net (fo=1, routed)           0.000    33.788    U_timer/timer_cnt_reg[31]_i_159_n_0
    SLICE_X45Y83         CARRY4 (Prop_carry4_CI_CO[3])
                                                      0.114    33.902 r  U_timer/timer_cnt_reg[31]_i_66/CO[3]
                         net (fo=1, routed)           0.000    33.902    U_timer/timer_cnt_reg[31]_i_66_n_0
    SLICE_X45Y84         CARRY4 (Prop_carry4_CI_CO[1])
                                                      0.157    34.059 r  U_timer/timer_cnt_reg[31]_i_29/CO[1]
                         net (fo=36, routed)          0.916    34.975    U_timer/freq_div_reg[31]_20[0]
    SLICE_X46Y76         LUT2 (Prop_lut2_I1_O)        0.329    35.304 r  U_timer/timer_cnt[31]_i_1278/O
                         net (fo=1, routed)           0.000    35.304    U_timer/timer_cnt[31]_i_1278_n_0
    SLICE_X46Y76         CARRY4 (Prop_carry4_S[1]_CO[3])
                                                      0.533    35.837 r  U_timer/timer_cnt_reg[31]_i_1141/CO[3]
                         net (fo=1, routed)           0.000    35.837    U_timer/timer_cnt_reg[31]_i_1141_n_0
    SLICE_X46Y77         CARRY4 (Prop_carry4_CI_CO[3])
                                                      0.117    35.954 r  U_timer/timer_cnt_reg[31]_i_987/CO[3]
                         net (fo=1, routed)           0.000    35.954    U_timer/timer_cnt_reg[31]_i_987_n_0
    SLICE_X46Y78         CARRY4 (Prop_carry4_CI_CO[3])
                                                      0.117    36.071 r  U_timer/timer_cnt_reg[31]_i_833/CO[3]
                         net (fo=1, routed)           0.000    36.071    U_timer/timer_cnt_reg[31]_i_833_n_0
    SLICE_X46Y79         CARRY4 (Prop_carry4_CI_CO[3])
                                                      0.117    36.188 r  U_timer/timer_cnt_reg[31]_i_679/CO[3]
                         net (fo=1, routed)           0.000    36.188    U_timer/timer_cnt_reg[31]_i_679_n_0
    SLICE_X46Y80         CARRY4 (Prop_carry4_CI_CO[3])
                                                      0.117    36.305 r  U_timer/timer_cnt_reg[31]_i_525/CO[3]
                         net (fo=1, routed)           0.000    36.305    U_timer/timer_cnt_reg[31]_i_525_n_0
    SLICE_X46Y81         CARRY4 (Prop_carry4_CI_CO[3])
                                                      0.117    36.422 r  U_timer/timer_cnt_reg[31]_i_355/CO[3]
                         net (fo=1, routed)           0.000    36.422    U_timer/timer_cnt_reg[31]_i_355_n_0
    SLICE_X46Y82         CARRY4 (Prop_carry4_CI_CO[3])
                                                      0.117    36.539 r  U_timer/timer_cnt_reg[31]_i_181/CO[3]
                         net (fo=1, routed)           0.000    36.539    U_timer/timer_cnt_reg[31]_i_181_n_0
    SLICE_X46Y83         CARRY4 (Prop_carry4_CI_CO[3])
                                                      0.117    36.656 r  U_timer/timer_cnt_reg[31]_i_170/CO[3]
                         net (fo=1, routed)           0.000    36.656    U_timer/timer_cnt_reg[31]_i_170_n_0
    SLICE_X46Y84         CARRY4 (Prop_carry4_CI_CO[1])
                                                      0.157    36.813 r  U_timer/timer_cnt_reg[31]_i_71/CO[1]
                         net (fo=37, routed)          0.860    37.673    U_timer/freq_div_reg[31]_22[0]
    SLICE_X49Y78         LUT2 (Prop_lut2_I1_O)        0.332    38.005 r  U_timer/timer_cnt[31]_i_1275/O
                         net (fo=1, routed)           0.000    38.005    U_timer/timer_cnt[31]_i_1275_n_0
    SLICE_X49Y78         CARRY4 (Prop_carry4_S[1]_CO[3])
                                                      0.550    38.555 r  U_timer/timer_cnt_reg[31]_i_1136/CO[3]
                         net (fo=1, routed)           0.000    38.555    U_timer/timer_cnt_reg[31]_i_1136_n_0
    SLICE_X49Y79         CARRY4 (Prop_carry4_CI_CO[3])
                                                      0.114    38.669 r  U_timer/timer_cnt_reg[31]_i_982/CO[3]
                         net (fo=1, routed)           0.000    38.669    U_timer/timer_cnt_reg[31]_i_982_n_0
    SLICE_X49Y80         CARRY4 (Prop_carry4_CI_CO[3])
                                                      0.114    38.783 r  U_timer/timer_cnt_reg[31]_i_828/CO[3]
                         net (fo=1, routed)           0.000    38.783    U_timer/timer_cnt_reg[31]_i_828_n_0
    SLICE_X49Y81         CARRY4 (Prop_carry4_CI_CO[3])
                                                      0.114    38.897 r  U_timer/timer_cnt_reg[31]_i_674/CO[3]
                         net (fo=1, routed)           0.000    38.897    U_timer/timer_cnt_reg[31]_i_674_n_0
    SLICE_X49Y82         CARRY4 (Prop_carry4_CI_CO[3])
                                                      0.114    39.011 r  U_timer/timer_cnt_reg[31]_i_520/CO[3]
                         net (fo=1, routed)           0.000    39.011    U_timer/timer_cnt_reg[31]_i_520_n_0
    SLICE_X49Y83         CARRY4 (Prop_carry4_CI_CO[3])
                                                      0.114    39.125 r  U_timer/timer_cnt_reg[31]_i_350/CO[3]
                         net (fo=1, routed)           0.000    39.125    U_timer/timer_cnt_reg[31]_i_350_n_0
    SLICE_X49Y84         CARRY4 (Prop_carry4_CI_CO[3])
                                                      0.114    39.239 r  U_timer/timer_cnt_reg[31]_i_176/CO[3]
                         net (fo=1, routed)           0.000    39.239    U_timer/timer_cnt_reg[31]_i_176_n_0
    SLICE_X49Y85         CARRY4 (Prop_carry4_CI_CO[3])
                                                      0.114    39.353 r  U_timer/timer_cnt_reg[31]_i_73/CO[3]
                         net (fo=1, routed)           0.000    39.353    U_timer/timer_cnt_reg[31]_i_73_n_0
    SLICE_X49Y86         CARRY4 (Prop_carry4_CI_CO[1])
                                                      0.157    39.510 r  U_timer/timer_cnt_reg[31]_i_70/CO[1]
                         net (fo=36, routed)          0.895    40.405    U_timer/freq_div_reg[31]_24[0]
    SLICE_X53Y77         LUT2 (Prop_lut2_I1_O)        0.329    40.734 r  U_timer/timer_cnt[31]_i_1271/O
                         net (fo=1, routed)           0.000    40.734    U_timer/timer_cnt[31]_i_1271_n_0
    SLICE_X53Y77         CARRY4 (Prop_carry4_S[1]_CO[3])
                                                      0.550    41.284 r  U_timer/timer_cnt_reg[31]_i_1135/CO[3]
                         net (fo=1, routed)           0.000    41.284    U_timer/timer_cnt_reg[31]_i_1135_n_0
    SLICE_X53Y78         CARRY4 (Prop_carry4_CI_CO[3])
                                                      0.114    41.398 r  U_timer/timer_cnt_reg[31]_i_981/CO[3]
                         net (fo=1, routed)           0.000    41.398    U_timer/timer_cnt_reg[31]_i_981_n_0
    SLICE_X53Y79         CARRY4 (Prop_carry4_CI_CO[3])
                                                      0.114    41.512 r  U_timer/timer_cnt_reg[31]_i_827/CO[3]
                         net (fo=1, routed)           0.000    41.512    U_timer/timer_cnt_reg[31]_i_827_n_0
    SLICE_X53Y80         CARRY4 (Prop_carry4_CI_CO[3])
                                                      0.114    41.626 r  U_timer/timer_cnt_reg[31]_i_673/CO[3]
                         net (fo=1, routed)           0.000    41.626    U_timer/timer_cnt_reg[31]_i_673_n_0
    SLICE_X53Y81         CARRY4 (Prop_carry4_CI_CO[3])
                                                      0.114    41.740 r  U_timer/timer_cnt_reg[31]_i_519/CO[3]
                         net (fo=1, routed)           0.000    41.740    U_timer/timer_cnt_reg[31]_i_519_n_0
    SLICE_X53Y82         CARRY4 (Prop_carry4_CI_CO[3])
                                                      0.114    41.854 r  U_timer/timer_cnt_reg[31]_i_349/CO[3]
                         net (fo=1, routed)           0.000    41.854    U_timer/timer_cnt_reg[31]_i_349_n_0
    SLICE_X53Y83         CARRY4 (Prop_carry4_CI_CO[3])
                                                      0.114    41.968 r  U_timer/timer_cnt_reg[31]_i_175/CO[3]
                         net (fo=1, routed)           0.000    41.968    U_timer/timer_cnt_reg[31]_i_175_n_0
    SLICE_X53Y84         CARRY4 (Prop_carry4_CI_CO[3])
                                                      0.114    42.082 r  U_timer/timer_cnt_reg[31]_i_72/CO[3]
                         net (fo=1, routed)           0.000    42.082    U_timer/timer_cnt_reg[31]_i_72_n_0
    SLICE_X53Y85         CARRY4 (Prop_carry4_CI_CO[1])
                                                      0.157    42.239 r  U_timer/timer_cnt_reg[31]_i_31/CO[1]
                         net (fo=36, routed)          0.909    43.148    U_timer/freq_div_reg[31]_26[0]
    SLICE_X52Y76         LUT2 (Prop_lut2_I1_O)        0.329    43.477 r  U_timer/timer_cnt[31]_i_1289/O
                         net (fo=1, routed)           0.000    43.477    U_timer/timer_cnt[31]_i_1289_n_0
    SLICE_X52Y76         CARRY4 (Prop_carry4_S[1]_CO[3])
                                                      0.550    44.027 r  U_timer/timer_cnt_reg[31]_i_1156/CO[3]
                         net (fo=1, routed)           0.000    44.027    U_timer/timer_cnt_reg[31]_i_1156_n_0
    SLICE_X52Y77         CARRY4 (Prop_carry4_CI_CO[3])
                                                      0.114    44.141 r  U_timer/timer_cnt_reg[31]_i_1002/CO[3]
                         net (fo=1, routed)           0.000    44.141    U_timer/timer_cnt_reg[31]_i_1002_n_0
    SLICE_X52Y78         CARRY4 (Prop_carry4_CI_CO[3])
                                                      0.114    44.255 r  U_timer/timer_cnt_reg[31]_i_848/CO[3]
                         net (fo=1, routed)           0.000    44.255    U_timer/timer_cnt_reg[31]_i_848_n_0
    SLICE_X52Y79         CARRY4 (Prop_carry4_CI_CO[3])
                                                      0.114    44.369 r  U_timer/timer_cnt_reg[31]_i_694/CO[3]
                         net (fo=1, routed)           0.000    44.369    U_timer/timer_cnt_reg[31]_i_694_n_0
    SLICE_X52Y80         CARRY4 (Prop_carry4_CI_CO[3])
                                                      0.114    44.483 r  U_timer/timer_cnt_reg[31]_i_540/CO[3]
                         net (fo=1, routed)           0.000    44.483    U_timer/timer_cnt_reg[31]_i_540_n_0
    SLICE_X52Y81         CARRY4 (Prop_carry4_CI_CO[3])
                                                      0.114    44.597 r  U_timer/timer_cnt_reg[31]_i_374/CO[3]
                         net (fo=1, routed)           0.000    44.597    U_timer/timer_cnt_reg[31]_i_374_n_0
    SLICE_X52Y82         CARRY4 (Prop_carry4_CI_CO[3])
                                                      0.114    44.711 r  U_timer/timer_cnt_reg[31]_i_197/CO[3]
                         net (fo=1, routed)           0.000    44.711    U_timer/timer_cnt_reg[31]_i_197_n_0
    SLICE_X52Y83         CARRY4 (Prop_carry4_CI_CO[3])
                                                      0.114    44.825 r  U_timer/timer_cnt_reg[31]_i_186/CO[3]
                         net (fo=1, routed)           0.000    44.825    U_timer/timer_cnt_reg[31]_i_186_n_0
    SLICE_X52Y84         CARRY4 (Prop_carry4_CI_CO[1])
                                                      0.157    44.982 r  U_timer/timer_cnt_reg[31]_i_77/CO[1]
                         net (fo=37, routed)          1.278    46.259    U_timer/freq_div_reg[31]_28[0]
    SLICE_X44Y75         LUT2 (Prop_lut2_I1_O)        0.329    46.588 r  U_timer/timer_cnt[31]_i_1286/O
                         net (fo=1, routed)           0.000    46.588    U_timer/timer_cnt[31]_i_1286_n_0
    SLICE_X44Y75         CARRY4 (Prop_carry4_S[1]_CO[3])
                                                      0.550    47.138 r  U_timer/timer_cnt_reg[31]_i_1151/CO[3]
                         net (fo=1, routed)           0.000    47.138    U_timer/timer_cnt_reg[31]_i_1151_n_0
    SLICE_X44Y76         CARRY4 (Prop_carry4_CI_CO[3])
                                                      0.114    47.252 r  U_timer/timer_cnt_reg[31]_i_997/CO[3]
                         net (fo=1, routed)           0.000    47.252    U_timer/timer_cnt_reg[31]_i_997_n_0
    SLICE_X44Y77         CARRY4 (Prop_carry4_CI_CO[3])
                                                      0.114    47.366 r  U_timer/timer_cnt_reg[31]_i_843/CO[3]
                         net (fo=1, routed)           0.000    47.366    U_timer/timer_cnt_reg[31]_i_843_n_0
    SLICE_X44Y78         CARRY4 (Prop_carry4_CI_CO[3])
                                                      0.114    47.480 r  U_timer/timer_cnt_reg[31]_i_689/CO[3]
                         net (fo=1, routed)           0.000    47.480    U_timer/timer_cnt_reg[31]_i_689_n_0
    SLICE_X44Y79         CARRY4 (Prop_carry4_CI_CO[3])
                                                      0.114    47.594 r  U_timer/timer_cnt_reg[31]_i_535/CO[3]
                         net (fo=1, routed)           0.000    47.594    U_timer/timer_cnt_reg[31]_i_535_n_0
    SLICE_X44Y80         CARRY4 (Prop_carry4_CI_CO[3])
                                                      0.114    47.708 r  U_timer/timer_cnt_reg[31]_i_369/CO[3]
                         net (fo=1, routed)           0.000    47.708    U_timer/timer_cnt_reg[31]_i_369_n_0
    SLICE_X44Y81         CARRY4 (Prop_carry4_CI_CO[3])
                                                      0.114    47.822 r  U_timer/timer_cnt_reg[31]_i_192/CO[3]
                         net (fo=1, routed)           0.000    47.822    U_timer/timer_cnt_reg[31]_i_192_n_0
    SLICE_X44Y82         CARRY4 (Prop_carry4_CI_CO[3])
                                                      0.114    47.936 r  U_timer/timer_cnt_reg[31]_i_79/CO[3]
                         net (fo=1, routed)           0.000    47.936    U_timer/timer_cnt_reg[31]_i_79_n_0
    SLICE_X44Y83         CARRY4 (Prop_carry4_CI_CO[1])
                                                      0.157    48.093 r  U_timer/timer_cnt_reg[31]_i_76/CO[1]
                         net (fo=37, routed)          0.983    49.077    U_timer/freq_div_reg[31]_30[0]
    SLICE_X41Y73         LUT2 (Prop_lut2_I1_O)        0.329    49.406 r  U_timer/timer_cnt[31]_i_1282/O
                         net (fo=1, routed)           0.000    49.406    U_timer/timer_cnt[31]_i_1282_n_0
    SLICE_X41Y73         CARRY4 (Prop_carry4_S[1]_CO[3])
                                                      0.550    49.956 r  U_timer/timer_cnt_reg[31]_i_1150/CO[3]
                         net (fo=1, routed)           0.000    49.956    U_timer/timer_cnt_reg[31]_i_1150_n_0
    SLICE_X41Y74         CARRY4 (Prop_carry4_CI_CO[3])
                                                      0.114    50.070 r  U_timer/timer_cnt_reg[31]_i_996/CO[3]
                         net (fo=1, routed)           0.009    50.079    U_timer/timer_cnt_reg[31]_i_996_n_0
    SLICE_X41Y75         CARRY4 (Prop_carry4_CI_CO[3])
                                                      0.114    50.193 r  U_timer/timer_cnt_reg[31]_i_842/CO[3]
                         net (fo=1, routed)           0.000    50.193    U_timer/timer_cnt_reg[31]_i_842_n_0
    SLICE_X41Y76         CARRY4 (Prop_carry4_CI_CO[3])
                                                      0.114    50.307 r  U_timer/timer_cnt_reg[31]_i_688/CO[3]
                         net (fo=1, routed)           0.000    50.307    U_timer/timer_cnt_reg[31]_i_688_n_0
    SLICE_X41Y77         CARRY4 (Prop_carry4_CI_CO[3])
                                                      0.114    50.421 r  U_timer/timer_cnt_reg[31]_i_534/CO[3]
                         net (fo=1, routed)           0.000    50.421    U_timer/timer_cnt_reg[31]_i_534_n_0
    SLICE_X41Y78         CARRY4 (Prop_carry4_CI_CO[3])
                                                      0.114    50.535 r  U_timer/timer_cnt_reg[31]_i_368/CO[3]
                         net (fo=1, routed)           0.000    50.535    U_timer/timer_cnt_reg[31]_i_368_n_0
    SLICE_X41Y79         CARRY4 (Prop_carry4_CI_CO[3])
                                                      0.114    50.649 r  U_timer/timer_cnt_reg[31]_i_191/CO[3]
                         net (fo=1, routed)           0.000    50.649    U_timer/timer_cnt_reg[31]_i_191_n_0
    SLICE_X41Y80         CARRY4 (Prop_carry4_CI_CO[3])
                                                      0.114    50.763 r  U_timer/timer_cnt_reg[31]_i_78/CO[3]
                         net (fo=1, routed)           0.000    50.763    U_timer/timer_cnt_reg[31]_i_78_n_0
    SLICE_X41Y81         CARRY4 (Prop_carry4_CI_CO[1])
                                                      0.157    50.920 r  U_timer/timer_cnt_reg[31]_i_33/CO[1]
                         net (fo=36, routed)          0.919    51.839    U_timer/freq_div_reg[31]_32[0]
    SLICE_X40Y76         CARRY4 (Prop_carry4_CYINIT_CO[3])
                                                      0.785    52.624 r  U_timer/timer_cnt_reg[31]_i_1194/CO[3]
                         net (fo=1, routed)           0.000    52.624    U_timer/timer_cnt_reg[31]_i_1194_n_0
    SLICE_X40Y77         CARRY4 (Prop_carry4_CI_CO[3])
                                                      0.114    52.738 r  U_timer/timer_cnt_reg[31]_i_1051/CO[3]
                         net (fo=1, routed)           0.000    52.738    U_timer/timer_cnt_reg[31]_i_1051_n_0
    SLICE_X40Y78         CARRY4 (Prop_carry4_CI_CO[3])
                                                      0.114    52.852 r  U_timer/timer_cnt_reg[31]_i_897/CO[3]
                         net (fo=1, routed)           0.000    52.852    U_timer/timer_cnt_reg[31]_i_897_n_0
    SLICE_X40Y79         CARRY4 (Prop_carry4_CI_CO[3])
                                                      0.114    52.966 r  U_timer/timer_cnt_reg[31]_i_743/CO[3]
                         net (fo=1, routed)           0.000    52.966    U_timer/timer_cnt_reg[31]_i_743_n_0
    SLICE_X40Y80         CARRY4 (Prop_carry4_CI_CO[3])
                                                      0.114    53.080 r  U_timer/timer_cnt_reg[31]_i_589/CO[3]
                         net (fo=1, routed)           0.000    53.080    U_timer/timer_cnt_reg[31]_i_589_n_0
    SLICE_X40Y81         CARRY4 (Prop_carry4_CI_CO[3])
                                                      0.114    53.194 r  U_timer/timer_cnt_reg[31]_i_427/CO[3]
                         net (fo=1, routed)           0.000    53.194    U_timer/timer_cnt_reg[31]_i_427_n_0
    SLICE_X40Y82         CARRY4 (Prop_carry4_CI_CO[3])
                                                      0.114    53.308 r  U_timer/timer_cnt_reg[31]_i_259/CO[3]
                         net (fo=1, routed)           0.000    53.308    U_timer/timer_cnt_reg[31]_i_259_n_0
    SLICE_X40Y83         CARRY4 (Prop_carry4_CI_CO[3])
                                                      0.114    53.422 r  U_timer/timer_cnt_reg[31]_i_248/CO[3]
                         net (fo=1, routed)           0.000    53.422    U_timer/timer_cnt_reg[31]_i_248_n_0
    SLICE_X40Y84         CARRY4 (Prop_carry4_CI_CO[1])
                                                      0.157    53.579 r  U_timer/timer_cnt_reg[31]_i_117/CO[1]
                         net (fo=37, routed)          0.970    54.549    U_timer/freq_div_reg[31]_34[0]
    SLICE_X39Y80         LUT2 (Prop_lut2_I1_O)        0.329    54.878 r  U_timer/timer_cnt[31]_i_1296/O
                         net (fo=1, routed)           0.000    54.878    U_timer/timer_cnt[31]_i_1296_n_0
    SLICE_X39Y80         CARRY4 (Prop_carry4_S[1]_CO[3])
                                                      0.550    55.428 r  U_timer/timer_cnt_reg[31]_i_1189/CO[3]
                         net (fo=1, routed)           0.000    55.428    U_timer/timer_cnt_reg[31]_i_1189_n_0
    SLICE_X39Y81         CARRY4 (Prop_carry4_CI_CO[3])
                                                      0.114    55.542 r  U_timer/timer_cnt_reg[31]_i_1046/CO[3]
                         net (fo=1, routed)           0.000    55.542    U_timer/timer_cnt_reg[31]_i_1046_n_0
    SLICE_X39Y82         CARRY4 (Prop_carry4_CI_CO[3])
                                                      0.114    55.656 r  U_timer/timer_cnt_reg[31]_i_892/CO[3]
                         net (fo=1, routed)           0.000    55.656    U_timer/timer_cnt_reg[31]_i_892_n_0
    SLICE_X39Y83         CARRY4 (Prop_carry4_CI_CO[3])
                                                      0.114    55.770 r  U_timer/timer_cnt_reg[31]_i_738/CO[3]
                         net (fo=1, routed)           0.000    55.770    U_timer/timer_cnt_reg[31]_i_738_n_0
    SLICE_X39Y84         CARRY4 (Prop_carry4_CI_CO[3])
                                                      0.114    55.884 r  U_timer/timer_cnt_reg[31]_i_584/CO[3]
                         net (fo=1, routed)           0.000    55.884    U_timer/timer_cnt_reg[31]_i_584_n_0
    SLICE_X39Y85         CARRY4 (Prop_carry4_CI_CO[3])
                                                      0.114    55.998 r  U_timer/timer_cnt_reg[31]_i_422/CO[3]
                         net (fo=1, routed)           0.000    55.998    U_timer/timer_cnt_reg[31]_i_422_n_0
    SLICE_X39Y86         CARRY4 (Prop_carry4_CI_CO[3])
                                                      0.114    56.112 r  U_timer/timer_cnt_reg[31]_i_254/CO[3]
                         net (fo=1, routed)           0.000    56.112    U_timer/timer_cnt_reg[31]_i_254_n_0
    SLICE_X39Y87         CARRY4 (Prop_carry4_CI_CO[3])
                                                      0.114    56.226 r  U_timer/timer_cnt_reg[31]_i_119/CO[3]
                         net (fo=1, routed)           0.000    56.226    U_timer/timer_cnt_reg[31]_i_119_n_0
    SLICE_X39Y88         CARRY4 (Prop_carry4_CI_CO[1])
                                                      0.157    56.383 r  U_timer/timer_cnt_reg[31]_i_116/CO[1]
                         net (fo=36, routed)          0.796    57.178    U_timer/freq_div_reg[31]_36[0]
    SLICE_X41Y82         LUT2 (Prop_lut2_I1_O)        0.329    57.507 r  U_timer/timer_cnt[31]_i_1292/O
                         net (fo=1, routed)           0.000    57.507    U_timer/timer_cnt[31]_i_1292_n_0
    SLICE_X41Y82         CARRY4 (Prop_carry4_S[1]_CO[3])
                                                      0.550    58.057 r  U_timer/timer_cnt_reg[31]_i_1188/CO[3]
                         net (fo=1, routed)           0.000    58.057    U_timer/timer_cnt_reg[31]_i_1188_n_0
    SLICE_X41Y83         CARRY4 (Prop_carry4_CI_CO[3])
                                                      0.114    58.171 r  U_timer/timer_cnt_reg[31]_i_1045/CO[3]
                         net (fo=1, routed)           0.000    58.171    U_timer/timer_cnt_reg[31]_i_1045_n_0
    SLICE_X41Y84         CARRY4 (Prop_carry4_CI_CO[3])
                                                      0.114    58.285 r  U_timer/timer_cnt_reg[31]_i_891/CO[3]
                         net (fo=1, routed)           0.000    58.285    U_timer/timer_cnt_reg[31]_i_891_n_0
    SLICE_X41Y85         CARRY4 (Prop_carry4_CI_CO[3])
                                                      0.114    58.399 r  U_timer/timer_cnt_reg[31]_i_737/CO[3]
                         net (fo=1, routed)           0.000    58.399    U_timer/timer_cnt_reg[31]_i_737_n_0
    SLICE_X41Y86         CARRY4 (Prop_carry4_CI_CO[3])
                                                      0.114    58.513 r  U_timer/timer_cnt_reg[31]_i_583/CO[3]
                         net (fo=1, routed)           0.000    58.513    U_timer/timer_cnt_reg[31]_i_583_n_0
    SLICE_X41Y87         CARRY4 (Prop_carry4_CI_CO[3])
                                                      0.114    58.627 r  U_timer/timer_cnt_reg[31]_i_421/CO[3]
                         net (fo=1, routed)           0.000    58.627    U_timer/timer_cnt_reg[31]_i_421_n_0
    SLICE_X41Y88         CARRY4 (Prop_carry4_CI_CO[3])
                                                      0.114    58.741 r  U_timer/timer_cnt_reg[31]_i_253/CO[3]
                         net (fo=1, routed)           0.000    58.741    U_timer/timer_cnt_reg[31]_i_253_n_0
    SLICE_X41Y89         CARRY4 (Prop_carry4_CI_CO[3])
                                                      0.114    58.855 r  U_timer/timer_cnt_reg[31]_i_118/CO[3]
                         net (fo=1, routed)           0.000    58.855    U_timer/timer_cnt_reg[31]_i_118_n_0
    SLICE_X41Y90         CARRY4 (Prop_carry4_CI_CO[1])
                                                      0.157    59.012 r  U_timer/timer_cnt_reg[31]_i_51/CO[1]
                         net (fo=37, routed)          1.234    60.246    U_timer/freq_div_reg[31]_38[0]
    SLICE_X48Y79         LUT2 (Prop_lut2_I1_O)        0.329    60.575 r  U_timer/timer_cnt[31]_i_1311/O
                         net (fo=1, routed)           0.000    60.575    U_timer/timer_cnt[31]_i_1311_n_0
    SLICE_X48Y79         CARRY4 (Prop_carry4_S[1]_CO[3])
                                                      0.550    61.125 r  U_timer/timer_cnt_reg[31]_i_1209/CO[3]
                         net (fo=1, routed)           0.000    61.125    U_timer/timer_cnt_reg[31]_i_1209_n_0
    SLICE_X48Y80         CARRY4 (Prop_carry4_CI_CO[3])
                                                      0.114    61.239 r  U_timer/timer_cnt_reg[31]_i_1066/CO[3]
                         net (fo=1, routed)           0.000    61.239    U_timer/timer_cnt_reg[31]_i_1066_n_0
    SLICE_X48Y81         CARRY4 (Prop_carry4_CI_CO[3])
                                                      0.114    61.353 r  U_timer/timer_cnt_reg[31]_i_912/CO[3]
                         net (fo=1, routed)           0.000    61.353    U_timer/timer_cnt_reg[31]_i_912_n_0
    SLICE_X48Y82         CARRY4 (Prop_carry4_CI_CO[3])
                                                      0.114    61.467 r  U_timer/timer_cnt_reg[31]_i_758/CO[3]
                         net (fo=1, routed)           0.000    61.467    U_timer/timer_cnt_reg[31]_i_758_n_0
    SLICE_X48Y83         CARRY4 (Prop_carry4_CI_CO[3])
                                                      0.114    61.581 r  U_timer/timer_cnt_reg[31]_i_604/CO[3]
                         net (fo=1, routed)           0.000    61.581    U_timer/timer_cnt_reg[31]_i_604_n_0
    SLICE_X48Y84         CARRY4 (Prop_carry4_CI_CO[3])
                                                      0.114    61.695 r  U_timer/timer_cnt_reg[31]_i_446/CO[3]
                         net (fo=1, routed)           0.000    61.695    U_timer/timer_cnt_reg[31]_i_446_n_0
    SLICE_X48Y85         CARRY4 (Prop_carry4_CI_CO[3])
                                                      0.114    61.809 r  U_timer/timer_cnt_reg[31]_i_275/CO[3]
                         net (fo=1, routed)           0.000    61.809    U_timer/timer_cnt_reg[31]_i_275_n_0
    SLICE_X48Y86         CARRY4 (Prop_carry4_CI_CO[3])
                                                      0.114    61.923 r  U_timer/timer_cnt_reg[31]_i_264/CO[3]
                         net (fo=1, routed)           0.000    61.923    U_timer/timer_cnt_reg[31]_i_264_n_0
    SLICE_X48Y87         CARRY4 (Prop_carry4_CI_CO[1])
                                                      0.157    62.080 r  U_timer/timer_cnt_reg[31]_i_123/CO[1]
                         net (fo=37, routed)          0.957    63.037    U_timer/freq_div_reg[31]_40[0]
    SLICE_X47Y82         LUT2 (Prop_lut2_I1_O)        0.329    63.366 r  U_timer/timer_cnt[31]_i_1307/O
                         net (fo=1, routed)           0.000    63.366    U_timer/timer_cnt[31]_i_1307_n_0
    SLICE_X47Y82         CARRY4 (Prop_carry4_S[1]_CO[3])
                                                      0.550    63.916 r  U_timer/timer_cnt_reg[31]_i_1204/CO[3]
                         net (fo=1, routed)           0.000    63.916    U_timer/timer_cnt_reg[31]_i_1204_n_0
    SLICE_X47Y83         CARRY4 (Prop_carry4_CI_CO[3])
                                                      0.114    64.030 r  U_timer/timer_cnt_reg[31]_i_1061/CO[3]
                         net (fo=1, routed)           0.000    64.030    U_timer/timer_cnt_reg[31]_i_1061_n_0
    SLICE_X47Y84         CARRY4 (Prop_carry4_CI_CO[3])
                                                      0.114    64.144 r  U_timer/timer_cnt_reg[31]_i_907/CO[3]
                         net (fo=1, routed)           0.000    64.144    U_timer/timer_cnt_reg[31]_i_907_n_0
    SLICE_X47Y85         CARRY4 (Prop_carry4_CI_CO[3])
                                                      0.114    64.258 r  U_timer/timer_cnt_reg[31]_i_753/CO[3]
                         net (fo=1, routed)           0.000    64.258    U_timer/timer_cnt_reg[31]_i_753_n_0
    SLICE_X47Y86         CARRY4 (Prop_carry4_CI_CO[3])
                                                      0.114    64.372 r  U_timer/timer_cnt_reg[31]_i_599/CO[3]
                         net (fo=1, routed)           0.000    64.372    U_timer/timer_cnt_reg[31]_i_599_n_0
    SLICE_X47Y87         CARRY4 (Prop_carry4_CI_CO[3])
                                                      0.114    64.486 r  U_timer/timer_cnt_reg[31]_i_441/CO[3]
                         net (fo=1, routed)           0.000    64.486    U_timer/timer_cnt_reg[31]_i_441_n_0
    SLICE_X47Y88         CARRY4 (Prop_carry4_CI_CO[3])
                                                      0.114    64.600 r  U_timer/timer_cnt_reg[31]_i_270/CO[3]
                         net (fo=1, routed)           0.000    64.600    U_timer/timer_cnt_reg[31]_i_270_n_0
    SLICE_X47Y89         CARRY4 (Prop_carry4_CI_CO[3])
                                                      0.114    64.714 r  U_timer/timer_cnt_reg[31]_i_125/CO[3]
                         net (fo=1, routed)           0.000    64.714    U_timer/timer_cnt_reg[31]_i_125_n_0
    SLICE_X47Y90         CARRY4 (Prop_carry4_CI_CO[1])
                                                      0.157    64.871 r  U_timer/timer_cnt_reg[31]_i_122/CO[1]
                         net (fo=37, routed)          1.030    65.901    U_timer/freq_div_reg[31]_42[0]
    SLICE_X50Y83         LUT2 (Prop_lut2_I1_O)        0.329    66.230 r  U_timer/timer_cnt[31]_i_1303/O
                         net (fo=1, routed)           0.000    66.230    U_timer/timer_cnt[31]_i_1303_n_0
    SLICE_X50Y83         CARRY4 (Prop_carry4_S[1]_CO[3])
                                                      0.533    66.763 r  U_timer/timer_cnt_reg[31]_i_1203/CO[3]
                         net (fo=1, routed)           0.000    66.763    U_timer/timer_cnt_reg[31]_i_1203_n_0
    SLICE_X50Y84         CARRY4 (Prop_carry4_CI_CO[3])
                                                      0.117    66.880 r  U_timer/timer_cnt_reg[31]_i_1060/CO[3]
                         net (fo=1, routed)           0.000    66.880    U_timer/timer_cnt_reg[31]_i_1060_n_0
    SLICE_X50Y85         CARRY4 (Prop_carry4_CI_CO[3])
                                                      0.117    66.997 r  U_timer/timer_cnt_reg[31]_i_906/CO[3]
                         net (fo=1, routed)           0.000    66.997    U_timer/timer_cnt_reg[31]_i_906_n_0
    SLICE_X50Y86         CARRY4 (Prop_carry4_CI_CO[3])
                                                      0.117    67.114 r  U_timer/timer_cnt_reg[31]_i_752/CO[3]
                         net (fo=1, routed)           0.000    67.114    U_timer/timer_cnt_reg[31]_i_752_n_0
    SLICE_X50Y87         CARRY4 (Prop_carry4_CI_CO[3])
                                                      0.117    67.231 r  U_timer/timer_cnt_reg[31]_i_598/CO[3]
                         net (fo=1, routed)           0.000    67.231    U_timer/timer_cnt_reg[31]_i_598_n_0
    SLICE_X50Y88         CARRY4 (Prop_carry4_CI_CO[3])
                                                      0.117    67.348 r  U_timer/timer_cnt_reg[31]_i_440/CO[3]
                         net (fo=1, routed)           0.000    67.348    U_timer/timer_cnt_reg[31]_i_440_n_0
    SLICE_X50Y89         CARRY4 (Prop_carry4_CI_CO[3])
                                                      0.117    67.465 r  U_timer/timer_cnt_reg[31]_i_269/CO[3]
                         net (fo=1, routed)           0.000    67.465    U_timer/timer_cnt_reg[31]_i_269_n_0
    SLICE_X50Y90         CARRY4 (Prop_carry4_CI_CO[3])
                                                      0.117    67.582 r  U_timer/timer_cnt_reg[31]_i_124/CO[3]
                         net (fo=1, routed)           0.000    67.582    U_timer/timer_cnt_reg[31]_i_124_n_0
    SLICE_X50Y91         CARRY4 (Prop_carry4_CI_CO[1])
                                                      0.157    67.739 r  U_timer/timer_cnt_reg[31]_i_53/CO[1]
                         net (fo=37, routed)          0.905    68.644    U_timer/freq_div_reg[31]_44[0]
    SLICE_X49Y87         LUT2 (Prop_lut2_I1_O)        0.332    68.976 r  U_timer/timer_cnt[31]_i_1323/O
                         net (fo=1, routed)           0.000    68.976    U_timer/timer_cnt[31]_i_1323_n_0
    SLICE_X49Y87         CARRY4 (Prop_carry4_S[1]_CO[3])
                                                      0.550    69.526 r  U_timer/timer_cnt_reg[31]_i_1224/CO[3]
                         net (fo=1, routed)           0.000    69.526    U_timer/timer_cnt_reg[31]_i_1224_n_0
    SLICE_X49Y88         CARRY4 (Prop_carry4_CI_CO[3])
                                                      0.114    69.640 r  U_timer/timer_cnt_reg[31]_i_1081/CO[3]
                         net (fo=1, routed)           0.000    69.640    U_timer/timer_cnt_reg[31]_i_1081_n_0
    SLICE_X49Y89         CARRY4 (Prop_carry4_CI_CO[3])
                                                      0.114    69.754 r  U_timer/timer_cnt_reg[31]_i_927/CO[3]
                         net (fo=1, routed)           0.000    69.754    U_timer/timer_cnt_reg[31]_i_927_n_0
    SLICE_X49Y90         CARRY4 (Prop_carry4_CI_CO[3])
                                                      0.114    69.868 r  U_timer/timer_cnt_reg[31]_i_773/CO[3]
                         net (fo=1, routed)           0.000    69.868    U_timer/timer_cnt_reg[31]_i_773_n_0
    SLICE_X49Y91         CARRY4 (Prop_carry4_CI_CO[3])
                                                      0.114    69.982 r  U_timer/timer_cnt_reg[31]_i_619/CO[3]
                         net (fo=1, routed)           0.000    69.982    U_timer/timer_cnt_reg[31]_i_619_n_0
    SLICE_X49Y92         CARRY4 (Prop_carry4_CI_CO[3])
                                                      0.114    70.096 r  U_timer/timer_cnt_reg[31]_i_465/CO[3]
                         net (fo=1, routed)           0.000    70.096    U_timer/timer_cnt_reg[31]_i_465_n_0
    SLICE_X49Y93         CARRY4 (Prop_carry4_CI_CO[3])
                                                      0.114    70.210 r  U_timer/timer_cnt_reg[31]_i_291/CO[3]
                         net (fo=1, routed)           0.000    70.210    U_timer/timer_cnt_reg[31]_i_291_n_0
    SLICE_X49Y94         CARRY4 (Prop_carry4_CI_CO[3])
                                                      0.114    70.324 r  U_timer/timer_cnt_reg[31]_i_280/CO[3]
                         net (fo=1, routed)           0.000    70.324    U_timer/timer_cnt_reg[31]_i_280_n_0
    SLICE_X49Y95         CARRY4 (Prop_carry4_CI_CO[1])
                                                      0.157    70.481 r  U_timer/timer_cnt_reg[31]_i_129/CO[1]
                         net (fo=37, routed)          0.917    71.398    U_timer/freq_div_reg[31]_46[0]
    SLICE_X48Y88         LUT2 (Prop_lut2_I1_O)        0.329    71.727 r  U_timer/timer_cnt[31]_i_1319/O
                         net (fo=1, routed)           0.000    71.727    U_timer/timer_cnt[31]_i_1319_n_0
    SLICE_X48Y88         CARRY4 (Prop_carry4_S[1]_CO[3])
                                                      0.550    72.277 r  U_timer/timer_cnt_reg[31]_i_1219/CO[3]
                         net (fo=1, routed)           0.000    72.277    U_timer/timer_cnt_reg[31]_i_1219_n_0
    SLICE_X48Y89         CARRY4 (Prop_carry4_CI_CO[3])
                                                      0.114    72.391 r  U_timer/timer_cnt_reg[31]_i_1076/CO[3]
                         net (fo=1, routed)           0.000    72.391    U_timer/timer_cnt_reg[31]_i_1076_n_0
    SLICE_X48Y90         CARRY4 (Prop_carry4_CI_CO[3])
                                                      0.114    72.505 r  U_timer/timer_cnt_reg[31]_i_922/CO[3]
                         net (fo=1, routed)           0.000    72.505    U_timer/timer_cnt_reg[31]_i_922_n_0
    SLICE_X48Y91         CARRY4 (Prop_carry4_CI_CO[3])
                                                      0.114    72.619 r  U_timer/timer_cnt_reg[31]_i_768/CO[3]
                         net (fo=1, routed)           0.000    72.619    U_timer/timer_cnt_reg[31]_i_768_n_0
    SLICE_X48Y92         CARRY4 (Prop_carry4_CI_CO[3])
                                                      0.114    72.733 r  U_timer/timer_cnt_reg[31]_i_614/CO[3]
                         net (fo=1, routed)           0.000    72.733    U_timer/timer_cnt_reg[31]_i_614_n_0
    SLICE_X48Y93         CARRY4 (Prop_carry4_CI_CO[3])
                                                      0.114    72.847 r  U_timer/timer_cnt_reg[31]_i_460/CO[3]
                         net (fo=1, routed)           0.000    72.847    U_timer/timer_cnt_reg[31]_i_460_n_0
    SLICE_X48Y94         CARRY4 (Prop_carry4_CI_CO[3])
                                                      0.114    72.961 r  U_timer/timer_cnt_reg[31]_i_286/CO[3]
                         net (fo=1, routed)           0.000    72.961    U_timer/timer_cnt_reg[31]_i_286_n_0
    SLICE_X48Y95         CARRY4 (Prop_carry4_CI_CO[3])
                                                      0.114    73.075 r  U_timer/timer_cnt_reg[31]_i_131/CO[3]
                         net (fo=1, routed)           0.000    73.075    U_timer/timer_cnt_reg[31]_i_131_n_0
    SLICE_X48Y96         CARRY4 (Prop_carry4_CI_CO[1])
                                                      0.157    73.232 r  U_timer/timer_cnt_reg[31]_i_128/CO[1]
                         net (fo=37, routed)          1.103    74.336    U_timer/freq_div_reg[31]_48[0]
    SLICE_X46Y85         LUT2 (Prop_lut2_I1_O)        0.329    74.665 r  U_timer/timer_cnt[31]_i_1315/O
                         net (fo=1, routed)           0.000    74.665    U_timer/timer_cnt[31]_i_1315_n_0
    SLICE_X46Y85         CARRY4 (Prop_carry4_S[1]_CO[3])
                                                      0.533    75.198 r  U_timer/timer_cnt_reg[31]_i_1218/CO[3]
                         net (fo=1, routed)           0.000    75.198    U_timer/timer_cnt_reg[31]_i_1218_n_0
    SLICE_X46Y86         CARRY4 (Prop_carry4_CI_CO[3])
                                                      0.117    75.315 r  U_timer/timer_cnt_reg[31]_i_1075/CO[3]
                         net (fo=1, routed)           0.000    75.315    U_timer/timer_cnt_reg[31]_i_1075_n_0
    SLICE_X46Y87         CARRY4 (Prop_carry4_CI_CO[3])
                                                      0.117    75.432 r  U_timer/timer_cnt_reg[31]_i_921/CO[3]
                         net (fo=1, routed)           0.000    75.432    U_timer/timer_cnt_reg[31]_i_921_n_0
    SLICE_X46Y88         CARRY4 (Prop_carry4_CI_CO[3])
                                                      0.117    75.549 r  U_timer/timer_cnt_reg[31]_i_767/CO[3]
                         net (fo=1, routed)           0.000    75.549    U_timer/timer_cnt_reg[31]_i_767_n_0
    SLICE_X46Y89         CARRY4 (Prop_carry4_CI_CO[3])
                                                      0.117    75.666 r  U_timer/timer_cnt_reg[31]_i_613/CO[3]
                         net (fo=1, routed)           0.000    75.666    U_timer/timer_cnt_reg[31]_i_613_n_0
    SLICE_X46Y90         CARRY4 (Prop_carry4_CI_CO[3])
                                                      0.117    75.783 r  U_timer/timer_cnt_reg[31]_i_459/CO[3]
                         net (fo=1, routed)           0.000    75.783    U_timer/timer_cnt_reg[31]_i_459_n_0
    SLICE_X46Y91         CARRY4 (Prop_carry4_CI_CO[3])
                                                      0.117    75.900 r  U_timer/timer_cnt_reg[31]_i_285/CO[3]
                         net (fo=1, routed)           0.000    75.900    U_timer/timer_cnt_reg[31]_i_285_n_0
    SLICE_X46Y92         CARRY4 (Prop_carry4_CI_CO[3])
                                                      0.117    76.017 r  U_timer/timer_cnt_reg[31]_i_130/CO[3]
                         net (fo=1, routed)           0.000    76.017    U_timer/timer_cnt_reg[31]_i_130_n_0
    SLICE_X46Y93         CARRY4 (Prop_carry4_CI_CO[1])
                                                      0.157    76.174 r  U_timer/timer_cnt_reg[31]_i_55/CO[1]
                         net (fo=37, routed)          1.066    77.240    U_timer/freq_div_reg[31]_50[0]
    SLICE_X45Y85         LUT2 (Prop_lut2_I1_O)        0.332    77.572 r  U_timer/timer_cnt[31]_i_1346/O
                         net (fo=1, routed)           0.000    77.572    U_timer/timer_cnt[31]_i_1346_n_0
    SLICE_X45Y85         CARRY4 (Prop_carry4_S[1]_CO[3])
                                                      0.550    78.122 r  U_timer/timer_cnt_reg[31]_i_1325/CO[3]
                         net (fo=1, routed)           0.000    78.122    U_timer/timer_cnt_reg[31]_i_1325_n_0
    SLICE_X45Y86         CARRY4 (Prop_carry4_CI_CO[3])
                                                      0.114    78.236 r  U_timer/timer_cnt_reg[31]_i_1234/CO[3]
                         net (fo=1, routed)           0.000    78.236    U_timer/timer_cnt_reg[31]_i_1234_n_0
    SLICE_X45Y87         CARRY4 (Prop_carry4_CI_CO[3])
                                                      0.114    78.350 r  U_timer/timer_cnt_reg[31]_i_1091/CO[3]
                         net (fo=1, routed)           0.000    78.350    U_timer/timer_cnt_reg[31]_i_1091_n_0
    SLICE_X45Y88         CARRY4 (Prop_carry4_CI_CO[3])
                                                      0.114    78.464 r  U_timer/timer_cnt_reg[31]_i_937/CO[3]
                         net (fo=1, routed)           0.000    78.464    U_timer/timer_cnt_reg[31]_i_937_n_0
    SLICE_X45Y89         CARRY4 (Prop_carry4_CI_CO[3])
                                                      0.114    78.578 r  U_timer/timer_cnt_reg[31]_i_783/CO[3]
                         net (fo=1, routed)           0.000    78.578    U_timer/timer_cnt_reg[31]_i_783_n_0
    SLICE_X45Y90         CARRY4 (Prop_carry4_CI_CO[3])
                                                      0.114    78.692 r  U_timer/timer_cnt_reg[31]_i_629/CO[3]
                         net (fo=1, routed)           0.000    78.692    U_timer/timer_cnt_reg[31]_i_629_n_0
    SLICE_X45Y91         CARRY4 (Prop_carry4_CI_CO[3])
                                                      0.114    78.806 r  U_timer/timer_cnt_reg[31]_i_475/CO[3]
                         net (fo=1, routed)           0.000    78.806    U_timer/timer_cnt_reg[31]_i_475_n_0
    SLICE_X45Y92         CARRY4 (Prop_carry4_CI_CO[3])
                                                      0.114    78.920 r  U_timer/timer_cnt_reg[31]_i_297/CO[3]
                         net (fo=1, routed)           0.000    78.920    U_timer/timer_cnt_reg[31]_i_297_n_0
    SLICE_X45Y93         CARRY4 (Prop_carry4_CI_CO[1])
                                                      0.157    79.077 r  U_timer/timer_cnt_reg[31]_i_135/CO[1]
                         net (fo=37, routed)          0.917    79.994    U_timer/freq_div_reg[31]_52[0]
    SLICE_X44Y86         LUT2 (Prop_lut2_I1_O)        0.329    80.323 r  U_timer/timer_cnt[31]_i_1342/O
                         net (fo=1, routed)           0.000    80.323    U_timer/timer_cnt[31]_i_1342_n_0
    SLICE_X44Y86         CARRY4 (Prop_carry4_S[1]_CO[3])
                                                      0.550    80.873 r  U_timer/timer_cnt_reg[31]_i_1324/CO[3]
                         net (fo=1, routed)           0.000    80.873    U_timer/timer_cnt_reg[31]_i_1324_n_0
    SLICE_X44Y87         CARRY4 (Prop_carry4_CI_CO[3])
                                                      0.114    80.987 r  U_timer/timer_cnt_reg[31]_i_1233/CO[3]
                         net (fo=1, routed)           0.000    80.987    U_timer/timer_cnt_reg[31]_i_1233_n_0
    SLICE_X44Y88         CARRY4 (Prop_carry4_CI_CO[3])
                                                      0.114    81.101 r  U_timer/timer_cnt_reg[31]_i_1090/CO[3]
                         net (fo=1, routed)           0.000    81.101    U_timer/timer_cnt_reg[31]_i_1090_n_0
    SLICE_X44Y89         CARRY4 (Prop_carry4_CI_CO[3])
                                                      0.114    81.215 r  U_timer/timer_cnt_reg[31]_i_936/CO[3]
                         net (fo=1, routed)           0.000    81.215    U_timer/timer_cnt_reg[31]_i_936_n_0
    SLICE_X44Y90         CARRY4 (Prop_carry4_CI_CO[3])
                                                      0.114    81.329 r  U_timer/timer_cnt_reg[31]_i_782/CO[3]
                         net (fo=1, routed)           0.000    81.329    U_timer/timer_cnt_reg[31]_i_782_n_0
    SLICE_X44Y91         CARRY4 (Prop_carry4_CI_CO[3])
                                                      0.114    81.443 r  U_timer/timer_cnt_reg[31]_i_628/CO[3]
                         net (fo=1, routed)           0.000    81.443    U_timer/timer_cnt_reg[31]_i_628_n_0
    SLICE_X44Y92         CARRY4 (Prop_carry4_CI_CO[3])
                                                      0.114    81.557 r  U_timer/timer_cnt_reg[31]_i_474/CO[3]
                         net (fo=1, routed)           0.000    81.557    U_timer/timer_cnt_reg[31]_i_474_n_0
    SLICE_X44Y93         CARRY4 (Prop_carry4_CI_CO[3])
                                                      0.114    81.671 r  U_timer/timer_cnt_reg[31]_i_296/CO[3]
                         net (fo=1, routed)           0.000    81.671    U_timer/timer_cnt_reg[31]_i_296_n_0
    SLICE_X44Y94         CARRY4 (Prop_carry4_CI_CO[1])
                                                      0.157    81.828 r  U_timer/timer_cnt_reg[31]_i_134/CO[1]
                         net (fo=37, routed)          1.042    82.869    U_timer/freq_div_reg[31]_54[0]
    SLICE_X43Y86         LUT2 (Prop_lut2_I1_O)        0.329    83.198 r  U_timer/timer_cnt[31]_i_1338/O
                         net (fo=1, routed)           0.000    83.198    U_timer/timer_cnt[31]_i_1338_n_0
    SLICE_X43Y86         CARRY4 (Prop_carry4_S[0]_CO[3])
                                                      0.532    83.730 r  U_timer/timer_cnt_reg[31]_i_1243/CO[3]
                         net (fo=1, routed)           0.000    83.730    U_timer/timer_cnt_reg[31]_i_1243_n_0
    SLICE_X43Y87         CARRY4 (Prop_carry4_CI_CO[3])
                                                      0.114    83.844 r  U_timer/timer_cnt_reg[31]_i_1100/CO[3]
                         net (fo=1, routed)           0.000    83.844    U_timer/timer_cnt_reg[31]_i_1100_n_0
    SLICE_X43Y88         CARRY4 (Prop_carry4_CI_CO[3])
                                                      0.114    83.958 r  U_timer/timer_cnt_reg[31]_i_946/CO[3]
                         net (fo=1, routed)           0.000    83.958    U_timer/timer_cnt_reg[31]_i_946_n_0
    SLICE_X43Y89         CARRY4 (Prop_carry4_CI_CO[3])
                                                      0.114    84.072 r  U_timer/timer_cnt_reg[31]_i_792/CO[3]
                         net (fo=1, routed)           0.000    84.072    U_timer/timer_cnt_reg[31]_i_792_n_0
    SLICE_X43Y90         CARRY4 (Prop_carry4_CI_CO[3])
                                                      0.114    84.186 r  U_timer/timer_cnt_reg[31]_i_638/CO[3]
                         net (fo=1, routed)           0.000    84.186    U_timer/timer_cnt_reg[31]_i_638_n_0
    SLICE_X43Y91         CARRY4 (Prop_carry4_CI_CO[3])
                                                      0.114    84.300 r  U_timer/timer_cnt_reg[31]_i_484/CO[3]
                         net (fo=1, routed)           0.000    84.300    U_timer/timer_cnt_reg[31]_i_484_n_0
    SLICE_X43Y92         CARRY4 (Prop_carry4_CI_CO[3])
                                                      0.114    84.414 r  U_timer/timer_cnt_reg[31]_i_302/CO[3]
                         net (fo=1, routed)           0.000    84.414    U_timer/timer_cnt_reg[31]_i_302_n_0
    SLICE_X43Y93         CARRY4 (Prop_carry4_CI_CO[3])
                                                      0.114    84.528 r  U_timer/timer_cnt_reg[31]_i_136/CO[3]
                         net (fo=1, routed)           0.000    84.528    U_timer/timer_cnt_reg[31]_i_136_n_0
    SLICE_X43Y94         CARRY4 (Prop_carry4_CI_CO[0])
                                                      0.271    84.799 r  U_timer/timer_cnt_reg[31]_i_57/CO[0]
                         net (fo=1, routed)           0.307    85.106    U_timer/timer_cnt_reg[31]_i_57_n_3
    SLICE_X45Y95         LUT4 (Prop_lut4_I3_O)        0.373    85.479 r  U_timer/timer_cnt[31]_i_25/O
                         net (fo=1, routed)           0.000    85.479    U_timer/timer_cnt[31]_i_25_n_0
    SLICE_X45Y95         CARRY4 (Prop_carry4_S[0]_CO[3])
                                                      0.532    86.011 r  U_timer/timer_cnt_reg[31]_i_12/CO[3]
                         net (fo=1, routed)           0.000    86.011    U_timer/timer_cnt_reg[31]_i_12_n_0
    SLICE_X45Y96         CARRY4 (Prop_carry4_CI_CO[3])
                                                      0.114    86.125 r  U_timer/timer_cnt_reg[31]_i_8/CO[3]
                         net (fo=1, routed)           0.000    86.125    U_timer/timer_cnt_reg[31]_i_8_n_0
    SLICE_X45Y97         CARRY4 (Prop_carry4_CI_CO[2])
                                                      0.228    86.353 f  U_timer/timer_cnt_reg[31]_i_3/CO[2]
                         net (fo=34, routed)          0.859    87.213    U_timer/cnt_reg[31]_0[0]
    SLICE_X47Y92         LUT2 (Prop_lut2_I1_O)        0.313    87.526 r  U_timer/cnt[0]_i_6/O
                         net (fo=1, routed)           0.000    87.526    U_timer/cnt[0]_i_6_n_0
    SLICE_X47Y92         CARRY4 (Prop_carry4_S[1]_CO[3])
                                                      0.550    88.076 r  U_timer/cnt_reg[0]_i_2/CO[3]
                         net (fo=1, routed)           0.000    88.076    U_timer/cnt_reg[0]_i_2_n_0
    SLICE_X47Y93         CARRY4 (Prop_carry4_CI_CO[3])
                                                      0.114    88.190 r  U_timer/cnt_reg[4]_i_1/CO[3]
                         net (fo=1, routed)           0.000    88.190    U_timer/cnt_reg[4]_i_1_n_0
    SLICE_X47Y94         CARRY4 (Prop_carry4_CI_CO[3])
                                                      0.114    88.304 r  U_timer/cnt_reg[8]_i_1/CO[3]
                         net (fo=1, routed)           0.000    88.304    U_timer/cnt_reg[8]_i_1_n_0
    SLICE_X47Y95         CARRY4 (Prop_carry4_CI_CO[3])
                                                      0.114    88.418 r  U_timer/cnt_reg[12]_i_1/CO[3]
                         net (fo=1, routed)           0.000    88.418    U_timer/cnt_reg[12]_i_1_n_0
    SLICE_X47Y96         CARRY4 (Prop_carry4_CI_CO[3])
                                                      0.114    88.532 r  U_timer/cnt_reg[16]_i_1/CO[3]
                         net (fo=1, routed)           0.000    88.532    U_timer/cnt_reg[16]_i_1_n_0
    SLICE_X47Y97         CARRY4 (Prop_carry4_CI_O[1])
                                                      0.334    88.866 r  U_timer/cnt_reg[20]_i_1/O[1]
                         net (fo=1, routed)           0.000    88.866    U_timer/cnt_reg[20]_i_1_n_6
    SLICE_X47Y97         FDCE                                         r  U_timer/cnt_reg[21]/D
  -------------------------------------------------------------------    -------------------

                         (clock clk_out1_cpuclk rise edge)
                                                     40.000    40.000 r  
    Y18                                               0.000    40.000 r  fpga_clk (IN)
                         net (fo=0)                   0.000    40.000    Clkgen/inst/clk_in1
    Y18                  IBUF (Prop_ibuf_I_O)         1.474    41.474 r  Clkgen/inst/clkin1_ibufg/O
                         net (fo=1, routed)           1.181    42.655    Clkgen/inst/clk_in1_cpuclk
    PLLE2_ADV_X0Y1       PLLE2_ADV (Prop_plle2_adv_CLKIN1_CLKOUT0)
                                                     -7.855    34.800 r  Clkgen/inst/plle2_adv_inst/CLKOUT0
                         net (fo=1, routed)           1.625    36.425    Clkgen/inst/clk_out1_cpuclk
    BUFGCTRL_X0Y2        BUFG (Prop_bufg_I_O)         0.091    36.516 r  Clkgen/inst/clkout1_buf/O
                         net (fo=1, routed)           1.895    38.411    pll_clk
    SLICE_X52Y96         LUT2 (Prop_lut2_I0_O)        0.100    38.511 r  cpu_clk_BUFG_inst_i_1/O
                         net (fo=1, routed)           0.511    39.023    cpu_clk
    BUFGCTRL_X0Y0        BUFG (Prop_bufg_I_O)         0.091    39.114 r  cpu_clk_BUFG_inst/O
                         net (fo=8506, routed)        1.511    40.625    U_timer/cpu_clk_BUFG
    SLICE_X47Y97         FDCE                                         r  U_timer/cnt_reg[21]/C
                         clock pessimism             -0.195    40.431    
                         clock uncertainty           -0.180    40.251    
    SLICE_X47Y97         FDCE (Setup_fdce_C_D)        0.062    40.313    U_timer/cnt_reg[21]
  -------------------------------------------------------------------
                         required time                         40.313    
                         arrival time                         -88.866    
  -------------------------------------------------------------------
                         slack                                -48.553    

Slack (VIOLATED) :        -48.532ns  (required time - arrival time)
  Source:                 U_timer/freq_div_reg[1]/C
                            (rising edge-triggered cell FDCE clocked by clk_out1_cpuclk  {rise@0.000ns fall@20.000ns period=40.000ns})
  Destination:            U_timer/cnt_reg[23]/D
                            (rising edge-triggered cell FDCE clocked by clk_out1_cpuclk  {rise@0.000ns fall@20.000ns period=40.000ns})
  Path Group:             clk_out1_cpuclk
  Path Type:              Setup (Max at Slow Process Corner)
  Requirement:            40.000ns  (clk_out1_cpuclk rise@40.000ns - clk_out1_cpuclk rise@0.000ns)
  Data Path Delay:        88.315ns  (logic 58.176ns (65.873%)  route 30.139ns (34.127%))
  Logic Levels:           308  (CARRY4=278 LUT1=1 LUT2=27 LUT3=1 LUT4=1)
  Clock Path Skew:        -0.099ns (DCD - SCD + CPR)
    Destination Clock Delay (DCD):    0.625ns = ( 40.625 - 40.000 ) 
    Source Clock Delay      (SCD):    0.530ns
    Clock Pessimism Removal (CPR):    -0.195ns
  Clock Uncertainty:      0.180ns  ((TSJ^2 + DJ^2)^1/2) / 2 + PE
    Total System Jitter     (TSJ):    0.071ns
    Discrete Jitter          (DJ):    0.352ns
    Phase Error              (PE):    0.000ns

    Location             Delay type                Incr(ns)  Path(ns)    Netlist Resource(s)
  -------------------------------------------------------------------    -------------------
                         (clock clk_out1_cpuclk rise edge)
                                                      0.000     0.000 r  
    Y18                                               0.000     0.000 r  fpga_clk (IN)
                         net (fo=0)                   0.000     0.000    Clkgen/inst/clk_in1
    Y18                  IBUF (Prop_ibuf_I_O)         1.545     1.545 r  Clkgen/inst/clkin1_ibufg/O
                         net (fo=1, routed)           1.253     2.798    Clkgen/inst/clk_in1_cpuclk
    PLLE2_ADV_X0Y1       PLLE2_ADV (Prop_plle2_adv_CLKIN1_CLKOUT0)
                                                     -8.590    -5.792 r  Clkgen/inst/plle2_adv_inst/CLKOUT0
                         net (fo=1, routed)           1.704    -4.087    Clkgen/inst/clk_out1_cpuclk
    BUFGCTRL_X0Y2        BUFG (Prop_bufg_I_O)         0.096    -3.991 r  Clkgen/inst/clkout1_buf/O
                         net (fo=1, routed)           2.115    -1.876    pll_clk
    SLICE_X52Y96         LUT2 (Prop_lut2_I0_O)        0.124    -1.752 r  cpu_clk_BUFG_inst_i_1/O
                         net (fo=1, routed)           0.567    -1.185    cpu_clk
    BUFGCTRL_X0Y0        BUFG (Prop_bufg_I_O)         0.096    -1.089 r  cpu_clk_BUFG_inst/O
                         net (fo=8506, routed)        1.618     0.530    U_timer/cpu_clk_BUFG
    SLICE_X55Y63         FDCE                                         r  U_timer/freq_div_reg[1]/C
  -------------------------------------------------------------------    -------------------
    SLICE_X55Y63         FDCE (Prop_fdce_C_Q)         0.456     0.986 f  U_timer/freq_div_reg[1]/Q
                         net (fo=32, routed)          0.449     1.435    U_timer/freq_div_reg_n_0_[1]
    SLICE_X53Y63         LUT1 (Prop_lut1_I0_O)        0.124     1.559 r  U_timer/timer_cnt[31]_i_1177/O
                         net (fo=1, routed)           0.000     1.559    U_timer/timer_cnt[31]_i_1177_n_0
    SLICE_X53Y63         CARRY4 (Prop_carry4_S[1]_CO[3])
                                                      0.550     2.109 r  U_timer/timer_cnt_reg[31]_i_1017/CO[3]
                         net (fo=1, routed)           0.000     2.109    U_timer/timer_cnt_reg[31]_i_1017_n_0
    SLICE_X53Y64         CARRY4 (Prop_carry4_CI_CO[3])
                                                      0.114     2.223 r  U_timer/timer_cnt_reg[31]_i_863/CO[3]
                         net (fo=1, routed)           0.000     2.223    U_timer/timer_cnt_reg[31]_i_863_n_0
    SLICE_X53Y65         CARRY4 (Prop_carry4_CI_CO[3])
                                                      0.114     2.337 r  U_timer/timer_cnt_reg[31]_i_709/CO[3]
                         net (fo=1, routed)           0.000     2.337    U_timer/timer_cnt_reg[31]_i_709_n_0
    SLICE_X53Y66         CARRY4 (Prop_carry4_CI_CO[3])
                                                      0.114     2.451 r  U_timer/timer_cnt_reg[31]_i_555/CO[3]
                         net (fo=1, routed)           0.000     2.451    U_timer/timer_cnt_reg[31]_i_555_n_0
    SLICE_X53Y67         CARRY4 (Prop_carry4_CI_CO[3])
                                                      0.114     2.565 r  U_timer/timer_cnt_reg[31]_i_389/CO[3]
                         net (fo=1, routed)           0.000     2.565    U_timer/timer_cnt_reg[31]_i_389_n_0
    SLICE_X53Y68         CARRY4 (Prop_carry4_CI_CO[3])
                                                      0.114     2.679 r  U_timer/timer_cnt_reg[31]_i_216/CO[3]
                         net (fo=1, routed)           0.000     2.679    U_timer/timer_cnt_reg[31]_i_216_n_0
    SLICE_X53Y69         CARRY4 (Prop_carry4_CI_CO[3])
                                                      0.114     2.793 r  U_timer/timer_cnt_reg[31]_i_95/CO[3]
                         net (fo=1, routed)           0.000     2.793    U_timer/timer_cnt_reg[31]_i_95_n_0
    SLICE_X53Y70         CARRY4 (Prop_carry4_CI_CO[3])
                                                      0.114     2.907 r  U_timer/timer_cnt_reg[31]_i_82/CO[3]
                         net (fo=1, routed)           0.000     2.907    U_timer/timer_cnt_reg[31]_i_82_n_0
    SLICE_X53Y71         CARRY4 (Prop_carry4_CI_CO[0])
                                                      0.271     3.178 r  U_timer/timer_cnt_reg[31]_i_35/CO[0]
                         net (fo=36, routed)          0.951     4.129    U_timer/CO[0]
    SLICE_X54Y67         CARRY4 (Prop_carry4_CYINIT_CO[3])
                                                      0.844     4.973 r  U_timer/timer_cnt_reg[31]_i_1012/CO[3]
                         net (fo=1, routed)           0.000     4.973    U_timer/timer_cnt_reg[31]_i_1012_n_0
    SLICE_X54Y68         CARRY4 (Prop_carry4_CI_CO[3])
                                                      0.117     5.090 r  U_timer/timer_cnt_reg[31]_i_858/CO[3]
                         net (fo=1, routed)           0.000     5.090    U_timer/timer_cnt_reg[31]_i_858_n_0
    SLICE_X54Y69         CARRY4 (Prop_carry4_CI_CO[3])
                                                      0.117     5.207 r  U_timer/timer_cnt_reg[31]_i_704/CO[3]
                         net (fo=1, routed)           0.000     5.207    U_timer/timer_cnt_reg[31]_i_704_n_0
    SLICE_X54Y70         CARRY4 (Prop_carry4_CI_CO[3])
                                                      0.117     5.324 r  U_timer/timer_cnt_reg[31]_i_550/CO[3]
                         net (fo=1, routed)           0.000     5.324    U_timer/timer_cnt_reg[31]_i_550_n_0
    SLICE_X54Y71         CARRY4 (Prop_carry4_CI_CO[3])
                                                      0.117     5.441 r  U_timer/timer_cnt_reg[31]_i_384/CO[3]
                         net (fo=1, routed)           0.000     5.441    U_timer/timer_cnt_reg[31]_i_384_n_0
    SLICE_X54Y72         CARRY4 (Prop_carry4_CI_CO[3])
                                                      0.117     5.558 r  U_timer/timer_cnt_reg[31]_i_211/CO[3]
                         net (fo=1, routed)           0.000     5.558    U_timer/timer_cnt_reg[31]_i_211_n_0
    SLICE_X54Y73         CARRY4 (Prop_carry4_CI_CO[3])
                                                      0.117     5.675 r  U_timer/timer_cnt_reg[31]_i_90/CO[3]
                         net (fo=1, routed)           0.000     5.675    U_timer/timer_cnt_reg[31]_i_90_n_0
    SLICE_X54Y74         CARRY4 (Prop_carry4_CI_CO[3])
                                                      0.117     5.792 r  U_timer/timer_cnt_reg[31]_i_41/CO[3]
                         net (fo=1, routed)           0.009     5.801    U_timer/timer_cnt_reg[31]_i_41_n_0
    SLICE_X54Y75         CARRY4 (Prop_carry4_CI_CO[1])
                                                      0.157     5.958 r  U_timer/timer_cnt_reg[31]_i_34/CO[1]
                         net (fo=36, routed)          1.178     7.136    U_timer/freq_div_reg[31]_0[0]
    SLICE_X55Y68         LUT3 (Prop_lut3_I0_O)        0.332     7.468 r  U_timer/timer_cnt[31]_i_1015/O
                         net (fo=1, routed)           0.000     7.468    U_timer/timer_cnt[31]_i_1015_n_0
    SLICE_X55Y68         CARRY4 (Prop_carry4_S[1]_CO[3])
                                                      0.550     8.018 r  U_timer/timer_cnt_reg[31]_i_857/CO[3]
                         net (fo=1, routed)           0.000     8.018    U_timer/timer_cnt_reg[31]_i_857_n_0
    SLICE_X55Y69         CARRY4 (Prop_carry4_CI_CO[3])
                                                      0.114     8.132 r  U_timer/timer_cnt_reg[31]_i_703/CO[3]
                         net (fo=1, routed)           0.000     8.132    U_timer/timer_cnt_reg[31]_i_703_n_0
    SLICE_X55Y70         CARRY4 (Prop_carry4_CI_CO[3])
                                                      0.114     8.246 r  U_timer/timer_cnt_reg[31]_i_549/CO[3]
                         net (fo=1, routed)           0.000     8.246    U_timer/timer_cnt_reg[31]_i_549_n_0
    SLICE_X55Y71         CARRY4 (Prop_carry4_CI_CO[3])
                                                      0.114     8.360 r  U_timer/timer_cnt_reg[31]_i_383/CO[3]
                         net (fo=1, routed)           0.000     8.360    U_timer/timer_cnt_reg[31]_i_383_n_0
    SLICE_X55Y72         CARRY4 (Prop_carry4_CI_CO[3])
                                                      0.114     8.474 r  U_timer/timer_cnt_reg[31]_i_210/CO[3]
                         net (fo=1, routed)           0.000     8.474    U_timer/timer_cnt_reg[31]_i_210_n_0
    SLICE_X55Y73         CARRY4 (Prop_carry4_CI_CO[3])
                                                      0.114     8.588 r  U_timer/timer_cnt_reg[31]_i_89/CO[3]
                         net (fo=1, routed)           0.000     8.588    U_timer/timer_cnt_reg[31]_i_89_n_0
    SLICE_X55Y74         CARRY4 (Prop_carry4_CI_CO[3])
                                                      0.114     8.702 r  U_timer/timer_cnt_reg[31]_i_40/CO[3]
                         net (fo=1, routed)           0.009     8.711    U_timer/timer_cnt_reg[31]_i_40_n_0
    SLICE_X55Y75         CARRY4 (Prop_carry4_CI_CO[1])
                                                      0.157     8.868 r  U_timer/timer_cnt_reg[31]_i_19/CO[1]
                         net (fo=37, routed)          0.953     9.821    U_timer/freq_div_reg[31]_2[0]
    SLICE_X52Y66         LUT2 (Prop_lut2_I1_O)        0.329    10.150 r  U_timer/timer_cnt[31]_i_1187/O
                         net (fo=1, routed)           0.000    10.150    U_timer/timer_cnt[31]_i_1187_n_0
    SLICE_X52Y66         CARRY4 (Prop_carry4_S[1]_CO[3])
                                                      0.550    10.700 r  U_timer/timer_cnt_reg[31]_i_1036/CO[3]
                         net (fo=1, routed)           0.000    10.700    U_timer/timer_cnt_reg[31]_i_1036_n_0
    SLICE_X52Y67         CARRY4 (Prop_carry4_CI_CO[3])
                                                      0.114    10.814 r  U_timer/timer_cnt_reg[31]_i_882/CO[3]
                         net (fo=1, routed)           0.000    10.814    U_timer/timer_cnt_reg[31]_i_882_n_0
    SLICE_X52Y68         CARRY4 (Prop_carry4_CI_CO[3])
                                                      0.114    10.928 r  U_timer/timer_cnt_reg[31]_i_728/CO[3]
                         net (fo=1, routed)           0.000    10.928    U_timer/timer_cnt_reg[31]_i_728_n_0
    SLICE_X52Y69         CARRY4 (Prop_carry4_CI_CO[3])
                                                      0.114    11.042 r  U_timer/timer_cnt_reg[31]_i_574/CO[3]
                         net (fo=1, routed)           0.000    11.042    U_timer/timer_cnt_reg[31]_i_574_n_0
    SLICE_X52Y70         CARRY4 (Prop_carry4_CI_CO[3])
                                                      0.114    11.156 r  U_timer/timer_cnt_reg[31]_i_408/CO[3]
                         net (fo=1, routed)           0.000    11.156    U_timer/timer_cnt_reg[31]_i_408_n_0
    SLICE_X52Y71         CARRY4 (Prop_carry4_CI_CO[3])
                                                      0.114    11.270 r  U_timer/timer_cnt_reg[31]_i_239/CO[3]
                         net (fo=1, routed)           0.000    11.270    U_timer/timer_cnt_reg[31]_i_239_n_0
    SLICE_X52Y72         CARRY4 (Prop_carry4_CI_CO[3])
                                                      0.114    11.384 r  U_timer/timer_cnt_reg[31]_i_111/CO[3]
                         net (fo=1, routed)           0.000    11.384    U_timer/timer_cnt_reg[31]_i_111_n_0
    SLICE_X52Y73         CARRY4 (Prop_carry4_CI_CO[3])
                                                      0.114    11.498 r  U_timer/timer_cnt_reg[31]_i_100/CO[3]
                         net (fo=1, routed)           0.000    11.498    U_timer/timer_cnt_reg[31]_i_100_n_0
    SLICE_X52Y74         CARRY4 (Prop_carry4_CI_CO[1])
                                                      0.157    11.655 r  U_timer/timer_cnt_reg[31]_i_45/CO[1]
                         net (fo=36, routed)          1.050    12.705    U_timer/freq_div_reg[31]_4[0]
    SLICE_X48Y65         LUT2 (Prop_lut2_I1_O)        0.329    13.034 r  U_timer/timer_cnt[31]_i_1183/O
                         net (fo=1, routed)           0.000    13.034    U_timer/timer_cnt[31]_i_1183_n_0
    SLICE_X48Y65         CARRY4 (Prop_carry4_S[1]_CO[3])
                                                      0.550    13.584 r  U_timer/timer_cnt_reg[31]_i_1031/CO[3]
                         net (fo=1, routed)           0.000    13.584    U_timer/timer_cnt_reg[31]_i_1031_n_0
    SLICE_X48Y66         CARRY4 (Prop_carry4_CI_CO[3])
                                                      0.114    13.698 r  U_timer/timer_cnt_reg[31]_i_877/CO[3]
                         net (fo=1, routed)           0.000    13.698    U_timer/timer_cnt_reg[31]_i_877_n_0
    SLICE_X48Y67         CARRY4 (Prop_carry4_CI_CO[3])
                                                      0.114    13.812 r  U_timer/timer_cnt_reg[31]_i_723/CO[3]
                         net (fo=1, routed)           0.000    13.812    U_timer/timer_cnt_reg[31]_i_723_n_0
    SLICE_X48Y68         CARRY4 (Prop_carry4_CI_CO[3])
                                                      0.114    13.926 r  U_timer/timer_cnt_reg[31]_i_569/CO[3]
                         net (fo=1, routed)           0.000    13.926    U_timer/timer_cnt_reg[31]_i_569_n_0
    SLICE_X48Y69         CARRY4 (Prop_carry4_CI_CO[3])
                                                      0.114    14.040 r  U_timer/timer_cnt_reg[31]_i_403/CO[3]
                         net (fo=1, routed)           0.000    14.040    U_timer/timer_cnt_reg[31]_i_403_n_0
    SLICE_X48Y70         CARRY4 (Prop_carry4_CI_CO[3])
                                                      0.114    14.154 r  U_timer/timer_cnt_reg[31]_i_234/CO[3]
                         net (fo=1, routed)           0.000    14.154    U_timer/timer_cnt_reg[31]_i_234_n_0
    SLICE_X48Y71         CARRY4 (Prop_carry4_CI_CO[3])
                                                      0.114    14.268 r  U_timer/timer_cnt_reg[31]_i_106/CO[3]
                         net (fo=1, routed)           0.000    14.268    U_timer/timer_cnt_reg[31]_i_106_n_0
    SLICE_X48Y72         CARRY4 (Prop_carry4_CI_CO[3])
                                                      0.114    14.382 r  U_timer/timer_cnt_reg[31]_i_47/CO[3]
                         net (fo=1, routed)           0.000    14.382    U_timer/timer_cnt_reg[31]_i_47_n_0
    SLICE_X48Y73         CARRY4 (Prop_carry4_CI_CO[1])
                                                      0.157    14.539 r  U_timer/timer_cnt_reg[31]_i_44/CO[1]
                         net (fo=36, routed)          0.901    15.440    U_timer/freq_div_reg[31]_6[0]
    SLICE_X49Y64         LUT2 (Prop_lut2_I1_O)        0.329    15.769 r  U_timer/timer_cnt[31]_i_1180/O
                         net (fo=1, routed)           0.000    15.769    U_timer/timer_cnt[31]_i_1180_n_0
    SLICE_X49Y64         CARRY4 (Prop_carry4_S[1]_CO[3])
                                                      0.550    16.319 r  U_timer/timer_cnt_reg[31]_i_1030/CO[3]
                         net (fo=1, routed)           0.000    16.319    U_timer/timer_cnt_reg[31]_i_1030_n_0
    SLICE_X49Y65         CARRY4 (Prop_carry4_CI_CO[3])
                                                      0.114    16.433 r  U_timer/timer_cnt_reg[31]_i_876/CO[3]
                         net (fo=1, routed)           0.000    16.433    U_timer/timer_cnt_reg[31]_i_876_n_0
    SLICE_X49Y66         CARRY4 (Prop_carry4_CI_CO[3])
                                                      0.114    16.547 r  U_timer/timer_cnt_reg[31]_i_722/CO[3]
                         net (fo=1, routed)           0.000    16.547    U_timer/timer_cnt_reg[31]_i_722_n_0
    SLICE_X49Y67         CARRY4 (Prop_carry4_CI_CO[3])
                                                      0.114    16.661 r  U_timer/timer_cnt_reg[31]_i_568/CO[3]
                         net (fo=1, routed)           0.000    16.661    U_timer/timer_cnt_reg[31]_i_568_n_0
    SLICE_X49Y68         CARRY4 (Prop_carry4_CI_CO[3])
                                                      0.114    16.775 r  U_timer/timer_cnt_reg[31]_i_402/CO[3]
                         net (fo=1, routed)           0.000    16.775    U_timer/timer_cnt_reg[31]_i_402_n_0
    SLICE_X49Y69         CARRY4 (Prop_carry4_CI_CO[3])
                                                      0.114    16.889 r  U_timer/timer_cnt_reg[31]_i_233/CO[3]
                         net (fo=1, routed)           0.000    16.889    U_timer/timer_cnt_reg[31]_i_233_n_0
    SLICE_X49Y70         CARRY4 (Prop_carry4_CI_CO[3])
                                                      0.114    17.003 r  U_timer/timer_cnt_reg[31]_i_105/CO[3]
                         net (fo=1, routed)           0.000    17.003    U_timer/timer_cnt_reg[31]_i_105_n_0
    SLICE_X49Y71         CARRY4 (Prop_carry4_CI_CO[3])
                                                      0.114    17.117 r  U_timer/timer_cnt_reg[31]_i_46/CO[3]
                         net (fo=1, routed)           0.000    17.117    U_timer/timer_cnt_reg[31]_i_46_n_0
    SLICE_X49Y72         CARRY4 (Prop_carry4_CI_CO[1])
                                                      0.157    17.274 r  U_timer/timer_cnt_reg[31]_i_21/CO[1]
                         net (fo=36, routed)          0.887    18.161    U_timer/freq_div_reg[31]_8[0]
    SLICE_X47Y64         LUT2 (Prop_lut2_I1_O)        0.329    18.490 r  U_timer/timer_cnt[31]_i_1258/O
                         net (fo=1, routed)           0.000    18.490    U_timer/timer_cnt[31]_i_1258_n_0
    SLICE_X47Y64         CARRY4 (Prop_carry4_S[1]_CO[3])
                                                      0.550    19.040 r  U_timer/timer_cnt_reg[31]_i_1111/CO[3]
                         net (fo=1, routed)           0.000    19.040    U_timer/timer_cnt_reg[31]_i_1111_n_0
    SLICE_X47Y65         CARRY4 (Prop_carry4_CI_CO[3])
                                                      0.114    19.154 r  U_timer/timer_cnt_reg[31]_i_957/CO[3]
                         net (fo=1, routed)           0.000    19.154    U_timer/timer_cnt_reg[31]_i_957_n_0
    SLICE_X47Y66         CARRY4 (Prop_carry4_CI_CO[3])
                                                      0.114    19.268 r  U_timer/timer_cnt_reg[31]_i_803/CO[3]
                         net (fo=1, routed)           0.000    19.268    U_timer/timer_cnt_reg[31]_i_803_n_0
    SLICE_X47Y67         CARRY4 (Prop_carry4_CI_CO[3])
                                                      0.114    19.382 r  U_timer/timer_cnt_reg[31]_i_649/CO[3]
                         net (fo=1, routed)           0.000    19.382    U_timer/timer_cnt_reg[31]_i_649_n_0
    SLICE_X47Y68         CARRY4 (Prop_carry4_CI_CO[3])
                                                      0.114    19.496 r  U_timer/timer_cnt_reg[31]_i_495/CO[3]
                         net (fo=1, routed)           0.000    19.496    U_timer/timer_cnt_reg[31]_i_495_n_0
    SLICE_X47Y69         CARRY4 (Prop_carry4_CI_CO[3])
                                                      0.114    19.610 r  U_timer/timer_cnt_reg[31]_i_317/CO[3]
                         net (fo=1, routed)           0.000    19.610    U_timer/timer_cnt_reg[31]_i_317_n_0
    SLICE_X47Y70         CARRY4 (Prop_carry4_CI_CO[3])
                                                      0.114    19.724 r  U_timer/timer_cnt_reg[31]_i_149/CO[3]
                         net (fo=1, routed)           0.000    19.724    U_timer/timer_cnt_reg[31]_i_149_n_0
    SLICE_X47Y71         CARRY4 (Prop_carry4_CI_CO[3])
                                                      0.114    19.838 r  U_timer/timer_cnt_reg[31]_i_138/CO[3]
                         net (fo=1, routed)           0.000    19.838    U_timer/timer_cnt_reg[31]_i_138_n_0
    SLICE_X47Y72         CARRY4 (Prop_carry4_CI_CO[1])
                                                      0.157    19.995 r  U_timer/timer_cnt_reg[31]_i_59/CO[1]
                         net (fo=37, routed)          1.015    21.011    U_timer/freq_div_reg[31]_10[0]
    SLICE_X46Y67         LUT2 (Prop_lut2_I1_O)        0.329    21.340 r  U_timer/timer_cnt[31]_i_1255/O
                         net (fo=1, routed)           0.000    21.340    U_timer/timer_cnt[31]_i_1255_n_0
    SLICE_X46Y67         CARRY4 (Prop_carry4_S[1]_CO[3])
                                                      0.533    21.873 r  U_timer/timer_cnt_reg[31]_i_1106/CO[3]
                         net (fo=1, routed)           0.000    21.873    U_timer/timer_cnt_reg[31]_i_1106_n_0
    SLICE_X46Y68         CARRY4 (Prop_carry4_CI_CO[3])
                                                      0.117    21.990 r  U_timer/timer_cnt_reg[31]_i_952/CO[3]
                         net (fo=1, routed)           0.000    21.990    U_timer/timer_cnt_reg[31]_i_952_n_0
    SLICE_X46Y69         CARRY4 (Prop_carry4_CI_CO[3])
                                                      0.117    22.107 r  U_timer/timer_cnt_reg[31]_i_798/CO[3]
                         net (fo=1, routed)           0.000    22.107    U_timer/timer_cnt_reg[31]_i_798_n_0
    SLICE_X46Y70         CARRY4 (Prop_carry4_CI_CO[3])
                                                      0.117    22.224 r  U_timer/timer_cnt_reg[31]_i_644/CO[3]
                         net (fo=1, routed)           0.000    22.224    U_timer/timer_cnt_reg[31]_i_644_n_0
    SLICE_X46Y71         CARRY4 (Prop_carry4_CI_CO[3])
                                                      0.117    22.341 r  U_timer/timer_cnt_reg[31]_i_490/CO[3]
                         net (fo=1, routed)           0.000    22.341    U_timer/timer_cnt_reg[31]_i_490_n_0
    SLICE_X46Y72         CARRY4 (Prop_carry4_CI_CO[3])
                                                      0.117    22.458 r  U_timer/timer_cnt_reg[31]_i_312/CO[3]
                         net (fo=1, routed)           0.000    22.458    U_timer/timer_cnt_reg[31]_i_312_n_0
    SLICE_X46Y73         CARRY4 (Prop_carry4_CI_CO[3])
                                                      0.117    22.575 r  U_timer/timer_cnt_reg[31]_i_144/CO[3]
                         net (fo=1, routed)           0.000    22.575    U_timer/timer_cnt_reg[31]_i_144_n_0
    SLICE_X46Y74         CARRY4 (Prop_carry4_CI_CO[3])
                                                      0.117    22.692 r  U_timer/timer_cnt_reg[31]_i_61/CO[3]
                         net (fo=1, routed)           0.009    22.701    U_timer/timer_cnt_reg[31]_i_61_n_0
    SLICE_X46Y75         CARRY4 (Prop_carry4_CI_CO[1])
                                                      0.157    22.858 r  U_timer/timer_cnt_reg[31]_i_58/CO[1]
                         net (fo=37, routed)          0.999    23.856    U_timer/freq_div_reg[31]_12[0]
    SLICE_X50Y72         LUT2 (Prop_lut2_I1_O)        0.332    24.188 r  U_timer/timer_cnt[31]_i_1251/O
                         net (fo=1, routed)           0.000    24.188    U_timer/timer_cnt[31]_i_1251_n_0
    SLICE_X50Y72         CARRY4 (Prop_carry4_S[1]_CO[3])
                                                      0.533    24.721 r  U_timer/timer_cnt_reg[31]_i_1105/CO[3]
                         net (fo=1, routed)           0.000    24.721    U_timer/timer_cnt_reg[31]_i_1105_n_0
    SLICE_X50Y73         CARRY4 (Prop_carry4_CI_CO[3])
                                                      0.117    24.838 r  U_timer/timer_cnt_reg[31]_i_951/CO[3]
                         net (fo=1, routed)           0.000    24.838    U_timer/timer_cnt_reg[31]_i_951_n_0
    SLICE_X50Y74         CARRY4 (Prop_carry4_CI_CO[3])
                                                      0.117    24.955 r  U_timer/timer_cnt_reg[31]_i_797/CO[3]
                         net (fo=1, routed)           0.009    24.964    U_timer/timer_cnt_reg[31]_i_797_n_0
    SLICE_X50Y75         CARRY4 (Prop_carry4_CI_CO[3])
                                                      0.117    25.081 r  U_timer/timer_cnt_reg[31]_i_643/CO[3]
                         net (fo=1, routed)           0.000    25.081    U_timer/timer_cnt_reg[31]_i_643_n_0
    SLICE_X50Y76         CARRY4 (Prop_carry4_CI_CO[3])
                                                      0.117    25.198 r  U_timer/timer_cnt_reg[31]_i_489/CO[3]
                         net (fo=1, routed)           0.000    25.198    U_timer/timer_cnt_reg[31]_i_489_n_0
    SLICE_X50Y77         CARRY4 (Prop_carry4_CI_CO[3])
                                                      0.117    25.315 r  U_timer/timer_cnt_reg[31]_i_311/CO[3]
                         net (fo=1, routed)           0.000    25.315    U_timer/timer_cnt_reg[31]_i_311_n_0
    SLICE_X50Y78         CARRY4 (Prop_carry4_CI_CO[3])
                                                      0.117    25.432 r  U_timer/timer_cnt_reg[31]_i_143/CO[3]
                         net (fo=1, routed)           0.000    25.432    U_timer/timer_cnt_reg[31]_i_143_n_0
    SLICE_X50Y79         CARRY4 (Prop_carry4_CI_CO[3])
                                                      0.117    25.549 r  U_timer/timer_cnt_reg[31]_i_60/CO[3]
                         net (fo=1, routed)           0.000    25.549    U_timer/timer_cnt_reg[31]_i_60_n_0
    SLICE_X50Y80         CARRY4 (Prop_carry4_CI_CO[1])
                                                      0.157    25.706 r  U_timer/timer_cnt_reg[31]_i_27/CO[1]
                         net (fo=36, routed)          0.921    26.628    U_timer/freq_div_reg[31]_14[0]
    SLICE_X47Y73         LUT2 (Prop_lut2_I1_O)        0.332    26.960 r  U_timer/timer_cnt[31]_i_1268/O
                         net (fo=1, routed)           0.000    26.960    U_timer/timer_cnt[31]_i_1268_n_0
    SLICE_X47Y73         CARRY4 (Prop_carry4_S[1]_CO[3])
                                                      0.550    27.510 r  U_timer/timer_cnt_reg[31]_i_1126/CO[3]
                         net (fo=1, routed)           0.000    27.510    U_timer/timer_cnt_reg[31]_i_1126_n_0
    SLICE_X47Y74         CARRY4 (Prop_carry4_CI_CO[3])
                                                      0.114    27.624 r  U_timer/timer_cnt_reg[31]_i_972/CO[3]
                         net (fo=1, routed)           0.009    27.633    U_timer/timer_cnt_reg[31]_i_972_n_0
    SLICE_X47Y75         CARRY4 (Prop_carry4_CI_CO[3])
                                                      0.114    27.747 r  U_timer/timer_cnt_reg[31]_i_818/CO[3]
                         net (fo=1, routed)           0.000    27.747    U_timer/timer_cnt_reg[31]_i_818_n_0
    SLICE_X47Y76         CARRY4 (Prop_carry4_CI_CO[3])
                                                      0.114    27.861 r  U_timer/timer_cnt_reg[31]_i_664/CO[3]
                         net (fo=1, routed)           0.000    27.861    U_timer/timer_cnt_reg[31]_i_664_n_0
    SLICE_X47Y77         CARRY4 (Prop_carry4_CI_CO[3])
                                                      0.114    27.975 r  U_timer/timer_cnt_reg[31]_i_510/CO[3]
                         net (fo=1, routed)           0.000    27.975    U_timer/timer_cnt_reg[31]_i_510_n_0
    SLICE_X47Y78         CARRY4 (Prop_carry4_CI_CO[3])
                                                      0.114    28.089 r  U_timer/timer_cnt_reg[31]_i_336/CO[3]
                         net (fo=1, routed)           0.000    28.089    U_timer/timer_cnt_reg[31]_i_336_n_0
    SLICE_X47Y79         CARRY4 (Prop_carry4_CI_CO[3])
                                                      0.114    28.203 r  U_timer/timer_cnt_reg[31]_i_165/CO[3]
                         net (fo=1, routed)           0.000    28.203    U_timer/timer_cnt_reg[31]_i_165_n_0
    SLICE_X47Y80         CARRY4 (Prop_carry4_CI_CO[3])
                                                      0.114    28.317 r  U_timer/timer_cnt_reg[31]_i_154/CO[3]
                         net (fo=1, routed)           0.000    28.317    U_timer/timer_cnt_reg[31]_i_154_n_0
    SLICE_X47Y81         CARRY4 (Prop_carry4_CI_CO[1])
                                                      0.157    28.474 r  U_timer/timer_cnt_reg[31]_i_65/CO[1]
                         net (fo=36, routed)          0.855    29.328    U_timer/freq_div_reg[31]_16[0]
    SLICE_X51Y75         LUT2 (Prop_lut2_I1_O)        0.329    29.657 r  U_timer/timer_cnt[31]_i_1265/O
                         net (fo=1, routed)           0.000    29.657    U_timer/timer_cnt[31]_i_1265_n_0
    SLICE_X51Y75         CARRY4 (Prop_carry4_S[1]_CO[3])
                                                      0.550    30.207 r  U_timer/timer_cnt_reg[31]_i_1121/CO[3]
                         net (fo=1, routed)           0.000    30.207    U_timer/timer_cnt_reg[31]_i_1121_n_0
    SLICE_X51Y76         CARRY4 (Prop_carry4_CI_CO[3])
                                                      0.114    30.321 r  U_timer/timer_cnt_reg[31]_i_967/CO[3]
                         net (fo=1, routed)           0.000    30.321    U_timer/timer_cnt_reg[31]_i_967_n_0
    SLICE_X51Y77         CARRY4 (Prop_carry4_CI_CO[3])
                                                      0.114    30.435 r  U_timer/timer_cnt_reg[31]_i_813/CO[3]
                         net (fo=1, routed)           0.000    30.435    U_timer/timer_cnt_reg[31]_i_813_n_0
    SLICE_X51Y78         CARRY4 (Prop_carry4_CI_CO[3])
                                                      0.114    30.549 r  U_timer/timer_cnt_reg[31]_i_659/CO[3]
                         net (fo=1, routed)           0.000    30.549    U_timer/timer_cnt_reg[31]_i_659_n_0
    SLICE_X51Y79         CARRY4 (Prop_carry4_CI_CO[3])
                                                      0.114    30.663 r  U_timer/timer_cnt_reg[31]_i_505/CO[3]
                         net (fo=1, routed)           0.000    30.663    U_timer/timer_cnt_reg[31]_i_505_n_0
    SLICE_X51Y80         CARRY4 (Prop_carry4_CI_CO[3])
                                                      0.114    30.777 r  U_timer/timer_cnt_reg[31]_i_331/CO[3]
                         net (fo=1, routed)           0.000    30.777    U_timer/timer_cnt_reg[31]_i_331_n_0
    SLICE_X51Y81         CARRY4 (Prop_carry4_CI_CO[3])
                                                      0.114    30.891 r  U_timer/timer_cnt_reg[31]_i_160/CO[3]
                         net (fo=1, routed)           0.000    30.891    U_timer/timer_cnt_reg[31]_i_160_n_0
    SLICE_X51Y82         CARRY4 (Prop_carry4_CI_CO[3])
                                                      0.114    31.005 r  U_timer/timer_cnt_reg[31]_i_67/CO[3]
                         net (fo=1, routed)           0.000    31.005    U_timer/timer_cnt_reg[31]_i_67_n_0
    SLICE_X51Y83         CARRY4 (Prop_carry4_CI_CO[1])
                                                      0.157    31.162 r  U_timer/timer_cnt_reg[31]_i_64/CO[1]
                         net (fo=37, routed)          1.062    32.225    U_timer/freq_div_reg[31]_18[0]
    SLICE_X45Y76         LUT2 (Prop_lut2_I1_O)        0.329    32.554 r  U_timer/timer_cnt[31]_i_1262/O
                         net (fo=1, routed)           0.000    32.554    U_timer/timer_cnt[31]_i_1262_n_0
    SLICE_X45Y76         CARRY4 (Prop_carry4_S[1]_CO[3])
                                                      0.550    33.104 r  U_timer/timer_cnt_reg[31]_i_1120/CO[3]
                         net (fo=1, routed)           0.000    33.104    U_timer/timer_cnt_reg[31]_i_1120_n_0
    SLICE_X45Y77         CARRY4 (Prop_carry4_CI_CO[3])
                                                      0.114    33.218 r  U_timer/timer_cnt_reg[31]_i_966/CO[3]
                         net (fo=1, routed)           0.000    33.218    U_timer/timer_cnt_reg[31]_i_966_n_0
    SLICE_X45Y78         CARRY4 (Prop_carry4_CI_CO[3])
                                                      0.114    33.332 r  U_timer/timer_cnt_reg[31]_i_812/CO[3]
                         net (fo=1, routed)           0.000    33.332    U_timer/timer_cnt_reg[31]_i_812_n_0
    SLICE_X45Y79         CARRY4 (Prop_carry4_CI_CO[3])
                                                      0.114    33.446 r  U_timer/timer_cnt_reg[31]_i_658/CO[3]
                         net (fo=1, routed)           0.000    33.446    U_timer/timer_cnt_reg[31]_i_658_n_0
    SLICE_X45Y80         CARRY4 (Prop_carry4_CI_CO[3])
                                                      0.114    33.560 r  U_timer/timer_cnt_reg[31]_i_504/CO[3]
                         net (fo=1, routed)           0.000    33.560    U_timer/timer_cnt_reg[31]_i_504_n_0
    SLICE_X45Y81         CARRY4 (Prop_carry4_CI_CO[3])
                                                      0.114    33.674 r  U_timer/timer_cnt_reg[31]_i_330/CO[3]
                         net (fo=1, routed)           0.000    33.674    U_timer/timer_cnt_reg[31]_i_330_n_0
    SLICE_X45Y82         CARRY4 (Prop_carry4_CI_CO[3])
                                                      0.114    33.788 r  U_timer/timer_cnt_reg[31]_i_159/CO[3]
                         net (fo=1, routed)           0.000    33.788    U_timer/timer_cnt_reg[31]_i_159_n_0
    SLICE_X45Y83         CARRY4 (Prop_carry4_CI_CO[3])
                                                      0.114    33.902 r  U_timer/timer_cnt_reg[31]_i_66/CO[3]
                         net (fo=1, routed)           0.000    33.902    U_timer/timer_cnt_reg[31]_i_66_n_0
    SLICE_X45Y84         CARRY4 (Prop_carry4_CI_CO[1])
                                                      0.157    34.059 r  U_timer/timer_cnt_reg[31]_i_29/CO[1]
                         net (fo=36, routed)          0.916    34.975    U_timer/freq_div_reg[31]_20[0]
    SLICE_X46Y76         LUT2 (Prop_lut2_I1_O)        0.329    35.304 r  U_timer/timer_cnt[31]_i_1278/O
                         net (fo=1, routed)           0.000    35.304    U_timer/timer_cnt[31]_i_1278_n_0
    SLICE_X46Y76         CARRY4 (Prop_carry4_S[1]_CO[3])
                                                      0.533    35.837 r  U_timer/timer_cnt_reg[31]_i_1141/CO[3]
                         net (fo=1, routed)           0.000    35.837    U_timer/timer_cnt_reg[31]_i_1141_n_0
    SLICE_X46Y77         CARRY4 (Prop_carry4_CI_CO[3])
                                                      0.117    35.954 r  U_timer/timer_cnt_reg[31]_i_987/CO[3]
                         net (fo=1, routed)           0.000    35.954    U_timer/timer_cnt_reg[31]_i_987_n_0
    SLICE_X46Y78         CARRY4 (Prop_carry4_CI_CO[3])
                                                      0.117    36.071 r  U_timer/timer_cnt_reg[31]_i_833/CO[3]
                         net (fo=1, routed)           0.000    36.071    U_timer/timer_cnt_reg[31]_i_833_n_0
    SLICE_X46Y79         CARRY4 (Prop_carry4_CI_CO[3])
                                                      0.117    36.188 r  U_timer/timer_cnt_reg[31]_i_679/CO[3]
                         net (fo=1, routed)           0.000    36.188    U_timer/timer_cnt_reg[31]_i_679_n_0
    SLICE_X46Y80         CARRY4 (Prop_carry4_CI_CO[3])
                                                      0.117    36.305 r  U_timer/timer_cnt_reg[31]_i_525/CO[3]
                         net (fo=1, routed)           0.000    36.305    U_timer/timer_cnt_reg[31]_i_525_n_0
    SLICE_X46Y81         CARRY4 (Prop_carry4_CI_CO[3])
                                                      0.117    36.422 r  U_timer/timer_cnt_reg[31]_i_355/CO[3]
                         net (fo=1, routed)           0.000    36.422    U_timer/timer_cnt_reg[31]_i_355_n_0
    SLICE_X46Y82         CARRY4 (Prop_carry4_CI_CO[3])
                                                      0.117    36.539 r  U_timer/timer_cnt_reg[31]_i_181/CO[3]
                         net (fo=1, routed)           0.000    36.539    U_timer/timer_cnt_reg[31]_i_181_n_0
    SLICE_X46Y83         CARRY4 (Prop_carry4_CI_CO[3])
                                                      0.117    36.656 r  U_timer/timer_cnt_reg[31]_i_170/CO[3]
                         net (fo=1, routed)           0.000    36.656    U_timer/timer_cnt_reg[31]_i_170_n_0
    SLICE_X46Y84         CARRY4 (Prop_carry4_CI_CO[1])
                                                      0.157    36.813 r  U_timer/timer_cnt_reg[31]_i_71/CO[1]
                         net (fo=37, routed)          0.860    37.673    U_timer/freq_div_reg[31]_22[0]
    SLICE_X49Y78         LUT2 (Prop_lut2_I1_O)        0.332    38.005 r  U_timer/timer_cnt[31]_i_1275/O
                         net (fo=1, routed)           0.000    38.005    U_timer/timer_cnt[31]_i_1275_n_0
    SLICE_X49Y78         CARRY4 (Prop_carry4_S[1]_CO[3])
                                                      0.550    38.555 r  U_timer/timer_cnt_reg[31]_i_1136/CO[3]
                         net (fo=1, routed)           0.000    38.555    U_timer/timer_cnt_reg[31]_i_1136_n_0
    SLICE_X49Y79         CARRY4 (Prop_carry4_CI_CO[3])
                                                      0.114    38.669 r  U_timer/timer_cnt_reg[31]_i_982/CO[3]
                         net (fo=1, routed)           0.000    38.669    U_timer/timer_cnt_reg[31]_i_982_n_0
    SLICE_X49Y80         CARRY4 (Prop_carry4_CI_CO[3])
                                                      0.114    38.783 r  U_timer/timer_cnt_reg[31]_i_828/CO[3]
                         net (fo=1, routed)           0.000    38.783    U_timer/timer_cnt_reg[31]_i_828_n_0
    SLICE_X49Y81         CARRY4 (Prop_carry4_CI_CO[3])
                                                      0.114    38.897 r  U_timer/timer_cnt_reg[31]_i_674/CO[3]
                         net (fo=1, routed)           0.000    38.897    U_timer/timer_cnt_reg[31]_i_674_n_0
    SLICE_X49Y82         CARRY4 (Prop_carry4_CI_CO[3])
                                                      0.114    39.011 r  U_timer/timer_cnt_reg[31]_i_520/CO[3]
                         net (fo=1, routed)           0.000    39.011    U_timer/timer_cnt_reg[31]_i_520_n_0
    SLICE_X49Y83         CARRY4 (Prop_carry4_CI_CO[3])
                                                      0.114    39.125 r  U_timer/timer_cnt_reg[31]_i_350/CO[3]
                         net (fo=1, routed)           0.000    39.125    U_timer/timer_cnt_reg[31]_i_350_n_0
    SLICE_X49Y84         CARRY4 (Prop_carry4_CI_CO[3])
                                                      0.114    39.239 r  U_timer/timer_cnt_reg[31]_i_176/CO[3]
                         net (fo=1, routed)           0.000    39.239    U_timer/timer_cnt_reg[31]_i_176_n_0
    SLICE_X49Y85         CARRY4 (Prop_carry4_CI_CO[3])
                                                      0.114    39.353 r  U_timer/timer_cnt_reg[31]_i_73/CO[3]
                         net (fo=1, routed)           0.000    39.353    U_timer/timer_cnt_reg[31]_i_73_n_0
    SLICE_X49Y86         CARRY4 (Prop_carry4_CI_CO[1])
                                                      0.157    39.510 r  U_timer/timer_cnt_reg[31]_i_70/CO[1]
                         net (fo=36, routed)          0.895    40.405    U_timer/freq_div_reg[31]_24[0]
    SLICE_X53Y77         LUT2 (Prop_lut2_I1_O)        0.329    40.734 r  U_timer/timer_cnt[31]_i_1271/O
                         net (fo=1, routed)           0.000    40.734    U_timer/timer_cnt[31]_i_1271_n_0
    SLICE_X53Y77         CARRY4 (Prop_carry4_S[1]_CO[3])
                                                      0.550    41.284 r  U_timer/timer_cnt_reg[31]_i_1135/CO[3]
                         net (fo=1, routed)           0.000    41.284    U_timer/timer_cnt_reg[31]_i_1135_n_0
    SLICE_X53Y78         CARRY4 (Prop_carry4_CI_CO[3])
                                                      0.114    41.398 r  U_timer/timer_cnt_reg[31]_i_981/CO[3]
                         net (fo=1, routed)           0.000    41.398    U_timer/timer_cnt_reg[31]_i_981_n_0
    SLICE_X53Y79         CARRY4 (Prop_carry4_CI_CO[3])
                                                      0.114    41.512 r  U_timer/timer_cnt_reg[31]_i_827/CO[3]
                         net (fo=1, routed)           0.000    41.512    U_timer/timer_cnt_reg[31]_i_827_n_0
    SLICE_X53Y80         CARRY4 (Prop_carry4_CI_CO[3])
                                                      0.114    41.626 r  U_timer/timer_cnt_reg[31]_i_673/CO[3]
                         net (fo=1, routed)           0.000    41.626    U_timer/timer_cnt_reg[31]_i_673_n_0
    SLICE_X53Y81         CARRY4 (Prop_carry4_CI_CO[3])
                                                      0.114    41.740 r  U_timer/timer_cnt_reg[31]_i_519/CO[3]
                         net (fo=1, routed)           0.000    41.740    U_timer/timer_cnt_reg[31]_i_519_n_0
    SLICE_X53Y82         CARRY4 (Prop_carry4_CI_CO[3])
                                                      0.114    41.854 r  U_timer/timer_cnt_reg[31]_i_349/CO[3]
                         net (fo=1, routed)           0.000    41.854    U_timer/timer_cnt_reg[31]_i_349_n_0
    SLICE_X53Y83         CARRY4 (Prop_carry4_CI_CO[3])
                                                      0.114    41.968 r  U_timer/timer_cnt_reg[31]_i_175/CO[3]
                         net (fo=1, routed)           0.000    41.968    U_timer/timer_cnt_reg[31]_i_175_n_0
    SLICE_X53Y84         CARRY4 (Prop_carry4_CI_CO[3])
                                                      0.114    42.082 r  U_timer/timer_cnt_reg[31]_i_72/CO[3]
                         net (fo=1, routed)           0.000    42.082    U_timer/timer_cnt_reg[31]_i_72_n_0
    SLICE_X53Y85         CARRY4 (Prop_carry4_CI_CO[1])
                                                      0.157    42.239 r  U_timer/timer_cnt_reg[31]_i_31/CO[1]
                         net (fo=36, routed)          0.909    43.148    U_timer/freq_div_reg[31]_26[0]
    SLICE_X52Y76         LUT2 (Prop_lut2_I1_O)        0.329    43.477 r  U_timer/timer_cnt[31]_i_1289/O
                         net (fo=1, routed)           0.000    43.477    U_timer/timer_cnt[31]_i_1289_n_0
    SLICE_X52Y76         CARRY4 (Prop_carry4_S[1]_CO[3])
                                                      0.550    44.027 r  U_timer/timer_cnt_reg[31]_i_1156/CO[3]
                         net (fo=1, routed)           0.000    44.027    U_timer/timer_cnt_reg[31]_i_1156_n_0
    SLICE_X52Y77         CARRY4 (Prop_carry4_CI_CO[3])
                                                      0.114    44.141 r  U_timer/timer_cnt_reg[31]_i_1002/CO[3]
                         net (fo=1, routed)           0.000    44.141    U_timer/timer_cnt_reg[31]_i_1002_n_0
    SLICE_X52Y78         CARRY4 (Prop_carry4_CI_CO[3])
                                                      0.114    44.255 r  U_timer/timer_cnt_reg[31]_i_848/CO[3]
                         net (fo=1, routed)           0.000    44.255    U_timer/timer_cnt_reg[31]_i_848_n_0
    SLICE_X52Y79         CARRY4 (Prop_carry4_CI_CO[3])
                                                      0.114    44.369 r  U_timer/timer_cnt_reg[31]_i_694/CO[3]
                         net (fo=1, routed)           0.000    44.369    U_timer/timer_cnt_reg[31]_i_694_n_0
    SLICE_X52Y80         CARRY4 (Prop_carry4_CI_CO[3])
                                                      0.114    44.483 r  U_timer/timer_cnt_reg[31]_i_540/CO[3]
                         net (fo=1, routed)           0.000    44.483    U_timer/timer_cnt_reg[31]_i_540_n_0
    SLICE_X52Y81         CARRY4 (Prop_carry4_CI_CO[3])
                                                      0.114    44.597 r  U_timer/timer_cnt_reg[31]_i_374/CO[3]
                         net (fo=1, routed)           0.000    44.597    U_timer/timer_cnt_reg[31]_i_374_n_0
    SLICE_X52Y82         CARRY4 (Prop_carry4_CI_CO[3])
                                                      0.114    44.711 r  U_timer/timer_cnt_reg[31]_i_197/CO[3]
                         net (fo=1, routed)           0.000    44.711    U_timer/timer_cnt_reg[31]_i_197_n_0
    SLICE_X52Y83         CARRY4 (Prop_carry4_CI_CO[3])
                                                      0.114    44.825 r  U_timer/timer_cnt_reg[31]_i_186/CO[3]
                         net (fo=1, routed)           0.000    44.825    U_timer/timer_cnt_reg[31]_i_186_n_0
    SLICE_X52Y84         CARRY4 (Prop_carry4_CI_CO[1])
                                                      0.157    44.982 r  U_timer/timer_cnt_reg[31]_i_77/CO[1]
                         net (fo=37, routed)          1.278    46.259    U_timer/freq_div_reg[31]_28[0]
    SLICE_X44Y75         LUT2 (Prop_lut2_I1_O)        0.329    46.588 r  U_timer/timer_cnt[31]_i_1286/O
                         net (fo=1, routed)           0.000    46.588    U_timer/timer_cnt[31]_i_1286_n_0
    SLICE_X44Y75         CARRY4 (Prop_carry4_S[1]_CO[3])
                                                      0.550    47.138 r  U_timer/timer_cnt_reg[31]_i_1151/CO[3]
                         net (fo=1, routed)           0.000    47.138    U_timer/timer_cnt_reg[31]_i_1151_n_0
    SLICE_X44Y76         CARRY4 (Prop_carry4_CI_CO[3])
                                                      0.114    47.252 r  U_timer/timer_cnt_reg[31]_i_997/CO[3]
                         net (fo=1, routed)           0.000    47.252    U_timer/timer_cnt_reg[31]_i_997_n_0
    SLICE_X44Y77         CARRY4 (Prop_carry4_CI_CO[3])
                                                      0.114    47.366 r  U_timer/timer_cnt_reg[31]_i_843/CO[3]
                         net (fo=1, routed)           0.000    47.366    U_timer/timer_cnt_reg[31]_i_843_n_0
    SLICE_X44Y78         CARRY4 (Prop_carry4_CI_CO[3])
                                                      0.114    47.480 r  U_timer/timer_cnt_reg[31]_i_689/CO[3]
                         net (fo=1, routed)           0.000    47.480    U_timer/timer_cnt_reg[31]_i_689_n_0
    SLICE_X44Y79         CARRY4 (Prop_carry4_CI_CO[3])
                                                      0.114    47.594 r  U_timer/timer_cnt_reg[31]_i_535/CO[3]
                         net (fo=1, routed)           0.000    47.594    U_timer/timer_cnt_reg[31]_i_535_n_0
    SLICE_X44Y80         CARRY4 (Prop_carry4_CI_CO[3])
                                                      0.114    47.708 r  U_timer/timer_cnt_reg[31]_i_369/CO[3]
                         net (fo=1, routed)           0.000    47.708    U_timer/timer_cnt_reg[31]_i_369_n_0
    SLICE_X44Y81         CARRY4 (Prop_carry4_CI_CO[3])
                                                      0.114    47.822 r  U_timer/timer_cnt_reg[31]_i_192/CO[3]
                         net (fo=1, routed)           0.000    47.822    U_timer/timer_cnt_reg[31]_i_192_n_0
    SLICE_X44Y82         CARRY4 (Prop_carry4_CI_CO[3])
                                                      0.114    47.936 r  U_timer/timer_cnt_reg[31]_i_79/CO[3]
                         net (fo=1, routed)           0.000    47.936    U_timer/timer_cnt_reg[31]_i_79_n_0
    SLICE_X44Y83         CARRY4 (Prop_carry4_CI_CO[1])
                                                      0.157    48.093 r  U_timer/timer_cnt_reg[31]_i_76/CO[1]
                         net (fo=37, routed)          0.983    49.077    U_timer/freq_div_reg[31]_30[0]
    SLICE_X41Y73         LUT2 (Prop_lut2_I1_O)        0.329    49.406 r  U_timer/timer_cnt[31]_i_1282/O
                         net (fo=1, routed)           0.000    49.406    U_timer/timer_cnt[31]_i_1282_n_0
    SLICE_X41Y73         CARRY4 (Prop_carry4_S[1]_CO[3])
                                                      0.550    49.956 r  U_timer/timer_cnt_reg[31]_i_1150/CO[3]
                         net (fo=1, routed)           0.000    49.956    U_timer/timer_cnt_reg[31]_i_1150_n_0
    SLICE_X41Y74         CARRY4 (Prop_carry4_CI_CO[3])
                                                      0.114    50.070 r  U_timer/timer_cnt_reg[31]_i_996/CO[3]
                         net (fo=1, routed)           0.009    50.079    U_timer/timer_cnt_reg[31]_i_996_n_0
    SLICE_X41Y75         CARRY4 (Prop_carry4_CI_CO[3])
                                                      0.114    50.193 r  U_timer/timer_cnt_reg[31]_i_842/CO[3]
                         net (fo=1, routed)           0.000    50.193    U_timer/timer_cnt_reg[31]_i_842_n_0
    SLICE_X41Y76         CARRY4 (Prop_carry4_CI_CO[3])
                                                      0.114    50.307 r  U_timer/timer_cnt_reg[31]_i_688/CO[3]
                         net (fo=1, routed)           0.000    50.307    U_timer/timer_cnt_reg[31]_i_688_n_0
    SLICE_X41Y77         CARRY4 (Prop_carry4_CI_CO[3])
                                                      0.114    50.421 r  U_timer/timer_cnt_reg[31]_i_534/CO[3]
                         net (fo=1, routed)           0.000    50.421    U_timer/timer_cnt_reg[31]_i_534_n_0
    SLICE_X41Y78         CARRY4 (Prop_carry4_CI_CO[3])
                                                      0.114    50.535 r  U_timer/timer_cnt_reg[31]_i_368/CO[3]
                         net (fo=1, routed)           0.000    50.535    U_timer/timer_cnt_reg[31]_i_368_n_0
    SLICE_X41Y79         CARRY4 (Prop_carry4_CI_CO[3])
                                                      0.114    50.649 r  U_timer/timer_cnt_reg[31]_i_191/CO[3]
                         net (fo=1, routed)           0.000    50.649    U_timer/timer_cnt_reg[31]_i_191_n_0
    SLICE_X41Y80         CARRY4 (Prop_carry4_CI_CO[3])
                                                      0.114    50.763 r  U_timer/timer_cnt_reg[31]_i_78/CO[3]
                         net (fo=1, routed)           0.000    50.763    U_timer/timer_cnt_reg[31]_i_78_n_0
    SLICE_X41Y81         CARRY4 (Prop_carry4_CI_CO[1])
                                                      0.157    50.920 r  U_timer/timer_cnt_reg[31]_i_33/CO[1]
                         net (fo=36, routed)          0.919    51.839    U_timer/freq_div_reg[31]_32[0]
    SLICE_X40Y76         CARRY4 (Prop_carry4_CYINIT_CO[3])
                                                      0.785    52.624 r  U_timer/timer_cnt_reg[31]_i_1194/CO[3]
                         net (fo=1, routed)           0.000    52.624    U_timer/timer_cnt_reg[31]_i_1194_n_0
    SLICE_X40Y77         CARRY4 (Prop_carry4_CI_CO[3])
                                                      0.114    52.738 r  U_timer/timer_cnt_reg[31]_i_1051/CO[3]
                         net (fo=1, routed)           0.000    52.738    U_timer/timer_cnt_reg[31]_i_1051_n_0
    SLICE_X40Y78         CARRY4 (Prop_carry4_CI_CO[3])
                                                      0.114    52.852 r  U_timer/timer_cnt_reg[31]_i_897/CO[3]
                         net (fo=1, routed)           0.000    52.852    U_timer/timer_cnt_reg[31]_i_897_n_0
    SLICE_X40Y79         CARRY4 (Prop_carry4_CI_CO[3])
                                                      0.114    52.966 r  U_timer/timer_cnt_reg[31]_i_743/CO[3]
                         net (fo=1, routed)           0.000    52.966    U_timer/timer_cnt_reg[31]_i_743_n_0
    SLICE_X40Y80         CARRY4 (Prop_carry4_CI_CO[3])
                                                      0.114    53.080 r  U_timer/timer_cnt_reg[31]_i_589/CO[3]
                         net (fo=1, routed)           0.000    53.080    U_timer/timer_cnt_reg[31]_i_589_n_0
    SLICE_X40Y81         CARRY4 (Prop_carry4_CI_CO[3])
                                                      0.114    53.194 r  U_timer/timer_cnt_reg[31]_i_427/CO[3]
                         net (fo=1, routed)           0.000    53.194    U_timer/timer_cnt_reg[31]_i_427_n_0
    SLICE_X40Y82         CARRY4 (Prop_carry4_CI_CO[3])
                                                      0.114    53.308 r  U_timer/timer_cnt_reg[31]_i_259/CO[3]
                         net (fo=1, routed)           0.000    53.308    U_timer/timer_cnt_reg[31]_i_259_n_0
    SLICE_X40Y83         CARRY4 (Prop_carry4_CI_CO[3])
                                                      0.114    53.422 r  U_timer/timer_cnt_reg[31]_i_248/CO[3]
                         net (fo=1, routed)           0.000    53.422    U_timer/timer_cnt_reg[31]_i_248_n_0
    SLICE_X40Y84         CARRY4 (Prop_carry4_CI_CO[1])
                                                      0.157    53.579 r  U_timer/timer_cnt_reg[31]_i_117/CO[1]
                         net (fo=37, routed)          0.970    54.549    U_timer/freq_div_reg[31]_34[0]
    SLICE_X39Y80         LUT2 (Prop_lut2_I1_O)        0.329    54.878 r  U_timer/timer_cnt[31]_i_1296/O
                         net (fo=1, routed)           0.000    54.878    U_timer/timer_cnt[31]_i_1296_n_0
    SLICE_X39Y80         CARRY4 (Prop_carry4_S[1]_CO[3])
                                                      0.550    55.428 r  U_timer/timer_cnt_reg[31]_i_1189/CO[3]
                         net (fo=1, routed)           0.000    55.428    U_timer/timer_cnt_reg[31]_i_1189_n_0
    SLICE_X39Y81         CARRY4 (Prop_carry4_CI_CO[3])
                                                      0.114    55.542 r  U_timer/timer_cnt_reg[31]_i_1046/CO[3]
                         net (fo=1, routed)           0.000    55.542    U_timer/timer_cnt_reg[31]_i_1046_n_0
    SLICE_X39Y82         CARRY4 (Prop_carry4_CI_CO[3])
                                                      0.114    55.656 r  U_timer/timer_cnt_reg[31]_i_892/CO[3]
                         net (fo=1, routed)           0.000    55.656    U_timer/timer_cnt_reg[31]_i_892_n_0
    SLICE_X39Y83         CARRY4 (Prop_carry4_CI_CO[3])
                                                      0.114    55.770 r  U_timer/timer_cnt_reg[31]_i_738/CO[3]
                         net (fo=1, routed)           0.000    55.770    U_timer/timer_cnt_reg[31]_i_738_n_0
    SLICE_X39Y84         CARRY4 (Prop_carry4_CI_CO[3])
                                                      0.114    55.884 r  U_timer/timer_cnt_reg[31]_i_584/CO[3]
                         net (fo=1, routed)           0.000    55.884    U_timer/timer_cnt_reg[31]_i_584_n_0
    SLICE_X39Y85         CARRY4 (Prop_carry4_CI_CO[3])
                                                      0.114    55.998 r  U_timer/timer_cnt_reg[31]_i_422/CO[3]
                         net (fo=1, routed)           0.000    55.998    U_timer/timer_cnt_reg[31]_i_422_n_0
    SLICE_X39Y86         CARRY4 (Prop_carry4_CI_CO[3])
                                                      0.114    56.112 r  U_timer/timer_cnt_reg[31]_i_254/CO[3]
                         net (fo=1, routed)           0.000    56.112    U_timer/timer_cnt_reg[31]_i_254_n_0
    SLICE_X39Y87         CARRY4 (Prop_carry4_CI_CO[3])
                                                      0.114    56.226 r  U_timer/timer_cnt_reg[31]_i_119/CO[3]
                         net (fo=1, routed)           0.000    56.226    U_timer/timer_cnt_reg[31]_i_119_n_0
    SLICE_X39Y88         CARRY4 (Prop_carry4_CI_CO[1])
                                                      0.157    56.383 r  U_timer/timer_cnt_reg[31]_i_116/CO[1]
                         net (fo=36, routed)          0.796    57.178    U_timer/freq_div_reg[31]_36[0]
    SLICE_X41Y82         LUT2 (Prop_lut2_I1_O)        0.329    57.507 r  U_timer/timer_cnt[31]_i_1292/O
                         net (fo=1, routed)           0.000    57.507    U_timer/timer_cnt[31]_i_1292_n_0
    SLICE_X41Y82         CARRY4 (Prop_carry4_S[1]_CO[3])
                                                      0.550    58.057 r  U_timer/timer_cnt_reg[31]_i_1188/CO[3]
                         net (fo=1, routed)           0.000    58.057    U_timer/timer_cnt_reg[31]_i_1188_n_0
    SLICE_X41Y83         CARRY4 (Prop_carry4_CI_CO[3])
                                                      0.114    58.171 r  U_timer/timer_cnt_reg[31]_i_1045/CO[3]
                         net (fo=1, routed)           0.000    58.171    U_timer/timer_cnt_reg[31]_i_1045_n_0
    SLICE_X41Y84         CARRY4 (Prop_carry4_CI_CO[3])
                                                      0.114    58.285 r  U_timer/timer_cnt_reg[31]_i_891/CO[3]
                         net (fo=1, routed)           0.000    58.285    U_timer/timer_cnt_reg[31]_i_891_n_0
    SLICE_X41Y85         CARRY4 (Prop_carry4_CI_CO[3])
                                                      0.114    58.399 r  U_timer/timer_cnt_reg[31]_i_737/CO[3]
                         net (fo=1, routed)           0.000    58.399    U_timer/timer_cnt_reg[31]_i_737_n_0
    SLICE_X41Y86         CARRY4 (Prop_carry4_CI_CO[3])
                                                      0.114    58.513 r  U_timer/timer_cnt_reg[31]_i_583/CO[3]
                         net (fo=1, routed)           0.000    58.513    U_timer/timer_cnt_reg[31]_i_583_n_0
    SLICE_X41Y87         CARRY4 (Prop_carry4_CI_CO[3])
                                                      0.114    58.627 r  U_timer/timer_cnt_reg[31]_i_421/CO[3]
                         net (fo=1, routed)           0.000    58.627    U_timer/timer_cnt_reg[31]_i_421_n_0
    SLICE_X41Y88         CARRY4 (Prop_carry4_CI_CO[3])
                                                      0.114    58.741 r  U_timer/timer_cnt_reg[31]_i_253/CO[3]
                         net (fo=1, routed)           0.000    58.741    U_timer/timer_cnt_reg[31]_i_253_n_0
    SLICE_X41Y89         CARRY4 (Prop_carry4_CI_CO[3])
                                                      0.114    58.855 r  U_timer/timer_cnt_reg[31]_i_118/CO[3]
                         net (fo=1, routed)           0.000    58.855    U_timer/timer_cnt_reg[31]_i_118_n_0
    SLICE_X41Y90         CARRY4 (Prop_carry4_CI_CO[1])
                                                      0.157    59.012 r  U_timer/timer_cnt_reg[31]_i_51/CO[1]
                         net (fo=37, routed)          1.234    60.246    U_timer/freq_div_reg[31]_38[0]
    SLICE_X48Y79         LUT2 (Prop_lut2_I1_O)        0.329    60.575 r  U_timer/timer_cnt[31]_i_1311/O
                         net (fo=1, routed)           0.000    60.575    U_timer/timer_cnt[31]_i_1311_n_0
    SLICE_X48Y79         CARRY4 (Prop_carry4_S[1]_CO[3])
                                                      0.550    61.125 r  U_timer/timer_cnt_reg[31]_i_1209/CO[3]
                         net (fo=1, routed)           0.000    61.125    U_timer/timer_cnt_reg[31]_i_1209_n_0
    SLICE_X48Y80         CARRY4 (Prop_carry4_CI_CO[3])
                                                      0.114    61.239 r  U_timer/timer_cnt_reg[31]_i_1066/CO[3]
                         net (fo=1, routed)           0.000    61.239    U_timer/timer_cnt_reg[31]_i_1066_n_0
    SLICE_X48Y81         CARRY4 (Prop_carry4_CI_CO[3])
                                                      0.114    61.353 r  U_timer/timer_cnt_reg[31]_i_912/CO[3]
                         net (fo=1, routed)           0.000    61.353    U_timer/timer_cnt_reg[31]_i_912_n_0
    SLICE_X48Y82         CARRY4 (Prop_carry4_CI_CO[3])
                                                      0.114    61.467 r  U_timer/timer_cnt_reg[31]_i_758/CO[3]
                         net (fo=1, routed)           0.000    61.467    U_timer/timer_cnt_reg[31]_i_758_n_0
    SLICE_X48Y83         CARRY4 (Prop_carry4_CI_CO[3])
                                                      0.114    61.581 r  U_timer/timer_cnt_reg[31]_i_604/CO[3]
                         net (fo=1, routed)           0.000    61.581    U_timer/timer_cnt_reg[31]_i_604_n_0
    SLICE_X48Y84         CARRY4 (Prop_carry4_CI_CO[3])
                                                      0.114    61.695 r  U_timer/timer_cnt_reg[31]_i_446/CO[3]
                         net (fo=1, routed)           0.000    61.695    U_timer/timer_cnt_reg[31]_i_446_n_0
    SLICE_X48Y85         CARRY4 (Prop_carry4_CI_CO[3])
                                                      0.114    61.809 r  U_timer/timer_cnt_reg[31]_i_275/CO[3]
                         net (fo=1, routed)           0.000    61.809    U_timer/timer_cnt_reg[31]_i_275_n_0
    SLICE_X48Y86         CARRY4 (Prop_carry4_CI_CO[3])
                                                      0.114    61.923 r  U_timer/timer_cnt_reg[31]_i_264/CO[3]
                         net (fo=1, routed)           0.000    61.923    U_timer/timer_cnt_reg[31]_i_264_n_0
    SLICE_X48Y87         CARRY4 (Prop_carry4_CI_CO[1])
                                                      0.157    62.080 r  U_timer/timer_cnt_reg[31]_i_123/CO[1]
                         net (fo=37, routed)          0.957    63.037    U_timer/freq_div_reg[31]_40[0]
    SLICE_X47Y82         LUT2 (Prop_lut2_I1_O)        0.329    63.366 r  U_timer/timer_cnt[31]_i_1307/O
                         net (fo=1, routed)           0.000    63.366    U_timer/timer_cnt[31]_i_1307_n_0
    SLICE_X47Y82         CARRY4 (Prop_carry4_S[1]_CO[3])
                                                      0.550    63.916 r  U_timer/timer_cnt_reg[31]_i_1204/CO[3]
                         net (fo=1, routed)           0.000    63.916    U_timer/timer_cnt_reg[31]_i_1204_n_0
    SLICE_X47Y83         CARRY4 (Prop_carry4_CI_CO[3])
                                                      0.114    64.030 r  U_timer/timer_cnt_reg[31]_i_1061/CO[3]
                         net (fo=1, routed)           0.000    64.030    U_timer/timer_cnt_reg[31]_i_1061_n_0
    SLICE_X47Y84         CARRY4 (Prop_carry4_CI_CO[3])
                                                      0.114    64.144 r  U_timer/timer_cnt_reg[31]_i_907/CO[3]
                         net (fo=1, routed)           0.000    64.144    U_timer/timer_cnt_reg[31]_i_907_n_0
    SLICE_X47Y85         CARRY4 (Prop_carry4_CI_CO[3])
                                                      0.114    64.258 r  U_timer/timer_cnt_reg[31]_i_753/CO[3]
                         net (fo=1, routed)           0.000    64.258    U_timer/timer_cnt_reg[31]_i_753_n_0
    SLICE_X47Y86         CARRY4 (Prop_carry4_CI_CO[3])
                                                      0.114    64.372 r  U_timer/timer_cnt_reg[31]_i_599/CO[3]
                         net (fo=1, routed)           0.000    64.372    U_timer/timer_cnt_reg[31]_i_599_n_0
    SLICE_X47Y87         CARRY4 (Prop_carry4_CI_CO[3])
                                                      0.114    64.486 r  U_timer/timer_cnt_reg[31]_i_441/CO[3]
                         net (fo=1, routed)           0.000    64.486    U_timer/timer_cnt_reg[31]_i_441_n_0
    SLICE_X47Y88         CARRY4 (Prop_carry4_CI_CO[3])
                                                      0.114    64.600 r  U_timer/timer_cnt_reg[31]_i_270/CO[3]
                         net (fo=1, routed)           0.000    64.600    U_timer/timer_cnt_reg[31]_i_270_n_0
    SLICE_X47Y89         CARRY4 (Prop_carry4_CI_CO[3])
                                                      0.114    64.714 r  U_timer/timer_cnt_reg[31]_i_125/CO[3]
                         net (fo=1, routed)           0.000    64.714    U_timer/timer_cnt_reg[31]_i_125_n_0
    SLICE_X47Y90         CARRY4 (Prop_carry4_CI_CO[1])
                                                      0.157    64.871 r  U_timer/timer_cnt_reg[31]_i_122/CO[1]
                         net (fo=37, routed)          1.030    65.901    U_timer/freq_div_reg[31]_42[0]
    SLICE_X50Y83         LUT2 (Prop_lut2_I1_O)        0.329    66.230 r  U_timer/timer_cnt[31]_i_1303/O
                         net (fo=1, routed)           0.000    66.230    U_timer/timer_cnt[31]_i_1303_n_0
    SLICE_X50Y83         CARRY4 (Prop_carry4_S[1]_CO[3])
                                                      0.533    66.763 r  U_timer/timer_cnt_reg[31]_i_1203/CO[3]
                         net (fo=1, routed)           0.000    66.763    U_timer/timer_cnt_reg[31]_i_1203_n_0
    SLICE_X50Y84         CARRY4 (Prop_carry4_CI_CO[3])
                                                      0.117    66.880 r  U_timer/timer_cnt_reg[31]_i_1060/CO[3]
                         net (fo=1, routed)           0.000    66.880    U_timer/timer_cnt_reg[31]_i_1060_n_0
    SLICE_X50Y85         CARRY4 (Prop_carry4_CI_CO[3])
                                                      0.117    66.997 r  U_timer/timer_cnt_reg[31]_i_906/CO[3]
                         net (fo=1, routed)           0.000    66.997    U_timer/timer_cnt_reg[31]_i_906_n_0
    SLICE_X50Y86         CARRY4 (Prop_carry4_CI_CO[3])
                                                      0.117    67.114 r  U_timer/timer_cnt_reg[31]_i_752/CO[3]
                         net (fo=1, routed)           0.000    67.114    U_timer/timer_cnt_reg[31]_i_752_n_0
    SLICE_X50Y87         CARRY4 (Prop_carry4_CI_CO[3])
                                                      0.117    67.231 r  U_timer/timer_cnt_reg[31]_i_598/CO[3]
                         net (fo=1, routed)           0.000    67.231    U_timer/timer_cnt_reg[31]_i_598_n_0
    SLICE_X50Y88         CARRY4 (Prop_carry4_CI_CO[3])
                                                      0.117    67.348 r  U_timer/timer_cnt_reg[31]_i_440/CO[3]
                         net (fo=1, routed)           0.000    67.348    U_timer/timer_cnt_reg[31]_i_440_n_0
    SLICE_X50Y89         CARRY4 (Prop_carry4_CI_CO[3])
                                                      0.117    67.465 r  U_timer/timer_cnt_reg[31]_i_269/CO[3]
                         net (fo=1, routed)           0.000    67.465    U_timer/timer_cnt_reg[31]_i_269_n_0
    SLICE_X50Y90         CARRY4 (Prop_carry4_CI_CO[3])
                                                      0.117    67.582 r  U_timer/timer_cnt_reg[31]_i_124/CO[3]
                         net (fo=1, routed)           0.000    67.582    U_timer/timer_cnt_reg[31]_i_124_n_0
    SLICE_X50Y91         CARRY4 (Prop_carry4_CI_CO[1])
                                                      0.157    67.739 r  U_timer/timer_cnt_reg[31]_i_53/CO[1]
                         net (fo=37, routed)          0.905    68.644    U_timer/freq_div_reg[31]_44[0]
    SLICE_X49Y87         LUT2 (Prop_lut2_I1_O)        0.332    68.976 r  U_timer/timer_cnt[31]_i_1323/O
                         net (fo=1, routed)           0.000    68.976    U_timer/timer_cnt[31]_i_1323_n_0
    SLICE_X49Y87         CARRY4 (Prop_carry4_S[1]_CO[3])
                                                      0.550    69.526 r  U_timer/timer_cnt_reg[31]_i_1224/CO[3]
                         net (fo=1, routed)           0.000    69.526    U_timer/timer_cnt_reg[31]_i_1224_n_0
    SLICE_X49Y88         CARRY4 (Prop_carry4_CI_CO[3])
                                                      0.114    69.640 r  U_timer/timer_cnt_reg[31]_i_1081/CO[3]
                         net (fo=1, routed)           0.000    69.640    U_timer/timer_cnt_reg[31]_i_1081_n_0
    SLICE_X49Y89         CARRY4 (Prop_carry4_CI_CO[3])
                                                      0.114    69.754 r  U_timer/timer_cnt_reg[31]_i_927/CO[3]
                         net (fo=1, routed)           0.000    69.754    U_timer/timer_cnt_reg[31]_i_927_n_0
    SLICE_X49Y90         CARRY4 (Prop_carry4_CI_CO[3])
                                                      0.114    69.868 r  U_timer/timer_cnt_reg[31]_i_773/CO[3]
                         net (fo=1, routed)           0.000    69.868    U_timer/timer_cnt_reg[31]_i_773_n_0
    SLICE_X49Y91         CARRY4 (Prop_carry4_CI_CO[3])
                                                      0.114    69.982 r  U_timer/timer_cnt_reg[31]_i_619/CO[3]
                         net (fo=1, routed)           0.000    69.982    U_timer/timer_cnt_reg[31]_i_619_n_0
    SLICE_X49Y92         CARRY4 (Prop_carry4_CI_CO[3])
                                                      0.114    70.096 r  U_timer/timer_cnt_reg[31]_i_465/CO[3]
                         net (fo=1, routed)           0.000    70.096    U_timer/timer_cnt_reg[31]_i_465_n_0
    SLICE_X49Y93         CARRY4 (Prop_carry4_CI_CO[3])
                                                      0.114    70.210 r  U_timer/timer_cnt_reg[31]_i_291/CO[3]
                         net (fo=1, routed)           0.000    70.210    U_timer/timer_cnt_reg[31]_i_291_n_0
    SLICE_X49Y94         CARRY4 (Prop_carry4_CI_CO[3])
                                                      0.114    70.324 r  U_timer/timer_cnt_reg[31]_i_280/CO[3]
                         net (fo=1, routed)           0.000    70.324    U_timer/timer_cnt_reg[31]_i_280_n_0
    SLICE_X49Y95         CARRY4 (Prop_carry4_CI_CO[1])
                                                      0.157    70.481 r  U_timer/timer_cnt_reg[31]_i_129/CO[1]
                         net (fo=37, routed)          0.917    71.398    U_timer/freq_div_reg[31]_46[0]
    SLICE_X48Y88         LUT2 (Prop_lut2_I1_O)        0.329    71.727 r  U_timer/timer_cnt[31]_i_1319/O
                         net (fo=1, routed)           0.000    71.727    U_timer/timer_cnt[31]_i_1319_n_0
    SLICE_X48Y88         CARRY4 (Prop_carry4_S[1]_CO[3])
                                                      0.550    72.277 r  U_timer/timer_cnt_reg[31]_i_1219/CO[3]
                         net (fo=1, routed)           0.000    72.277    U_timer/timer_cnt_reg[31]_i_1219_n_0
    SLICE_X48Y89         CARRY4 (Prop_carry4_CI_CO[3])
                                                      0.114    72.391 r  U_timer/timer_cnt_reg[31]_i_1076/CO[3]
                         net (fo=1, routed)           0.000    72.391    U_timer/timer_cnt_reg[31]_i_1076_n_0
    SLICE_X48Y90         CARRY4 (Prop_carry4_CI_CO[3])
                                                      0.114    72.505 r  U_timer/timer_cnt_reg[31]_i_922/CO[3]
                         net (fo=1, routed)           0.000    72.505    U_timer/timer_cnt_reg[31]_i_922_n_0
    SLICE_X48Y91         CARRY4 (Prop_carry4_CI_CO[3])
                                                      0.114    72.619 r  U_timer/timer_cnt_reg[31]_i_768/CO[3]
                         net (fo=1, routed)           0.000    72.619    U_timer/timer_cnt_reg[31]_i_768_n_0
    SLICE_X48Y92         CARRY4 (Prop_carry4_CI_CO[3])
                                                      0.114    72.733 r  U_timer/timer_cnt_reg[31]_i_614/CO[3]
                         net (fo=1, routed)           0.000    72.733    U_timer/timer_cnt_reg[31]_i_614_n_0
    SLICE_X48Y93         CARRY4 (Prop_carry4_CI_CO[3])
                                                      0.114    72.847 r  U_timer/timer_cnt_reg[31]_i_460/CO[3]
                         net (fo=1, routed)           0.000    72.847    U_timer/timer_cnt_reg[31]_i_460_n_0
    SLICE_X48Y94         CARRY4 (Prop_carry4_CI_CO[3])
                                                      0.114    72.961 r  U_timer/timer_cnt_reg[31]_i_286/CO[3]
                         net (fo=1, routed)           0.000    72.961    U_timer/timer_cnt_reg[31]_i_286_n_0
    SLICE_X48Y95         CARRY4 (Prop_carry4_CI_CO[3])
                                                      0.114    73.075 r  U_timer/timer_cnt_reg[31]_i_131/CO[3]
                         net (fo=1, routed)           0.000    73.075    U_timer/timer_cnt_reg[31]_i_131_n_0
    SLICE_X48Y96         CARRY4 (Prop_carry4_CI_CO[1])
                                                      0.157    73.232 r  U_timer/timer_cnt_reg[31]_i_128/CO[1]
                         net (fo=37, routed)          1.103    74.336    U_timer/freq_div_reg[31]_48[0]
    SLICE_X46Y85         LUT2 (Prop_lut2_I1_O)        0.329    74.665 r  U_timer/timer_cnt[31]_i_1315/O
                         net (fo=1, routed)           0.000    74.665    U_timer/timer_cnt[31]_i_1315_n_0
    SLICE_X46Y85         CARRY4 (Prop_carry4_S[1]_CO[3])
                                                      0.533    75.198 r  U_timer/timer_cnt_reg[31]_i_1218/CO[3]
                         net (fo=1, routed)           0.000    75.198    U_timer/timer_cnt_reg[31]_i_1218_n_0
    SLICE_X46Y86         CARRY4 (Prop_carry4_CI_CO[3])
                                                      0.117    75.315 r  U_timer/timer_cnt_reg[31]_i_1075/CO[3]
                         net (fo=1, routed)           0.000    75.315    U_timer/timer_cnt_reg[31]_i_1075_n_0
    SLICE_X46Y87         CARRY4 (Prop_carry4_CI_CO[3])
                                                      0.117    75.432 r  U_timer/timer_cnt_reg[31]_i_921/CO[3]
                         net (fo=1, routed)           0.000    75.432    U_timer/timer_cnt_reg[31]_i_921_n_0
    SLICE_X46Y88         CARRY4 (Prop_carry4_CI_CO[3])
                                                      0.117    75.549 r  U_timer/timer_cnt_reg[31]_i_767/CO[3]
                         net (fo=1, routed)           0.000    75.549    U_timer/timer_cnt_reg[31]_i_767_n_0
    SLICE_X46Y89         CARRY4 (Prop_carry4_CI_CO[3])
                                                      0.117    75.666 r  U_timer/timer_cnt_reg[31]_i_613/CO[3]
                         net (fo=1, routed)           0.000    75.666    U_timer/timer_cnt_reg[31]_i_613_n_0
    SLICE_X46Y90         CARRY4 (Prop_carry4_CI_CO[3])
                                                      0.117    75.783 r  U_timer/timer_cnt_reg[31]_i_459/CO[3]
                         net (fo=1, routed)           0.000    75.783    U_timer/timer_cnt_reg[31]_i_459_n_0
    SLICE_X46Y91         CARRY4 (Prop_carry4_CI_CO[3])
                                                      0.117    75.900 r  U_timer/timer_cnt_reg[31]_i_285/CO[3]
                         net (fo=1, routed)           0.000    75.900    U_timer/timer_cnt_reg[31]_i_285_n_0
    SLICE_X46Y92         CARRY4 (Prop_carry4_CI_CO[3])
                                                      0.117    76.017 r  U_timer/timer_cnt_reg[31]_i_130/CO[3]
                         net (fo=1, routed)           0.000    76.017    U_timer/timer_cnt_reg[31]_i_130_n_0
    SLICE_X46Y93         CARRY4 (Prop_carry4_CI_CO[1])
                                                      0.157    76.174 r  U_timer/timer_cnt_reg[31]_i_55/CO[1]
                         net (fo=37, routed)          1.066    77.240    U_timer/freq_div_reg[31]_50[0]
    SLICE_X45Y85         LUT2 (Prop_lut2_I1_O)        0.332    77.572 r  U_timer/timer_cnt[31]_i_1346/O
                         net (fo=1, routed)           0.000    77.572    U_timer/timer_cnt[31]_i_1346_n_0
    SLICE_X45Y85         CARRY4 (Prop_carry4_S[1]_CO[3])
                                                      0.550    78.122 r  U_timer/timer_cnt_reg[31]_i_1325/CO[3]
                         net (fo=1, routed)           0.000    78.122    U_timer/timer_cnt_reg[31]_i_1325_n_0
    SLICE_X45Y86         CARRY4 (Prop_carry4_CI_CO[3])
                                                      0.114    78.236 r  U_timer/timer_cnt_reg[31]_i_1234/CO[3]
                         net (fo=1, routed)           0.000    78.236    U_timer/timer_cnt_reg[31]_i_1234_n_0
    SLICE_X45Y87         CARRY4 (Prop_carry4_CI_CO[3])
                                                      0.114    78.350 r  U_timer/timer_cnt_reg[31]_i_1091/CO[3]
                         net (fo=1, routed)           0.000    78.350    U_timer/timer_cnt_reg[31]_i_1091_n_0
    SLICE_X45Y88         CARRY4 (Prop_carry4_CI_CO[3])
                                                      0.114    78.464 r  U_timer/timer_cnt_reg[31]_i_937/CO[3]
                         net (fo=1, routed)           0.000    78.464    U_timer/timer_cnt_reg[31]_i_937_n_0
    SLICE_X45Y89         CARRY4 (Prop_carry4_CI_CO[3])
                                                      0.114    78.578 r  U_timer/timer_cnt_reg[31]_i_783/CO[3]
                         net (fo=1, routed)           0.000    78.578    U_timer/timer_cnt_reg[31]_i_783_n_0
    SLICE_X45Y90         CARRY4 (Prop_carry4_CI_CO[3])
                                                      0.114    78.692 r  U_timer/timer_cnt_reg[31]_i_629/CO[3]
                         net (fo=1, routed)           0.000    78.692    U_timer/timer_cnt_reg[31]_i_629_n_0
    SLICE_X45Y91         CARRY4 (Prop_carry4_CI_CO[3])
                                                      0.114    78.806 r  U_timer/timer_cnt_reg[31]_i_475/CO[3]
                         net (fo=1, routed)           0.000    78.806    U_timer/timer_cnt_reg[31]_i_475_n_0
    SLICE_X45Y92         CARRY4 (Prop_carry4_CI_CO[3])
                                                      0.114    78.920 r  U_timer/timer_cnt_reg[31]_i_297/CO[3]
                         net (fo=1, routed)           0.000    78.920    U_timer/timer_cnt_reg[31]_i_297_n_0
    SLICE_X45Y93         CARRY4 (Prop_carry4_CI_CO[1])
                                                      0.157    79.077 r  U_timer/timer_cnt_reg[31]_i_135/CO[1]
                         net (fo=37, routed)          0.917    79.994    U_timer/freq_div_reg[31]_52[0]
    SLICE_X44Y86         LUT2 (Prop_lut2_I1_O)        0.329    80.323 r  U_timer/timer_cnt[31]_i_1342/O
                         net (fo=1, routed)           0.000    80.323    U_timer/timer_cnt[31]_i_1342_n_0
    SLICE_X44Y86         CARRY4 (Prop_carry4_S[1]_CO[3])
                                                      0.550    80.873 r  U_timer/timer_cnt_reg[31]_i_1324/CO[3]
                         net (fo=1, routed)           0.000    80.873    U_timer/timer_cnt_reg[31]_i_1324_n_0
    SLICE_X44Y87         CARRY4 (Prop_carry4_CI_CO[3])
                                                      0.114    80.987 r  U_timer/timer_cnt_reg[31]_i_1233/CO[3]
                         net (fo=1, routed)           0.000    80.987    U_timer/timer_cnt_reg[31]_i_1233_n_0
    SLICE_X44Y88         CARRY4 (Prop_carry4_CI_CO[3])
                                                      0.114    81.101 r  U_timer/timer_cnt_reg[31]_i_1090/CO[3]
                         net (fo=1, routed)           0.000    81.101    U_timer/timer_cnt_reg[31]_i_1090_n_0
    SLICE_X44Y89         CARRY4 (Prop_carry4_CI_CO[3])
                                                      0.114    81.215 r  U_timer/timer_cnt_reg[31]_i_936/CO[3]
                         net (fo=1, routed)           0.000    81.215    U_timer/timer_cnt_reg[31]_i_936_n_0
    SLICE_X44Y90         CARRY4 (Prop_carry4_CI_CO[3])
                                                      0.114    81.329 r  U_timer/timer_cnt_reg[31]_i_782/CO[3]
                         net (fo=1, routed)           0.000    81.329    U_timer/timer_cnt_reg[31]_i_782_n_0
    SLICE_X44Y91         CARRY4 (Prop_carry4_CI_CO[3])
                                                      0.114    81.443 r  U_timer/timer_cnt_reg[31]_i_628/CO[3]
                         net (fo=1, routed)           0.000    81.443    U_timer/timer_cnt_reg[31]_i_628_n_0
    SLICE_X44Y92         CARRY4 (Prop_carry4_CI_CO[3])
                                                      0.114    81.557 r  U_timer/timer_cnt_reg[31]_i_474/CO[3]
                         net (fo=1, routed)           0.000    81.557    U_timer/timer_cnt_reg[31]_i_474_n_0
    SLICE_X44Y93         CARRY4 (Prop_carry4_CI_CO[3])
                                                      0.114    81.671 r  U_timer/timer_cnt_reg[31]_i_296/CO[3]
                         net (fo=1, routed)           0.000    81.671    U_timer/timer_cnt_reg[31]_i_296_n_0
    SLICE_X44Y94         CARRY4 (Prop_carry4_CI_CO[1])
                                                      0.157    81.828 r  U_timer/timer_cnt_reg[31]_i_134/CO[1]
                         net (fo=37, routed)          1.042    82.869    U_timer/freq_div_reg[31]_54[0]
    SLICE_X43Y86         LUT2 (Prop_lut2_I1_O)        0.329    83.198 r  U_timer/timer_cnt[31]_i_1338/O
                         net (fo=1, routed)           0.000    83.198    U_timer/timer_cnt[31]_i_1338_n_0
    SLICE_X43Y86         CARRY4 (Prop_carry4_S[0]_CO[3])
                                                      0.532    83.730 r  U_timer/timer_cnt_reg[31]_i_1243/CO[3]
                         net (fo=1, routed)           0.000    83.730    U_timer/timer_cnt_reg[31]_i_1243_n_0
    SLICE_X43Y87         CARRY4 (Prop_carry4_CI_CO[3])
                                                      0.114    83.844 r  U_timer/timer_cnt_reg[31]_i_1100/CO[3]
                         net (fo=1, routed)           0.000    83.844    U_timer/timer_cnt_reg[31]_i_1100_n_0
    SLICE_X43Y88         CARRY4 (Prop_carry4_CI_CO[3])
                                                      0.114    83.958 r  U_timer/timer_cnt_reg[31]_i_946/CO[3]
                         net (fo=1, routed)           0.000    83.958    U_timer/timer_cnt_reg[31]_i_946_n_0
    SLICE_X43Y89         CARRY4 (Prop_carry4_CI_CO[3])
                                                      0.114    84.072 r  U_timer/timer_cnt_reg[31]_i_792/CO[3]
                         net (fo=1, routed)           0.000    84.072    U_timer/timer_cnt_reg[31]_i_792_n_0
    SLICE_X43Y90         CARRY4 (Prop_carry4_CI_CO[3])
                                                      0.114    84.186 r  U_timer/timer_cnt_reg[31]_i_638/CO[3]
                         net (fo=1, routed)           0.000    84.186    U_timer/timer_cnt_reg[31]_i_638_n_0
    SLICE_X43Y91         CARRY4 (Prop_carry4_CI_CO[3])
                                                      0.114    84.300 r  U_timer/timer_cnt_reg[31]_i_484/CO[3]
                         net (fo=1, routed)           0.000    84.300    U_timer/timer_cnt_reg[31]_i_484_n_0
    SLICE_X43Y92         CARRY4 (Prop_carry4_CI_CO[3])
                                                      0.114    84.414 r  U_timer/timer_cnt_reg[31]_i_302/CO[3]
                         net (fo=1, routed)           0.000    84.414    U_timer/timer_cnt_reg[31]_i_302_n_0
    SLICE_X43Y93         CARRY4 (Prop_carry4_CI_CO[3])
                                                      0.114    84.528 r  U_timer/timer_cnt_reg[31]_i_136/CO[3]
                         net (fo=1, routed)           0.000    84.528    U_timer/timer_cnt_reg[31]_i_136_n_0
    SLICE_X43Y94         CARRY4 (Prop_carry4_CI_CO[0])
                                                      0.271    84.799 r  U_timer/timer_cnt_reg[31]_i_57/CO[0]
                         net (fo=1, routed)           0.307    85.106    U_timer/timer_cnt_reg[31]_i_57_n_3
    SLICE_X45Y95         LUT4 (Prop_lut4_I3_O)        0.373    85.479 r  U_timer/timer_cnt[31]_i_25/O
                         net (fo=1, routed)           0.000    85.479    U_timer/timer_cnt[31]_i_25_n_0
    SLICE_X45Y95         CARRY4 (Prop_carry4_S[0]_CO[3])
                                                      0.532    86.011 r  U_timer/timer_cnt_reg[31]_i_12/CO[3]
                         net (fo=1, routed)           0.000    86.011    U_timer/timer_cnt_reg[31]_i_12_n_0
    SLICE_X45Y96         CARRY4 (Prop_carry4_CI_CO[3])
                                                      0.114    86.125 r  U_timer/timer_cnt_reg[31]_i_8/CO[3]
                         net (fo=1, routed)           0.000    86.125    U_timer/timer_cnt_reg[31]_i_8_n_0
    SLICE_X45Y97         CARRY4 (Prop_carry4_CI_CO[2])
                                                      0.228    86.353 f  U_timer/timer_cnt_reg[31]_i_3/CO[2]
                         net (fo=34, routed)          0.859    87.213    U_timer/cnt_reg[31]_0[0]
    SLICE_X47Y92         LUT2 (Prop_lut2_I1_O)        0.313    87.526 r  U_timer/cnt[0]_i_6/O
                         net (fo=1, routed)           0.000    87.526    U_timer/cnt[0]_i_6_n_0
    SLICE_X47Y92         CARRY4 (Prop_carry4_S[1]_CO[3])
                                                      0.550    88.076 r  U_timer/cnt_reg[0]_i_2/CO[3]
                         net (fo=1, routed)           0.000    88.076    U_timer/cnt_reg[0]_i_2_n_0
    SLICE_X47Y93         CARRY4 (Prop_carry4_CI_CO[3])
                                                      0.114    88.190 r  U_timer/cnt_reg[4]_i_1/CO[3]
                         net (fo=1, routed)           0.000    88.190    U_timer/cnt_reg[4]_i_1_n_0
    SLICE_X47Y94         CARRY4 (Prop_carry4_CI_CO[3])
                                                      0.114    88.304 r  U_timer/cnt_reg[8]_i_1/CO[3]
                         net (fo=1, routed)           0.000    88.304    U_timer/cnt_reg[8]_i_1_n_0
    SLICE_X47Y95         CARRY4 (Prop_carry4_CI_CO[3])
                                                      0.114    88.418 r  U_timer/cnt_reg[12]_i_1/CO[3]
                         net (fo=1, routed)           0.000    88.418    U_timer/cnt_reg[12]_i_1_n_0
    SLICE_X47Y96         CARRY4 (Prop_carry4_CI_CO[3])
                                                      0.114    88.532 r  U_timer/cnt_reg[16]_i_1/CO[3]
                         net (fo=1, routed)           0.000    88.532    U_timer/cnt_reg[16]_i_1_n_0
    SLICE_X47Y97         CARRY4 (Prop_carry4_CI_O[3])
                                                      0.313    88.845 r  U_timer/cnt_reg[20]_i_1/O[3]
                         net (fo=1, routed)           0.000    88.845    U_timer/cnt_reg[20]_i_1_n_4
    SLICE_X47Y97         FDCE                                         r  U_timer/cnt_reg[23]/D
  -------------------------------------------------------------------    -------------------

                         (clock clk_out1_cpuclk rise edge)
                                                     40.000    40.000 r  
    Y18                                               0.000    40.000 r  fpga_clk (IN)
                         net (fo=0)                   0.000    40.000    Clkgen/inst/clk_in1
    Y18                  IBUF (Prop_ibuf_I_O)         1.474    41.474 r  Clkgen/inst/clkin1_ibufg/O
                         net (fo=1, routed)           1.181    42.655    Clkgen/inst/clk_in1_cpuclk
    PLLE2_ADV_X0Y1       PLLE2_ADV (Prop_plle2_adv_CLKIN1_CLKOUT0)
                                                     -7.855    34.800 r  Clkgen/inst/plle2_adv_inst/CLKOUT0
                         net (fo=1, routed)           1.625    36.425    Clkgen/inst/clk_out1_cpuclk
    BUFGCTRL_X0Y2        BUFG (Prop_bufg_I_O)         0.091    36.516 r  Clkgen/inst/clkout1_buf/O
                         net (fo=1, routed)           1.895    38.411    pll_clk
    SLICE_X52Y96         LUT2 (Prop_lut2_I0_O)        0.100    38.511 r  cpu_clk_BUFG_inst_i_1/O
                         net (fo=1, routed)           0.511    39.023    cpu_clk
    BUFGCTRL_X0Y0        BUFG (Prop_bufg_I_O)         0.091    39.114 r  cpu_clk_BUFG_inst/O
                         net (fo=8506, routed)        1.511    40.625    U_timer/cpu_clk_BUFG
    SLICE_X47Y97         FDCE                                         r  U_timer/cnt_reg[23]/C
                         clock pessimism             -0.195    40.431    
                         clock uncertainty           -0.180    40.251    
    SLICE_X47Y97         FDCE (Setup_fdce_C_D)        0.062    40.313    U_timer/cnt_reg[23]
  -------------------------------------------------------------------
                         required time                         40.313    
                         arrival time                         -88.845    
  -------------------------------------------------------------------
                         slack                                -48.532    





Min Delay Paths
--------------------------------------------------------------------------------------
Slack (MET) :             0.153ns  (arrival time - required time)
  Source:                 U_dig/cnt_reg[3]/C
                            (rising edge-triggered cell FDCE clocked by clk_out1_cpuclk  {rise@0.000ns fall@20.000ns period=40.000ns})
  Destination:            U_dig/cnt_reg[4]/D
                            (rising edge-triggered cell FDCE clocked by clk_out1_cpuclk  {rise@0.000ns fall@20.000ns period=40.000ns})
  Path Group:             clk_out1_cpuclk
  Path Type:              Hold (Min at Fast Process Corner)
  Requirement:            0.000ns  (clk_out1_cpuclk rise@0.000ns - clk_out1_cpuclk rise@0.000ns)
  Data Path Delay:        0.526ns  (logic 0.355ns (67.499%)  route 0.171ns (32.501%))
  Logic Levels:           3  (CARRY4=2 LUT2=1)
  Clock Path Skew:        0.268ns (DCD - SCD - CPR)
    Destination Clock Delay (DCD):    1.094ns
    Source Clock Delay      (SCD):    0.523ns
    Clock Pessimism Removal (CPR):    0.303ns

    Location             Delay type                Incr(ns)  Path(ns)    Netlist Resource(s)
  -------------------------------------------------------------------    -------------------
                         (clock clk_out1_cpuclk rise edge)
                                                      0.000     0.000 r  
    Y18                                               0.000     0.000 r  fpga_clk (IN)
                         net (fo=0)                   0.000     0.000    Clkgen/inst/clk_in1
    Y18                  IBUF (Prop_ibuf_I_O)         0.312     0.312 r  Clkgen/inst/clkin1_ibufg/O
                         net (fo=1, routed)           0.440     0.752    Clkgen/inst/clk_in1_cpuclk
    PLLE2_ADV_X0Y1       PLLE2_ADV (Prop_plle2_adv_CLKIN1_CLKOUT0)
                                                     -2.339    -1.586 r  Clkgen/inst/plle2_adv_inst/CLKOUT0
                         net (fo=1, routed)           0.510    -1.076    Clkgen/inst/clk_out1_cpuclk
    BUFGCTRL_X0Y2        BUFG (Prop_bufg_I_O)         0.026    -1.050 r  Clkgen/inst/clkout1_buf/O
                         net (fo=1, routed)           0.722    -0.328    pll_clk
    SLICE_X52Y96         LUT2 (Prop_lut2_I0_O)        0.045    -0.283 r  cpu_clk_BUFG_inst_i_1/O
                         net (fo=1, routed)           0.213    -0.069    cpu_clk
    BUFGCTRL_X0Y0        BUFG (Prop_bufg_I_O)         0.026    -0.043 r  cpu_clk_BUFG_inst/O
                         net (fo=8506, routed)        0.567     0.523    U_dig/cpu_clk_BUFG
    SLICE_X43Y99         FDCE                                         r  U_dig/cnt_reg[3]/C
  -------------------------------------------------------------------    -------------------
    SLICE_X43Y99         FDCE (Prop_fdce_C_Q)         0.141     0.664 r  U_dig/cnt_reg[3]/Q
                         net (fo=2, routed)           0.170     0.834    U_dig/cnt_reg[3]
    SLICE_X43Y99         LUT2 (Prop_lut2_I0_O)        0.045     0.879 r  U_dig/cnt[0]_i_3__0/O
                         net (fo=1, routed)           0.000     0.879    U_dig/cnt[0]_i_3__0_n_0
    SLICE_X43Y99         CARRY4 (Prop_carry4_S[3]_CO[3])
                                                      0.115     0.994 r  U_dig/cnt_reg[0]_i_1/CO[3]
                         net (fo=1, routed)           0.001     0.995    U_dig/cnt_reg[0]_i_1_n_0
    SLICE_X43Y100        CARRY4 (Prop_carry4_CI_O[0])
                                                      0.054     1.049 r  U_dig/cnt_reg[4]_i_1__0/O[0]
                         net (fo=1, routed)           0.000     1.049    U_dig/cnt_reg[4]_i_1__0_n_7
    SLICE_X43Y100        FDCE                                         r  U_dig/cnt_reg[4]/D
  -------------------------------------------------------------------    -------------------

                         (clock clk_out1_cpuclk rise edge)
                                                      0.000     0.000 r  
    Y18                                               0.000     0.000 r  fpga_clk (IN)
                         net (fo=0)                   0.000     0.000    Clkgen/inst/clk_in1
    Y18                  IBUF (Prop_ibuf_I_O)         0.501     0.501 r  Clkgen/inst/clkin1_ibufg/O
                         net (fo=1, routed)           0.481     0.982    Clkgen/inst/clk_in1_cpuclk
    PLLE2_ADV_X0Y1       PLLE2_ADV (Prop_plle2_adv_CLKIN1_CLKOUT0)
                                                     -2.657    -1.675 r  Clkgen/inst/plle2_adv_inst/CLKOUT0
                         net (fo=1, routed)           0.556    -1.120    Clkgen/inst/clk_out1_cpuclk
    BUFGCTRL_X0Y2        BUFG (Prop_bufg_I_O)         0.029    -1.091 r  Clkgen/inst/clkout1_buf/O
                         net (fo=1, routed)           1.028    -0.062    pll_clk
    SLICE_X52Y96         LUT2 (Prop_lut2_I0_O)        0.056    -0.006 r  cpu_clk_BUFG_inst_i_1/O
                         net (fo=1, routed)           0.237     0.231    cpu_clk
    BUFGCTRL_X0Y0        BUFG (Prop_bufg_I_O)         0.029     0.260 r  cpu_clk_BUFG_inst/O
                         net (fo=8506, routed)        0.834     1.094    U_dig/cpu_clk_BUFG
    SLICE_X43Y100        FDCE                                         r  U_dig/cnt_reg[4]/C
                         clock pessimism             -0.303     0.791    
    SLICE_X43Y100        FDCE (Hold_fdce_C_D)         0.105     0.896    U_dig/cnt_reg[4]
  -------------------------------------------------------------------
                         required time                         -0.896    
                         arrival time                           1.049    
  -------------------------------------------------------------------
                         slack                                  0.153    

Slack (MET) :             0.164ns  (arrival time - required time)
  Source:                 U_dig/cnt_reg[3]/C
                            (rising edge-triggered cell FDCE clocked by clk_out1_cpuclk  {rise@0.000ns fall@20.000ns period=40.000ns})
  Destination:            U_dig/cnt_reg[6]/D
                            (rising edge-triggered cell FDCE clocked by clk_out1_cpuclk  {rise@0.000ns fall@20.000ns period=40.000ns})
  Path Group:             clk_out1_cpuclk
  Path Type:              Hold (Min at Fast Process Corner)
  Requirement:            0.000ns  (clk_out1_cpuclk rise@0.000ns - clk_out1_cpuclk rise@0.000ns)
  Data Path Delay:        0.537ns  (logic 0.366ns (68.165%)  route 0.171ns (31.835%))
  Logic Levels:           3  (CARRY4=2 LUT2=1)
  Clock Path Skew:        0.268ns (DCD - SCD - CPR)
    Destination Clock Delay (DCD):    1.094ns
    Source Clock Delay      (SCD):    0.523ns
    Clock Pessimism Removal (CPR):    0.303ns

    Location             Delay type                Incr(ns)  Path(ns)    Netlist Resource(s)
  -------------------------------------------------------------------    -------------------
                         (clock clk_out1_cpuclk rise edge)
                                                      0.000     0.000 r  
    Y18                                               0.000     0.000 r  fpga_clk (IN)
                         net (fo=0)                   0.000     0.000    Clkgen/inst/clk_in1
    Y18                  IBUF (Prop_ibuf_I_O)         0.312     0.312 r  Clkgen/inst/clkin1_ibufg/O
                         net (fo=1, routed)           0.440     0.752    Clkgen/inst/clk_in1_cpuclk
    PLLE2_ADV_X0Y1       PLLE2_ADV (Prop_plle2_adv_CLKIN1_CLKOUT0)
                                                     -2.339    -1.586 r  Clkgen/inst/plle2_adv_inst/CLKOUT0
                         net (fo=1, routed)           0.510    -1.076    Clkgen/inst/clk_out1_cpuclk
    BUFGCTRL_X0Y2        BUFG (Prop_bufg_I_O)         0.026    -1.050 r  Clkgen/inst/clkout1_buf/O
                         net (fo=1, routed)           0.722    -0.328    pll_clk
    SLICE_X52Y96         LUT2 (Prop_lut2_I0_O)        0.045    -0.283 r  cpu_clk_BUFG_inst_i_1/O
                         net (fo=1, routed)           0.213    -0.069    cpu_clk
    BUFGCTRL_X0Y0        BUFG (Prop_bufg_I_O)         0.026    -0.043 r  cpu_clk_BUFG_inst/O
                         net (fo=8506, routed)        0.567     0.523    U_dig/cpu_clk_BUFG
    SLICE_X43Y99         FDCE                                         r  U_dig/cnt_reg[3]/C
  -------------------------------------------------------------------    -------------------
    SLICE_X43Y99         FDCE (Prop_fdce_C_Q)         0.141     0.664 r  U_dig/cnt_reg[3]/Q
                         net (fo=2, routed)           0.170     0.834    U_dig/cnt_reg[3]
    SLICE_X43Y99         LUT2 (Prop_lut2_I0_O)        0.045     0.879 r  U_dig/cnt[0]_i_3__0/O
                         net (fo=1, routed)           0.000     0.879    U_dig/cnt[0]_i_3__0_n_0
    SLICE_X43Y99         CARRY4 (Prop_carry4_S[3]_CO[3])
                                                      0.115     0.994 r  U_dig/cnt_reg[0]_i_1/CO[3]
                         net (fo=1, routed)           0.001     0.995    U_dig/cnt_reg[0]_i_1_n_0
    SLICE_X43Y100        CARRY4 (Prop_carry4_CI_O[2])
                                                      0.065     1.060 r  U_dig/cnt_reg[4]_i_1__0/O[2]
                         net (fo=1, routed)           0.000     1.060    U_dig/cnt_reg[4]_i_1__0_n_5
    SLICE_X43Y100        FDCE                                         r  U_dig/cnt_reg[6]/D
  -------------------------------------------------------------------    -------------------

                         (clock clk_out1_cpuclk rise edge)
                                                      0.000     0.000 r  
    Y18                                               0.000     0.000 r  fpga_clk (IN)
                         net (fo=0)                   0.000     0.000    Clkgen/inst/clk_in1
    Y18                  IBUF (Prop_ibuf_I_O)         0.501     0.501 r  Clkgen/inst/clkin1_ibufg/O
                         net (fo=1, routed)           0.481     0.982    Clkgen/inst/clk_in1_cpuclk
    PLLE2_ADV_X0Y1       PLLE2_ADV (Prop_plle2_adv_CLKIN1_CLKOUT0)
                                                     -2.657    -1.675 r  Clkgen/inst/plle2_adv_inst/CLKOUT0
                         net (fo=1, routed)           0.556    -1.120    Clkgen/inst/clk_out1_cpuclk
    BUFGCTRL_X0Y2        BUFG (Prop_bufg_I_O)         0.029    -1.091 r  Clkgen/inst/clkout1_buf/O
                         net (fo=1, routed)           1.028    -0.062    pll_clk
    SLICE_X52Y96         LUT2 (Prop_lut2_I0_O)        0.056    -0.006 r  cpu_clk_BUFG_inst_i_1/O
                         net (fo=1, routed)           0.237     0.231    cpu_clk
    BUFGCTRL_X0Y0        BUFG (Prop_bufg_I_O)         0.029     0.260 r  cpu_clk_BUFG_inst/O
                         net (fo=8506, routed)        0.834     1.094    U_dig/cpu_clk_BUFG
    SLICE_X43Y100        FDCE                                         r  U_dig/cnt_reg[6]/C
                         clock pessimism             -0.303     0.791    
    SLICE_X43Y100        FDCE (Hold_fdce_C_D)         0.105     0.896    U_dig/cnt_reg[6]
  -------------------------------------------------------------------
                         required time                         -0.896    
                         arrival time                           1.060    
  -------------------------------------------------------------------
                         slack                                  0.164    

Slack (MET) :             0.189ns  (arrival time - required time)
  Source:                 U_dig/cnt_reg[3]/C
                            (rising edge-triggered cell FDCE clocked by clk_out1_cpuclk  {rise@0.000ns fall@20.000ns period=40.000ns})
  Destination:            U_dig/cnt_reg[5]/D
                            (rising edge-triggered cell FDCE clocked by clk_out1_cpuclk  {rise@0.000ns fall@20.000ns period=40.000ns})
  Path Group:             clk_out1_cpuclk
  Path Type:              Hold (Min at Fast Process Corner)
  Requirement:            0.000ns  (clk_out1_cpuclk rise@0.000ns - clk_out1_cpuclk rise@0.000ns)
  Data Path Delay:        0.562ns  (logic 0.391ns (69.581%)  route 0.171ns (30.419%))
  Logic Levels:           3  (CARRY4=2 LUT2=1)
  Clock Path Skew:        0.268ns (DCD - SCD - CPR)
    Destination Clock Delay (DCD):    1.094ns
    Source Clock Delay      (SCD):    0.523ns
    Clock Pessimism Removal (CPR):    0.303ns

    Location             Delay type                Incr(ns)  Path(ns)    Netlist Resource(s)
  -------------------------------------------------------------------    -------------------
                         (clock clk_out1_cpuclk rise edge)
                                                      0.000     0.000 r  
    Y18                                               0.000     0.000 r  fpga_clk (IN)
                         net (fo=0)                   0.000     0.000    Clkgen/inst/clk_in1
    Y18                  IBUF (Prop_ibuf_I_O)         0.312     0.312 r  Clkgen/inst/clkin1_ibufg/O
                         net (fo=1, routed)           0.440     0.752    Clkgen/inst/clk_in1_cpuclk
    PLLE2_ADV_X0Y1       PLLE2_ADV (Prop_plle2_adv_CLKIN1_CLKOUT0)
                                                     -2.339    -1.586 r  Clkgen/inst/plle2_adv_inst/CLKOUT0
                         net (fo=1, routed)           0.510    -1.076    Clkgen/inst/clk_out1_cpuclk
    BUFGCTRL_X0Y2        BUFG (Prop_bufg_I_O)         0.026    -1.050 r  Clkgen/inst/clkout1_buf/O
                         net (fo=1, routed)           0.722    -0.328    pll_clk
    SLICE_X52Y96         LUT2 (Prop_lut2_I0_O)        0.045    -0.283 r  cpu_clk_BUFG_inst_i_1/O
                         net (fo=1, routed)           0.213    -0.069    cpu_clk
    BUFGCTRL_X0Y0        BUFG (Prop_bufg_I_O)         0.026    -0.043 r  cpu_clk_BUFG_inst/O
                         net (fo=8506, routed)        0.567     0.523    U_dig/cpu_clk_BUFG
    SLICE_X43Y99         FDCE                                         r  U_dig/cnt_reg[3]/C
  -------------------------------------------------------------------    -------------------
    SLICE_X43Y99         FDCE (Prop_fdce_C_Q)         0.141     0.664 r  U_dig/cnt_reg[3]/Q
                         net (fo=2, routed)           0.170     0.834    U_dig/cnt_reg[3]
    SLICE_X43Y99         LUT2 (Prop_lut2_I0_O)        0.045     0.879 r  U_dig/cnt[0]_i_3__0/O
                         net (fo=1, routed)           0.000     0.879    U_dig/cnt[0]_i_3__0_n_0
    SLICE_X43Y99         CARRY4 (Prop_carry4_S[3]_CO[3])
                                                      0.115     0.994 r  U_dig/cnt_reg[0]_i_1/CO[3]
                         net (fo=1, routed)           0.001     0.995    U_dig/cnt_reg[0]_i_1_n_0
    SLICE_X43Y100        CARRY4 (Prop_carry4_CI_O[1])
                                                      0.090     1.085 r  U_dig/cnt_reg[4]_i_1__0/O[1]
                         net (fo=1, routed)           0.000     1.085    U_dig/cnt_reg[4]_i_1__0_n_6
    SLICE_X43Y100        FDCE                                         r  U_dig/cnt_reg[5]/D
  -------------------------------------------------------------------    -------------------

                         (clock clk_out1_cpuclk rise edge)
                                                      0.000     0.000 r  
    Y18                                               0.000     0.000 r  fpga_clk (IN)
                         net (fo=0)                   0.000     0.000    Clkgen/inst/clk_in1
    Y18                  IBUF (Prop_ibuf_I_O)         0.501     0.501 r  Clkgen/inst/clkin1_ibufg/O
                         net (fo=1, routed)           0.481     0.982    Clkgen/inst/clk_in1_cpuclk
    PLLE2_ADV_X0Y1       PLLE2_ADV (Prop_plle2_adv_CLKIN1_CLKOUT0)
                                                     -2.657    -1.675 r  Clkgen/inst/plle2_adv_inst/CLKOUT0
                         net (fo=1, routed)           0.556    -1.120    Clkgen/inst/clk_out1_cpuclk
    BUFGCTRL_X0Y2        BUFG (Prop_bufg_I_O)         0.029    -1.091 r  Clkgen/inst/clkout1_buf/O
                         net (fo=1, routed)           1.028    -0.062    pll_clk
    SLICE_X52Y96         LUT2 (Prop_lut2_I0_O)        0.056    -0.006 r  cpu_clk_BUFG_inst_i_1/O
                         net (fo=1, routed)           0.237     0.231    cpu_clk
    BUFGCTRL_X0Y0        BUFG (Prop_bufg_I_O)         0.029     0.260 r  cpu_clk_BUFG_inst/O
                         net (fo=8506, routed)        0.834     1.094    U_dig/cpu_clk_BUFG
    SLICE_X43Y100        FDCE                                         r  U_dig/cnt_reg[5]/C
                         clock pessimism             -0.303     0.791    
    SLICE_X43Y100        FDCE (Hold_fdce_C_D)         0.105     0.896    U_dig/cnt_reg[5]
  -------------------------------------------------------------------
                         required time                         -0.896    
                         arrival time                           1.085    
  -------------------------------------------------------------------
                         slack                                  0.189    

Slack (MET) :             0.189ns  (arrival time - required time)
  Source:                 U_dig/cnt_reg[3]/C
                            (rising edge-triggered cell FDCE clocked by clk_out1_cpuclk  {rise@0.000ns fall@20.000ns period=40.000ns})
  Destination:            U_dig/cnt_reg[7]/D
                            (rising edge-triggered cell FDCE clocked by clk_out1_cpuclk  {rise@0.000ns fall@20.000ns period=40.000ns})
  Path Group:             clk_out1_cpuclk
  Path Type:              Hold (Min at Fast Process Corner)
  Requirement:            0.000ns  (clk_out1_cpuclk rise@0.000ns - clk_out1_cpuclk rise@0.000ns)
  Data Path Delay:        0.562ns  (logic 0.391ns (69.581%)  route 0.171ns (30.419%))
  Logic Levels:           3  (CARRY4=2 LUT2=1)
  Clock Path Skew:        0.268ns (DCD - SCD - CPR)
    Destination Clock Delay (DCD):    1.094ns
    Source Clock Delay      (SCD):    0.523ns
    Clock Pessimism Removal (CPR):    0.303ns

    Location             Delay type                Incr(ns)  Path(ns)    Netlist Resource(s)
  -------------------------------------------------------------------    -------------------
                         (clock clk_out1_cpuclk rise edge)
                                                      0.000     0.000 r  
    Y18                                               0.000     0.000 r  fpga_clk (IN)
                         net (fo=0)                   0.000     0.000    Clkgen/inst/clk_in1
    Y18                  IBUF (Prop_ibuf_I_O)         0.312     0.312 r  Clkgen/inst/clkin1_ibufg/O
                         net (fo=1, routed)           0.440     0.752    Clkgen/inst/clk_in1_cpuclk
    PLLE2_ADV_X0Y1       PLLE2_ADV (Prop_plle2_adv_CLKIN1_CLKOUT0)
                                                     -2.339    -1.586 r  Clkgen/inst/plle2_adv_inst/CLKOUT0
                         net (fo=1, routed)           0.510    -1.076    Clkgen/inst/clk_out1_cpuclk
    BUFGCTRL_X0Y2        BUFG (Prop_bufg_I_O)         0.026    -1.050 r  Clkgen/inst/clkout1_buf/O
                         net (fo=1, routed)           0.722    -0.328    pll_clk
    SLICE_X52Y96         LUT2 (Prop_lut2_I0_O)        0.045    -0.283 r  cpu_clk_BUFG_inst_i_1/O
                         net (fo=1, routed)           0.213    -0.069    cpu_clk
    BUFGCTRL_X0Y0        BUFG (Prop_bufg_I_O)         0.026    -0.043 r  cpu_clk_BUFG_inst/O
                         net (fo=8506, routed)        0.567     0.523    U_dig/cpu_clk_BUFG
    SLICE_X43Y99         FDCE                                         r  U_dig/cnt_reg[3]/C
  -------------------------------------------------------------------    -------------------
    SLICE_X43Y99         FDCE (Prop_fdce_C_Q)         0.141     0.664 r  U_dig/cnt_reg[3]/Q
                         net (fo=2, routed)           0.170     0.834    U_dig/cnt_reg[3]
    SLICE_X43Y99         LUT2 (Prop_lut2_I0_O)        0.045     0.879 r  U_dig/cnt[0]_i_3__0/O
                         net (fo=1, routed)           0.000     0.879    U_dig/cnt[0]_i_3__0_n_0
    SLICE_X43Y99         CARRY4 (Prop_carry4_S[3]_CO[3])
                                                      0.115     0.994 r  U_dig/cnt_reg[0]_i_1/CO[3]
                         net (fo=1, routed)           0.001     0.995    U_dig/cnt_reg[0]_i_1_n_0
    SLICE_X43Y100        CARRY4 (Prop_carry4_CI_O[3])
                                                      0.090     1.085 r  U_dig/cnt_reg[4]_i_1__0/O[3]
                         net (fo=1, routed)           0.000     1.085    U_dig/cnt_reg[4]_i_1__0_n_4
    SLICE_X43Y100        FDCE                                         r  U_dig/cnt_reg[7]/D
  -------------------------------------------------------------------    -------------------

                         (clock clk_out1_cpuclk rise edge)
                                                      0.000     0.000 r  
    Y18                                               0.000     0.000 r  fpga_clk (IN)
                         net (fo=0)                   0.000     0.000    Clkgen/inst/clk_in1
    Y18                  IBUF (Prop_ibuf_I_O)         0.501     0.501 r  Clkgen/inst/clkin1_ibufg/O
                         net (fo=1, routed)           0.481     0.982    Clkgen/inst/clk_in1_cpuclk
    PLLE2_ADV_X0Y1       PLLE2_ADV (Prop_plle2_adv_CLKIN1_CLKOUT0)
                                                     -2.657    -1.675 r  Clkgen/inst/plle2_adv_inst/CLKOUT0
                         net (fo=1, routed)           0.556    -1.120    Clkgen/inst/clk_out1_cpuclk
    BUFGCTRL_X0Y2        BUFG (Prop_bufg_I_O)         0.029    -1.091 r  Clkgen/inst/clkout1_buf/O
                         net (fo=1, routed)           1.028    -0.062    pll_clk
    SLICE_X52Y96         LUT2 (Prop_lut2_I0_O)        0.056    -0.006 r  cpu_clk_BUFG_inst_i_1/O
                         net (fo=1, routed)           0.237     0.231    cpu_clk
    BUFGCTRL_X0Y0        BUFG (Prop_bufg_I_O)         0.029     0.260 r  cpu_clk_BUFG_inst/O
                         net (fo=8506, routed)        0.834     1.094    U_dig/cpu_clk_BUFG
    SLICE_X43Y100        FDCE                                         r  U_dig/cnt_reg[7]/C
                         clock pessimism             -0.303     0.791    
    SLICE_X43Y100        FDCE (Hold_fdce_C_D)         0.105     0.896    U_dig/cnt_reg[7]
  -------------------------------------------------------------------
                         required time                         -0.896    
                         arrival time                           1.085    
  -------------------------------------------------------------------
                         slack                                  0.189    

Slack (MET) :             0.192ns  (arrival time - required time)
  Source:                 U_dig/cnt_reg[3]/C
                            (rising edge-triggered cell FDCE clocked by clk_out1_cpuclk  {rise@0.000ns fall@20.000ns period=40.000ns})
  Destination:            U_dig/cnt_reg[8]/D
                            (rising edge-triggered cell FDCE clocked by clk_out1_cpuclk  {rise@0.000ns fall@20.000ns period=40.000ns})
  Path Group:             clk_out1_cpuclk
  Path Type:              Hold (Min at Fast Process Corner)
  Requirement:            0.000ns  (clk_out1_cpuclk rise@0.000ns - clk_out1_cpuclk rise@0.000ns)
  Data Path Delay:        0.565ns  (logic 0.394ns (69.743%)  route 0.171ns (30.257%))
  Logic Levels:           4  (CARRY4=3 LUT2=1)
  Clock Path Skew:        0.268ns (DCD - SCD - CPR)
    Destination Clock Delay (DCD):    1.094ns
    Source Clock Delay      (SCD):    0.523ns
    Clock Pessimism Removal (CPR):    0.303ns

    Location             Delay type                Incr(ns)  Path(ns)    Netlist Resource(s)
  -------------------------------------------------------------------    -------------------
                         (clock clk_out1_cpuclk rise edge)
                                                      0.000     0.000 r  
    Y18                                               0.000     0.000 r  fpga_clk (IN)
                         net (fo=0)                   0.000     0.000    Clkgen/inst/clk_in1
    Y18                  IBUF (Prop_ibuf_I_O)         0.312     0.312 r  Clkgen/inst/clkin1_ibufg/O
                         net (fo=1, routed)           0.440     0.752    Clkgen/inst/clk_in1_cpuclk
    PLLE2_ADV_X0Y1       PLLE2_ADV (Prop_plle2_adv_CLKIN1_CLKOUT0)
                                                     -2.339    -1.586 r  Clkgen/inst/plle2_adv_inst/CLKOUT0
                         net (fo=1, routed)           0.510    -1.076    Clkgen/inst/clk_out1_cpuclk
    BUFGCTRL_X0Y2        BUFG (Prop_bufg_I_O)         0.026    -1.050 r  Clkgen/inst/clkout1_buf/O
                         net (fo=1, routed)           0.722    -0.328    pll_clk
    SLICE_X52Y96         LUT2 (Prop_lut2_I0_O)        0.045    -0.283 r  cpu_clk_BUFG_inst_i_1/O
                         net (fo=1, routed)           0.213    -0.069    cpu_clk
    BUFGCTRL_X0Y0        BUFG (Prop_bufg_I_O)         0.026    -0.043 r  cpu_clk_BUFG_inst/O
                         net (fo=8506, routed)        0.567     0.523    U_dig/cpu_clk_BUFG
    SLICE_X43Y99         FDCE                                         r  U_dig/cnt_reg[3]/C
  -------------------------------------------------------------------    -------------------
    SLICE_X43Y99         FDCE (Prop_fdce_C_Q)         0.141     0.664 r  U_dig/cnt_reg[3]/Q
                         net (fo=2, routed)           0.170     0.834    U_dig/cnt_reg[3]
    SLICE_X43Y99         LUT2 (Prop_lut2_I0_O)        0.045     0.879 r  U_dig/cnt[0]_i_3__0/O
                         net (fo=1, routed)           0.000     0.879    U_dig/cnt[0]_i_3__0_n_0
    SLICE_X43Y99         CARRY4 (Prop_carry4_S[3]_CO[3])
                                                      0.115     0.994 r  U_dig/cnt_reg[0]_i_1/CO[3]
                         net (fo=1, routed)           0.001     0.995    U_dig/cnt_reg[0]_i_1_n_0
    SLICE_X43Y100        CARRY4 (Prop_carry4_CI_CO[3])
                                                      0.039     1.034 r  U_dig/cnt_reg[4]_i_1__0/CO[3]
                         net (fo=1, routed)           0.000     1.034    U_dig/cnt_reg[4]_i_1__0_n_0
    SLICE_X43Y101        CARRY4 (Prop_carry4_CI_O[0])
                                                      0.054     1.088 r  U_dig/cnt_reg[8]_i_1__0/O[0]
                         net (fo=1, routed)           0.000     1.088    U_dig/cnt_reg[8]_i_1__0_n_7
    SLICE_X43Y101        FDCE                                         r  U_dig/cnt_reg[8]/D
  -------------------------------------------------------------------    -------------------

                         (clock clk_out1_cpuclk rise edge)
                                                      0.000     0.000 r  
    Y18                                               0.000     0.000 r  fpga_clk (IN)
                         net (fo=0)                   0.000     0.000    Clkgen/inst/clk_in1
    Y18                  IBUF (Prop_ibuf_I_O)         0.501     0.501 r  Clkgen/inst/clkin1_ibufg/O
                         net (fo=1, routed)           0.481     0.982    Clkgen/inst/clk_in1_cpuclk
    PLLE2_ADV_X0Y1       PLLE2_ADV (Prop_plle2_adv_CLKIN1_CLKOUT0)
                                                     -2.657    -1.675 r  Clkgen/inst/plle2_adv_inst/CLKOUT0
                         net (fo=1, routed)           0.556    -1.120    Clkgen/inst/clk_out1_cpuclk
    BUFGCTRL_X0Y2        BUFG (Prop_bufg_I_O)         0.029    -1.091 r  Clkgen/inst/clkout1_buf/O
                         net (fo=1, routed)           1.028    -0.062    pll_clk
    SLICE_X52Y96         LUT2 (Prop_lut2_I0_O)        0.056    -0.006 r  cpu_clk_BUFG_inst_i_1/O
                         net (fo=1, routed)           0.237     0.231    cpu_clk
    BUFGCTRL_X0Y0        BUFG (Prop_bufg_I_O)         0.029     0.260 r  cpu_clk_BUFG_inst/O
                         net (fo=8506, routed)        0.834     1.094    U_dig/cpu_clk_BUFG
    SLICE_X43Y101        FDCE                                         r  U_dig/cnt_reg[8]/C
                         clock pessimism             -0.303     0.791    
    SLICE_X43Y101        FDCE (Hold_fdce_C_D)         0.105     0.896    U_dig/cnt_reg[8]
  -------------------------------------------------------------------
                         required time                         -0.896    
                         arrival time                           1.088    
  -------------------------------------------------------------------
                         slack                                  0.192    

Slack (MET) :             0.201ns  (arrival time - required time)
  Source:                 U_dig/dig_en_reg[2]/C
                            (rising edge-triggered cell FDPE clocked by clk_out1_cpuclk  {rise@0.000ns fall@20.000ns period=40.000ns})
  Destination:            U_dig/dig_en_reg[3]/D
                            (rising edge-triggered cell FDPE clocked by clk_out1_cpuclk  {rise@0.000ns fall@20.000ns period=40.000ns})
  Path Group:             clk_out1_cpuclk
  Path Type:              Hold (Min at Fast Process Corner)
  Requirement:            0.000ns  (clk_out1_cpuclk rise@0.000ns - clk_out1_cpuclk rise@0.000ns)
  Data Path Delay:        0.276ns  (logic 0.141ns (51.084%)  route 0.135ns (48.916%))
  Logic Levels:           0  
  Clock Path Skew:        0.000ns (DCD - SCD - CPR)
    Destination Clock Delay (DCD):    1.094ns
    Source Clock Delay      (SCD):    0.521ns
    Clock Pessimism Removal (CPR):    0.573ns

    Location             Delay type                Incr(ns)  Path(ns)    Netlist Resource(s)
  -------------------------------------------------------------------    -------------------
                         (clock clk_out1_cpuclk rise edge)
                                                      0.000     0.000 r  
    Y18                                               0.000     0.000 r  fpga_clk (IN)
                         net (fo=0)                   0.000     0.000    Clkgen/inst/clk_in1
    Y18                  IBUF (Prop_ibuf_I_O)         0.312     0.312 r  Clkgen/inst/clkin1_ibufg/O
                         net (fo=1, routed)           0.440     0.752    Clkgen/inst/clk_in1_cpuclk
    PLLE2_ADV_X0Y1       PLLE2_ADV (Prop_plle2_adv_CLKIN1_CLKOUT0)
                                                     -2.339    -1.586 r  Clkgen/inst/plle2_adv_inst/CLKOUT0
                         net (fo=1, routed)           0.510    -1.076    Clkgen/inst/clk_out1_cpuclk
    BUFGCTRL_X0Y2        BUFG (Prop_bufg_I_O)         0.026    -1.050 r  Clkgen/inst/clkout1_buf/O
                         net (fo=1, routed)           0.722    -0.328    pll_clk
    SLICE_X52Y96         LUT2 (Prop_lut2_I0_O)        0.045    -0.283 r  cpu_clk_BUFG_inst_i_1/O
                         net (fo=1, routed)           0.213    -0.069    cpu_clk
    BUFGCTRL_X0Y0        BUFG (Prop_bufg_I_O)         0.026    -0.043 r  cpu_clk_BUFG_inst/O
                         net (fo=8506, routed)        0.565     0.521    U_dig/cpu_clk_BUFG
    SLICE_X45Y102        FDPE                                         r  U_dig/dig_en_reg[2]/C
  -------------------------------------------------------------------    -------------------
    SLICE_X45Y102        FDPE (Prop_fdpe_C_Q)         0.141     0.662 r  U_dig/dig_en_reg[2]/Q
                         net (fo=7, routed)           0.135     0.797    U_dig/Q[2]
    SLICE_X45Y102        FDPE                                         r  U_dig/dig_en_reg[3]/D
  -------------------------------------------------------------------    -------------------

                         (clock clk_out1_cpuclk rise edge)
                                                      0.000     0.000 r  
    Y18                                               0.000     0.000 r  fpga_clk (IN)
                         net (fo=0)                   0.000     0.000    Clkgen/inst/clk_in1
    Y18                  IBUF (Prop_ibuf_I_O)         0.501     0.501 r  Clkgen/inst/clkin1_ibufg/O
                         net (fo=1, routed)           0.481     0.982    Clkgen/inst/clk_in1_cpuclk
    PLLE2_ADV_X0Y1       PLLE2_ADV (Prop_plle2_adv_CLKIN1_CLKOUT0)
                                                     -2.657    -1.675 r  Clkgen/inst/plle2_adv_inst/CLKOUT0
                         net (fo=1, routed)           0.556    -1.120    Clkgen/inst/clk_out1_cpuclk
    BUFGCTRL_X0Y2        BUFG (Prop_bufg_I_O)         0.029    -1.091 r  Clkgen/inst/clkout1_buf/O
                         net (fo=1, routed)           1.028    -0.062    pll_clk
    SLICE_X52Y96         LUT2 (Prop_lut2_I0_O)        0.056    -0.006 r  cpu_clk_BUFG_inst_i_1/O
                         net (fo=1, routed)           0.237     0.231    cpu_clk
    BUFGCTRL_X0Y0        BUFG (Prop_bufg_I_O)         0.029     0.260 r  cpu_clk_BUFG_inst/O
                         net (fo=8506, routed)        0.834     1.094    U_dig/cpu_clk_BUFG
    SLICE_X45Y102        FDPE                                         r  U_dig/dig_en_reg[3]/C
                         clock pessimism             -0.573     0.521    
    SLICE_X45Y102        FDPE (Hold_fdpe_C_D)         0.075     0.596    U_dig/dig_en_reg[3]
  -------------------------------------------------------------------
                         required time                         -0.596    
                         arrival time                           0.797    
  -------------------------------------------------------------------
                         slack                                  0.201    

Slack (MET) :             0.202ns  (arrival time - required time)
  Source:                 U_dig/dig_en_reg[5]/C
                            (rising edge-triggered cell FDPE clocked by clk_out1_cpuclk  {rise@0.000ns fall@20.000ns period=40.000ns})
  Destination:            U_dig/dig_en_reg[6]/D
                            (rising edge-triggered cell FDPE clocked by clk_out1_cpuclk  {rise@0.000ns fall@20.000ns period=40.000ns})
  Path Group:             clk_out1_cpuclk
  Path Type:              Hold (Min at Fast Process Corner)
  Requirement:            0.000ns  (clk_out1_cpuclk rise@0.000ns - clk_out1_cpuclk rise@0.000ns)
  Data Path Delay:        0.297ns  (logic 0.141ns (47.451%)  route 0.156ns (52.549%))
  Logic Levels:           0  
  Clock Path Skew:        0.017ns (DCD - SCD - CPR)
    Destination Clock Delay (DCD):    1.094ns
    Source Clock Delay      (SCD):    0.520ns
    Clock Pessimism Removal (CPR):    0.557ns

    Location             Delay type                Incr(ns)  Path(ns)    Netlist Resource(s)
  -------------------------------------------------------------------    -------------------
                         (clock clk_out1_cpuclk rise edge)
                                                      0.000     0.000 r  
    Y18                                               0.000     0.000 r  fpga_clk (IN)
                         net (fo=0)                   0.000     0.000    Clkgen/inst/clk_in1
    Y18                  IBUF (Prop_ibuf_I_O)         0.312     0.312 r  Clkgen/inst/clkin1_ibufg/O
                         net (fo=1, routed)           0.440     0.752    Clkgen/inst/clk_in1_cpuclk
    PLLE2_ADV_X0Y1       PLLE2_ADV (Prop_plle2_adv_CLKIN1_CLKOUT0)
                                                     -2.339    -1.586 r  Clkgen/inst/plle2_adv_inst/CLKOUT0
                         net (fo=1, routed)           0.510    -1.076    Clkgen/inst/clk_out1_cpuclk
    BUFGCTRL_X0Y2        BUFG (Prop_bufg_I_O)         0.026    -1.050 r  Clkgen/inst/clkout1_buf/O
                         net (fo=1, routed)           0.722    -0.328    pll_clk
    SLICE_X52Y96         LUT2 (Prop_lut2_I0_O)        0.045    -0.283 r  cpu_clk_BUFG_inst_i_1/O
                         net (fo=1, routed)           0.213    -0.069    cpu_clk
    BUFGCTRL_X0Y0        BUFG (Prop_bufg_I_O)         0.026    -0.043 r  cpu_clk_BUFG_inst/O
                         net (fo=8506, routed)        0.564     0.520    U_dig/cpu_clk_BUFG
    SLICE_X44Y103        FDPE                                         r  U_dig/dig_en_reg[5]/C
  -------------------------------------------------------------------    -------------------
    SLICE_X44Y103        FDPE (Prop_fdpe_C_Q)         0.141     0.661 r  U_dig/dig_en_reg[5]/Q
                         net (fo=6, routed)           0.156     0.817    U_dig/Q[5]
    SLICE_X45Y102        FDPE                                         r  U_dig/dig_en_reg[6]/D
  -------------------------------------------------------------------    -------------------

                         (clock clk_out1_cpuclk rise edge)
                                                      0.000     0.000 r  
    Y18                                               0.000     0.000 r  fpga_clk (IN)
                         net (fo=0)                   0.000     0.000    Clkgen/inst/clk_in1
    Y18                  IBUF (Prop_ibuf_I_O)         0.501     0.501 r  Clkgen/inst/clkin1_ibufg/O
                         net (fo=1, routed)           0.481     0.982    Clkgen/inst/clk_in1_cpuclk
    PLLE2_ADV_X0Y1       PLLE2_ADV (Prop_plle2_adv_CLKIN1_CLKOUT0)
                                                     -2.657    -1.675 r  Clkgen/inst/plle2_adv_inst/CLKOUT0
                         net (fo=1, routed)           0.556    -1.120    Clkgen/inst/clk_out1_cpuclk
    BUFGCTRL_X0Y2        BUFG (Prop_bufg_I_O)         0.029    -1.091 r  Clkgen/inst/clkout1_buf/O
                         net (fo=1, routed)           1.028    -0.062    pll_clk
    SLICE_X52Y96         LUT2 (Prop_lut2_I0_O)        0.056    -0.006 r  cpu_clk_BUFG_inst_i_1/O
                         net (fo=1, routed)           0.237     0.231    cpu_clk
    BUFGCTRL_X0Y0        BUFG (Prop_bufg_I_O)         0.029     0.260 r  cpu_clk_BUFG_inst/O
                         net (fo=8506, routed)        0.834     1.094    U_dig/cpu_clk_BUFG
    SLICE_X45Y102        FDPE                                         r  U_dig/dig_en_reg[6]/C
                         clock pessimism             -0.557     0.537    
    SLICE_X45Y102        FDPE (Hold_fdpe_C_D)         0.078     0.615    U_dig/dig_en_reg[6]
  -------------------------------------------------------------------
                         required time                         -0.615    
                         arrival time                           0.817    
  -------------------------------------------------------------------
                         slack                                  0.202    

Slack (MET) :             0.203ns  (arrival time - required time)
  Source:                 U_dig/cnt_reg[3]/C
                            (rising edge-triggered cell FDCE clocked by clk_out1_cpuclk  {rise@0.000ns fall@20.000ns period=40.000ns})
  Destination:            U_dig/cnt_reg[10]/D
                            (rising edge-triggered cell FDCE clocked by clk_out1_cpuclk  {rise@0.000ns fall@20.000ns period=40.000ns})
  Path Group:             clk_out1_cpuclk
  Path Type:              Hold (Min at Fast Process Corner)
  Requirement:            0.000ns  (clk_out1_cpuclk rise@0.000ns - clk_out1_cpuclk rise@0.000ns)
  Data Path Delay:        0.576ns  (logic 0.405ns (70.321%)  route 0.171ns (29.679%))
  Logic Levels:           4  (CARRY4=3 LUT2=1)
  Clock Path Skew:        0.268ns (DCD - SCD - CPR)
    Destination Clock Delay (DCD):    1.094ns
    Source Clock Delay      (SCD):    0.523ns
    Clock Pessimism Removal (CPR):    0.303ns

    Location             Delay type                Incr(ns)  Path(ns)    Netlist Resource(s)
  -------------------------------------------------------------------    -------------------
                         (clock clk_out1_cpuclk rise edge)
                                                      0.000     0.000 r  
    Y18                                               0.000     0.000 r  fpga_clk (IN)
                         net (fo=0)                   0.000     0.000    Clkgen/inst/clk_in1
    Y18                  IBUF (Prop_ibuf_I_O)         0.312     0.312 r  Clkgen/inst/clkin1_ibufg/O
                         net (fo=1, routed)           0.440     0.752    Clkgen/inst/clk_in1_cpuclk
    PLLE2_ADV_X0Y1       PLLE2_ADV (Prop_plle2_adv_CLKIN1_CLKOUT0)
                                                     -2.339    -1.586 r  Clkgen/inst/plle2_adv_inst/CLKOUT0
                         net (fo=1, routed)           0.510    -1.076    Clkgen/inst/clk_out1_cpuclk
    BUFGCTRL_X0Y2        BUFG (Prop_bufg_I_O)         0.026    -1.050 r  Clkgen/inst/clkout1_buf/O
                         net (fo=1, routed)           0.722    -0.328    pll_clk
    SLICE_X52Y96         LUT2 (Prop_lut2_I0_O)        0.045    -0.283 r  cpu_clk_BUFG_inst_i_1/O
                         net (fo=1, routed)           0.213    -0.069    cpu_clk
    BUFGCTRL_X0Y0        BUFG (Prop_bufg_I_O)         0.026    -0.043 r  cpu_clk_BUFG_inst/O
                         net (fo=8506, routed)        0.567     0.523    U_dig/cpu_clk_BUFG
    SLICE_X43Y99         FDCE                                         r  U_dig/cnt_reg[3]/C
  -------------------------------------------------------------------    -------------------
    SLICE_X43Y99         FDCE (Prop_fdce_C_Q)         0.141     0.664 r  U_dig/cnt_reg[3]/Q
                         net (fo=2, routed)           0.170     0.834    U_dig/cnt_reg[3]
    SLICE_X43Y99         LUT2 (Prop_lut2_I0_O)        0.045     0.879 r  U_dig/cnt[0]_i_3__0/O
                         net (fo=1, routed)           0.000     0.879    U_dig/cnt[0]_i_3__0_n_0
    SLICE_X43Y99         CARRY4 (Prop_carry4_S[3]_CO[3])
                                                      0.115     0.994 r  U_dig/cnt_reg[0]_i_1/CO[3]
                         net (fo=1, routed)           0.001     0.995    U_dig/cnt_reg[0]_i_1_n_0
    SLICE_X43Y100        CARRY4 (Prop_carry4_CI_CO[3])
                                                      0.039     1.034 r  U_dig/cnt_reg[4]_i_1__0/CO[3]
                         net (fo=1, routed)           0.000     1.034    U_dig/cnt_reg[4]_i_1__0_n_0
    SLICE_X43Y101        CARRY4 (Prop_carry4_CI_O[2])
                                                      0.065     1.099 r  U_dig/cnt_reg[8]_i_1__0/O[2]
                         net (fo=1, routed)           0.000     1.099    U_dig/cnt_reg[8]_i_1__0_n_5
    SLICE_X43Y101        FDCE                                         r  U_dig/cnt_reg[10]/D
  -------------------------------------------------------------------    -------------------

                         (clock clk_out1_cpuclk rise edge)
                                                      0.000     0.000 r  
    Y18                                               0.000     0.000 r  fpga_clk (IN)
                         net (fo=0)                   0.000     0.000    Clkgen/inst/clk_in1
    Y18                  IBUF (Prop_ibuf_I_O)         0.501     0.501 r  Clkgen/inst/clkin1_ibufg/O
                         net (fo=1, routed)           0.481     0.982    Clkgen/inst/clk_in1_cpuclk
    PLLE2_ADV_X0Y1       PLLE2_ADV (Prop_plle2_adv_CLKIN1_CLKOUT0)
                                                     -2.657    -1.675 r  Clkgen/inst/plle2_adv_inst/CLKOUT0
                         net (fo=1, routed)           0.556    -1.120    Clkgen/inst/clk_out1_cpuclk
    BUFGCTRL_X0Y2        BUFG (Prop_bufg_I_O)         0.029    -1.091 r  Clkgen/inst/clkout1_buf/O
                         net (fo=1, routed)           1.028    -0.062    pll_clk
    SLICE_X52Y96         LUT2 (Prop_lut2_I0_O)        0.056    -0.006 r  cpu_clk_BUFG_inst_i_1/O
                         net (fo=1, routed)           0.237     0.231    cpu_clk
    BUFGCTRL_X0Y0        BUFG (Prop_bufg_I_O)         0.029     0.260 r  cpu_clk_BUFG_inst/O
                         net (fo=8506, routed)        0.834     1.094    U_dig/cpu_clk_BUFG
    SLICE_X43Y101        FDCE                                         r  U_dig/cnt_reg[10]/C
                         clock pessimism             -0.303     0.791    
    SLICE_X43Y101        FDCE (Hold_fdce_C_D)         0.105     0.896    U_dig/cnt_reg[10]
  -------------------------------------------------------------------
                         required time                         -0.896    
                         arrival time                           1.099    
  -------------------------------------------------------------------
                         slack                                  0.203    

Slack (MET) :             0.228ns  (arrival time - required time)
  Source:                 U_dig/cnt_reg[3]/C
                            (rising edge-triggered cell FDCE clocked by clk_out1_cpuclk  {rise@0.000ns fall@20.000ns period=40.000ns})
  Destination:            U_dig/cnt_reg[11]/D
                            (rising edge-triggered cell FDCE clocked by clk_out1_cpuclk  {rise@0.000ns fall@20.000ns period=40.000ns})
  Path Group:             clk_out1_cpuclk
  Path Type:              Hold (Min at Fast Process Corner)
  Requirement:            0.000ns  (clk_out1_cpuclk rise@0.000ns - clk_out1_cpuclk rise@0.000ns)
  Data Path Delay:        0.601ns  (logic 0.430ns (71.556%)  route 0.171ns (28.444%))
  Logic Levels:           4  (CARRY4=3 LUT2=1)
  Clock Path Skew:        0.268ns (DCD - SCD - CPR)
    Destination Clock Delay (DCD):    1.094ns
    Source Clock Delay      (SCD):    0.523ns
    Clock Pessimism Removal (CPR):    0.303ns

    Location             Delay type                Incr(ns)  Path(ns)    Netlist Resource(s)
  -------------------------------------------------------------------    -------------------
                         (clock clk_out1_cpuclk rise edge)
                                                      0.000     0.000 r  
    Y18                                               0.000     0.000 r  fpga_clk (IN)
                         net (fo=0)                   0.000     0.000    Clkgen/inst/clk_in1
    Y18                  IBUF (Prop_ibuf_I_O)         0.312     0.312 r  Clkgen/inst/clkin1_ibufg/O
                         net (fo=1, routed)           0.440     0.752    Clkgen/inst/clk_in1_cpuclk
    PLLE2_ADV_X0Y1       PLLE2_ADV (Prop_plle2_adv_CLKIN1_CLKOUT0)
                                                     -2.339    -1.586 r  Clkgen/inst/plle2_adv_inst/CLKOUT0
                         net (fo=1, routed)           0.510    -1.076    Clkgen/inst/clk_out1_cpuclk
    BUFGCTRL_X0Y2        BUFG (Prop_bufg_I_O)         0.026    -1.050 r  Clkgen/inst/clkout1_buf/O
                         net (fo=1, routed)           0.722    -0.328    pll_clk
    SLICE_X52Y96         LUT2 (Prop_lut2_I0_O)        0.045    -0.283 r  cpu_clk_BUFG_inst_i_1/O
                         net (fo=1, routed)           0.213    -0.069    cpu_clk
    BUFGCTRL_X0Y0        BUFG (Prop_bufg_I_O)         0.026    -0.043 r  cpu_clk_BUFG_inst/O
                         net (fo=8506, routed)        0.567     0.523    U_dig/cpu_clk_BUFG
    SLICE_X43Y99         FDCE                                         r  U_dig/cnt_reg[3]/C
  -------------------------------------------------------------------    -------------------
    SLICE_X43Y99         FDCE (Prop_fdce_C_Q)         0.141     0.664 r  U_dig/cnt_reg[3]/Q
                         net (fo=2, routed)           0.170     0.834    U_dig/cnt_reg[3]
    SLICE_X43Y99         LUT2 (Prop_lut2_I0_O)        0.045     0.879 r  U_dig/cnt[0]_i_3__0/O
                         net (fo=1, routed)           0.000     0.879    U_dig/cnt[0]_i_3__0_n_0
    SLICE_X43Y99         CARRY4 (Prop_carry4_S[3]_CO[3])
                                                      0.115     0.994 r  U_dig/cnt_reg[0]_i_1/CO[3]
                         net (fo=1, routed)           0.001     0.995    U_dig/cnt_reg[0]_i_1_n_0
    SLICE_X43Y100        CARRY4 (Prop_carry4_CI_CO[3])
                                                      0.039     1.034 r  U_dig/cnt_reg[4]_i_1__0/CO[3]
                         net (fo=1, routed)           0.000     1.034    U_dig/cnt_reg[4]_i_1__0_n_0
    SLICE_X43Y101        CARRY4 (Prop_carry4_CI_O[3])
                                                      0.090     1.124 r  U_dig/cnt_reg[8]_i_1__0/O[3]
                         net (fo=1, routed)           0.000     1.124    U_dig/cnt_reg[8]_i_1__0_n_4
    SLICE_X43Y101        FDCE                                         r  U_dig/cnt_reg[11]/D
  -------------------------------------------------------------------    -------------------

                         (clock clk_out1_cpuclk rise edge)
                                                      0.000     0.000 r  
    Y18                                               0.000     0.000 r  fpga_clk (IN)
                         net (fo=0)                   0.000     0.000    Clkgen/inst/clk_in1
    Y18                  IBUF (Prop_ibuf_I_O)         0.501     0.501 r  Clkgen/inst/clkin1_ibufg/O
                         net (fo=1, routed)           0.481     0.982    Clkgen/inst/clk_in1_cpuclk
    PLLE2_ADV_X0Y1       PLLE2_ADV (Prop_plle2_adv_CLKIN1_CLKOUT0)
                                                     -2.657    -1.675 r  Clkgen/inst/plle2_adv_inst/CLKOUT0
                         net (fo=1, routed)           0.556    -1.120    Clkgen/inst/clk_out1_cpuclk
    BUFGCTRL_X0Y2        BUFG (Prop_bufg_I_O)         0.029    -1.091 r  Clkgen/inst/clkout1_buf/O
                         net (fo=1, routed)           1.028    -0.062    pll_clk
    SLICE_X52Y96         LUT2 (Prop_lut2_I0_O)        0.056    -0.006 r  cpu_clk_BUFG_inst_i_1/O
                         net (fo=1, routed)           0.237     0.231    cpu_clk
    BUFGCTRL_X0Y0        BUFG (Prop_bufg_I_O)         0.029     0.260 r  cpu_clk_BUFG_inst/O
                         net (fo=8506, routed)        0.834     1.094    U_dig/cpu_clk_BUFG
    SLICE_X43Y101        FDCE                                         r  U_dig/cnt_reg[11]/C
                         clock pessimism             -0.303     0.791    
    SLICE_X43Y101        FDCE (Hold_fdce_C_D)         0.105     0.896    U_dig/cnt_reg[11]
  -------------------------------------------------------------------
                         required time                         -0.896    
                         arrival time                           1.124    
  -------------------------------------------------------------------
                         slack                                  0.228    

Slack (MET) :             0.228ns  (arrival time - required time)
  Source:                 U_dig/cnt_reg[3]/C
                            (rising edge-triggered cell FDCE clocked by clk_out1_cpuclk  {rise@0.000ns fall@20.000ns period=40.000ns})
  Destination:            U_dig/cnt_reg[9]/D
                            (rising edge-triggered cell FDCE clocked by clk_out1_cpuclk  {rise@0.000ns fall@20.000ns period=40.000ns})
  Path Group:             clk_out1_cpuclk
  Path Type:              Hold (Min at Fast Process Corner)
  Requirement:            0.000ns  (clk_out1_cpuclk rise@0.000ns - clk_out1_cpuclk rise@0.000ns)
  Data Path Delay:        0.601ns  (logic 0.430ns (71.556%)  route 0.171ns (28.444%))
  Logic Levels:           4  (CARRY4=3 LUT2=1)
  Clock Path Skew:        0.268ns (DCD - SCD - CPR)
    Destination Clock Delay (DCD):    1.094ns
    Source Clock Delay      (SCD):    0.523ns
    Clock Pessimism Removal (CPR):    0.303ns

    Location             Delay type                Incr(ns)  Path(ns)    Netlist Resource(s)
  -------------------------------------------------------------------    -------------------
                         (clock clk_out1_cpuclk rise edge)
                                                      0.000     0.000 r  
    Y18                                               0.000     0.000 r  fpga_clk (IN)
                         net (fo=0)                   0.000     0.000    Clkgen/inst/clk_in1
    Y18                  IBUF (Prop_ibuf_I_O)         0.312     0.312 r  Clkgen/inst/clkin1_ibufg/O
                         net (fo=1, routed)           0.440     0.752    Clkgen/inst/clk_in1_cpuclk
    PLLE2_ADV_X0Y1       PLLE2_ADV (Prop_plle2_adv_CLKIN1_CLKOUT0)
                                                     -2.339    -1.586 r  Clkgen/inst/plle2_adv_inst/CLKOUT0
                         net (fo=1, routed)           0.510    -1.076    Clkgen/inst/clk_out1_cpuclk
    BUFGCTRL_X0Y2        BUFG (Prop_bufg_I_O)         0.026    -1.050 r  Clkgen/inst/clkout1_buf/O
                         net (fo=1, routed)           0.722    -0.328    pll_clk
    SLICE_X52Y96         LUT2 (Prop_lut2_I0_O)        0.045    -0.283 r  cpu_clk_BUFG_inst_i_1/O
                         net (fo=1, routed)           0.213    -0.069    cpu_clk
    BUFGCTRL_X0Y0        BUFG (Prop_bufg_I_O)         0.026    -0.043 r  cpu_clk_BUFG_inst/O
                         net (fo=8506, routed)        0.567     0.523    U_dig/cpu_clk_BUFG
    SLICE_X43Y99         FDCE                                         r  U_dig/cnt_reg[3]/C
  -------------------------------------------------------------------    -------------------
    SLICE_X43Y99         FDCE (Prop_fdce_C_Q)         0.141     0.664 r  U_dig/cnt_reg[3]/Q
                         net (fo=2, routed)           0.170     0.834    U_dig/cnt_reg[3]
    SLICE_X43Y99         LUT2 (Prop_lut2_I0_O)        0.045     0.879 r  U_dig/cnt[0]_i_3__0/O
                         net (fo=1, routed)           0.000     0.879    U_dig/cnt[0]_i_3__0_n_0
    SLICE_X43Y99         CARRY4 (Prop_carry4_S[3]_CO[3])
                                                      0.115     0.994 r  U_dig/cnt_reg[0]_i_1/CO[3]
                         net (fo=1, routed)           0.001     0.995    U_dig/cnt_reg[0]_i_1_n_0
    SLICE_X43Y100        CARRY4 (Prop_carry4_CI_CO[3])
                                                      0.039     1.034 r  U_dig/cnt_reg[4]_i_1__0/CO[3]
                         net (fo=1, routed)           0.000     1.034    U_dig/cnt_reg[4]_i_1__0_n_0
    SLICE_X43Y101        CARRY4 (Prop_carry4_CI_O[1])
                                                      0.090     1.124 r  U_dig/cnt_reg[8]_i_1__0/O[1]
                         net (fo=1, routed)           0.000     1.124    U_dig/cnt_reg[8]_i_1__0_n_6
    SLICE_X43Y101        FDCE                                         r  U_dig/cnt_reg[9]/D
  -------------------------------------------------------------------    -------------------

                         (clock clk_out1_cpuclk rise edge)
                                                      0.000     0.000 r  
    Y18                                               0.000     0.000 r  fpga_clk (IN)
                         net (fo=0)                   0.000     0.000    Clkgen/inst/clk_in1
    Y18                  IBUF (Prop_ibuf_I_O)         0.501     0.501 r  Clkgen/inst/clkin1_ibufg/O
                         net (fo=1, routed)           0.481     0.982    Clkgen/inst/clk_in1_cpuclk
    PLLE2_ADV_X0Y1       PLLE2_ADV (Prop_plle2_adv_CLKIN1_CLKOUT0)
                                                     -2.657    -1.675 r  Clkgen/inst/plle2_adv_inst/CLKOUT0
                         net (fo=1, routed)           0.556    -1.120    Clkgen/inst/clk_out1_cpuclk
    BUFGCTRL_X0Y2        BUFG (Prop_bufg_I_O)         0.029    -1.091 r  Clkgen/inst/clkout1_buf/O
                         net (fo=1, routed)           1.028    -0.062    pll_clk
    SLICE_X52Y96         LUT2 (Prop_lut2_I0_O)        0.056    -0.006 r  cpu_clk_BUFG_inst_i_1/O
                         net (fo=1, routed)           0.237     0.231    cpu_clk
    BUFGCTRL_X0Y0        BUFG (Prop_bufg_I_O)         0.029     0.260 r  cpu_clk_BUFG_inst/O
                         net (fo=8506, routed)        0.834     1.094    U_dig/cpu_clk_BUFG
    SLICE_X43Y101        FDCE                                         r  U_dig/cnt_reg[9]/C
                         clock pessimism             -0.303     0.791    
    SLICE_X43Y101        FDCE (Hold_fdce_C_D)         0.105     0.896    U_dig/cnt_reg[9]
  -------------------------------------------------------------------
                         required time                         -0.896    
                         arrival time                           1.124    
  -------------------------------------------------------------------
                         slack                                  0.228    





Pulse Width Checks
--------------------------------------------------------------------------------------
Clock Name:         clk_out1_cpuclk
Waveform(ns):       { 0.000 20.000 }
Period(ns):         40.000
Sources:            { Clkgen/inst/plle2_adv_inst/CLKOUT0 }

Check Type        Corner  Lib Pin            Reference Pin  Required(ns)  Actual(ns)  Slack(ns)  Location        Pin
Min Period        n/a     BUFG/I             n/a            2.155         40.000      37.845     BUFGCTRL_X0Y2   Clkgen/inst/clkout1_buf/I
Min Period        n/a     BUFG/I             n/a            2.155         40.000      37.845     BUFGCTRL_X0Y0   cpu_clk_BUFG_inst/I
Min Period        n/a     PLLE2_ADV/CLKOUT0  n/a            1.249         40.000      38.751     PLLE2_ADV_X0Y1  Clkgen/inst/plle2_adv_inst/CLKOUT0
Min Period        n/a     FDCE/C             n/a            1.000         40.000      39.000     SLICE_X47Y97    U_timer/cnt_reg[21]/C
Min Period        n/a     FDCE/C             n/a            1.000         40.000      39.000     SLICE_X47Y97    U_timer/cnt_reg[22]/C
Min Period        n/a     FDCE/C             n/a            1.000         40.000      39.000     SLICE_X47Y97    U_timer/cnt_reg[23]/C
Min Period        n/a     FDCE/C             n/a            1.000         40.000      39.000     SLICE_X47Y98    U_timer/cnt_reg[24]/C
Min Period        n/a     FDCE/C             n/a            1.000         40.000      39.000     SLICE_X47Y98    U_timer/cnt_reg[25]/C
Min Period        n/a     FDCE/C             n/a            1.000         40.000      39.000     SLICE_X47Y98    U_timer/cnt_reg[26]/C
Min Period        n/a     FDCE/C             n/a            1.000         40.000      39.000     SLICE_X47Y98    U_timer/cnt_reg[27]/C
Max Period        n/a     PLLE2_ADV/CLKOUT0  n/a            160.000       40.000      120.000    PLLE2_ADV_X0Y1  Clkgen/inst/plle2_adv_inst/CLKOUT0
Low Pulse Width   Fast    RAMS64E/CLK        n/a            1.250         20.000      18.750     SLICE_X30Y76    Mem_DRAM/U0/synth_options.dist_mem_inst/gen_sp_ram.spram_inst/ram_reg_10240_10495_9_9/RAMS64E_A/CLK
Low Pulse Width   Fast    RAMS64E/CLK        n/a            1.250         20.000      18.750     SLICE_X14Y119   Mem_DRAM/U0/synth_options.dist_mem_inst/gen_sp_ram.spram_inst/ram_reg_11520_11775_0_0/RAMS64E_A/CLK
Low Pulse Width   Fast    RAMS64E/CLK        n/a            1.250         20.000      18.750     SLICE_X14Y119   Mem_DRAM/U0/synth_options.dist_mem_inst/gen_sp_ram.spram_inst/ram_reg_11520_11775_0_0/RAMS64E_B/CLK
Low Pulse Width   Fast    RAMS64E/CLK        n/a            1.250         20.000      18.750     SLICE_X14Y119   Mem_DRAM/U0/synth_options.dist_mem_inst/gen_sp_ram.spram_inst/ram_reg_11520_11775_0_0/RAMS64E_C/CLK
Low Pulse Width   Fast    RAMS64E/CLK        n/a            1.250         20.000      18.750     SLICE_X14Y119   Mem_DRAM/U0/synth_options.dist_mem_inst/gen_sp_ram.spram_inst/ram_reg_11520_11775_0_0/RAMS64E_D/CLK
Low Pulse Width   Fast    RAMS64E/CLK        n/a            1.250         20.000      18.750     SLICE_X88Y77    Mem_DRAM/U0/synth_options.dist_mem_inst/gen_sp_ram.spram_inst/ram_reg_13824_14079_12_12/RAMS64E_A/CLK
Low Pulse Width   Fast    RAMS64E/CLK        n/a            1.250         20.000      18.750     SLICE_X88Y77    Mem_DRAM/U0/synth_options.dist_mem_inst/gen_sp_ram.spram_inst/ram_reg_13824_14079_12_12/RAMS64E_B/CLK
Low Pulse Width   Fast    RAMS64E/CLK        n/a            1.250         20.000      18.750     SLICE_X88Y77    Mem_DRAM/U0/synth_options.dist_mem_inst/gen_sp_ram.spram_inst/ram_reg_13824_14079_12_12/RAMS64E_C/CLK
Low Pulse Width   Fast    RAMS64E/CLK        n/a            1.250         20.000      18.750     SLICE_X88Y77    Mem_DRAM/U0/synth_options.dist_mem_inst/gen_sp_ram.spram_inst/ram_reg_13824_14079_12_12/RAMS64E_D/CLK
Low Pulse Width   Fast    RAMS64E/CLK        n/a            1.250         20.000      18.750     SLICE_X66Y133   Mem_DRAM/U0/synth_options.dist_mem_inst/gen_sp_ram.spram_inst/ram_reg_15104_15359_13_13/RAMS64E_D/CLK
High Pulse Width  Slow    RAMS64E/CLK        n/a            1.250         20.000      18.750     SLICE_X70Y78    Mem_DRAM/U0/synth_options.dist_mem_inst/gen_sp_ram.spram_inst/ram_reg_10240_10495_8_8/RAMS64E_A/CLK
High Pulse Width  Slow    RAMS64E/CLK        n/a            1.250         20.000      18.750     SLICE_X70Y78    Mem_DRAM/U0/synth_options.dist_mem_inst/gen_sp_ram.spram_inst/ram_reg_10240_10495_8_8/RAMS64E_B/CLK
High Pulse Width  Slow    RAMS64E/CLK        n/a            1.250         20.000      18.750     SLICE_X70Y78    Mem_DRAM/U0/synth_options.dist_mem_inst/gen_sp_ram.spram_inst/ram_reg_10240_10495_8_8/RAMS64E_C/CLK
High Pulse Width  Slow    RAMS64E/CLK        n/a            1.250         20.000      18.750     SLICE_X70Y78    Mem_DRAM/U0/synth_options.dist_mem_inst/gen_sp_ram.spram_inst/ram_reg_10240_10495_8_8/RAMS64E_D/CLK
High Pulse Width  Slow    RAMS64E/CLK        n/a            1.250         20.000      18.750     SLICE_X56Y86    Mem_DRAM/U0/synth_options.dist_mem_inst/gen_sp_ram.spram_inst/ram_reg_12800_13055_10_10/RAMS64E_B/CLK
High Pulse Width  Slow    RAMS64E/CLK        n/a            1.250         20.000      18.750     SLICE_X56Y86    Mem_DRAM/U0/synth_options.dist_mem_inst/gen_sp_ram.spram_inst/ram_reg_12800_13055_10_10/RAMS64E_C/CLK
High Pulse Width  Slow    RAMS64E/CLK        n/a            1.250         20.000      18.750     SLICE_X56Y86    Mem_DRAM/U0/synth_options.dist_mem_inst/gen_sp_ram.spram_inst/ram_reg_12800_13055_10_10/RAMS64E_D/CLK
High Pulse Width  Slow    RAMS64E/CLK        n/a            1.250         20.000      18.750     SLICE_X50Y81    Mem_DRAM/U0/synth_options.dist_mem_inst/gen_sp_ram.spram_inst/ram_reg_12800_13055_11_11/RAMS64E_A/CLK
High Pulse Width  Slow    RAMS64E/CLK        n/a            1.250         20.000      18.750     SLICE_X50Y81    Mem_DRAM/U0/synth_options.dist_mem_inst/gen_sp_ram.spram_inst/ram_reg_12800_13055_11_11/RAMS64E_B/CLK
High Pulse Width  Slow    RAMS64E/CLK        n/a            1.250         20.000      18.750     SLICE_X50Y81    Mem_DRAM/U0/synth_options.dist_mem_inst/gen_sp_ram.spram_inst/ram_reg_12800_13055_11_11/RAMS64E_C/CLK



---------------------------------------------------------------------------------------------------
From Clock:  clkfbout_cpuclk
  To Clock:  clkfbout_cpuclk

Setup :           NA  Failing Endpoints,  Worst Slack           NA  ,  Total Violation           NA
Hold  :           NA  Failing Endpoints,  Worst Slack           NA  ,  Total Violation           NA
PW    :            0  Failing Endpoints,  Worst Slack       12.633ns,  Total Violation        0.000ns
---------------------------------------------------------------------------------------------------


Pulse Width Checks
--------------------------------------------------------------------------------------
Clock Name:         clkfbout_cpuclk
Waveform(ns):       { 0.000 20.000 }
Period(ns):         40.000
Sources:            { Clkgen/inst/plle2_adv_inst/CLKFBOUT }

Check Type  Corner  Lib Pin             Reference Pin  Required(ns)  Actual(ns)  Slack(ns)  Location        Pin
Min Period  n/a     BUFG/I              n/a            2.155         40.000      37.845     BUFGCTRL_X0Y1   Clkgen/inst/clkf_buf/I
Min Period  n/a     PLLE2_ADV/CLKFBOUT  n/a            1.249         40.000      38.751     PLLE2_ADV_X0Y1  Clkgen/inst/plle2_adv_inst/CLKFBOUT
Min Period  n/a     PLLE2_ADV/CLKFBIN   n/a            1.249         40.000      38.751     PLLE2_ADV_X0Y1  Clkgen/inst/plle2_adv_inst/CLKFBIN
Max Period  n/a     PLLE2_ADV/CLKFBIN   n/a            52.633        40.000      12.633     PLLE2_ADV_X0Y1  Clkgen/inst/plle2_adv_inst/CLKFBIN
Max Period  n/a     PLLE2_ADV/CLKFBOUT  n/a            160.000       40.000      120.000    PLLE2_ADV_X0Y1  Clkgen/inst/plle2_adv_inst/CLKFBOUT



